participant_id, partner_id, trial_index, trial_type, target_meaning, foil_meaning,             choices, signal_selected, meaning_guess, rt
5eea1be10e95520beb9fa654,60b8f286e9ca8acabdddc02f,1,sender,window,online,ralonefi-qux-wuk-nidaweli-hiwaponu-pofepilu-tih-peh-saqotiwe-haq,wuk,,13703.6
5eea1be10e95520beb9fa654,60b8f286e9ca8acabdddc02f,2,receiver,normal,number,normal-number,,number,6838
5eea1be10e95520beb9fa654,60b8f286e9ca8acabdddc02f,3,sender,ground,number,ralonefi-qux-wuk-nidaweli-hiwaponu-pofepilu-tih-peh-saqotiwe-haq,haq,,11582.4
5eea1be10e95520beb9fa654,60b8f286e9ca8acabdddc02f,4,receiver,second,online,online-second,,second,2797
5eea1be10e95520beb9fa654,60b8f286e9ca8acabdddc02f,5,sender,future,number,ralonefi-qux-wuk-nidaweli-hiwaponu-pofepilu-tih-peh-saqotiwe-haq,qux,,10933.8
5eea1be10e95520beb9fa654,60b8f286e9ca8acabdddc02f,6,receiver,ground,normal,ground-normal,,normal,3371.5
5eea1be10e95520beb9fa654,60b8f286e9ca8acabdddc02f,7,sender,course,ground,ralonefi-qux-wuk-nidaweli-hiwaponu-pofepilu-tih-peh-saqotiwe-haq,ralonefi,,9473.9
5eea1be10e95520beb9fa654,60b8f286e9ca8acabdddc02f,8,receiver,ground,second,second-ground,,ground,3792.2
5eea1be10e95520beb9fa654,60b8f286e9ca8acabdddc02f,9,sender,ground,travel,ralonefi-qux-wuk-nidaweli-hiwaponu-pofepilu-tih-peh-saqotiwe-haq,tih,,3346.6
5eea1be10e95520beb9fa654,60b8f286e9ca8acabdddc02f,10,receiver,course,travel,course-travel,,course,2425
5eea1be10e95520beb9fa654,60b8f286e9ca8acabdddc02f,11,sender,window,second,ralonefi-qux-wuk-nidaweli-hiwaponu-pofepilu-tih-peh-saqotiwe-haq,wuk,,5245.2
5eea1be10e95520beb9fa654,60b8f286e9ca8acabdddc02f,12,receiver,normal,number,normal-number,,number,5394.7
5eea1be10e95520beb9fa654,60b8f286e9ca8acabdddc02f,13,sender,window,travel,ralonefi-qux-wuk-nidaweli-hiwaponu-pofepilu-tih-peh-saqotiwe-haq,nidaweli,,4733.8
5eea1be10e95520beb9fa654,60b8f286e9ca8acabdddc02f,14,receiver,ground,travel,ground-travel,,travel,2547.7
5eea1be10e95520beb9fa654,60b8f286e9ca8acabdddc02f,15,sender,second,number,ralonefi-qux-wuk-nidaweli-hiwaponu-pofepilu-tih-peh-saqotiwe-haq,hiwaponu,,10379.4
5eea1be10e95520beb9fa654,60b8f286e9ca8acabdddc02f,16,receiver,future,second,future-second,,second,2436.5
5eea1be10e95520beb9fa654,60b8f286e9ca8acabdddc02f,17,sender,future,review,ralonefi-qux-wuk-nidaweli-hiwaponu-pofepilu-tih-peh-saqotiwe-haq,nidaweli,,4742.7
5eea1be10e95520beb9fa654,60b8f286e9ca8acabdddc02f,18,receiver,course,number,course-number,,number,11491.6
5eea1be10e95520beb9fa654,60b8f286e9ca8acabdddc02f,19,sender,course,ground,ralonefi-qux-wuk-nidaweli-hiwaponu-pofepilu-tih-peh-saqotiwe-haq,hiwaponu,,4412.9
5eea1be10e95520beb9fa654,60b8f286e9ca8acabdddc02f,20,receiver,course,travel,travel-course,,travel,3109
5eea1be10e95520beb9fa654,60b8f286e9ca8acabdddc02f,21,sender,course,future,ralonefi-qux-wuk-nidaweli-hiwaponu-pofepilu-tih-peh-saqotiwe-haq,pofepilu,,2746.3
5eea1be10e95520beb9fa654,60b8f286e9ca8acabdddc02f,22,receiver,review,number,number-review,,number,3642.5
5eea1be10e95520beb9fa654,60b8f286e9ca8acabdddc02f,23,sender,normal,review,ralonefi-qux-wuk-nidaweli-hiwaponu-pofepilu-tih-peh-saqotiwe-haq,nidaweli,,4741.4
5eea1be10e95520beb9fa654,60b8f286e9ca8acabdddc02f,24,receiver,future,normal,normal-future,,future,2599.9
5eea1be10e95520beb9fa654,60b8f286e9ca8acabdddc02f,25,sender,second,review,ralonefi-qux-wuk-nidaweli-hiwaponu-pofepilu-tih-peh-saqotiwe-haq,saqotiwe,,2698.6
5eea1be10e95520beb9fa654,60b8f286e9ca8acabdddc02f,26,receiver,normal,online,normal-online,,normal,2368.3
5eea1be10e95520beb9fa654,60b8f286e9ca8acabdddc02f,27,sender,window,course,ralonefi-qux-wuk-nidaweli-hiwaponu-pofepilu-tih-peh-saqotiwe-haq,ralonefi,,6002
5eea1be10e95520beb9fa654,60b8f286e9ca8acabdddc02f,28,receiver,future,normal,normal-future,,normal,2750.3
5eea1be10e95520beb9fa654,60b8f286e9ca8acabdddc02f,29,sender,ground,number,ralonefi-qux-wuk-nidaweli-hiwaponu-pofepilu-tih-peh-saqotiwe-haq,haq,,7300.5
5eea1be10e95520beb9fa654,60b8f286e9ca8acabdddc02f,30,receiver,future,second,second-future,,future,6517.7
5eea1be10e95520beb9fa654,60b8f286e9ca8acabdddc02f,31,sender,future,travel,ralonefi-qux-wuk-nidaweli-hiwaponu-pofepilu-tih-peh-saqotiwe-haq,tih,,3590.2
5eea1be10e95520beb9fa654,60b8f286e9ca8acabdddc02f,32,receiver,normal,online,online-normal,,normal,3904.5
5eea1be10e95520beb9fa654,60b8f286e9ca8acabdddc02f,33,sender,future,review,ralonefi-qux-wuk-nidaweli-hiwaponu-pofepilu-tih-peh-saqotiwe-haq,nidaweli,,4218.8
5eea1be10e95520beb9fa654,60b8f286e9ca8acabdddc02f,34,receiver,future,second,future-second,,second,2841
5eea1be10e95520beb9fa654,60b8f286e9ca8acabdddc02f,35,sender,travel,online,ralonefi-qux-wuk-nidaweli-hiwaponu-pofepilu-tih-peh-saqotiwe-haq,pofepilu,,6675.3
5eea1be10e95520beb9fa654,60b8f286e9ca8acabdddc02f,36,receiver,course,online,course-online,,online,4834.9
5eea1be10e95520beb9fa654,60b8f286e9ca8acabdddc02f,37,sender,window,normal,ralonefi-qux-wuk-nidaweli-hiwaponu-pofepilu-tih-peh-saqotiwe-haq,ralonefi,,8389.3
5eea1be10e95520beb9fa654,60b8f286e9ca8acabdddc02f,38,receiver,ground,normal,ground-normal,,ground,3413.8
5eea1be10e95520beb9fa654,60b8f286e9ca8acabdddc02f,39,sender,review,number,ralonefi-qux-wuk-nidaweli-hiwaponu-pofepilu-tih-peh-saqotiwe-haq,wuk,,5471.9
5eea1be10e95520beb9fa654,60b8f286e9ca8acabdddc02f,40,receiver,window,future,future-window,,window,4751.6
5eea1be10e95520beb9fa654,60b8f286e9ca8acabdddc02f,41,sender,course,second,ralonefi-qux-wuk-nidaweli-hiwaponu-pofepilu-tih-peh-saqotiwe-haq,nidaweli,,6127
5eea1be10e95520beb9fa654,60b8f286e9ca8acabdddc02f,42,receiver,course,second,second-course,,second,2957
5eea1be10e95520beb9fa654,60b8f286e9ca8acabdddc02f,43,sender,window,ground,ralonefi-qux-wuk-nidaweli-hiwaponu-pofepilu-tih-peh-saqotiwe-haq,nidaweli,,2057.7
5eea1be10e95520beb9fa654,60b8f286e9ca8acabdddc02f,44,receiver,review,number,review-number,,number,3238.8
5eea1be10e95520beb9fa654,60b8f286e9ca8acabdddc02f,45,sender,normal,second,ralonefi-qux-wuk-nidaweli-hiwaponu-pofepilu-tih-peh-saqotiwe-haq,pofepilu,,12661.7
5eea1be10e95520beb9fa654,60b8f286e9ca8acabdddc02f,46,receiver,normal,review,normal-review,,review,4879.6
5eea1be10e95520beb9fa654,60b8f286e9ca8acabdddc02f,47,sender,window,ground,ralonefi-qux-wuk-nidaweli-hiwaponu-pofepilu-tih-peh-saqotiwe-haq,ralonefi,,2782.6
5eea1be10e95520beb9fa654,60b8f286e9ca8acabdddc02f,48,receiver,ground,review,ground-review,,ground,2583.9
5eea1be10e95520beb9fa654,60b8f286e9ca8acabdddc02f,49,sender,second,review,ralonefi-qux-wuk-nidaweli-hiwaponu-pofepilu-tih-peh-saqotiwe-haq,saqotiwe,,7858.3
5eea1be10e95520beb9fa654,60b8f286e9ca8acabdddc02f,50,receiver,travel,review,review-travel,,travel,1809.8
5eea1be10e95520beb9fa654,60b8f286e9ca8acabdddc02f,51,sender,window,normal,ralonefi-qux-wuk-nidaweli-hiwaponu-pofepilu-tih-peh-saqotiwe-haq,ralonefi,,1853.9
5eea1be10e95520beb9fa654,60b8f286e9ca8acabdddc02f,52,receiver,window,travel,travel-window,,window,2328.6
5eea1be10e95520beb9fa654,60b8f286e9ca8acabdddc02f,53,sender,travel,number,ralonefi-qux-wuk-nidaweli-hiwaponu-pofepilu-tih-peh-saqotiwe-haq,pofepilu,,8074.4
5eea1be10e95520beb9fa654,60b8f286e9ca8acabdddc02f,54,receiver,future,number,future-number,,future,4999.2
5eea1be10e95520beb9fa654,60b8f286e9ca8acabdddc02f,55,sender,normal,online,ralonefi-qux-wuk-nidaweli-hiwaponu-pofepilu-tih-peh-saqotiwe-haq,nidaweli,,5075
5eea1be10e95520beb9fa654,60b8f286e9ca8acabdddc02f,56,receiver,future,online,online-future,,future,1861.1
5eea1be10e95520beb9fa654,60b8f286e9ca8acabdddc02f,57,sender,future,normal,ralonefi-qux-wuk-nidaweli-hiwaponu-pofepilu-tih-peh-saqotiwe-haq,tih,,3037.8
5eea1be10e95520beb9fa654,60b8f286e9ca8acabdddc02f,58,receiver,second,review,second-review,,second,2567.1
5eea1be10e95520beb9fa654,60b8f286e9ca8acabdddc02f,59,sender,future,online,ralonefi-qux-wuk-nidaweli-hiwaponu-pofepilu-tih-peh-saqotiwe-haq,nidaweli,,8341.8
5eea1be10e95520beb9fa654,60b8f286e9ca8acabdddc02f,60,receiver,window,second,second-window,,second,4610.1
5eea1be10e95520beb9fa654,60b8f286e9ca8acabdddc02f,61,sender,future,number,ralonefi-qux-wuk-nidaweli-hiwaponu-pofepilu-tih-peh-saqotiwe-haq,tih,,3601.7
5eea1be10e95520beb9fa654,60b8f286e9ca8acabdddc02f,62,receiver,travel,second,second-travel,,second,2213.1
5eea1be10e95520beb9fa654,60b8f286e9ca8acabdddc02f,63,sender,window,review,ralonefi-qux-wuk-nidaweli-hiwaponu-pofepilu-tih-peh-saqotiwe-haq,pofepilu,,4769.3
5eea1be10e95520beb9fa654,60b8f286e9ca8acabdddc02f,64,receiver,window,online,online-window,,online,4434.4
5eea1be10e95520beb9fa654,60b8f286e9ca8acabdddc02f,65,sender,course,normal,ralonefi-qux-wuk-nidaweli-hiwaponu-pofepilu-tih-peh-saqotiwe-haq,ralonefi,,5094.1
5eea1be10e95520beb9fa654,60b8f286e9ca8acabdddc02f,66,receiver,normal,number,number-normal,,normal,5093.5
5eea1be10e95520beb9fa654,60b8f286e9ca8acabdddc02f,67,sender,window,review,ralonefi-qux-wuk-nidaweli-hiwaponu-pofepilu-tih-peh-saqotiwe-haq,ralonefi,,2560.3
5eea1be10e95520beb9fa654,60b8f286e9ca8acabdddc02f,68,receiver,second,online,online-second,,second,2554.2
5eea1be10e95520beb9fa654,60b8f286e9ca8acabdddc02f,69,sender,travel,online,ralonefi-qux-wuk-nidaweli-hiwaponu-pofepilu-tih-peh-saqotiwe-haq,nidaweli,,13322.6
5eea1be10e95520beb9fa654,60b8f286e9ca8acabdddc02f,70,receiver,course,future,course-future,,future,4107.5
5eea1be10e95520beb9fa654,60b8f286e9ca8acabdddc02f,71,sender,course,normal,ralonefi-qux-wuk-nidaweli-hiwaponu-pofepilu-tih-peh-saqotiwe-haq,ralonefi,,2185.5
5eea1be10e95520beb9fa654,60b8f286e9ca8acabdddc02f,72,receiver,window,future,window-future,,future,4806
5eea1be10e95520beb9fa654,60b8f286e9ca8acabdddc02f,73,sender,course,ground,ralonefi-qux-wuk-nidaweli-hiwaponu-pofepilu-tih-peh-saqotiwe-haq,ralonefi,,3329.2
5eea1be10e95520beb9fa654,60b8f286e9ca8acabdddc02f,74,receiver,window,course,window-course,,window,2525.6
5eea1be10e95520beb9fa654,60b8f286e9ca8acabdddc02f,75,sender,travel,number,ralonefi-qux-wuk-nidaweli-hiwaponu-pofepilu-tih-peh-saqotiwe-haq,peh,,4675.8
5eea1be10e95520beb9fa654,60b8f286e9ca8acabdddc02f,76,receiver,window,course,course-window,,window,2517.2
5eea1be10e95520beb9fa654,60b8f286e9ca8acabdddc02f,77,sender,course,review,ralonefi-qux-wuk-nidaweli-hiwaponu-pofepilu-tih-peh-saqotiwe-haq,ralonefi,,1626.4
5eea1be10e95520beb9fa654,60b8f286e9ca8acabdddc02f,78,receiver,ground,online,online-ground,,ground,3014.1
5eea1be10e95520beb9fa654,60b8f286e9ca8acabdddc02f,79,sender,ground,normal,ralonefi-qux-wuk-nidaweli-hiwaponu-pofepilu-tih-peh-saqotiwe-haq,hiwaponu,,2762.5
5eea1be10e95520beb9fa654,60b8f286e9ca8acabdddc02f,80,receiver,window,second,window-second,,window,3771.5
5eea1be10e95520beb9fa654,60b8f286e9ca8acabdddc02f,81,sender,window,number,ralonefi-qux-wuk-nidaweli-hiwaponu-pofepilu-tih-peh-saqotiwe-haq,tih,,2265.4
5eea1be10e95520beb9fa654,60b8f286e9ca8acabdddc02f,82,receiver,travel,normal,normal-travel,,travel,3865.7
5eea1be10e95520beb9fa654,60b8f286e9ca8acabdddc02f,83,sender,course,travel,ralonefi-qux-wuk-nidaweli-hiwaponu-pofepilu-tih-peh-saqotiwe-haq,ralonefi,,1582.1
5eea1be10e95520beb9fa654,60b8f286e9ca8acabdddc02f,84,receiver,course,normal,course-normal,,course,3174
5eea1be10e95520beb9fa654,60b8f286e9ca8acabdddc02f,85,sender,future,ground,ralonefi-qux-wuk-nidaweli-hiwaponu-pofepilu-tih-peh-saqotiwe-haq,tih,,3115.8
5eea1be10e95520beb9fa654,60b8f286e9ca8acabdddc02f,86,receiver,second,number,second-number,,second,3284.1
5eea1be10e95520beb9fa654,60b8f286e9ca8acabdddc02f,87,sender,online,number,ralonefi-qux-wuk-nidaweli-hiwaponu-pofepilu-tih-peh-saqotiwe-haq,qux,,11331.3
5eea1be10e95520beb9fa654,60b8f286e9ca8acabdddc02f,88,receiver,travel,second,second-travel,,second,2309.7
5eea1be10e95520beb9fa654,60b8f286e9ca8acabdddc02f,89,sender,window,number,ralonefi-qux-wuk-nidaweli-hiwaponu-pofepilu-tih-peh-saqotiwe-haq,nidaweli,,3917.6
5eea1be10e95520beb9fa654,60b8f286e9ca8acabdddc02f,90,receiver,review,online,online-review,,online,5454.5
5eea1be10e95520beb9fa654,60b8f286e9ca8acabdddc02f,91,sender,second,number,ralonefi-qux-wuk-nidaweli-hiwaponu-pofepilu-tih-peh-saqotiwe-haq,saqotiwe,,2429.4
5eea1be10e95520beb9fa654,60b8f286e9ca8acabdddc02f,92,receiver,travel,number,number-travel,,number,3981.5
5eea1be10e95520beb9fa654,60b8f286e9ca8acabdddc02f,93,sender,normal,second,ralonefi-qux-wuk-nidaweli-hiwaponu-pofepilu-tih-peh-saqotiwe-haq,nidaweli,,9087.5
5eea1be10e95520beb9fa654,60b8f286e9ca8acabdddc02f,94,receiver,travel,normal,travel-normal,,normal,2239.2
5eea1be10e95520beb9fa654,60b8f286e9ca8acabdddc02f,95,sender,review,online,ralonefi-qux-wuk-nidaweli-hiwaponu-pofepilu-tih-peh-saqotiwe-haq,wuk,,3560
5eea1be10e95520beb9fa654,60b8f286e9ca8acabdddc02f,96,receiver,course,online,online-course,,online,2369.3
5eea1be10e95520beb9fa654,60b8f286e9ca8acabdddc02f,97,sender,course,online,ralonefi-qux-wuk-nidaweli-hiwaponu-pofepilu-tih-peh-saqotiwe-haq,tih,,2609.6
5eea1be10e95520beb9fa654,60b8f286e9ca8acabdddc02f,98,receiver,ground,online,ground-online,,online,2463
5eea1be10e95520beb9fa654,60b8f286e9ca8acabdddc02f,99,sender,window,travel,ralonefi-qux-wuk-nidaweli-hiwaponu-pofepilu-tih-peh-saqotiwe-haq,pofepilu,,5250.2
5eea1be10e95520beb9fa654,60b8f286e9ca8acabdddc02f,100,receiver,online,number,online-number,,number,3527.4
5eea1be10e95520beb9fa654,60b8f286e9ca8acabdddc02f,101,sender,ground,number,ralonefi-qux-wuk-nidaweli-hiwaponu-pofepilu-tih-peh-saqotiwe-haq,haq,,2757.4
5eea1be10e95520beb9fa654,60b8f286e9ca8acabdddc02f,102,receiver,ground,travel,travel-ground,,travel,5279.3
5eea1be10e95520beb9fa654,60b8f286e9ca8acabdddc02f,103,sender,course,second,ralonefi-qux-wuk-nidaweli-hiwaponu-pofepilu-tih-peh-saqotiwe-haq,ralonefi,,1671.8
5eea1be10e95520beb9fa654,60b8f286e9ca8acabdddc02f,104,receiver,future,travel,travel-future,,future,3663.2
5eea1be10e95520beb9fa654,60b8f286e9ca8acabdddc02f,105,sender,ground,online,ralonefi-qux-wuk-nidaweli-hiwaponu-pofepilu-tih-peh-saqotiwe-haq,haq,,4837.2
5eea1be10e95520beb9fa654,60b8f286e9ca8acabdddc02f,106,receiver,second,online,online-second,,second,6080.9
5eea1be10e95520beb9fa654,60b8f286e9ca8acabdddc02f,107,sender,future,travel,ralonefi-qux-wuk-nidaweli-hiwaponu-pofepilu-tih-peh-saqotiwe-haq,tih,,5185.3
5eea1be10e95520beb9fa654,60b8f286e9ca8acabdddc02f,108,receiver,window,normal,window-normal,,window,8451
5eea1be10e95520beb9fa654,60b8f286e9ca8acabdddc02f,109,sender,ground,review,ralonefi-qux-wuk-nidaweli-hiwaponu-pofepilu-tih-peh-saqotiwe-haq,haq,,2048.7
5eea1be10e95520beb9fa654,60b8f286e9ca8acabdddc02f,110,receiver,ground,second,second-ground,,second,5000.2
5eea1be10e95520beb9fa654,60b8f286e9ca8acabdddc02f,111,sender,window,ground,ralonefi-qux-wuk-nidaweli-hiwaponu-pofepilu-tih-peh-saqotiwe-haq,saqotiwe,,6079.8
5eea1be10e95520beb9fa654,60b8f286e9ca8acabdddc02f,112,receiver,window,review,window-review,,review,3373.8
5eea1be10e95520beb9fa654,60b8f286e9ca8acabdddc02f,113,sender,course,number,ralonefi-qux-wuk-nidaweli-hiwaponu-pofepilu-tih-peh-saqotiwe-haq,ralonefi,,2302.9
5eea1be10e95520beb9fa654,60b8f286e9ca8acabdddc02f,114,receiver,window,online,online-window,,window,3477.2
5eea1be10e95520beb9fa654,60b8f286e9ca8acabdddc02f,115,sender,travel,review,ralonefi-qux-wuk-nidaweli-hiwaponu-pofepilu-tih-peh-saqotiwe-haq,qux,,10509.6
5eea1be10e95520beb9fa654,60b8f286e9ca8acabdddc02f,116,receiver,course,number,course-number,,number,3484.1
5eea1be10e95520beb9fa654,60b8f286e9ca8acabdddc02f,117,sender,travel,normal,ralonefi-qux-wuk-nidaweli-hiwaponu-pofepilu-tih-peh-saqotiwe-haq,qux,,2555.6
5eea1be10e95520beb9fa654,60b8f286e9ca8acabdddc02f,118,receiver,travel,online,travel-online,,online,1880.8
5eea1be10e95520beb9fa654,60b8f286e9ca8acabdddc02f,119,sender,travel,review,ralonefi-qux-wuk-nidaweli-hiwaponu-pofepilu-tih-peh-saqotiwe-haq,qux,,3581.1
5eea1be10e95520beb9fa654,60b8f286e9ca8acabdddc02f,120,receiver,normal,review,normal-review,,normal,3147.5
5eea1be10e95520beb9fa654,60b8f286e9ca8acabdddc02f,121,sender,window,number,ralonefi-qux-wuk-nidaweli-hiwaponu-pofepilu-tih-peh-saqotiwe-haq,pofepilu,,4833.6
5eea1be10e95520beb9fa654,60b8f286e9ca8acabdddc02f,122,receiver,online,number,number-online,,number,3954.1
5eea1be10e95520beb9fa654,60b8f286e9ca8acabdddc02f,123,sender,future,ground,ralonefi-qux-wuk-nidaweli-hiwaponu-pofepilu-tih-peh-saqotiwe-haq,tih,,5018.7
5eea1be10e95520beb9fa654,60b8f286e9ca8acabdddc02f,124,receiver,future,online,online-future,,online,2965.5
5eea1be10e95520beb9fa654,60b8f286e9ca8acabdddc02f,125,sender,normal,second,ralonefi-qux-wuk-nidaweli-hiwaponu-pofepilu-tih-peh-saqotiwe-haq,hiwaponu,,8030.8
5eea1be10e95520beb9fa654,60b8f286e9ca8acabdddc02f,126,receiver,review,online,review-online,,online,3123.4
5eea1be10e95520beb9fa654,60b8f286e9ca8acabdddc02f,127,sender,ground,second,ralonefi-qux-wuk-nidaweli-hiwaponu-pofepilu-tih-peh-saqotiwe-haq,haq,,3192.6
5eea1be10e95520beb9fa654,60b8f286e9ca8acabdddc02f,128,receiver,window,future,future-window,,window,1809.2
5eea1be10e95520beb9fa654,60b8f286e9ca8acabdddc02f,129,sender,course,future,ralonefi-qux-wuk-nidaweli-hiwaponu-pofepilu-tih-peh-saqotiwe-haq,ralonefi,,2501.9
5eea1be10e95520beb9fa654,60b8f286e9ca8acabdddc02f,130,receiver,course,review,review-course,,review,3404.1
5eea1be10e95520beb9fa654,60b8f286e9ca8acabdddc02f,131,sender,ground,review,ralonefi-qux-wuk-nidaweli-hiwaponu-pofepilu-tih-peh-saqotiwe-haq,haq,,2694.9
5eea1be10e95520beb9fa654,60b8f286e9ca8acabdddc02f,132,receiver,course,review,review-course,,course,4186.5
5eea1be10e95520beb9fa654,60b8f286e9ca8acabdddc02f,133,sender,future,ground,ralonefi-qux-wuk-nidaweli-hiwaponu-pofepilu-tih-peh-saqotiwe-haq,peh,,6591.8
5eea1be10e95520beb9fa654,60b8f286e9ca8acabdddc02f,134,receiver,future,review,future-review,,review,1867.3
5eea1be10e95520beb9fa654,60b8f286e9ca8acabdddc02f,135,sender,travel,second,ralonefi-qux-wuk-nidaweli-hiwaponu-pofepilu-tih-peh-saqotiwe-haq,qux,,5751.4