participant_id, partner_id, trial_index, trial_type, target_meaning, foil_meaning,             choices, signal_selected, meaning_guess, rt
60b8f286e9ca8acabdddc02f,5eea1be10e95520beb9fa654,1,receiver,window,online,window-online,,online,5220.4
60b8f286e9ca8acabdddc02f,5eea1be10e95520beb9fa654,2,sender,normal,number,ralonefi-qux-wuk-nidaweli-hiwaponu-pofepilu-tih-peh-saqotiwe-haq,pofepilu,,1558.1
60b8f286e9ca8acabdddc02f,5eea1be10e95520beb9fa654,3,receiver,ground,number,ground-number,,ground,2530.6
60b8f286e9ca8acabdddc02f,5eea1be10e95520beb9fa654,4,sender,second,online,ralonefi-qux-wuk-nidaweli-hiwaponu-pofepilu-tih-peh-saqotiwe-haq,saqotiwe,,2704
60b8f286e9ca8acabdddc02f,5eea1be10e95520beb9fa654,5,receiver,future,number,future-number,,future,2482.1
60b8f286e9ca8acabdddc02f,5eea1be10e95520beb9fa654,6,sender,ground,normal,ralonefi-qux-wuk-nidaweli-hiwaponu-pofepilu-tih-peh-saqotiwe-haq,nidaweli,,1088.3
60b8f286e9ca8acabdddc02f,5eea1be10e95520beb9fa654,7,receiver,course,ground,course-ground,,ground,2749.1
60b8f286e9ca8acabdddc02f,5eea1be10e95520beb9fa654,8,sender,ground,second,ralonefi-qux-wuk-nidaweli-hiwaponu-pofepilu-tih-peh-saqotiwe-haq,tih,,1145
60b8f286e9ca8acabdddc02f,5eea1be10e95520beb9fa654,9,receiver,ground,travel,travel-ground,,travel,2464.9
60b8f286e9ca8acabdddc02f,5eea1be10e95520beb9fa654,10,sender,course,travel,ralonefi-qux-wuk-nidaweli-hiwaponu-pofepilu-tih-peh-saqotiwe-haq,pofepilu,,4438.9
60b8f286e9ca8acabdddc02f,5eea1be10e95520beb9fa654,11,receiver,window,second,second-window,,second,2714.5
60b8f286e9ca8acabdddc02f,5eea1be10e95520beb9fa654,12,sender,normal,number,ralonefi-qux-wuk-nidaweli-hiwaponu-pofepilu-tih-peh-saqotiwe-haq,saqotiwe,,3943.1
60b8f286e9ca8acabdddc02f,5eea1be10e95520beb9fa654,13,receiver,window,travel,window-travel,,travel,2132.4
60b8f286e9ca8acabdddc02f,5eea1be10e95520beb9fa654,14,sender,ground,travel,ralonefi-qux-wuk-nidaweli-hiwaponu-pofepilu-tih-peh-saqotiwe-haq,hiwaponu,,1699.2
60b8f286e9ca8acabdddc02f,5eea1be10e95520beb9fa654,15,receiver,second,number,number-second,,number,2185.4
60b8f286e9ca8acabdddc02f,5eea1be10e95520beb9fa654,16,sender,future,second,ralonefi-qux-wuk-nidaweli-hiwaponu-pofepilu-tih-peh-saqotiwe-haq,nidaweli,,2573.7
60b8f286e9ca8acabdddc02f,5eea1be10e95520beb9fa654,17,receiver,future,review,future-review,,review,5093
60b8f286e9ca8acabdddc02f,5eea1be10e95520beb9fa654,18,sender,course,number,ralonefi-qux-wuk-nidaweli-hiwaponu-pofepilu-tih-peh-saqotiwe-haq,ralonefi,,1743.7
60b8f286e9ca8acabdddc02f,5eea1be10e95520beb9fa654,19,receiver,course,ground,ground-course,,course,1474.6
60b8f286e9ca8acabdddc02f,5eea1be10e95520beb9fa654,20,sender,course,travel,ralonefi-qux-wuk-nidaweli-hiwaponu-pofepilu-tih-peh-saqotiwe-haq,pofepilu,,1366.3
60b8f286e9ca8acabdddc02f,5eea1be10e95520beb9fa654,21,receiver,course,future,course-future,,future,2929.8
60b8f286e9ca8acabdddc02f,5eea1be10e95520beb9fa654,22,sender,review,number,ralonefi-qux-wuk-nidaweli-hiwaponu-pofepilu-tih-peh-saqotiwe-haq,tih,,2170.8
60b8f286e9ca8acabdddc02f,5eea1be10e95520beb9fa654,23,receiver,normal,review,normal-review,,review,1788.6
60b8f286e9ca8acabdddc02f,5eea1be10e95520beb9fa654,24,sender,future,normal,ralonefi-qux-wuk-nidaweli-hiwaponu-pofepilu-tih-peh-saqotiwe-haq,peh,,2058.2
60b8f286e9ca8acabdddc02f,5eea1be10e95520beb9fa654,25,receiver,second,review,review-second,,second,1641.9
60b8f286e9ca8acabdddc02f,5eea1be10e95520beb9fa654,26,sender,normal,online,ralonefi-qux-wuk-nidaweli-hiwaponu-pofepilu-tih-peh-saqotiwe-haq,nidaweli,,1984.2
60b8f286e9ca8acabdddc02f,5eea1be10e95520beb9fa654,27,receiver,window,course,course-window,,window,2113.2
60b8f286e9ca8acabdddc02f,5eea1be10e95520beb9fa654,28,sender,future,normal,ralonefi-qux-wuk-nidaweli-hiwaponu-pofepilu-tih-peh-saqotiwe-haq,nidaweli,,4288.4
60b8f286e9ca8acabdddc02f,5eea1be10e95520beb9fa654,29,receiver,ground,number,number-ground,,ground,3719.2
60b8f286e9ca8acabdddc02f,5eea1be10e95520beb9fa654,30,sender,future,second,ralonefi-qux-wuk-nidaweli-hiwaponu-pofepilu-tih-peh-saqotiwe-haq,tih,,2435.3
60b8f286e9ca8acabdddc02f,5eea1be10e95520beb9fa654,31,receiver,future,travel,future-travel,,travel,2446.3
60b8f286e9ca8acabdddc02f,5eea1be10e95520beb9fa654,32,sender,normal,online,ralonefi-qux-wuk-nidaweli-hiwaponu-pofepilu-tih-peh-saqotiwe-haq,nidaweli,,3967.2
60b8f286e9ca8acabdddc02f,5eea1be10e95520beb9fa654,33,receiver,future,review,review-future,,review,1889.4
60b8f286e9ca8acabdddc02f,5eea1be10e95520beb9fa654,34,sender,future,second,ralonefi-qux-wuk-nidaweli-hiwaponu-pofepilu-tih-peh-saqotiwe-haq,pofepilu,,2224.4
60b8f286e9ca8acabdddc02f,5eea1be10e95520beb9fa654,35,receiver,travel,online,online-travel,,travel,1809.5
60b8f286e9ca8acabdddc02f,5eea1be10e95520beb9fa654,36,sender,course,online,ralonefi-qux-wuk-nidaweli-hiwaponu-pofepilu-tih-peh-saqotiwe-haq,tih,,1306.7
60b8f286e9ca8acabdddc02f,5eea1be10e95520beb9fa654,37,receiver,window,normal,window-normal,,normal,7627.4
60b8f286e9ca8acabdddc02f,5eea1be10e95520beb9fa654,38,sender,ground,normal,ralonefi-qux-wuk-nidaweli-hiwaponu-pofepilu-tih-peh-saqotiwe-haq,hiwaponu,,3201.7
60b8f286e9ca8acabdddc02f,5eea1be10e95520beb9fa654,39,receiver,review,number,review-number,,review,2057.8
60b8f286e9ca8acabdddc02f,5eea1be10e95520beb9fa654,40,sender,window,future,ralonefi-qux-wuk-nidaweli-hiwaponu-pofepilu-tih-peh-saqotiwe-haq,pofepilu,,1678.1
60b8f286e9ca8acabdddc02f,5eea1be10e95520beb9fa654,41,receiver,course,second,second-course,,course,1150.3
60b8f286e9ca8acabdddc02f,5eea1be10e95520beb9fa654,42,sender,course,second,ralonefi-qux-wuk-nidaweli-hiwaponu-pofepilu-tih-peh-saqotiwe-haq,tih,,2307.7
60b8f286e9ca8acabdddc02f,5eea1be10e95520beb9fa654,43,receiver,window,ground,ground-window,,ground,3489.1
60b8f286e9ca8acabdddc02f,5eea1be10e95520beb9fa654,44,sender,review,number,ralonefi-qux-wuk-nidaweli-hiwaponu-pofepilu-tih-peh-saqotiwe-haq,tih,,2505.4
60b8f286e9ca8acabdddc02f,5eea1be10e95520beb9fa654,45,receiver,normal,second,second-normal,,normal,1807.4
60b8f286e9ca8acabdddc02f,5eea1be10e95520beb9fa654,46,sender,normal,review,ralonefi-qux-wuk-nidaweli-hiwaponu-pofepilu-tih-peh-saqotiwe-haq,qux,,1326.2
60b8f286e9ca8acabdddc02f,5eea1be10e95520beb9fa654,47,receiver,window,ground,window-ground,,ground,2423.6
60b8f286e9ca8acabdddc02f,5eea1be10e95520beb9fa654,48,sender,ground,review,ralonefi-qux-wuk-nidaweli-hiwaponu-pofepilu-tih-peh-saqotiwe-haq,pofepilu,,3066.2
60b8f286e9ca8acabdddc02f,5eea1be10e95520beb9fa654,49,receiver,second,review,second-review,,review,60673.7
60b8f286e9ca8acabdddc02f,5eea1be10e95520beb9fa654,50,sender,travel,review,ralonefi-qux-wuk-nidaweli-hiwaponu-pofepilu-tih-peh-saqotiwe-haq,pofepilu,,1565
60b8f286e9ca8acabdddc02f,5eea1be10e95520beb9fa654,51,receiver,window,normal,window-normal,,window,2817.2
60b8f286e9ca8acabdddc02f,5eea1be10e95520beb9fa654,52,sender,window,travel,ralonefi-qux-wuk-nidaweli-hiwaponu-pofepilu-tih-peh-saqotiwe-haq,wuk,,1864.5
60b8f286e9ca8acabdddc02f,5eea1be10e95520beb9fa654,53,receiver,travel,number,travel-number,,number,2458.2
60b8f286e9ca8acabdddc02f,5eea1be10e95520beb9fa654,54,sender,future,number,ralonefi-qux-wuk-nidaweli-hiwaponu-pofepilu-tih-peh-saqotiwe-haq,peh,,2209.5
60b8f286e9ca8acabdddc02f,5eea1be10e95520beb9fa654,55,receiver,normal,online,normal-online,,online,1072.9
60b8f286e9ca8acabdddc02f,5eea1be10e95520beb9fa654,56,sender,future,online,ralonefi-qux-wuk-nidaweli-hiwaponu-pofepilu-tih-peh-saqotiwe-haq,tih,,1408.3
60b8f286e9ca8acabdddc02f,5eea1be10e95520beb9fa654,57,receiver,future,normal,normal-future,,normal,1725.8
60b8f286e9ca8acabdddc02f,5eea1be10e95520beb9fa654,58,sender,second,review,ralonefi-qux-wuk-nidaweli-hiwaponu-pofepilu-tih-peh-saqotiwe-haq,peh,,2282.2
60b8f286e9ca8acabdddc02f,5eea1be10e95520beb9fa654,59,receiver,future,online,future-online,,online,5156.4
60b8f286e9ca8acabdddc02f,5eea1be10e95520beb9fa654,60,sender,window,second,ralonefi-qux-wuk-nidaweli-hiwaponu-pofepilu-tih-peh-saqotiwe-haq,tih,,1398.1
60b8f286e9ca8acabdddc02f,5eea1be10e95520beb9fa654,61,receiver,future,number,number-future,,number,1979.7
60b8f286e9ca8acabdddc02f,5eea1be10e95520beb9fa654,62,sender,travel,second,ralonefi-qux-wuk-nidaweli-hiwaponu-pofepilu-tih-peh-saqotiwe-haq,peh,,4020.3
60b8f286e9ca8acabdddc02f,5eea1be10e95520beb9fa654,63,receiver,window,review,review-window,,window,1174.6
60b8f286e9ca8acabdddc02f,5eea1be10e95520beb9fa654,64,sender,window,online,ralonefi-qux-wuk-nidaweli-hiwaponu-pofepilu-tih-peh-saqotiwe-haq,tih,,5557.6
60b8f286e9ca8acabdddc02f,5eea1be10e95520beb9fa654,65,receiver,course,normal,course-normal,,normal,5492.8
60b8f286e9ca8acabdddc02f,5eea1be10e95520beb9fa654,66,sender,normal,number,ralonefi-qux-wuk-nidaweli-hiwaponu-pofepilu-tih-peh-saqotiwe-haq,tih,,10334.4
60b8f286e9ca8acabdddc02f,5eea1be10e95520beb9fa654,67,receiver,window,review,window-review,,window,5614
60b8f286e9ca8acabdddc02f,5eea1be10e95520beb9fa654,68,sender,second,online,ralonefi-qux-wuk-nidaweli-hiwaponu-pofepilu-tih-peh-saqotiwe-haq,peh,,4869.5
60b8f286e9ca8acabdddc02f,5eea1be10e95520beb9fa654,69,receiver,travel,online,online-travel,,travel,3160.6
60b8f286e9ca8acabdddc02f,5eea1be10e95520beb9fa654,70,sender,course,future,ralonefi-qux-wuk-nidaweli-hiwaponu-pofepilu-tih-peh-saqotiwe-haq,wuk,,2886.1
60b8f286e9ca8acabdddc02f,5eea1be10e95520beb9fa654,71,receiver,course,normal,normal-course,,course,2190.4
60b8f286e9ca8acabdddc02f,5eea1be10e95520beb9fa654,72,sender,window,future,ralonefi-qux-wuk-nidaweli-hiwaponu-pofepilu-tih-peh-saqotiwe-haq,peh,,1539
60b8f286e9ca8acabdddc02f,5eea1be10e95520beb9fa654,73,receiver,course,ground,ground-course,,course,1142
60b8f286e9ca8acabdddc02f,5eea1be10e95520beb9fa654,74,sender,window,course,ralonefi-qux-wuk-nidaweli-hiwaponu-pofepilu-tih-peh-saqotiwe-haq,nidaweli,,1394.7
60b8f286e9ca8acabdddc02f,5eea1be10e95520beb9fa654,75,receiver,travel,number,travel-number,,travel,3835.1
60b8f286e9ca8acabdddc02f,5eea1be10e95520beb9fa654,76,sender,window,course,ralonefi-qux-wuk-nidaweli-hiwaponu-pofepilu-tih-peh-saqotiwe-haq,tih,,1393.3
60b8f286e9ca8acabdddc02f,5eea1be10e95520beb9fa654,77,receiver,course,review,review-course,,review,1315.6
60b8f286e9ca8acabdddc02f,5eea1be10e95520beb9fa654,78,sender,ground,online,ralonefi-qux-wuk-nidaweli-hiwaponu-pofepilu-tih-peh-saqotiwe-haq,hiwaponu,,3192.5
60b8f286e9ca8acabdddc02f,5eea1be10e95520beb9fa654,79,receiver,ground,normal,ground-normal,,ground,2043.7
60b8f286e9ca8acabdddc02f,5eea1be10e95520beb9fa654,80,sender,window,second,ralonefi-qux-wuk-nidaweli-hiwaponu-pofepilu-tih-peh-saqotiwe-haq,tih,,2491.6
60b8f286e9ca8acabdddc02f,5eea1be10e95520beb9fa654,81,receiver,window,number,number-window,,number,3109.4
60b8f286e9ca8acabdddc02f,5eea1be10e95520beb9fa654,82,sender,travel,normal,ralonefi-qux-wuk-nidaweli-hiwaponu-pofepilu-tih-peh-saqotiwe-haq,peh,,6288.6
60b8f286e9ca8acabdddc02f,5eea1be10e95520beb9fa654,83,receiver,course,travel,course-travel,,course,1592.5
60b8f286e9ca8acabdddc02f,5eea1be10e95520beb9fa654,84,sender,course,normal,ralonefi-qux-wuk-nidaweli-hiwaponu-pofepilu-tih-peh-saqotiwe-haq,peh,,3166
60b8f286e9ca8acabdddc02f,5eea1be10e95520beb9fa654,85,receiver,future,ground,ground-future,,ground,1336.8
60b8f286e9ca8acabdddc02f,5eea1be10e95520beb9fa654,86,sender,second,number,ralonefi-qux-wuk-nidaweli-hiwaponu-pofepilu-tih-peh-saqotiwe-haq,tih,,2931.9
60b8f286e9ca8acabdddc02f,5eea1be10e95520beb9fa654,87,receiver,online,number,number-online,,number,1481.1
60b8f286e9ca8acabdddc02f,5eea1be10e95520beb9fa654,88,sender,travel,second,ralonefi-qux-wuk-nidaweli-hiwaponu-pofepilu-tih-peh-saqotiwe-haq,tih,,1275.1
60b8f286e9ca8acabdddc02f,5eea1be10e95520beb9fa654,89,receiver,window,number,window-number,,window,6828.8
60b8f286e9ca8acabdddc02f,5eea1be10e95520beb9fa654,90,sender,review,online,ralonefi-qux-wuk-nidaweli-hiwaponu-pofepilu-tih-peh-saqotiwe-haq,pofepilu,,4169.3
60b8f286e9ca8acabdddc02f,5eea1be10e95520beb9fa654,91,receiver,second,number,second-number,,number,2156.4
60b8f286e9ca8acabdddc02f,5eea1be10e95520beb9fa654,92,sender,travel,number,ralonefi-qux-wuk-nidaweli-hiwaponu-pofepilu-tih-peh-saqotiwe-haq,nidaweli,,1407.2
60b8f286e9ca8acabdddc02f,5eea1be10e95520beb9fa654,93,receiver,normal,second,normal-second,,second,1717.5
60b8f286e9ca8acabdddc02f,5eea1be10e95520beb9fa654,94,sender,travel,normal,ralonefi-qux-wuk-nidaweli-hiwaponu-pofepilu-tih-peh-saqotiwe-haq,nidaweli,,1302
60b8f286e9ca8acabdddc02f,5eea1be10e95520beb9fa654,95,receiver,review,online,online-review,,online,1269
60b8f286e9ca8acabdddc02f,5eea1be10e95520beb9fa654,96,sender,course,online,ralonefi-qux-wuk-nidaweli-hiwaponu-pofepilu-tih-peh-saqotiwe-haq,tih,,3929
60b8f286e9ca8acabdddc02f,5eea1be10e95520beb9fa654,97,receiver,course,online,course-online,,online,6505
60b8f286e9ca8acabdddc02f,5eea1be10e95520beb9fa654,98,sender,ground,online,ralonefi-qux-wuk-nidaweli-hiwaponu-pofepilu-tih-peh-saqotiwe-haq,tih,,7000.4
60b8f286e9ca8acabdddc02f,5eea1be10e95520beb9fa654,99,receiver,window,travel,window-travel,,window,1582.1
60b8f286e9ca8acabdddc02f,5eea1be10e95520beb9fa654,100,sender,online,number,ralonefi-qux-wuk-nidaweli-hiwaponu-pofepilu-tih-peh-saqotiwe-haq,tih,,4770.4
60b8f286e9ca8acabdddc02f,5eea1be10e95520beb9fa654,101,receiver,ground,number,ground-number,,ground,2316.1
60b8f286e9ca8acabdddc02f,5eea1be10e95520beb9fa654,102,sender,ground,travel,ralonefi-qux-wuk-nidaweli-hiwaponu-pofepilu-tih-peh-saqotiwe-haq,wuk,,4307.8
60b8f286e9ca8acabdddc02f,5eea1be10e95520beb9fa654,103,receiver,course,second,second-course,,course,2573.3
60b8f286e9ca8acabdddc02f,5eea1be10e95520beb9fa654,104,sender,future,travel,ralonefi-qux-wuk-nidaweli-hiwaponu-pofepilu-tih-peh-saqotiwe-haq,saqotiwe,,4033.8
60b8f286e9ca8acabdddc02f,5eea1be10e95520beb9fa654,105,receiver,ground,online,ground-online,,ground,1921.6
60b8f286e9ca8acabdddc02f,5eea1be10e95520beb9fa654,106,sender,second,online,ralonefi-qux-wuk-nidaweli-hiwaponu-pofepilu-tih-peh-saqotiwe-haq,wuk,,4678.5
60b8f286e9ca8acabdddc02f,5eea1be10e95520beb9fa654,107,receiver,future,travel,future-travel,,travel,2124.5
60b8f286e9ca8acabdddc02f,5eea1be10e95520beb9fa654,108,sender,window,normal,ralonefi-qux-wuk-nidaweli-hiwaponu-pofepilu-tih-peh-saqotiwe-haq,saqotiwe,,1972.7
60b8f286e9ca8acabdddc02f,5eea1be10e95520beb9fa654,109,receiver,ground,review,ground-review,,ground,5029.9
60b8f286e9ca8acabdddc02f,5eea1be10e95520beb9fa654,110,sender,ground,second,ralonefi-qux-wuk-nidaweli-hiwaponu-pofepilu-tih-peh-saqotiwe-haq,wuk,,2074.6
60b8f286e9ca8acabdddc02f,5eea1be10e95520beb9fa654,111,receiver,window,ground,ground-window,,window,1900.9
60b8f286e9ca8acabdddc02f,5eea1be10e95520beb9fa654,112,sender,window,review,ralonefi-qux-wuk-nidaweli-hiwaponu-pofepilu-tih-peh-saqotiwe-haq,nidaweli,,3310
60b8f286e9ca8acabdddc02f,5eea1be10e95520beb9fa654,113,receiver,course,number,course-number,,number,1881.5
60b8f286e9ca8acabdddc02f,5eea1be10e95520beb9fa654,114,sender,window,online,ralonefi-qux-wuk-nidaweli-hiwaponu-pofepilu-tih-peh-saqotiwe-haq,peh,,3804.8
60b8f286e9ca8acabdddc02f,5eea1be10e95520beb9fa654,115,receiver,travel,review,review-travel,,review,1337.3
60b8f286e9ca8acabdddc02f,5eea1be10e95520beb9fa654,116,sender,course,number,ralonefi-qux-wuk-nidaweli-hiwaponu-pofepilu-tih-peh-saqotiwe-haq,hiwaponu,,1241.9
60b8f286e9ca8acabdddc02f,5eea1be10e95520beb9fa654,117,receiver,travel,normal,normal-travel,,travel,2887.4
60b8f286e9ca8acabdddc02f,5eea1be10e95520beb9fa654,118,sender,travel,online,ralonefi-qux-wuk-nidaweli-hiwaponu-pofepilu-tih-peh-saqotiwe-haq,tih,,1614.6
60b8f286e9ca8acabdddc02f,5eea1be10e95520beb9fa654,119,receiver,travel,review,travel-review,,travel,1219.5
60b8f286e9ca8acabdddc02f,5eea1be10e95520beb9fa654,120,sender,normal,review,ralonefi-qux-wuk-nidaweli-hiwaponu-pofepilu-tih-peh-saqotiwe-haq,tih,,1625.9
60b8f286e9ca8acabdddc02f,5eea1be10e95520beb9fa654,121,receiver,window,number,number-window,,number,6502.9
60b8f286e9ca8acabdddc02f,5eea1be10e95520beb9fa654,122,sender,online,number,ralonefi-qux-wuk-nidaweli-hiwaponu-pofepilu-tih-peh-saqotiwe-haq,nidaweli,,4270.3
60b8f286e9ca8acabdddc02f,5eea1be10e95520beb9fa654,123,receiver,future,ground,future-ground,,ground,1199.5
60b8f286e9ca8acabdddc02f,5eea1be10e95520beb9fa654,124,sender,future,online,ralonefi-qux-wuk-nidaweli-hiwaponu-pofepilu-tih-peh-saqotiwe-haq,nidaweli,,3121.7
60b8f286e9ca8acabdddc02f,5eea1be10e95520beb9fa654,125,receiver,normal,second,second-normal,,second,1106.4
60b8f286e9ca8acabdddc02f,5eea1be10e95520beb9fa654,126,sender,review,online,ralonefi-qux-wuk-nidaweli-hiwaponu-pofepilu-tih-peh-saqotiwe-haq,peh,,2511
60b8f286e9ca8acabdddc02f,5eea1be10e95520beb9fa654,127,receiver,ground,second,ground-second,,ground,1470.4
60b8f286e9ca8acabdddc02f,5eea1be10e95520beb9fa654,128,sender,window,future,ralonefi-qux-wuk-nidaweli-hiwaponu-pofepilu-tih-peh-saqotiwe-haq,nidaweli,,1805.9
60b8f286e9ca8acabdddc02f,5eea1be10e95520beb9fa654,129,receiver,course,future,course-future,,future,3945.2
60b8f286e9ca8acabdddc02f,5eea1be10e95520beb9fa654,130,sender,course,review,ralonefi-qux-wuk-nidaweli-hiwaponu-pofepilu-tih-peh-saqotiwe-haq,pofepilu,,2102.1
60b8f286e9ca8acabdddc02f,5eea1be10e95520beb9fa654,131,receiver,ground,review,review-ground,,review,4960.9
60b8f286e9ca8acabdddc02f,5eea1be10e95520beb9fa654,132,sender,course,review,ralonefi-qux-wuk-nidaweli-hiwaponu-pofepilu-tih-peh-saqotiwe-haq,tih,,4244.6
60b8f286e9ca8acabdddc02f,5eea1be10e95520beb9fa654,133,receiver,future,ground,ground-future,,future,4068.5
60b8f286e9ca8acabdddc02f,5eea1be10e95520beb9fa654,134,sender,future,review,ralonefi-qux-wuk-nidaweli-hiwaponu-pofepilu-tih-peh-saqotiwe-haq,wuk,,3915.8
60b8f286e9ca8acabdddc02f,5eea1be10e95520beb9fa654,135,receiver,travel,second,travel-second,,travel,4347.8