participant_id, partner_id, trial_index, trial_type, target_meaning, foil_meaning,             choices, signal_selected, meaning_guess, rt
57dd3b0e91b7fc0001493db9,5831960ab232860001b110dc,1,receiver,change,market,change-market,,market,3369
57dd3b0e91b7fc0001493db9,5831960ab232860001b110dc,2,sender,ground,review,peh-hix-teliqulo-nidaweli-ralonefi-lehaqifu-zah-kuh-qux-pofepilu,hix,,4718
57dd3b0e91b7fc0001493db9,5831960ab232860001b110dc,3,receiver,market,travel,travel-market,,travel,2931
57dd3b0e91b7fc0001493db9,5831960ab232860001b110dc,4,sender,future,number,peh-hix-teliqulo-nidaweli-ralonefi-lehaqifu-zah-kuh-qux-pofepilu,peh,,7837
57dd3b0e91b7fc0001493db9,5831960ab232860001b110dc,5,receiver,ground,review,ground-review,,review,2391
57dd3b0e91b7fc0001493db9,5831960ab232860001b110dc,6,sender,course,review,peh-hix-teliqulo-nidaweli-ralonefi-lehaqifu-zah-kuh-qux-pofepilu,hix,,2851
57dd3b0e91b7fc0001493db9,5831960ab232860001b110dc,7,receiver,credit,design,credit-design,,design,2645
57dd3b0e91b7fc0001493db9,5831960ab232860001b110dc,8,sender,market,review,peh-hix-teliqulo-nidaweli-ralonefi-lehaqifu-zah-kuh-qux-pofepilu,lehaqifu,,3873
57dd3b0e91b7fc0001493db9,5831960ab232860001b110dc,9,receiver,course,market,course-market,,market,3309
57dd3b0e91b7fc0001493db9,5831960ab232860001b110dc,10,sender,future,market,peh-hix-teliqulo-nidaweli-ralonefi-lehaqifu-zah-kuh-qux-pofepilu,peh,,3662
57dd3b0e91b7fc0001493db9,5831960ab232860001b110dc,11,receiver,course,number,number-course,,number,2121
57dd3b0e91b7fc0001493db9,5831960ab232860001b110dc,12,sender,change,market,peh-hix-teliqulo-nidaweli-ralonefi-lehaqifu-zah-kuh-qux-pofepilu,qux,,4943
57dd3b0e91b7fc0001493db9,5831960ab232860001b110dc,13,receiver,future,ground,ground-future,,ground,2640
57dd3b0e91b7fc0001493db9,5831960ab232860001b110dc,14,sender,change,ground,peh-hix-teliqulo-nidaweli-ralonefi-lehaqifu-zah-kuh-qux-pofepilu,ralonefi,,4003
57dd3b0e91b7fc0001493db9,5831960ab232860001b110dc,15,receiver,course,market,market-course,,course,2360
57dd3b0e91b7fc0001493db9,5831960ab232860001b110dc,16,sender,change,design,peh-hix-teliqulo-nidaweli-ralonefi-lehaqifu-zah-kuh-qux-pofepilu,zah,,6809
57dd3b0e91b7fc0001493db9,5831960ab232860001b110dc,17,receiver,market,number,market-number,,number,2055
57dd3b0e91b7fc0001493db9,5831960ab232860001b110dc,18,sender,design,market,peh-hix-teliqulo-nidaweli-ralonefi-lehaqifu-zah-kuh-qux-pofepilu,hix,,3298
57dd3b0e91b7fc0001493db9,5831960ab232860001b110dc,19,receiver,design,travel,design-travel,,travel,2073
57dd3b0e91b7fc0001493db9,5831960ab232860001b110dc,20,sender,design,review,peh-hix-teliqulo-nidaweli-ralonefi-lehaqifu-zah-kuh-qux-pofepilu,pofepilu,,4787
57dd3b0e91b7fc0001493db9,5831960ab232860001b110dc,21,receiver,credit,ground,credit-ground,,credit,2399
57dd3b0e91b7fc0001493db9,5831960ab232860001b110dc,22,sender,number,travel,peh-hix-teliqulo-nidaweli-ralonefi-lehaqifu-zah-kuh-qux-pofepilu,qux,,4504
57dd3b0e91b7fc0001493db9,5831960ab232860001b110dc,23,receiver,credit,review,review-credit,,credit,3952
57dd3b0e91b7fc0001493db9,5831960ab232860001b110dc,24,sender,change,course,peh-hix-teliqulo-nidaweli-ralonefi-lehaqifu-zah-kuh-qux-pofepilu,teliqulo,,4331
57dd3b0e91b7fc0001493db9,5831960ab232860001b110dc,25,receiver,market,travel,travel-market,,market,3076
57dd3b0e91b7fc0001493db9,5831960ab232860001b110dc,26,sender,course,design,peh-hix-teliqulo-nidaweli-ralonefi-lehaqifu-zah-kuh-qux-pofepilu,zah,,2861
57dd3b0e91b7fc0001493db9,5831960ab232860001b110dc,27,receiver,course,market,market-course,,course,6296
57dd3b0e91b7fc0001493db9,5831960ab232860001b110dc,28,sender,change,number,peh-hix-teliqulo-nidaweli-ralonefi-lehaqifu-zah-kuh-qux-pofepilu,hix,,3882
57dd3b0e91b7fc0001493db9,5831960ab232860001b110dc,29,receiver,change,future,future-change,,change,2267
57dd3b0e91b7fc0001493db9,5831960ab232860001b110dc,30,sender,future,review,peh-hix-teliqulo-nidaweli-ralonefi-lehaqifu-zah-kuh-qux-pofepilu,ralonefi,,3971
57dd3b0e91b7fc0001493db9,5831960ab232860001b110dc,31,receiver,future,ground,future-ground,,future,2841
57dd3b0e91b7fc0001493db9,5831960ab232860001b110dc,32,sender,design,future,peh-hix-teliqulo-nidaweli-ralonefi-lehaqifu-zah-kuh-qux-pofepilu,pofepilu,,5357
57dd3b0e91b7fc0001493db9,5831960ab232860001b110dc,33,receiver,future,travel,travel-future,,travel,2683
57dd3b0e91b7fc0001493db9,5831960ab232860001b110dc,34,sender,change,ground,peh-hix-teliqulo-nidaweli-ralonefi-lehaqifu-zah-kuh-qux-pofepilu,kuh,,3395
57dd3b0e91b7fc0001493db9,5831960ab232860001b110dc,35,receiver,design,travel,design-travel,,design,2766
57dd3b0e91b7fc0001493db9,5831960ab232860001b110dc,36,sender,course,number,peh-hix-teliqulo-nidaweli-ralonefi-lehaqifu-zah-kuh-qux-pofepilu,hix,,4870
57dd3b0e91b7fc0001493db9,5831960ab232860001b110dc,37,receiver,change,future,future-change,,change,2481
57dd3b0e91b7fc0001493db9,5831960ab232860001b110dc,38,sender,credit,travel,peh-hix-teliqulo-nidaweli-ralonefi-lehaqifu-zah-kuh-qux-pofepilu,zah,,11774
57dd3b0e91b7fc0001493db9,5831960ab232860001b110dc,39,receiver,credit,future,future-credit,,credit,2060
57dd3b0e91b7fc0001493db9,5831960ab232860001b110dc,40,sender,change,design,peh-hix-teliqulo-nidaweli-ralonefi-lehaqifu-zah-kuh-qux-pofepilu,hix,,4119
57dd3b0e91b7fc0001493db9,5831960ab232860001b110dc,41,receiver,ground,number,number-ground,,number,2009
57dd3b0e91b7fc0001493db9,5831960ab232860001b110dc,42,sender,change,review,peh-hix-teliqulo-nidaweli-ralonefi-lehaqifu-zah-kuh-qux-pofepilu,zah,,7230
57dd3b0e91b7fc0001493db9,5831960ab232860001b110dc,43,receiver,design,number,design-number,,number,2545
57dd3b0e91b7fc0001493db9,5831960ab232860001b110dc,44,sender,credit,number,peh-hix-teliqulo-nidaweli-ralonefi-lehaqifu-zah-kuh-qux-pofepilu,hix,,3608
57dd3b0e91b7fc0001493db9,5831960ab232860001b110dc,45,receiver,course,design,course-design,,course,2238
57dd3b0e91b7fc0001493db9,5831960ab232860001b110dc,46,sender,credit,design,peh-hix-teliqulo-nidaweli-ralonefi-lehaqifu-zah-kuh-qux-pofepilu,hix,,3802
57dd3b0e91b7fc0001493db9,5831960ab232860001b110dc,47,receiver,course,future,course-future,,future,3853
57dd3b0e91b7fc0001493db9,5831960ab232860001b110dc,48,sender,future,number,peh-hix-teliqulo-nidaweli-ralonefi-lehaqifu-zah-kuh-qux-pofepilu,qux,,2987
57dd3b0e91b7fc0001493db9,5831960ab232860001b110dc,49,receiver,design,future,design-future,,future,2613
57dd3b0e91b7fc0001493db9,5831960ab232860001b110dc,50,sender,change,credit,peh-hix-teliqulo-nidaweli-ralonefi-lehaqifu-zah-kuh-qux-pofepilu,zah,,3659
57dd3b0e91b7fc0001493db9,5831960ab232860001b110dc,51,receiver,change,course,change-course,,change,2755
57dd3b0e91b7fc0001493db9,5831960ab232860001b110dc,52,sender,change,number,peh-hix-teliqulo-nidaweli-ralonefi-lehaqifu-zah-kuh-qux-pofepilu,zah,,2993
57dd3b0e91b7fc0001493db9,5831960ab232860001b110dc,53,receiver,course,credit,credit-course,,credit,2198
57dd3b0e91b7fc0001493db9,5831960ab232860001b110dc,54,sender,design,travel,peh-hix-teliqulo-nidaweli-ralonefi-lehaqifu-zah-kuh-qux-pofepilu,peh,,5362
57dd3b0e91b7fc0001493db9,5831960ab232860001b110dc,55,receiver,market,number,market-number,,number,3132
57dd3b0e91b7fc0001493db9,5831960ab232860001b110dc,56,sender,design,ground,peh-hix-teliqulo-nidaweli-ralonefi-lehaqifu-zah-kuh-qux-pofepilu,peh,,2720
57dd3b0e91b7fc0001493db9,5831960ab232860001b110dc,57,receiver,design,review,review-design,,design,2455
57dd3b0e91b7fc0001493db9,5831960ab232860001b110dc,58,sender,course,travel,peh-hix-teliqulo-nidaweli-ralonefi-lehaqifu-zah-kuh-qux-pofepilu,qux,,2742
57dd3b0e91b7fc0001493db9,5831960ab232860001b110dc,59,receiver,change,future,future-change,,future,2872
57dd3b0e91b7fc0001493db9,5831960ab232860001b110dc,60,sender,course,ground,peh-hix-teliqulo-nidaweli-ralonefi-lehaqifu-zah-kuh-qux-pofepilu,kuh,,5454
57dd3b0e91b7fc0001493db9,5831960ab232860001b110dc,61,receiver,ground,travel,travel-ground,,travel,3954
57dd3b0e91b7fc0001493db9,5831960ab232860001b110dc,62,sender,ground,market,peh-hix-teliqulo-nidaweli-ralonefi-lehaqifu-zah-kuh-qux-pofepilu,kuh,,4883
57dd3b0e91b7fc0001493db9,5831960ab232860001b110dc,63,receiver,design,market,design-market,,design,4706
57dd3b0e91b7fc0001493db9,5831960ab232860001b110dc,64,sender,number,review,peh-hix-teliqulo-nidaweli-ralonefi-lehaqifu-zah-kuh-qux-pofepilu,nidaweli,,4170
57dd3b0e91b7fc0001493db9,5831960ab232860001b110dc,65,receiver,ground,market,ground-market,,ground,2726
57dd3b0e91b7fc0001493db9,5831960ab232860001b110dc,66,sender,credit,number,peh-hix-teliqulo-nidaweli-ralonefi-lehaqifu-zah-kuh-qux-pofepilu,kuh,,4926
57dd3b0e91b7fc0001493db9,5831960ab232860001b110dc,67,receiver,credit,market,market-credit,,credit,2412
57dd3b0e91b7fc0001493db9,5831960ab232860001b110dc,68,sender,future,travel,peh-hix-teliqulo-nidaweli-ralonefi-lehaqifu-zah-kuh-qux-pofepilu,qux,,4868
57dd3b0e91b7fc0001493db9,5831960ab232860001b110dc,69,receiver,credit,travel,travel-credit,,credit,1879
57dd3b0e91b7fc0001493db9,5831960ab232860001b110dc,70,sender,future,market,peh-hix-teliqulo-nidaweli-ralonefi-lehaqifu-zah-kuh-qux-pofepilu,qux,,8292
57dd3b0e91b7fc0001493db9,5831960ab232860001b110dc,71,receiver,market,travel,travel-market,,travel,2836
57dd3b0e91b7fc0001493db9,5831960ab232860001b110dc,72,sender,course,travel,peh-hix-teliqulo-nidaweli-ralonefi-lehaqifu-zah-kuh-qux-pofepilu,kuh,,4592
57dd3b0e91b7fc0001493db9,5831960ab232860001b110dc,73,receiver,design,future,future-design,,design,2239
57dd3b0e91b7fc0001493db9,5831960ab232860001b110dc,74,sender,ground,market,peh-hix-teliqulo-nidaweli-ralonefi-lehaqifu-zah-kuh-qux-pofepilu,kuh,,4196
57dd3b0e91b7fc0001493db9,5831960ab232860001b110dc,75,receiver,design,market,market-design,,market,2088
57dd3b0e91b7fc0001493db9,5831960ab232860001b110dc,76,sender,credit,review,peh-hix-teliqulo-nidaweli-ralonefi-lehaqifu-zah-kuh-qux-pofepilu,kuh,,3744
57dd3b0e91b7fc0001493db9,5831960ab232860001b110dc,77,receiver,design,ground,design-ground,,design,2460
57dd3b0e91b7fc0001493db9,5831960ab232860001b110dc,78,sender,course,travel,peh-hix-teliqulo-nidaweli-ralonefi-lehaqifu-zah-kuh-qux-pofepilu,kuh,,3667
57dd3b0e91b7fc0001493db9,5831960ab232860001b110dc,79,receiver,change,design,change-design,,design,3477
57dd3b0e91b7fc0001493db9,5831960ab232860001b110dc,80,sender,change,travel,peh-hix-teliqulo-nidaweli-ralonefi-lehaqifu-zah-kuh-qux-pofepilu,pofepilu,,5086
57dd3b0e91b7fc0001493db9,5831960ab232860001b110dc,81,receiver,course,future,course-future,,course,2916
57dd3b0e91b7fc0001493db9,5831960ab232860001b110dc,82,sender,credit,market,peh-hix-teliqulo-nidaweli-ralonefi-lehaqifu-zah-kuh-qux-pofepilu,hix,,7027
57dd3b0e91b7fc0001493db9,5831960ab232860001b110dc,83,receiver,credit,ground,credit-ground,,credit,2370
57dd3b0e91b7fc0001493db9,5831960ab232860001b110dc,84,sender,course,future,peh-hix-teliqulo-nidaweli-ralonefi-lehaqifu-zah-kuh-qux-pofepilu,kuh,,4177
57dd3b0e91b7fc0001493db9,5831960ab232860001b110dc,85,receiver,design,number,design-number,,number,2465
57dd3b0e91b7fc0001493db9,5831960ab232860001b110dc,86,sender,number,review,peh-hix-teliqulo-nidaweli-ralonefi-lehaqifu-zah-kuh-qux-pofepilu,lehaqifu,,3415
57dd3b0e91b7fc0001493db9,5831960ab232860001b110dc,87,receiver,credit,future,future-credit,,credit,1920
57dd3b0e91b7fc0001493db9,5831960ab232860001b110dc,88,sender,course,review,peh-hix-teliqulo-nidaweli-ralonefi-lehaqifu-zah-kuh-qux-pofepilu,kuh,,2910
57dd3b0e91b7fc0001493db9,5831960ab232860001b110dc,89,receiver,number,review,number-review,,review,1459
57dd3b0e91b7fc0001493db9,5831960ab232860001b110dc,90,sender,ground,travel,peh-hix-teliqulo-nidaweli-ralonefi-lehaqifu-zah-kuh-qux-pofepilu,kuh,,1928
57dd3b0e91b7fc0001493db9,5831960ab232860001b110dc,91,receiver,credit,design,credit-design,,design,2269
57dd3b0e91b7fc0001493db9,5831960ab232860001b110dc,92,sender,market,review,peh-hix-teliqulo-nidaweli-ralonefi-lehaqifu-zah-kuh-qux-pofepilu,pofepilu,,4560
57dd3b0e91b7fc0001493db9,5831960ab232860001b110dc,93,receiver,change,travel,change-travel,,change,2808
57dd3b0e91b7fc0001493db9,5831960ab232860001b110dc,94,sender,future,ground,peh-hix-teliqulo-nidaweli-ralonefi-lehaqifu-zah-kuh-qux-pofepilu,zah,,6603
57dd3b0e91b7fc0001493db9,5831960ab232860001b110dc,95,receiver,course,ground,course-ground,,ground,2167
57dd3b0e91b7fc0001493db9,5831960ab232860001b110dc,96,sender,change,travel,peh-hix-teliqulo-nidaweli-ralonefi-lehaqifu-zah-kuh-qux-pofepilu,hix,,5538
57dd3b0e91b7fc0001493db9,5831960ab232860001b110dc,97,receiver,review,travel,review-travel,,review,1516
57dd3b0e91b7fc0001493db9,5831960ab232860001b110dc,98,sender,course,credit,peh-hix-teliqulo-nidaweli-ralonefi-lehaqifu-zah-kuh-qux-pofepilu,kuh,,2170
57dd3b0e91b7fc0001493db9,5831960ab232860001b110dc,99,receiver,change,market,market-change,,market,3652
57dd3b0e91b7fc0001493db9,5831960ab232860001b110dc,100,sender,design,number,peh-hix-teliqulo-nidaweli-ralonefi-lehaqifu-zah-kuh-qux-pofepilu,nidaweli,,3955
57dd3b0e91b7fc0001493db9,5831960ab232860001b110dc,101,receiver,change,credit,credit-change,,change,3689
57dd3b0e91b7fc0001493db9,5831960ab232860001b110dc,102,sender,change,credit,peh-hix-teliqulo-nidaweli-ralonefi-lehaqifu-zah-kuh-qux-pofepilu,zah,,2619
57dd3b0e91b7fc0001493db9,5831960ab232860001b110dc,103,receiver,course,credit,course-credit,,credit,1956
57dd3b0e91b7fc0001493db9,5831960ab232860001b110dc,104,sender,credit,number,peh-hix-teliqulo-nidaweli-ralonefi-lehaqifu-zah-kuh-qux-pofepilu,kuh,,1900
57dd3b0e91b7fc0001493db9,5831960ab232860001b110dc,105,receiver,change,number,number-change,,number,2257
57dd3b0e91b7fc0001493db9,5831960ab232860001b110dc,106,sender,ground,number,peh-hix-teliqulo-nidaweli-ralonefi-lehaqifu-zah-kuh-qux-pofepilu,kuh,,1722
57dd3b0e91b7fc0001493db9,5831960ab232860001b110dc,107,receiver,credit,future,credit-future,,credit,1955
57dd3b0e91b7fc0001493db9,5831960ab232860001b110dc,108,sender,future,number,peh-hix-teliqulo-nidaweli-ralonefi-lehaqifu-zah-kuh-qux-pofepilu,hix,,4977
57dd3b0e91b7fc0001493db9,5831960ab232860001b110dc,109,receiver,ground,number,number-ground,,ground,2242
57dd3b0e91b7fc0001493db9,5831960ab232860001b110dc,110,sender,design,ground,peh-hix-teliqulo-nidaweli-ralonefi-lehaqifu-zah-kuh-qux-pofepilu,lehaqifu,,8439
57dd3b0e91b7fc0001493db9,5831960ab232860001b110dc,111,receiver,future,market,future-market,,market,2112
57dd3b0e91b7fc0001493db9,5831960ab232860001b110dc,112,sender,number,travel,peh-hix-teliqulo-nidaweli-ralonefi-lehaqifu-zah-kuh-qux-pofepilu,zah,,3603
57dd3b0e91b7fc0001493db9,5831960ab232860001b110dc,113,receiver,change,review,review-change,,change,2415
57dd3b0e91b7fc0001493db9,5831960ab232860001b110dc,114,sender,course,ground,peh-hix-teliqulo-nidaweli-ralonefi-lehaqifu-zah-kuh-qux-pofepilu,kuh,,5324
57dd3b0e91b7fc0001493db9,5831960ab232860001b110dc,115,receiver,credit,market,market-credit,,credit,2213
57dd3b0e91b7fc0001493db9,5831960ab232860001b110dc,116,sender,number,travel,peh-hix-teliqulo-nidaweli-ralonefi-lehaqifu-zah-kuh-qux-pofepilu,zah,,2625
57dd3b0e91b7fc0001493db9,5831960ab232860001b110dc,117,receiver,future,review,future-review,,future,2707
57dd3b0e91b7fc0001493db9,5831960ab232860001b110dc,118,sender,credit,review,peh-hix-teliqulo-nidaweli-ralonefi-lehaqifu-zah-kuh-qux-pofepilu,zah,,2925
57dd3b0e91b7fc0001493db9,5831960ab232860001b110dc,119,receiver,credit,ground,ground-credit,,credit,2451
57dd3b0e91b7fc0001493db9,5831960ab232860001b110dc,120,sender,course,review,peh-hix-teliqulo-nidaweli-ralonefi-lehaqifu-zah-kuh-qux-pofepilu,kuh,,2825
57dd3b0e91b7fc0001493db9,5831960ab232860001b110dc,121,receiver,market,number,market-number,,number,2524
57dd3b0e91b7fc0001493db9,5831960ab232860001b110dc,122,sender,credit,travel,peh-hix-teliqulo-nidaweli-ralonefi-lehaqifu-zah-kuh-qux-pofepilu,zah,,3347
57dd3b0e91b7fc0001493db9,5831960ab232860001b110dc,123,receiver,ground,travel,travel-ground,,travel,2641
57dd3b0e91b7fc0001493db9,5831960ab232860001b110dc,124,sender,course,number,peh-hix-teliqulo-nidaweli-ralonefi-lehaqifu-zah-kuh-qux-pofepilu,kuh,,2286
57dd3b0e91b7fc0001493db9,5831960ab232860001b110dc,125,receiver,future,review,future-review,,future,8250
57dd3b0e91b7fc0001493db9,5831960ab232860001b110dc,126,sender,change,course,peh-hix-teliqulo-nidaweli-ralonefi-lehaqifu-zah-kuh-qux-pofepilu,peh,,8263
57dd3b0e91b7fc0001493db9,5831960ab232860001b110dc,127,receiver,ground,review,review-ground,,ground,3491
57dd3b0e91b7fc0001493db9,5831960ab232860001b110dc,128,sender,design,review,peh-hix-teliqulo-nidaweli-ralonefi-lehaqifu-zah-kuh-qux-pofepilu,nidaweli,,7109
57dd3b0e91b7fc0001493db9,5831960ab232860001b110dc,129,receiver,change,ground,ground-change,,ground,2523
57dd3b0e91b7fc0001493db9,5831960ab232860001b110dc,130,sender,market,review,peh-hix-teliqulo-nidaweli-ralonefi-lehaqifu-zah-kuh-qux-pofepilu,kuh,,3818
57dd3b0e91b7fc0001493db9,5831960ab232860001b110dc,131,receiver,course,design,course-design,,course,3534
57dd3b0e91b7fc0001493db9,5831960ab232860001b110dc,132,sender,review,travel,peh-hix-teliqulo-nidaweli-ralonefi-lehaqifu-zah-kuh-qux-pofepilu,peh,,2976
57dd3b0e91b7fc0001493db9,5831960ab232860001b110dc,133,receiver,future,travel,future-travel,,future,4154
57dd3b0e91b7fc0001493db9,5831960ab232860001b110dc,134,sender,review,travel,peh-hix-teliqulo-nidaweli-ralonefi-lehaqifu-zah-kuh-qux-pofepilu,peh,,2886
57dd3b0e91b7fc0001493db9,5831960ab232860001b110dc,135,receiver,change,review,change-review,,change,3306