participant_id, partner_id, trial_index, trial_type, target_meaning, foil_meaning,             choices, signal_selected, meaning_guess, rt
5831960ab232860001b110dc,57dd3b0e91b7fc0001493db9,1,sender,change,market,peh-hix-teliqulo-nidaweli-ralonefi-lehaqifu-zah-kuh-qux-pofepilu,zah,,8208.2
5831960ab232860001b110dc,57dd3b0e91b7fc0001493db9,2,receiver,ground,review,ground-review,,review,3986.3
5831960ab232860001b110dc,57dd3b0e91b7fc0001493db9,3,sender,market,travel,peh-hix-teliqulo-nidaweli-ralonefi-lehaqifu-zah-kuh-qux-pofepilu,nidaweli,,14057.4
5831960ab232860001b110dc,57dd3b0e91b7fc0001493db9,4,receiver,future,number,number-future,,future,4456.4
5831960ab232860001b110dc,57dd3b0e91b7fc0001493db9,5,sender,ground,review,peh-hix-teliqulo-nidaweli-ralonefi-lehaqifu-zah-kuh-qux-pofepilu,pofepilu,,10117
5831960ab232860001b110dc,57dd3b0e91b7fc0001493db9,6,receiver,course,review,review-course,,review,3881.6
5831960ab232860001b110dc,57dd3b0e91b7fc0001493db9,7,sender,credit,design,peh-hix-teliqulo-nidaweli-ralonefi-lehaqifu-zah-kuh-qux-pofepilu,zah,,7830.3
5831960ab232860001b110dc,57dd3b0e91b7fc0001493db9,8,receiver,market,review,review-market,,market,3527.8
5831960ab232860001b110dc,57dd3b0e91b7fc0001493db9,9,sender,course,market,peh-hix-teliqulo-nidaweli-ralonefi-lehaqifu-zah-kuh-qux-pofepilu,lehaqifu,,4092.6
5831960ab232860001b110dc,57dd3b0e91b7fc0001493db9,10,receiver,future,market,market-future,,market,3828.9
5831960ab232860001b110dc,57dd3b0e91b7fc0001493db9,11,sender,course,number,peh-hix-teliqulo-nidaweli-ralonefi-lehaqifu-zah-kuh-qux-pofepilu,kuh,,5130
5831960ab232860001b110dc,57dd3b0e91b7fc0001493db9,12,receiver,change,market,market-change,,change,3769.6
5831960ab232860001b110dc,57dd3b0e91b7fc0001493db9,13,sender,future,ground,peh-hix-teliqulo-nidaweli-ralonefi-lehaqifu-zah-kuh-qux-pofepilu,teliqulo,,3687.8
5831960ab232860001b110dc,57dd3b0e91b7fc0001493db9,14,receiver,change,ground,change-ground,,change,2644.9
5831960ab232860001b110dc,57dd3b0e91b7fc0001493db9,15,sender,course,market,peh-hix-teliqulo-nidaweli-ralonefi-lehaqifu-zah-kuh-qux-pofepilu,pofepilu,,6325.6
5831960ab232860001b110dc,57dd3b0e91b7fc0001493db9,16,receiver,change,design,design-change,,change,2172
5831960ab232860001b110dc,57dd3b0e91b7fc0001493db9,17,sender,market,number,peh-hix-teliqulo-nidaweli-ralonefi-lehaqifu-zah-kuh-qux-pofepilu,pofepilu,,3699.8
5831960ab232860001b110dc,57dd3b0e91b7fc0001493db9,18,receiver,design,market,design-market,,market,2431.8
5831960ab232860001b110dc,57dd3b0e91b7fc0001493db9,19,sender,design,travel,peh-hix-teliqulo-nidaweli-ralonefi-lehaqifu-zah-kuh-qux-pofepilu,hix,,3476.6
5831960ab232860001b110dc,57dd3b0e91b7fc0001493db9,20,receiver,design,review,design-review,,design,2762.2
5831960ab232860001b110dc,57dd3b0e91b7fc0001493db9,21,sender,credit,ground,peh-hix-teliqulo-nidaweli-ralonefi-lehaqifu-zah-kuh-qux-pofepilu,qux,,10185.1
5831960ab232860001b110dc,57dd3b0e91b7fc0001493db9,22,receiver,number,travel,number-travel,,number,2791.8
5831960ab232860001b110dc,57dd3b0e91b7fc0001493db9,23,sender,credit,review,peh-hix-teliqulo-nidaweli-ralonefi-lehaqifu-zah-kuh-qux-pofepilu,peh,,10420
5831960ab232860001b110dc,57dd3b0e91b7fc0001493db9,24,receiver,change,course,change-course,,change,6882.7
5831960ab232860001b110dc,57dd3b0e91b7fc0001493db9,25,sender,market,travel,peh-hix-teliqulo-nidaweli-ralonefi-lehaqifu-zah-kuh-qux-pofepilu,lehaqifu,,14722.9
5831960ab232860001b110dc,57dd3b0e91b7fc0001493db9,26,receiver,course,design,course-design,,design,4229.7
5831960ab232860001b110dc,57dd3b0e91b7fc0001493db9,27,sender,course,market,peh-hix-teliqulo-nidaweli-ralonefi-lehaqifu-zah-kuh-qux-pofepilu,qux,,25452.9
5831960ab232860001b110dc,57dd3b0e91b7fc0001493db9,28,receiver,change,number,change-number,,change,9890
5831960ab232860001b110dc,57dd3b0e91b7fc0001493db9,29,sender,change,future,peh-hix-teliqulo-nidaweli-ralonefi-lehaqifu-zah-kuh-qux-pofepilu,hix,,5646.6
5831960ab232860001b110dc,57dd3b0e91b7fc0001493db9,30,receiver,future,review,review-future,,review,2583.5
5831960ab232860001b110dc,57dd3b0e91b7fc0001493db9,31,sender,future,ground,peh-hix-teliqulo-nidaweli-ralonefi-lehaqifu-zah-kuh-qux-pofepilu,qux,,9558
5831960ab232860001b110dc,57dd3b0e91b7fc0001493db9,32,receiver,design,future,future-design,,design,14905.6
5831960ab232860001b110dc,57dd3b0e91b7fc0001493db9,33,sender,future,travel,peh-hix-teliqulo-nidaweli-ralonefi-lehaqifu-zah-kuh-qux-pofepilu,pofepilu,,2885.2
5831960ab232860001b110dc,57dd3b0e91b7fc0001493db9,34,receiver,change,ground,change-ground,,change,3402.8
5831960ab232860001b110dc,57dd3b0e91b7fc0001493db9,35,sender,design,travel,peh-hix-teliqulo-nidaweli-ralonefi-lehaqifu-zah-kuh-qux-pofepilu,nidaweli,,2738.8
5831960ab232860001b110dc,57dd3b0e91b7fc0001493db9,36,receiver,course,number,course-number,,number,2948.3
5831960ab232860001b110dc,57dd3b0e91b7fc0001493db9,37,sender,change,future,peh-hix-teliqulo-nidaweli-ralonefi-lehaqifu-zah-kuh-qux-pofepilu,teliqulo,,3269.5
5831960ab232860001b110dc,57dd3b0e91b7fc0001493db9,38,receiver,credit,travel,travel-credit,,travel,4365.3
5831960ab232860001b110dc,57dd3b0e91b7fc0001493db9,39,sender,credit,future,peh-hix-teliqulo-nidaweli-ralonefi-lehaqifu-zah-kuh-qux-pofepilu,peh,,9424.4
5831960ab232860001b110dc,57dd3b0e91b7fc0001493db9,40,receiver,change,design,design-change,,change,2902.2
5831960ab232860001b110dc,57dd3b0e91b7fc0001493db9,41,sender,ground,number,peh-hix-teliqulo-nidaweli-ralonefi-lehaqifu-zah-kuh-qux-pofepilu,qux,,17024.1
5831960ab232860001b110dc,57dd3b0e91b7fc0001493db9,42,receiver,change,review,change-review,,review,252.1
5831960ab232860001b110dc,57dd3b0e91b7fc0001493db9,43,sender,design,number,peh-hix-teliqulo-nidaweli-ralonefi-lehaqifu-zah-kuh-qux-pofepilu,zah,,23556.5
5831960ab232860001b110dc,57dd3b0e91b7fc0001493db9,44,receiver,credit,number,number-credit,,number,3045.3
5831960ab232860001b110dc,57dd3b0e91b7fc0001493db9,45,sender,course,design,peh-hix-teliqulo-nidaweli-ralonefi-lehaqifu-zah-kuh-qux-pofepilu,qux,,6577.1
5831960ab232860001b110dc,57dd3b0e91b7fc0001493db9,46,receiver,credit,design,credit-design,,design,2589.1
5831960ab232860001b110dc,57dd3b0e91b7fc0001493db9,47,sender,course,future,peh-hix-teliqulo-nidaweli-ralonefi-lehaqifu-zah-kuh-qux-pofepilu,qux,,4859.6
5831960ab232860001b110dc,57dd3b0e91b7fc0001493db9,48,receiver,future,number,future-number,,future,2429.6
5831960ab232860001b110dc,57dd3b0e91b7fc0001493db9,49,sender,design,future,peh-hix-teliqulo-nidaweli-ralonefi-lehaqifu-zah-kuh-qux-pofepilu,peh,,5983.2
5831960ab232860001b110dc,57dd3b0e91b7fc0001493db9,50,receiver,change,credit,credit-change,,change,2661.2
5831960ab232860001b110dc,57dd3b0e91b7fc0001493db9,51,sender,change,course,peh-hix-teliqulo-nidaweli-ralonefi-lehaqifu-zah-kuh-qux-pofepilu,zah,,2437.8
5831960ab232860001b110dc,57dd3b0e91b7fc0001493db9,52,receiver,change,number,number-change,,change,1346.8
5831960ab232860001b110dc,57dd3b0e91b7fc0001493db9,53,sender,course,credit,peh-hix-teliqulo-nidaweli-ralonefi-lehaqifu-zah-kuh-qux-pofepilu,kuh,,3096.5
5831960ab232860001b110dc,57dd3b0e91b7fc0001493db9,54,receiver,design,travel,design-travel,,design,2712.6
5831960ab232860001b110dc,57dd3b0e91b7fc0001493db9,55,sender,market,number,peh-hix-teliqulo-nidaweli-ralonefi-lehaqifu-zah-kuh-qux-pofepilu,pofepilu,,6617.2
5831960ab232860001b110dc,57dd3b0e91b7fc0001493db9,56,receiver,design,ground,ground-design,,ground,3594.6
5831960ab232860001b110dc,57dd3b0e91b7fc0001493db9,57,sender,design,review,peh-hix-teliqulo-nidaweli-ralonefi-lehaqifu-zah-kuh-qux-pofepilu,peh,,4238.7
5831960ab232860001b110dc,57dd3b0e91b7fc0001493db9,58,receiver,course,travel,travel-course,,course,3845.3
5831960ab232860001b110dc,57dd3b0e91b7fc0001493db9,59,sender,change,future,peh-hix-teliqulo-nidaweli-ralonefi-lehaqifu-zah-kuh-qux-pofepilu,ralonefi,,53885
5831960ab232860001b110dc,57dd3b0e91b7fc0001493db9,60,receiver,course,ground,course-ground,,course,2484
5831960ab232860001b110dc,57dd3b0e91b7fc0001493db9,61,sender,ground,travel,peh-hix-teliqulo-nidaweli-ralonefi-lehaqifu-zah-kuh-qux-pofepilu,qux,,4628
5831960ab232860001b110dc,57dd3b0e91b7fc0001493db9,62,receiver,ground,market,market-ground,,ground,2977.9
5831960ab232860001b110dc,57dd3b0e91b7fc0001493db9,63,sender,design,market,peh-hix-teliqulo-nidaweli-ralonefi-lehaqifu-zah-kuh-qux-pofepilu,lehaqifu,,2570.9
5831960ab232860001b110dc,57dd3b0e91b7fc0001493db9,64,receiver,number,review,number-review,,number,2082.9
5831960ab232860001b110dc,57dd3b0e91b7fc0001493db9,65,sender,ground,market,peh-hix-teliqulo-nidaweli-ralonefi-lehaqifu-zah-kuh-qux-pofepilu,kuh,,3486.7
5831960ab232860001b110dc,57dd3b0e91b7fc0001493db9,66,receiver,credit,number,credit-number,,credit,2974.3
5831960ab232860001b110dc,57dd3b0e91b7fc0001493db9,67,sender,credit,market,peh-hix-teliqulo-nidaweli-ralonefi-lehaqifu-zah-kuh-qux-pofepilu,hix,,19713.7
5831960ab232860001b110dc,57dd3b0e91b7fc0001493db9,68,receiver,future,travel,travel-future,,travel,2223.9
5831960ab232860001b110dc,57dd3b0e91b7fc0001493db9,69,sender,credit,travel,peh-hix-teliqulo-nidaweli-ralonefi-lehaqifu-zah-kuh-qux-pofepilu,kuh,,8227.7
5831960ab232860001b110dc,57dd3b0e91b7fc0001493db9,70,receiver,future,market,market-future,,future,2651.5
5831960ab232860001b110dc,57dd3b0e91b7fc0001493db9,71,sender,market,travel,peh-hix-teliqulo-nidaweli-ralonefi-lehaqifu-zah-kuh-qux-pofepilu,qux,,18498.9
5831960ab232860001b110dc,57dd3b0e91b7fc0001493db9,72,receiver,course,travel,travel-course,,course,1965.3
5831960ab232860001b110dc,57dd3b0e91b7fc0001493db9,73,sender,design,future,peh-hix-teliqulo-nidaweli-ralonefi-lehaqifu-zah-kuh-qux-pofepilu,pofepilu,,4079.7
5831960ab232860001b110dc,57dd3b0e91b7fc0001493db9,74,receiver,ground,market,market-ground,,ground,8174.7
5831960ab232860001b110dc,57dd3b0e91b7fc0001493db9,75,sender,design,market,peh-hix-teliqulo-nidaweli-ralonefi-lehaqifu-zah-kuh-qux-pofepilu,zah,,5973.4
5831960ab232860001b110dc,57dd3b0e91b7fc0001493db9,76,receiver,credit,review,review-credit,,credit,2393.4
5831960ab232860001b110dc,57dd3b0e91b7fc0001493db9,77,sender,design,ground,peh-hix-teliqulo-nidaweli-ralonefi-lehaqifu-zah-kuh-qux-pofepilu,qux,,2514.5
5831960ab232860001b110dc,57dd3b0e91b7fc0001493db9,78,receiver,course,travel,course-travel,,course,3081.3
5831960ab232860001b110dc,57dd3b0e91b7fc0001493db9,79,sender,change,design,peh-hix-teliqulo-nidaweli-ralonefi-lehaqifu-zah-kuh-qux-pofepilu,nidaweli,,2701.4
5831960ab232860001b110dc,57dd3b0e91b7fc0001493db9,80,receiver,change,travel,travel-change,,travel,2464.2
5831960ab232860001b110dc,57dd3b0e91b7fc0001493db9,81,sender,course,future,peh-hix-teliqulo-nidaweli-ralonefi-lehaqifu-zah-kuh-qux-pofepilu,kuh,,2154.4
5831960ab232860001b110dc,57dd3b0e91b7fc0001493db9,82,receiver,credit,market,credit-market,,market,3194.3
5831960ab232860001b110dc,57dd3b0e91b7fc0001493db9,83,sender,credit,ground,peh-hix-teliqulo-nidaweli-ralonefi-lehaqifu-zah-kuh-qux-pofepilu,kuh,,3642.1
5831960ab232860001b110dc,57dd3b0e91b7fc0001493db9,84,receiver,course,future,course-future,,course,1706.9
5831960ab232860001b110dc,57dd3b0e91b7fc0001493db9,85,sender,design,number,peh-hix-teliqulo-nidaweli-ralonefi-lehaqifu-zah-kuh-qux-pofepilu,lehaqifu,,5298.2
5831960ab232860001b110dc,57dd3b0e91b7fc0001493db9,86,receiver,number,review,review-number,,review,2631.1
5831960ab232860001b110dc,57dd3b0e91b7fc0001493db9,87,sender,credit,future,peh-hix-teliqulo-nidaweli-ralonefi-lehaqifu-zah-kuh-qux-pofepilu,kuh,,2938.6
5831960ab232860001b110dc,57dd3b0e91b7fc0001493db9,88,receiver,course,review,course-review,,course,1513.9
5831960ab232860001b110dc,57dd3b0e91b7fc0001493db9,89,sender,number,review,peh-hix-teliqulo-nidaweli-ralonefi-lehaqifu-zah-kuh-qux-pofepilu,lehaqifu,,2327.1
5831960ab232860001b110dc,57dd3b0e91b7fc0001493db9,90,receiver,ground,travel,ground-travel,,ground,2585.8
5831960ab232860001b110dc,57dd3b0e91b7fc0001493db9,91,sender,credit,design,peh-hix-teliqulo-nidaweli-ralonefi-lehaqifu-zah-kuh-qux-pofepilu,peh,,3068
5831960ab232860001b110dc,57dd3b0e91b7fc0001493db9,92,receiver,market,review,market-review,,review,3532
5831960ab232860001b110dc,57dd3b0e91b7fc0001493db9,93,sender,change,travel,peh-hix-teliqulo-nidaweli-ralonefi-lehaqifu-zah-kuh-qux-pofepilu,nidaweli,,4037
5831960ab232860001b110dc,57dd3b0e91b7fc0001493db9,94,receiver,future,ground,future-ground,,future,2639.7
5831960ab232860001b110dc,57dd3b0e91b7fc0001493db9,95,sender,course,ground,peh-hix-teliqulo-nidaweli-ralonefi-lehaqifu-zah-kuh-qux-pofepilu,teliqulo,,4564.3
5831960ab232860001b110dc,57dd3b0e91b7fc0001493db9,96,receiver,change,travel,travel-change,,change,2485.7
5831960ab232860001b110dc,57dd3b0e91b7fc0001493db9,97,sender,review,travel,peh-hix-teliqulo-nidaweli-ralonefi-lehaqifu-zah-kuh-qux-pofepilu,ralonefi,,2528.4
5831960ab232860001b110dc,57dd3b0e91b7fc0001493db9,98,receiver,course,credit,credit-course,,credit,2081.5
5831960ab232860001b110dc,57dd3b0e91b7fc0001493db9,99,sender,change,market,peh-hix-teliqulo-nidaweli-ralonefi-lehaqifu-zah-kuh-qux-pofepilu,teliqulo,,3425.3
5831960ab232860001b110dc,57dd3b0e91b7fc0001493db9,100,receiver,design,number,design-number,,number,2197.6
5831960ab232860001b110dc,57dd3b0e91b7fc0001493db9,101,sender,change,credit,peh-hix-teliqulo-nidaweli-ralonefi-lehaqifu-zah-kuh-qux-pofepilu,zah,,2807.3
5831960ab232860001b110dc,57dd3b0e91b7fc0001493db9,102,receiver,change,credit,credit-change,,change,3686.8
5831960ab232860001b110dc,57dd3b0e91b7fc0001493db9,103,sender,course,credit,peh-hix-teliqulo-nidaweli-ralonefi-lehaqifu-zah-kuh-qux-pofepilu,kuh,,3527.9
5831960ab232860001b110dc,57dd3b0e91b7fc0001493db9,104,receiver,credit,number,number-credit,,credit,2640.8
5831960ab232860001b110dc,57dd3b0e91b7fc0001493db9,105,sender,change,number,peh-hix-teliqulo-nidaweli-ralonefi-lehaqifu-zah-kuh-qux-pofepilu,pofepilu,,3685.1
5831960ab232860001b110dc,57dd3b0e91b7fc0001493db9,106,receiver,ground,number,number-ground,,ground,2566.2
5831960ab232860001b110dc,57dd3b0e91b7fc0001493db9,107,sender,credit,future,peh-hix-teliqulo-nidaweli-ralonefi-lehaqifu-zah-kuh-qux-pofepilu,peh,,5248.5
5831960ab232860001b110dc,57dd3b0e91b7fc0001493db9,108,receiver,future,number,future-number,,future,3785.2
5831960ab232860001b110dc,57dd3b0e91b7fc0001493db9,109,sender,ground,number,peh-hix-teliqulo-nidaweli-ralonefi-lehaqifu-zah-kuh-qux-pofepilu,zah,,3421.1
5831960ab232860001b110dc,57dd3b0e91b7fc0001493db9,110,receiver,design,ground,design-ground,,ground,2058.9
5831960ab232860001b110dc,57dd3b0e91b7fc0001493db9,111,sender,future,market,peh-hix-teliqulo-nidaweli-ralonefi-lehaqifu-zah-kuh-qux-pofepilu,nidaweli,,3277.1
5831960ab232860001b110dc,57dd3b0e91b7fc0001493db9,112,receiver,number,travel,travel-number,,travel,1521.1
5831960ab232860001b110dc,57dd3b0e91b7fc0001493db9,113,sender,change,review,peh-hix-teliqulo-nidaweli-ralonefi-lehaqifu-zah-kuh-qux-pofepilu,kuh,,7080.3
5831960ab232860001b110dc,57dd3b0e91b7fc0001493db9,114,receiver,course,ground,course-ground,,course,1788.9
5831960ab232860001b110dc,57dd3b0e91b7fc0001493db9,115,sender,credit,market,peh-hix-teliqulo-nidaweli-ralonefi-lehaqifu-zah-kuh-qux-pofepilu,peh,,2134.9
5831960ab232860001b110dc,57dd3b0e91b7fc0001493db9,116,receiver,number,travel,travel-number,,travel,2089.6
5831960ab232860001b110dc,57dd3b0e91b7fc0001493db9,117,sender,future,review,peh-hix-teliqulo-nidaweli-ralonefi-lehaqifu-zah-kuh-qux-pofepilu,nidaweli,,3399.9
5831960ab232860001b110dc,57dd3b0e91b7fc0001493db9,118,receiver,credit,review,review-credit,,credit,1879.9
5831960ab232860001b110dc,57dd3b0e91b7fc0001493db9,119,sender,credit,ground,peh-hix-teliqulo-nidaweli-ralonefi-lehaqifu-zah-kuh-qux-pofepilu,peh,,2453.6
5831960ab232860001b110dc,57dd3b0e91b7fc0001493db9,120,receiver,course,review,course-review,,course,1470.6
5831960ab232860001b110dc,57dd3b0e91b7fc0001493db9,121,sender,market,number,peh-hix-teliqulo-nidaweli-ralonefi-lehaqifu-zah-kuh-qux-pofepilu,zah,,5342.3
5831960ab232860001b110dc,57dd3b0e91b7fc0001493db9,122,receiver,credit,travel,credit-travel,,credit,1360
5831960ab232860001b110dc,57dd3b0e91b7fc0001493db9,123,sender,ground,travel,peh-hix-teliqulo-nidaweli-ralonefi-lehaqifu-zah-kuh-qux-pofepilu,lehaqifu,,4794.3
5831960ab232860001b110dc,57dd3b0e91b7fc0001493db9,124,receiver,course,number,course-number,,course,2178.3
5831960ab232860001b110dc,57dd3b0e91b7fc0001493db9,125,sender,future,review,peh-hix-teliqulo-nidaweli-ralonefi-lehaqifu-zah-kuh-qux-pofepilu,pofepilu,,3946
5831960ab232860001b110dc,57dd3b0e91b7fc0001493db9,126,receiver,change,course,change-course,,course,4691.9
5831960ab232860001b110dc,57dd3b0e91b7fc0001493db9,127,sender,ground,review,peh-hix-teliqulo-nidaweli-ralonefi-lehaqifu-zah-kuh-qux-pofepilu,qux,,6520
5831960ab232860001b110dc,57dd3b0e91b7fc0001493db9,128,receiver,design,review,design-review,,design,3080.5
5831960ab232860001b110dc,57dd3b0e91b7fc0001493db9,129,sender,change,ground,peh-hix-teliqulo-nidaweli-ralonefi-lehaqifu-zah-kuh-qux-pofepilu,teliqulo,,5317.4
5831960ab232860001b110dc,57dd3b0e91b7fc0001493db9,130,receiver,market,review,market-review,,review,2667.6
5831960ab232860001b110dc,57dd3b0e91b7fc0001493db9,131,sender,course,design,peh-hix-teliqulo-nidaweli-ralonefi-lehaqifu-zah-kuh-qux-pofepilu,kuh,,2762
5831960ab232860001b110dc,57dd3b0e91b7fc0001493db9,132,receiver,review,travel,review-travel,,travel,3272
5831960ab232860001b110dc,57dd3b0e91b7fc0001493db9,133,sender,future,travel,peh-hix-teliqulo-nidaweli-ralonefi-lehaqifu-zah-kuh-qux-pofepilu,lehaqifu,,5721
5831960ab232860001b110dc,57dd3b0e91b7fc0001493db9,134,receiver,review,travel,review-travel,,travel,1902.8
5831960ab232860001b110dc,57dd3b0e91b7fc0001493db9,135,sender,change,review,peh-hix-teliqulo-nidaweli-ralonefi-lehaqifu-zah-kuh-qux-pofepilu,kuh,,5462.6