participant_id, partner_id, trial_index, trial_type, target_meaning, foil_meaning,             choices, signal_selected, meaning_guess, rt
58713c5e58ca4c00018ce3ea,5c6460d540c2610001424d3f,1,receiver,window,ground,ground-window,,window,10424.3
58713c5e58ca4c00018ce3ea,5c6460d540c2610001424d3f,2,sender,author,player,saqotiwe-kuh-lehaqifu-pofepilu-meh-puwirefa-hiwaponu-haq-qux-qip,kuh,,7665.9
58713c5e58ca4c00018ce3ea,5c6460d540c2610001424d3f,3,receiver,author,player,player-author,,player,4678.3
58713c5e58ca4c00018ce3ea,5c6460d540c2610001424d3f,4,sender,player,public,saqotiwe-kuh-lehaqifu-pofepilu-meh-puwirefa-hiwaponu-haq-qux-qip,hiwaponu,,12581.5
58713c5e58ca4c00018ce3ea,5c6460d540c2610001424d3f,5,receiver,window,handle,handle-window,,window,2376.8
58713c5e58ca4c00018ce3ea,5c6460d540c2610001424d3f,6,sender,author,former,saqotiwe-kuh-lehaqifu-pofepilu-meh-puwirefa-hiwaponu-haq-qux-qip,puwirefa,,4315.8
58713c5e58ca4c00018ce3ea,5c6460d540c2610001424d3f,7,receiver,author,player,player-author,,player,5681.2
58713c5e58ca4c00018ce3ea,5c6460d540c2610001424d3f,8,sender,coffee,former,saqotiwe-kuh-lehaqifu-pofepilu-meh-puwirefa-hiwaponu-haq-qux-qip,kuh,,4193.4
58713c5e58ca4c00018ce3ea,5c6460d540c2610001424d3f,9,receiver,coffee,former,former-coffee,,coffee,2096.3
58713c5e58ca4c00018ce3ea,5c6460d540c2610001424d3f,10,sender,author,player,saqotiwe-kuh-lehaqifu-pofepilu-meh-puwirefa-hiwaponu-haq-qux-qip,lehaqifu,,5822
58713c5e58ca4c00018ce3ea,5c6460d540c2610001424d3f,11,receiver,handle,public,handle-public,,handle,3330.6
58713c5e58ca4c00018ce3ea,5c6460d540c2610001424d3f,12,sender,coffee,public,saqotiwe-kuh-lehaqifu-pofepilu-meh-puwirefa-hiwaponu-haq-qux-qip,kuh,,2323.8
58713c5e58ca4c00018ce3ea,5c6460d540c2610001424d3f,13,receiver,family,coffee,family-coffee,,family,4641
58713c5e58ca4c00018ce3ea,5c6460d540c2610001424d3f,14,sender,window,public,saqotiwe-kuh-lehaqifu-pofepilu-meh-puwirefa-hiwaponu-haq-qux-qip,hiwaponu,,2254.5
58713c5e58ca4c00018ce3ea,5c6460d540c2610001424d3f,15,receiver,family,coffee,family-coffee,,family,1980.1
58713c5e58ca4c00018ce3ea,5c6460d540c2610001424d3f,16,sender,author,former,saqotiwe-kuh-lehaqifu-pofepilu-meh-puwirefa-hiwaponu-haq-qux-qip,lehaqifu,,5797.2
58713c5e58ca4c00018ce3ea,5c6460d540c2610001424d3f,17,receiver,author,family,author-family,,author,1990.2
58713c5e58ca4c00018ce3ea,5c6460d540c2610001424d3f,18,sender,family,former,saqotiwe-kuh-lehaqifu-pofepilu-meh-puwirefa-hiwaponu-haq-qux-qip,pofepilu,,3764
58713c5e58ca4c00018ce3ea,5c6460d540c2610001424d3f,19,receiver,family,public,family-public,,family,3783
58713c5e58ca4c00018ce3ea,5c6460d540c2610001424d3f,20,sender,budget,coffee,saqotiwe-kuh-lehaqifu-pofepilu-meh-puwirefa-hiwaponu-haq-qux-qip,qip,,4917.7
58713c5e58ca4c00018ce3ea,5c6460d540c2610001424d3f,21,receiver,player,coffee,player-coffee,,player,4053.6
58713c5e58ca4c00018ce3ea,5c6460d540c2610001424d3f,22,sender,author,player,saqotiwe-kuh-lehaqifu-pofepilu-meh-puwirefa-hiwaponu-haq-qux-qip,lehaqifu,,2594.8
58713c5e58ca4c00018ce3ea,5c6460d540c2610001424d3f,23,receiver,window,handle,window-handle,,window,2531.4
58713c5e58ca4c00018ce3ea,5c6460d540c2610001424d3f,24,sender,ground,former,saqotiwe-kuh-lehaqifu-pofepilu-meh-puwirefa-hiwaponu-haq-qux-qip,qux,,9385.2
58713c5e58ca4c00018ce3ea,5c6460d540c2610001424d3f,25,receiver,author,player,author-player,,player,4397.5
58713c5e58ca4c00018ce3ea,5c6460d540c2610001424d3f,26,sender,window,player,saqotiwe-kuh-lehaqifu-pofepilu-meh-puwirefa-hiwaponu-haq-qux-qip,hiwaponu,,6087
58713c5e58ca4c00018ce3ea,5c6460d540c2610001424d3f,27,receiver,window,budget,budget-window,,window,2162.4
58713c5e58ca4c00018ce3ea,5c6460d540c2610001424d3f,28,sender,window,handle,saqotiwe-kuh-lehaqifu-pofepilu-meh-puwirefa-hiwaponu-haq-qux-qip,hiwaponu,,2798.4
58713c5e58ca4c00018ce3ea,5c6460d540c2610001424d3f,29,receiver,window,budget,budget-window,,window,1713.8
58713c5e58ca4c00018ce3ea,5c6460d540c2610001424d3f,30,sender,player,coffee,saqotiwe-kuh-lehaqifu-pofepilu-meh-puwirefa-hiwaponu-haq-qux-qip,kuh,,4194.5
58713c5e58ca4c00018ce3ea,5c6460d540c2610001424d3f,31,receiver,player,public,player-public,,player,2859.7
58713c5e58ca4c00018ce3ea,5c6460d540c2610001424d3f,32,sender,coffee,public,saqotiwe-kuh-lehaqifu-pofepilu-meh-puwirefa-hiwaponu-haq-qux-qip,kuh,,2210.3
58713c5e58ca4c00018ce3ea,5c6460d540c2610001424d3f,33,receiver,ground,budget,budget-ground,,ground,3008
58713c5e58ca4c00018ce3ea,5c6460d540c2610001424d3f,34,sender,author,coffee,saqotiwe-kuh-lehaqifu-pofepilu-meh-puwirefa-hiwaponu-haq-qux-qip,lehaqifu,,3934.4
58713c5e58ca4c00018ce3ea,5c6460d540c2610001424d3f,35,receiver,family,public,public-family,,public,7865.3
58713c5e58ca4c00018ce3ea,5c6460d540c2610001424d3f,36,sender,author,player,saqotiwe-kuh-lehaqifu-pofepilu-meh-puwirefa-hiwaponu-haq-qux-qip,lehaqifu,,3256.1
58713c5e58ca4c00018ce3ea,5c6460d540c2610001424d3f,37,receiver,coffee,public,public-coffee,,coffee,1447.3
58713c5e58ca4c00018ce3ea,5c6460d540c2610001424d3f,38,sender,ground,public,saqotiwe-kuh-lehaqifu-pofepilu-meh-puwirefa-hiwaponu-haq-qux-qip,qux,,5782
58713c5e58ca4c00018ce3ea,5c6460d540c2610001424d3f,39,receiver,family,former,former-family,,former,6295.5
58713c5e58ca4c00018ce3ea,5c6460d540c2610001424d3f,40,sender,player,former,saqotiwe-kuh-lehaqifu-pofepilu-meh-puwirefa-hiwaponu-haq-qux-qip,saqotiwe,,8498.8
58713c5e58ca4c00018ce3ea,5c6460d540c2610001424d3f,41,receiver,ground,coffee,ground-coffee,,ground,1981.1
58713c5e58ca4c00018ce3ea,5c6460d540c2610001424d3f,42,sender,ground,public,saqotiwe-kuh-lehaqifu-pofepilu-meh-puwirefa-hiwaponu-haq-qux-qip,qux,,5056.4
58713c5e58ca4c00018ce3ea,5c6460d540c2610001424d3f,43,receiver,window,handle,handle-window,,window,1902.1
58713c5e58ca4c00018ce3ea,5c6460d540c2610001424d3f,44,sender,family,coffee,saqotiwe-kuh-lehaqifu-pofepilu-meh-puwirefa-hiwaponu-haq-qux-qip,puwirefa,,2575.6
58713c5e58ca4c00018ce3ea,5c6460d540c2610001424d3f,45,receiver,handle,former,former-handle,,former,4325.6
58713c5e58ca4c00018ce3ea,5c6460d540c2610001424d3f,46,sender,window,ground,saqotiwe-kuh-lehaqifu-pofepilu-meh-puwirefa-hiwaponu-haq-qux-qip,hiwaponu,,2382.3
58713c5e58ca4c00018ce3ea,5c6460d540c2610001424d3f,47,receiver,coffee,former,coffee-former,,coffee,2144.3
58713c5e58ca4c00018ce3ea,5c6460d540c2610001424d3f,48,sender,author,player,saqotiwe-kuh-lehaqifu-pofepilu-meh-puwirefa-hiwaponu-haq-qux-qip,lehaqifu,,2000
58713c5e58ca4c00018ce3ea,5c6460d540c2610001424d3f,49,receiver,budget,family,family-budget,,budget,4359.7
58713c5e58ca4c00018ce3ea,5c6460d540c2610001424d3f,50,sender,window,handle,saqotiwe-kuh-lehaqifu-pofepilu-meh-puwirefa-hiwaponu-haq-qux-qip,hiwaponu,,2324.9
58713c5e58ca4c00018ce3ea,5c6460d540c2610001424d3f,51,receiver,author,player,author-player,,author,2270.1
58713c5e58ca4c00018ce3ea,5c6460d540c2610001424d3f,52,sender,handle,family,saqotiwe-kuh-lehaqifu-pofepilu-meh-puwirefa-hiwaponu-haq-qux-qip,qip,,3342.2
58713c5e58ca4c00018ce3ea,5c6460d540c2610001424d3f,53,receiver,handle,ground,handle-ground,,handle,1712.2
58713c5e58ca4c00018ce3ea,5c6460d540c2610001424d3f,54,sender,author,coffee,saqotiwe-kuh-lehaqifu-pofepilu-meh-puwirefa-hiwaponu-haq-qux-qip,lehaqifu,,1904.3
58713c5e58ca4c00018ce3ea,5c6460d540c2610001424d3f,55,receiver,ground,author,author-ground,,ground,2980.6
58713c5e58ca4c00018ce3ea,5c6460d540c2610001424d3f,56,sender,budget,family,saqotiwe-kuh-lehaqifu-pofepilu-meh-puwirefa-hiwaponu-haq-qux-qip,qux,,4766.6
58713c5e58ca4c00018ce3ea,5c6460d540c2610001424d3f,57,receiver,family,former,family-former,,former,2726.7
58713c5e58ca4c00018ce3ea,5c6460d540c2610001424d3f,58,sender,ground,coffee,saqotiwe-kuh-lehaqifu-pofepilu-meh-puwirefa-hiwaponu-haq-qux-qip,qux,,5619.4
58713c5e58ca4c00018ce3ea,5c6460d540c2610001424d3f,59,receiver,handle,ground,ground-handle,,ground,2879.4
58713c5e58ca4c00018ce3ea,5c6460d540c2610001424d3f,60,sender,window,handle,saqotiwe-kuh-lehaqifu-pofepilu-meh-puwirefa-hiwaponu-haq-qux-qip,hiwaponu,,2397.4
58713c5e58ca4c00018ce3ea,5c6460d540c2610001424d3f,61,receiver,ground,budget,ground-budget,,ground,3786.9
58713c5e58ca4c00018ce3ea,5c6460d540c2610001424d3f,62,sender,window,handle,saqotiwe-kuh-lehaqifu-pofepilu-meh-puwirefa-hiwaponu-haq-qux-qip,hiwaponu,,1694.5
58713c5e58ca4c00018ce3ea,5c6460d540c2610001424d3f,63,receiver,handle,budget,handle-budget,,handle,3315.9
58713c5e58ca4c00018ce3ea,5c6460d540c2610001424d3f,64,sender,handle,player,saqotiwe-kuh-lehaqifu-pofepilu-meh-puwirefa-hiwaponu-haq-qux-qip,haq,,2954.6
58713c5e58ca4c00018ce3ea,5c6460d540c2610001424d3f,65,receiver,window,handle,window-handle,,window,3497.5
58713c5e58ca4c00018ce3ea,5c6460d540c2610001424d3f,66,sender,ground,family,saqotiwe-kuh-lehaqifu-pofepilu-meh-puwirefa-hiwaponu-haq-qux-qip,qip,,5466.9
58713c5e58ca4c00018ce3ea,5c6460d540c2610001424d3f,67,receiver,window,handle,window-handle,,window,1845.6
58713c5e58ca4c00018ce3ea,5c6460d540c2610001424d3f,68,sender,ground,budget,saqotiwe-kuh-lehaqifu-pofepilu-meh-puwirefa-hiwaponu-haq-qux-qip,qux,,2396
58713c5e58ca4c00018ce3ea,5c6460d540c2610001424d3f,69,receiver,ground,budget,ground-budget,,budget,2533.1
58713c5e58ca4c00018ce3ea,5c6460d540c2610001424d3f,70,sender,handle,author,saqotiwe-kuh-lehaqifu-pofepilu-meh-puwirefa-hiwaponu-haq-qux-qip,haq,,6851.6
58713c5e58ca4c00018ce3ea,5c6460d540c2610001424d3f,71,receiver,budget,author,budget-author,,budget,2180.5
58713c5e58ca4c00018ce3ea,5c6460d540c2610001424d3f,72,sender,handle,coffee,saqotiwe-kuh-lehaqifu-pofepilu-meh-puwirefa-hiwaponu-haq-qux-qip,haq,,4535.2
58713c5e58ca4c00018ce3ea,5c6460d540c2610001424d3f,73,receiver,ground,family,ground-family,,ground,3275.5
58713c5e58ca4c00018ce3ea,5c6460d540c2610001424d3f,74,sender,author,family,saqotiwe-kuh-lehaqifu-pofepilu-meh-puwirefa-hiwaponu-haq-qux-qip,lehaqifu,,1993.2
58713c5e58ca4c00018ce3ea,5c6460d540c2610001424d3f,75,receiver,family,public,public-family,,family,4980.4
58713c5e58ca4c00018ce3ea,5c6460d540c2610001424d3f,76,sender,handle,former,saqotiwe-kuh-lehaqifu-pofepilu-meh-puwirefa-hiwaponu-haq-qux-qip,haq,,2790
58713c5e58ca4c00018ce3ea,5c6460d540c2610001424d3f,77,receiver,budget,public,budget-public,,public,6110.5
58713c5e58ca4c00018ce3ea,5c6460d540c2610001424d3f,78,sender,ground,former,saqotiwe-kuh-lehaqifu-pofepilu-meh-puwirefa-hiwaponu-haq-qux-qip,qux,,2779
58713c5e58ca4c00018ce3ea,5c6460d540c2610001424d3f,79,receiver,player,family,family-player,,player,4251.4
58713c5e58ca4c00018ce3ea,5c6460d540c2610001424d3f,80,sender,former,public,saqotiwe-kuh-lehaqifu-pofepilu-meh-puwirefa-hiwaponu-haq-qux-qip,meh,,8248.8
58713c5e58ca4c00018ce3ea,5c6460d540c2610001424d3f,81,receiver,author,public,public-author,,author,2831.7
58713c5e58ca4c00018ce3ea,5c6460d540c2610001424d3f,82,sender,window,former,saqotiwe-kuh-lehaqifu-pofepilu-meh-puwirefa-hiwaponu-haq-qux-qip,hiwaponu,,2453.5
58713c5e58ca4c00018ce3ea,5c6460d540c2610001424d3f,83,receiver,budget,player,budget-player,,budget,4682.5
58713c5e58ca4c00018ce3ea,5c6460d540c2610001424d3f,84,sender,ground,budget,saqotiwe-kuh-lehaqifu-pofepilu-meh-puwirefa-hiwaponu-haq-qux-qip,qux,,3433.9
58713c5e58ca4c00018ce3ea,5c6460d540c2610001424d3f,85,receiver,ground,player,player-ground,,ground,2606.2
58713c5e58ca4c00018ce3ea,5c6460d540c2610001424d3f,86,sender,family,former,saqotiwe-kuh-lehaqifu-pofepilu-meh-puwirefa-hiwaponu-haq-qux-qip,puwirefa,,4427.8
58713c5e58ca4c00018ce3ea,5c6460d540c2610001424d3f,87,receiver,budget,author,author-budget,,budget,2667.4
58713c5e58ca4c00018ce3ea,5c6460d540c2610001424d3f,88,sender,handle,player,saqotiwe-kuh-lehaqifu-pofepilu-meh-puwirefa-hiwaponu-haq-qux-qip,haq,,2904.1
58713c5e58ca4c00018ce3ea,5c6460d540c2610001424d3f,89,receiver,former,public,public-former,,former,3048.7
58713c5e58ca4c00018ce3ea,5c6460d540c2610001424d3f,90,sender,handle,author,saqotiwe-kuh-lehaqifu-pofepilu-meh-puwirefa-hiwaponu-haq-qux-qip,haq,,2090.8
58713c5e58ca4c00018ce3ea,5c6460d540c2610001424d3f,91,receiver,budget,public,budget-public,,public,2464.7
58713c5e58ca4c00018ce3ea,5c6460d540c2610001424d3f,92,sender,ground,budget,saqotiwe-kuh-lehaqifu-pofepilu-meh-puwirefa-hiwaponu-haq-qux-qip,qux,,3242.3
58713c5e58ca4c00018ce3ea,5c6460d540c2610001424d3f,93,receiver,family,former,family-former,,family,3486.4
58713c5e58ca4c00018ce3ea,5c6460d540c2610001424d3f,94,sender,ground,budget,saqotiwe-kuh-lehaqifu-pofepilu-meh-puwirefa-hiwaponu-haq-qux-qip,qux,,2569.2
58713c5e58ca4c00018ce3ea,5c6460d540c2610001424d3f,95,receiver,handle,budget,handle-budget,,handle,3419.5
58713c5e58ca4c00018ce3ea,5c6460d540c2610001424d3f,96,sender,ground,budget,saqotiwe-kuh-lehaqifu-pofepilu-meh-puwirefa-hiwaponu-haq-qux-qip,qux,,1872
58713c5e58ca4c00018ce3ea,5c6460d540c2610001424d3f,97,receiver,player,family,player-family,,player,3472.2
58713c5e58ca4c00018ce3ea,5c6460d540c2610001424d3f,98,sender,author,public,saqotiwe-kuh-lehaqifu-pofepilu-meh-puwirefa-hiwaponu-haq-qux-qip,lehaqifu,,2944.6
58713c5e58ca4c00018ce3ea,5c6460d540c2610001424d3f,99,receiver,window,public,public-window,,window,1773.8
58713c5e58ca4c00018ce3ea,5c6460d540c2610001424d3f,100,sender,handle,coffee,saqotiwe-kuh-lehaqifu-pofepilu-meh-puwirefa-hiwaponu-haq-qux-qip,haq,,1993.3
58713c5e58ca4c00018ce3ea,5c6460d540c2610001424d3f,101,receiver,budget,coffee,budget-coffee,,budget,2414.1
58713c5e58ca4c00018ce3ea,5c6460d540c2610001424d3f,102,sender,window,author,saqotiwe-kuh-lehaqifu-pofepilu-meh-puwirefa-hiwaponu-haq-qux-qip,hiwaponu,,2064.4
58713c5e58ca4c00018ce3ea,5c6460d540c2610001424d3f,103,receiver,window,handle,window-handle,,window,2418.5
58713c5e58ca4c00018ce3ea,5c6460d540c2610001424d3f,104,sender,budget,former,saqotiwe-kuh-lehaqifu-pofepilu-meh-puwirefa-hiwaponu-haq-qux-qip,qip,,4408.9
58713c5e58ca4c00018ce3ea,5c6460d540c2610001424d3f,105,receiver,ground,budget,ground-budget,,ground,2534
58713c5e58ca4c00018ce3ea,5c6460d540c2610001424d3f,106,sender,former,public,saqotiwe-kuh-lehaqifu-pofepilu-meh-puwirefa-hiwaponu-haq-qux-qip,meh,,6999.6
58713c5e58ca4c00018ce3ea,5c6460d540c2610001424d3f,107,receiver,ground,budget,ground-budget,,ground,2053
58713c5e58ca4c00018ce3ea,5c6460d540c2610001424d3f,108,sender,ground,player,saqotiwe-kuh-lehaqifu-pofepilu-meh-puwirefa-hiwaponu-haq-qux-qip,qux,,2894.4
58713c5e58ca4c00018ce3ea,5c6460d540c2610001424d3f,109,receiver,ground,author,ground-author,,ground,2153.2
58713c5e58ca4c00018ce3ea,5c6460d540c2610001424d3f,110,sender,coffee,public,saqotiwe-kuh-lehaqifu-pofepilu-meh-puwirefa-hiwaponu-haq-qux-qip,kuh,,1855.2
58713c5e58ca4c00018ce3ea,5c6460d540c2610001424d3f,111,receiver,budget,player,budget-player,,budget,1980.5
58713c5e58ca4c00018ce3ea,5c6460d540c2610001424d3f,112,sender,family,coffee,saqotiwe-kuh-lehaqifu-pofepilu-meh-puwirefa-hiwaponu-haq-qux-qip,puwirefa,,4248.4
58713c5e58ca4c00018ce3ea,5c6460d540c2610001424d3f,113,receiver,window,family,family-window,,window,1925
58713c5e58ca4c00018ce3ea,5c6460d540c2610001424d3f,114,sender,window,author,saqotiwe-kuh-lehaqifu-pofepilu-meh-puwirefa-hiwaponu-haq-qux-qip,hiwaponu,,2745.6
58713c5e58ca4c00018ce3ea,5c6460d540c2610001424d3f,115,receiver,handle,public,public-handle,,handle,2168.6
58713c5e58ca4c00018ce3ea,5c6460d540c2610001424d3f,116,sender,window,former,saqotiwe-kuh-lehaqifu-pofepilu-meh-puwirefa-hiwaponu-haq-qux-qip,hiwaponu,,1519.3
58713c5e58ca4c00018ce3ea,5c6460d540c2610001424d3f,117,receiver,former,public,former-public,,former,3402.6
58713c5e58ca4c00018ce3ea,5c6460d540c2610001424d3f,118,sender,window,coffee,saqotiwe-kuh-lehaqifu-pofepilu-meh-puwirefa-hiwaponu-haq-qux-qip,hiwaponu,,1926.7
58713c5e58ca4c00018ce3ea,5c6460d540c2610001424d3f,119,receiver,coffee,public,coffee-public,,coffee,1790.2
58713c5e58ca4c00018ce3ea,5c6460d540c2610001424d3f,120,sender,player,former,saqotiwe-kuh-lehaqifu-pofepilu-meh-puwirefa-hiwaponu-haq-qux-qip,saqotiwe,,12422.6
58713c5e58ca4c00018ce3ea,5c6460d540c2610001424d3f,121,receiver,coffee,former,coffee-former,,coffee,1734
58713c5e58ca4c00018ce3ea,5c6460d540c2610001424d3f,122,sender,family,coffee,saqotiwe-kuh-lehaqifu-pofepilu-meh-puwirefa-hiwaponu-haq-qux-qip,puwirefa,,2092.4
58713c5e58ca4c00018ce3ea,5c6460d540c2610001424d3f,123,receiver,budget,former,budget-former,,budget,1952.5
58713c5e58ca4c00018ce3ea,5c6460d540c2610001424d3f,124,sender,ground,budget,saqotiwe-kuh-lehaqifu-pofepilu-meh-puwirefa-hiwaponu-haq-qux-qip,qux,,2297.6
58713c5e58ca4c00018ce3ea,5c6460d540c2610001424d3f,125,receiver,author,player,player-author,,author,2297.9
58713c5e58ca4c00018ce3ea,5c6460d540c2610001424d3f,126,sender,window,player,saqotiwe-kuh-lehaqifu-pofepilu-meh-puwirefa-hiwaponu-haq-qux-qip,hiwaponu,,1552.6
58713c5e58ca4c00018ce3ea,5c6460d540c2610001424d3f,127,receiver,handle,family,handle-family,,handle,3675.9
58713c5e58ca4c00018ce3ea,5c6460d540c2610001424d3f,128,sender,family,public,saqotiwe-kuh-lehaqifu-pofepilu-meh-puwirefa-hiwaponu-haq-qux-qip,puwirefa,,2858.8
58713c5e58ca4c00018ce3ea,5c6460d540c2610001424d3f,129,receiver,window,coffee,coffee-window,,window,1415
58713c5e58ca4c00018ce3ea,5c6460d540c2610001424d3f,130,sender,author,player,saqotiwe-kuh-lehaqifu-pofepilu-meh-puwirefa-hiwaponu-haq-qux-qip,lehaqifu,,1622.6
58713c5e58ca4c00018ce3ea,5c6460d540c2610001424d3f,131,receiver,window,handle,handle-window,,window,1541.4
58713c5e58ca4c00018ce3ea,5c6460d540c2610001424d3f,132,sender,family,public,saqotiwe-kuh-lehaqifu-pofepilu-meh-puwirefa-hiwaponu-haq-qux-qip,puwirefa,,2291.4
58713c5e58ca4c00018ce3ea,5c6460d540c2610001424d3f,133,receiver,coffee,former,coffee-former,,coffee,1562.6
58713c5e58ca4c00018ce3ea,5c6460d540c2610001424d3f,134,sender,former,public,saqotiwe-kuh-lehaqifu-pofepilu-meh-puwirefa-hiwaponu-haq-qux-qip,meh,,5666.2
58713c5e58ca4c00018ce3ea,5c6460d540c2610001424d3f,135,receiver,window,family,family-window,,window,1691.8