participant_id, partner_id, trial_index, trial_type, target_meaning, foil_meaning,             choices, signal_selected, meaning_guess, rt
5c6460d540c2610001424d3f,58713c5e58ca4c00018ce3ea,1,sender,window,ground,saqotiwe-kuh-lehaqifu-pofepilu-meh-puwirefa-hiwaponu-haq-qux-qip,hiwaponu,,48780.1
5c6460d540c2610001424d3f,58713c5e58ca4c00018ce3ea,2,receiver,author,player,author-player,,author,8321.6
5c6460d540c2610001424d3f,58713c5e58ca4c00018ce3ea,3,sender,author,player,saqotiwe-kuh-lehaqifu-pofepilu-meh-puwirefa-hiwaponu-haq-qux-qip,puwirefa,,25591.3
5c6460d540c2610001424d3f,58713c5e58ca4c00018ce3ea,4,receiver,player,public,player-public,,public,14495.1
5c6460d540c2610001424d3f,58713c5e58ca4c00018ce3ea,5,sender,window,handle,saqotiwe-kuh-lehaqifu-pofepilu-meh-puwirefa-hiwaponu-haq-qux-qip,hiwaponu,,6230.1
5c6460d540c2610001424d3f,58713c5e58ca4c00018ce3ea,6,receiver,author,former,author-former,,former,3870
5c6460d540c2610001424d3f,58713c5e58ca4c00018ce3ea,7,sender,author,player,saqotiwe-kuh-lehaqifu-pofepilu-meh-puwirefa-hiwaponu-haq-qux-qip,puwirefa,,10096.1
5c6460d540c2610001424d3f,58713c5e58ca4c00018ce3ea,8,receiver,coffee,former,coffee-former,,coffee,3573.3
5c6460d540c2610001424d3f,58713c5e58ca4c00018ce3ea,9,sender,coffee,former,saqotiwe-kuh-lehaqifu-pofepilu-meh-puwirefa-hiwaponu-haq-qux-qip,kuh,,3339.9
5c6460d540c2610001424d3f,58713c5e58ca4c00018ce3ea,10,receiver,author,player,author-player,,author,3304.8
5c6460d540c2610001424d3f,58713c5e58ca4c00018ce3ea,11,sender,handle,public,saqotiwe-kuh-lehaqifu-pofepilu-meh-puwirefa-hiwaponu-haq-qux-qip,haq,,7935.3
5c6460d540c2610001424d3f,58713c5e58ca4c00018ce3ea,12,receiver,coffee,public,public-coffee,,coffee,1936
5c6460d540c2610001424d3f,58713c5e58ca4c00018ce3ea,13,sender,family,coffee,saqotiwe-kuh-lehaqifu-pofepilu-meh-puwirefa-hiwaponu-haq-qux-qip,pofepilu,,6595.4
5c6460d540c2610001424d3f,58713c5e58ca4c00018ce3ea,14,receiver,window,public,public-window,,window,2655.7
5c6460d540c2610001424d3f,58713c5e58ca4c00018ce3ea,15,sender,family,coffee,saqotiwe-kuh-lehaqifu-pofepilu-meh-puwirefa-hiwaponu-haq-qux-qip,pofepilu,,4707
5c6460d540c2610001424d3f,58713c5e58ca4c00018ce3ea,16,receiver,author,former,former-author,,author,5251.1
5c6460d540c2610001424d3f,58713c5e58ca4c00018ce3ea,17,sender,author,family,saqotiwe-kuh-lehaqifu-pofepilu-meh-puwirefa-hiwaponu-haq-qux-qip,lehaqifu,,2268.3
5c6460d540c2610001424d3f,58713c5e58ca4c00018ce3ea,18,receiver,family,former,family-former,,former,3219.6
5c6460d540c2610001424d3f,58713c5e58ca4c00018ce3ea,19,sender,family,public,saqotiwe-kuh-lehaqifu-pofepilu-meh-puwirefa-hiwaponu-haq-qux-qip,pofepilu,,2322.8
5c6460d540c2610001424d3f,58713c5e58ca4c00018ce3ea,20,receiver,budget,coffee,budget-coffee,,budget,2172.8
5c6460d540c2610001424d3f,58713c5e58ca4c00018ce3ea,21,sender,player,coffee,saqotiwe-kuh-lehaqifu-pofepilu-meh-puwirefa-hiwaponu-haq-qux-qip,saqotiwe,,6304.6
5c6460d540c2610001424d3f,58713c5e58ca4c00018ce3ea,22,receiver,author,player,player-author,,author,1820.4
5c6460d540c2610001424d3f,58713c5e58ca4c00018ce3ea,23,sender,window,handle,saqotiwe-kuh-lehaqifu-pofepilu-meh-puwirefa-hiwaponu-haq-qux-qip,hiwaponu,,2712.2
5c6460d540c2610001424d3f,58713c5e58ca4c00018ce3ea,24,receiver,ground,former,ground-former,,ground,2967.9
5c6460d540c2610001424d3f,58713c5e58ca4c00018ce3ea,25,sender,author,player,saqotiwe-kuh-lehaqifu-pofepilu-meh-puwirefa-hiwaponu-haq-qux-qip,pofepilu,,5969.1
5c6460d540c2610001424d3f,58713c5e58ca4c00018ce3ea,26,receiver,window,player,window-player,,window,2022.8
5c6460d540c2610001424d3f,58713c5e58ca4c00018ce3ea,27,sender,window,budget,saqotiwe-kuh-lehaqifu-pofepilu-meh-puwirefa-hiwaponu-haq-qux-qip,hiwaponu,,3645.8
5c6460d540c2610001424d3f,58713c5e58ca4c00018ce3ea,28,receiver,window,handle,window-handle,,window,1231.3
5c6460d540c2610001424d3f,58713c5e58ca4c00018ce3ea,29,sender,window,budget,saqotiwe-kuh-lehaqifu-pofepilu-meh-puwirefa-hiwaponu-haq-qux-qip,hiwaponu,,2450.7
5c6460d540c2610001424d3f,58713c5e58ca4c00018ce3ea,30,receiver,player,coffee,coffee-player,,coffee,1180.7
5c6460d540c2610001424d3f,58713c5e58ca4c00018ce3ea,31,sender,player,public,saqotiwe-kuh-lehaqifu-pofepilu-meh-puwirefa-hiwaponu-haq-qux-qip,saqotiwe,,4483.3
5c6460d540c2610001424d3f,58713c5e58ca4c00018ce3ea,32,receiver,coffee,public,public-coffee,,coffee,1611.3
5c6460d540c2610001424d3f,58713c5e58ca4c00018ce3ea,33,sender,ground,budget,saqotiwe-kuh-lehaqifu-pofepilu-meh-puwirefa-hiwaponu-haq-qux-qip,qux,,3833.5
5c6460d540c2610001424d3f,58713c5e58ca4c00018ce3ea,34,receiver,author,coffee,coffee-author,,author,6757
5c6460d540c2610001424d3f,58713c5e58ca4c00018ce3ea,35,sender,family,public,saqotiwe-kuh-lehaqifu-pofepilu-meh-puwirefa-hiwaponu-haq-qux-qip,lehaqifu,,11128.9
5c6460d540c2610001424d3f,58713c5e58ca4c00018ce3ea,36,receiver,author,player,author-player,,author,4136.9
5c6460d540c2610001424d3f,58713c5e58ca4c00018ce3ea,37,sender,coffee,public,saqotiwe-kuh-lehaqifu-pofepilu-meh-puwirefa-hiwaponu-haq-qux-qip,kuh,,4241.8
5c6460d540c2610001424d3f,58713c5e58ca4c00018ce3ea,38,receiver,ground,public,public-ground,,ground,1769.1
5c6460d540c2610001424d3f,58713c5e58ca4c00018ce3ea,39,sender,family,former,saqotiwe-kuh-lehaqifu-pofepilu-meh-puwirefa-hiwaponu-haq-qux-qip,puwirefa,,6363.5
5c6460d540c2610001424d3f,58713c5e58ca4c00018ce3ea,40,receiver,player,former,player-former,,player,3024.9
5c6460d540c2610001424d3f,58713c5e58ca4c00018ce3ea,41,sender,ground,coffee,saqotiwe-kuh-lehaqifu-pofepilu-meh-puwirefa-hiwaponu-haq-qux-qip,qux,,1700
5c6460d540c2610001424d3f,58713c5e58ca4c00018ce3ea,42,receiver,ground,public,public-ground,,ground,1427.4
5c6460d540c2610001424d3f,58713c5e58ca4c00018ce3ea,43,sender,window,handle,saqotiwe-kuh-lehaqifu-pofepilu-meh-puwirefa-hiwaponu-haq-qux-qip,hiwaponu,,1477
5c6460d540c2610001424d3f,58713c5e58ca4c00018ce3ea,44,receiver,family,coffee,coffee-family,,family,1977.8
5c6460d540c2610001424d3f,58713c5e58ca4c00018ce3ea,45,sender,handle,former,saqotiwe-kuh-lehaqifu-pofepilu-meh-puwirefa-hiwaponu-haq-qux-qip,haq,,2827.1
5c6460d540c2610001424d3f,58713c5e58ca4c00018ce3ea,46,receiver,window,ground,window-ground,,window,2137
5c6460d540c2610001424d3f,58713c5e58ca4c00018ce3ea,47,sender,coffee,former,saqotiwe-kuh-lehaqifu-pofepilu-meh-puwirefa-hiwaponu-haq-qux-qip,kuh,,2872.2
5c6460d540c2610001424d3f,58713c5e58ca4c00018ce3ea,48,receiver,author,player,author-player,,author,5164.6
5c6460d540c2610001424d3f,58713c5e58ca4c00018ce3ea,49,sender,budget,family,saqotiwe-kuh-lehaqifu-pofepilu-meh-puwirefa-hiwaponu-haq-qux-qip,qip,,9870.7
5c6460d540c2610001424d3f,58713c5e58ca4c00018ce3ea,50,receiver,window,handle,window-handle,,window,1430.9
5c6460d540c2610001424d3f,58713c5e58ca4c00018ce3ea,51,sender,author,player,saqotiwe-kuh-lehaqifu-pofepilu-meh-puwirefa-hiwaponu-haq-qux-qip,lehaqifu,,4503.3
5c6460d540c2610001424d3f,58713c5e58ca4c00018ce3ea,52,receiver,handle,family,family-handle,,handle,1706.3
5c6460d540c2610001424d3f,58713c5e58ca4c00018ce3ea,53,sender,handle,ground,saqotiwe-kuh-lehaqifu-pofepilu-meh-puwirefa-hiwaponu-haq-qux-qip,qip,,2672.6
5c6460d540c2610001424d3f,58713c5e58ca4c00018ce3ea,54,receiver,author,coffee,author-coffee,,author,2784.2
5c6460d540c2610001424d3f,58713c5e58ca4c00018ce3ea,55,sender,ground,author,saqotiwe-kuh-lehaqifu-pofepilu-meh-puwirefa-hiwaponu-haq-qux-qip,qux,,2038.3
5c6460d540c2610001424d3f,58713c5e58ca4c00018ce3ea,56,receiver,budget,family,family-budget,,budget,2178.7
5c6460d540c2610001424d3f,58713c5e58ca4c00018ce3ea,57,sender,family,former,saqotiwe-kuh-lehaqifu-pofepilu-meh-puwirefa-hiwaponu-haq-qux-qip,puwirefa,,5606.9
5c6460d540c2610001424d3f,58713c5e58ca4c00018ce3ea,58,receiver,ground,coffee,coffee-ground,,ground,1150.6
5c6460d540c2610001424d3f,58713c5e58ca4c00018ce3ea,59,sender,handle,ground,saqotiwe-kuh-lehaqifu-pofepilu-meh-puwirefa-hiwaponu-haq-qux-qip,haq,,2477
5c6460d540c2610001424d3f,58713c5e58ca4c00018ce3ea,60,receiver,window,handle,window-handle,,window,2099.5
5c6460d540c2610001424d3f,58713c5e58ca4c00018ce3ea,61,sender,ground,budget,saqotiwe-kuh-lehaqifu-pofepilu-meh-puwirefa-hiwaponu-haq-qux-qip,qux,,1451
5c6460d540c2610001424d3f,58713c5e58ca4c00018ce3ea,62,receiver,window,handle,window-handle,,window,1086.8
5c6460d540c2610001424d3f,58713c5e58ca4c00018ce3ea,63,sender,handle,budget,saqotiwe-kuh-lehaqifu-pofepilu-meh-puwirefa-hiwaponu-haq-qux-qip,haq,,2363.2
5c6460d540c2610001424d3f,58713c5e58ca4c00018ce3ea,64,receiver,handle,player,player-handle,,handle,1238
5c6460d540c2610001424d3f,58713c5e58ca4c00018ce3ea,65,sender,window,handle,saqotiwe-kuh-lehaqifu-pofepilu-meh-puwirefa-hiwaponu-haq-qux-qip,hiwaponu,,1921.3
5c6460d540c2610001424d3f,58713c5e58ca4c00018ce3ea,66,receiver,ground,family,family-ground,,family,3514.1
5c6460d540c2610001424d3f,58713c5e58ca4c00018ce3ea,67,sender,window,handle,saqotiwe-kuh-lehaqifu-pofepilu-meh-puwirefa-hiwaponu-haq-qux-qip,hiwaponu,,1492.4
5c6460d540c2610001424d3f,58713c5e58ca4c00018ce3ea,68,receiver,ground,budget,ground-budget,,budget,14450.9
5c6460d540c2610001424d3f,58713c5e58ca4c00018ce3ea,69,sender,ground,budget,saqotiwe-kuh-lehaqifu-pofepilu-meh-puwirefa-hiwaponu-haq-qux-qip,qux,,4263.1
5c6460d540c2610001424d3f,58713c5e58ca4c00018ce3ea,70,receiver,handle,author,author-handle,,handle,2320.9
5c6460d540c2610001424d3f,58713c5e58ca4c00018ce3ea,71,sender,budget,author,saqotiwe-kuh-lehaqifu-pofepilu-meh-puwirefa-hiwaponu-haq-qux-qip,qip,,8547.1
5c6460d540c2610001424d3f,58713c5e58ca4c00018ce3ea,72,receiver,handle,coffee,handle-coffee,,handle,4638.5
5c6460d540c2610001424d3f,58713c5e58ca4c00018ce3ea,73,sender,ground,family,saqotiwe-kuh-lehaqifu-pofepilu-meh-puwirefa-hiwaponu-haq-qux-qip,qux,,15343.7
5c6460d540c2610001424d3f,58713c5e58ca4c00018ce3ea,74,receiver,author,family,family-author,,author,8787.3
5c6460d540c2610001424d3f,58713c5e58ca4c00018ce3ea,75,sender,family,public,saqotiwe-kuh-lehaqifu-pofepilu-meh-puwirefa-hiwaponu-haq-qux-qip,lehaqifu,,12437.4
5c6460d540c2610001424d3f,58713c5e58ca4c00018ce3ea,76,receiver,handle,former,handle-former,,handle,2498.5
5c6460d540c2610001424d3f,58713c5e58ca4c00018ce3ea,77,sender,budget,public,saqotiwe-kuh-lehaqifu-pofepilu-meh-puwirefa-hiwaponu-haq-qux-qip,qip,,3949.8
5c6460d540c2610001424d3f,58713c5e58ca4c00018ce3ea,78,receiver,ground,former,former-ground,,ground,11641.9
5c6460d540c2610001424d3f,58713c5e58ca4c00018ce3ea,79,sender,player,family,saqotiwe-kuh-lehaqifu-pofepilu-meh-puwirefa-hiwaponu-haq-qux-qip,saqotiwe,,12904.6
5c6460d540c2610001424d3f,58713c5e58ca4c00018ce3ea,80,receiver,former,public,former-public,,former,12986.7
5c6460d540c2610001424d3f,58713c5e58ca4c00018ce3ea,81,sender,author,public,saqotiwe-kuh-lehaqifu-pofepilu-meh-puwirefa-hiwaponu-haq-qux-qip,lehaqifu,,15940.5
5c6460d540c2610001424d3f,58713c5e58ca4c00018ce3ea,82,receiver,window,former,former-window,,window,7982.6
5c6460d540c2610001424d3f,58713c5e58ca4c00018ce3ea,83,sender,budget,player,saqotiwe-kuh-lehaqifu-pofepilu-meh-puwirefa-hiwaponu-haq-qux-qip,qip,,14951
5c6460d540c2610001424d3f,58713c5e58ca4c00018ce3ea,84,receiver,ground,budget,budget-ground,,ground,15001.7
5c6460d540c2610001424d3f,58713c5e58ca4c00018ce3ea,85,sender,ground,player,saqotiwe-kuh-lehaqifu-pofepilu-meh-puwirefa-hiwaponu-haq-qux-qip,qux,,2069.3
5c6460d540c2610001424d3f,58713c5e58ca4c00018ce3ea,86,receiver,family,former,former-family,,family,2654.2
5c6460d540c2610001424d3f,58713c5e58ca4c00018ce3ea,87,sender,budget,author,saqotiwe-kuh-lehaqifu-pofepilu-meh-puwirefa-hiwaponu-haq-qux-qip,qip,,2655.2
5c6460d540c2610001424d3f,58713c5e58ca4c00018ce3ea,88,receiver,handle,player,player-handle,,handle,9062.7
5c6460d540c2610001424d3f,58713c5e58ca4c00018ce3ea,89,sender,former,public,saqotiwe-kuh-lehaqifu-pofepilu-meh-puwirefa-hiwaponu-haq-qux-qip,meh,,3859.7
5c6460d540c2610001424d3f,58713c5e58ca4c00018ce3ea,90,receiver,handle,author,handle-author,,handle,9937.5
5c6460d540c2610001424d3f,58713c5e58ca4c00018ce3ea,91,sender,budget,public,saqotiwe-kuh-lehaqifu-pofepilu-meh-puwirefa-hiwaponu-haq-qux-qip,qip,,3327.3
5c6460d540c2610001424d3f,58713c5e58ca4c00018ce3ea,92,receiver,ground,budget,budget-ground,,ground,6778.9
5c6460d540c2610001424d3f,58713c5e58ca4c00018ce3ea,93,sender,family,former,saqotiwe-kuh-lehaqifu-pofepilu-meh-puwirefa-hiwaponu-haq-qux-qip,puwirefa,,4619.8
5c6460d540c2610001424d3f,58713c5e58ca4c00018ce3ea,94,receiver,ground,budget,budget-ground,,ground,10394.4
5c6460d540c2610001424d3f,58713c5e58ca4c00018ce3ea,95,sender,handle,budget,saqotiwe-kuh-lehaqifu-pofepilu-meh-puwirefa-hiwaponu-haq-qux-qip,haq,,6224.3
5c6460d540c2610001424d3f,58713c5e58ca4c00018ce3ea,96,receiver,ground,budget,ground-budget,,ground,3988.8
5c6460d540c2610001424d3f,58713c5e58ca4c00018ce3ea,97,sender,player,family,saqotiwe-kuh-lehaqifu-pofepilu-meh-puwirefa-hiwaponu-haq-qux-qip,saqotiwe,,4627.8
5c6460d540c2610001424d3f,58713c5e58ca4c00018ce3ea,98,receiver,author,public,author-public,,author,6943.7
5c6460d540c2610001424d3f,58713c5e58ca4c00018ce3ea,99,sender,window,public,saqotiwe-kuh-lehaqifu-pofepilu-meh-puwirefa-hiwaponu-haq-qux-qip,hiwaponu,,3647.2
5c6460d540c2610001424d3f,58713c5e58ca4c00018ce3ea,100,receiver,handle,coffee,handle-coffee,,handle,5478.5
5c6460d540c2610001424d3f,58713c5e58ca4c00018ce3ea,101,sender,budget,coffee,saqotiwe-kuh-lehaqifu-pofepilu-meh-puwirefa-hiwaponu-haq-qux-qip,qip,,11827.7
5c6460d540c2610001424d3f,58713c5e58ca4c00018ce3ea,102,receiver,window,author,author-window,,window,7509.2
5c6460d540c2610001424d3f,58713c5e58ca4c00018ce3ea,103,sender,window,handle,saqotiwe-kuh-lehaqifu-pofepilu-meh-puwirefa-hiwaponu-haq-qux-qip,hiwaponu,,4646.3
5c6460d540c2610001424d3f,58713c5e58ca4c00018ce3ea,104,receiver,budget,former,budget-former,,budget,4131.7
5c6460d540c2610001424d3f,58713c5e58ca4c00018ce3ea,105,sender,ground,budget,saqotiwe-kuh-lehaqifu-pofepilu-meh-puwirefa-hiwaponu-haq-qux-qip,qux,,4333.5
5c6460d540c2610001424d3f,58713c5e58ca4c00018ce3ea,106,receiver,former,public,public-former,,former,8454.4
5c6460d540c2610001424d3f,58713c5e58ca4c00018ce3ea,107,sender,ground,budget,saqotiwe-kuh-lehaqifu-pofepilu-meh-puwirefa-hiwaponu-haq-qux-qip,qux,,2002.3
5c6460d540c2610001424d3f,58713c5e58ca4c00018ce3ea,108,receiver,ground,player,ground-player,,ground,4103.3
5c6460d540c2610001424d3f,58713c5e58ca4c00018ce3ea,109,sender,ground,author,saqotiwe-kuh-lehaqifu-pofepilu-meh-puwirefa-hiwaponu-haq-qux-qip,qux,,3549.6
5c6460d540c2610001424d3f,58713c5e58ca4c00018ce3ea,110,receiver,coffee,public,coffee-public,,coffee,4213.8
5c6460d540c2610001424d3f,58713c5e58ca4c00018ce3ea,111,sender,budget,player,saqotiwe-kuh-lehaqifu-pofepilu-meh-puwirefa-hiwaponu-haq-qux-qip,qip,,2748.7
5c6460d540c2610001424d3f,58713c5e58ca4c00018ce3ea,112,receiver,family,coffee,coffee-family,,family,2171.7
5c6460d540c2610001424d3f,58713c5e58ca4c00018ce3ea,113,sender,window,family,saqotiwe-kuh-lehaqifu-pofepilu-meh-puwirefa-hiwaponu-haq-qux-qip,hiwaponu,,9800
5c6460d540c2610001424d3f,58713c5e58ca4c00018ce3ea,114,receiver,window,author,author-window,,window,2793.1
5c6460d540c2610001424d3f,58713c5e58ca4c00018ce3ea,115,sender,handle,public,saqotiwe-kuh-lehaqifu-pofepilu-meh-puwirefa-hiwaponu-haq-qux-qip,haq,,3817.9
5c6460d540c2610001424d3f,58713c5e58ca4c00018ce3ea,116,receiver,window,former,window-former,,window,3763.1
5c6460d540c2610001424d3f,58713c5e58ca4c00018ce3ea,117,sender,former,public,saqotiwe-kuh-lehaqifu-pofepilu-meh-puwirefa-hiwaponu-haq-qux-qip,meh,,14407.4
5c6460d540c2610001424d3f,58713c5e58ca4c00018ce3ea,118,receiver,window,coffee,coffee-window,,window,6176.8
5c6460d540c2610001424d3f,58713c5e58ca4c00018ce3ea,119,sender,coffee,public,saqotiwe-kuh-lehaqifu-pofepilu-meh-puwirefa-hiwaponu-haq-qux-qip,kuh,,7936.8
5c6460d540c2610001424d3f,58713c5e58ca4c00018ce3ea,120,receiver,player,former,player-former,,player,2737.3
5c6460d540c2610001424d3f,58713c5e58ca4c00018ce3ea,121,sender,coffee,former,saqotiwe-kuh-lehaqifu-pofepilu-meh-puwirefa-hiwaponu-haq-qux-qip,kuh,,1639.2
5c6460d540c2610001424d3f,58713c5e58ca4c00018ce3ea,122,receiver,family,coffee,coffee-family,,family,10554.1
5c6460d540c2610001424d3f,58713c5e58ca4c00018ce3ea,123,sender,budget,former,saqotiwe-kuh-lehaqifu-pofepilu-meh-puwirefa-hiwaponu-haq-qux-qip,qip,,2251.9
5c6460d540c2610001424d3f,58713c5e58ca4c00018ce3ea,124,receiver,ground,budget,ground-budget,,ground,2259.8
5c6460d540c2610001424d3f,58713c5e58ca4c00018ce3ea,125,sender,author,player,saqotiwe-kuh-lehaqifu-pofepilu-meh-puwirefa-hiwaponu-haq-qux-qip,lehaqifu,,4488
5c6460d540c2610001424d3f,58713c5e58ca4c00018ce3ea,126,receiver,window,player,player-window,,window,9450.5
5c6460d540c2610001424d3f,58713c5e58ca4c00018ce3ea,127,sender,handle,family,saqotiwe-kuh-lehaqifu-pofepilu-meh-puwirefa-hiwaponu-haq-qux-qip,haq,,3320.4
5c6460d540c2610001424d3f,58713c5e58ca4c00018ce3ea,128,receiver,family,public,public-family,,family,2950.5
5c6460d540c2610001424d3f,58713c5e58ca4c00018ce3ea,129,sender,window,coffee,saqotiwe-kuh-lehaqifu-pofepilu-meh-puwirefa-hiwaponu-haq-qux-qip,hiwaponu,,1460.5
5c6460d540c2610001424d3f,58713c5e58ca4c00018ce3ea,130,receiver,author,player,player-author,,author,7699.9
5c6460d540c2610001424d3f,58713c5e58ca4c00018ce3ea,131,sender,window,handle,saqotiwe-kuh-lehaqifu-pofepilu-meh-puwirefa-hiwaponu-haq-qux-qip,hiwaponu,,1824.6
5c6460d540c2610001424d3f,58713c5e58ca4c00018ce3ea,132,receiver,family,public,public-family,,family,2230
5c6460d540c2610001424d3f,58713c5e58ca4c00018ce3ea,133,sender,coffee,former,saqotiwe-kuh-lehaqifu-pofepilu-meh-puwirefa-hiwaponu-haq-qux-qip,kuh,,2295.2
5c6460d540c2610001424d3f,58713c5e58ca4c00018ce3ea,134,receiver,former,public,public-former,,former,9129.3
5c6460d540c2610001424d3f,58713c5e58ca4c00018ce3ea,135,sender,window,family,saqotiwe-kuh-lehaqifu-pofepilu-meh-puwirefa-hiwaponu-haq-qux-qip,hiwaponu,,2490.5