participant_id, partner_id, trial_index, trial_type, target_meaning, foil_meaning,             choices, signal_selected, meaning_guess, rt
60377564edd48263e3130a88,606451b5aab2ec4afaae10f4,1,sender,budget,system,hiwaponu-wuk-peh-nidaweli-puwirefa-zah-ralonefi-haq-pofepilu-tih,zah,,14573
60377564edd48263e3130a88,606451b5aab2ec4afaae10f4,2,receiver,change,public,change-public,,public,3044.2
60377564edd48263e3130a88,606451b5aab2ec4afaae10f4,3,sender,course,public,hiwaponu-wuk-peh-nidaweli-puwirefa-zah-ralonefi-haq-pofepilu-tih,wuk,,4088.5
60377564edd48263e3130a88,606451b5aab2ec4afaae10f4,4,receiver,player,author,author-player,,player,2713.7
60377564edd48263e3130a88,606451b5aab2ec4afaae10f4,5,sender,future,former,hiwaponu-wuk-peh-nidaweli-puwirefa-zah-ralonefi-haq-pofepilu-tih,puwirefa,,11863.1
60377564edd48263e3130a88,606451b5aab2ec4afaae10f4,6,receiver,future,second,second-future,,second,11104.8
60377564edd48263e3130a88,606451b5aab2ec4afaae10f4,7,sender,course,budget,hiwaponu-wuk-peh-nidaweli-puwirefa-zah-ralonefi-haq-pofepilu-tih,wuk,,1748.9
60377564edd48263e3130a88,606451b5aab2ec4afaae10f4,8,receiver,former,system,former-system,,system,3887.1
60377564edd48263e3130a88,606451b5aab2ec4afaae10f4,9,sender,future,budget,hiwaponu-wuk-peh-nidaweli-puwirefa-zah-ralonefi-haq-pofepilu-tih,peh,,12718.6
60377564edd48263e3130a88,606451b5aab2ec4afaae10f4,10,receiver,player,change,change-player,,player,1696.1
60377564edd48263e3130a88,606451b5aab2ec4afaae10f4,11,sender,player,second,hiwaponu-wuk-peh-nidaweli-puwirefa-zah-ralonefi-haq-pofepilu-tih,puwirefa,,7202.8
60377564edd48263e3130a88,606451b5aab2ec4afaae10f4,12,receiver,course,system,system-course,,course,3012.3
60377564edd48263e3130a88,606451b5aab2ec4afaae10f4,13,sender,future,course,hiwaponu-wuk-peh-nidaweli-puwirefa-zah-ralonefi-haq-pofepilu-tih,hiwaponu,,4538.1
60377564edd48263e3130a88,606451b5aab2ec4afaae10f4,14,receiver,course,player,player-course,,course,3231.8
60377564edd48263e3130a88,606451b5aab2ec4afaae10f4,15,sender,player,system,hiwaponu-wuk-peh-nidaweli-puwirefa-zah-ralonefi-haq-pofepilu-tih,puwirefa,,3114.8
60377564edd48263e3130a88,606451b5aab2ec4afaae10f4,16,receiver,course,author,course-author,,author,12849.8
60377564edd48263e3130a88,606451b5aab2ec4afaae10f4,17,sender,budget,change,hiwaponu-wuk-peh-nidaweli-puwirefa-zah-ralonefi-haq-pofepilu-tih,peh,,8367.5
60377564edd48263e3130a88,606451b5aab2ec4afaae10f4,18,receiver,player,second,second-player,,player,1561.3
60377564edd48263e3130a88,606451b5aab2ec4afaae10f4,19,sender,second,change,hiwaponu-wuk-peh-nidaweli-puwirefa-zah-ralonefi-haq-pofepilu-tih,zah,,11153.1
60377564edd48263e3130a88,606451b5aab2ec4afaae10f4,20,receiver,future,second,future-second,,future,2642.2
60377564edd48263e3130a88,606451b5aab2ec4afaae10f4,21,sender,player,public,hiwaponu-wuk-peh-nidaweli-puwirefa-zah-ralonefi-haq-pofepilu-tih,puwirefa,,4099.5
60377564edd48263e3130a88,606451b5aab2ec4afaae10f4,22,receiver,second,former,second-former,,former,2800
60377564edd48263e3130a88,606451b5aab2ec4afaae10f4,23,sender,budget,public,hiwaponu-wuk-peh-nidaweli-puwirefa-zah-ralonefi-haq-pofepilu-tih,peh,,10166.2
60377564edd48263e3130a88,606451b5aab2ec4afaae10f4,24,receiver,budget,player,budget-player,,player,4186
60377564edd48263e3130a88,606451b5aab2ec4afaae10f4,25,sender,budget,system,hiwaponu-wuk-peh-nidaweli-puwirefa-zah-ralonefi-haq-pofepilu-tih,peh,,1609.5
60377564edd48263e3130a88,606451b5aab2ec4afaae10f4,26,receiver,second,system,second-system,,system,3903.7
60377564edd48263e3130a88,606451b5aab2ec4afaae10f4,27,sender,course,player,hiwaponu-wuk-peh-nidaweli-puwirefa-zah-ralonefi-haq-pofepilu-tih,wuk,,1511.3
60377564edd48263e3130a88,606451b5aab2ec4afaae10f4,28,receiver,future,system,system-future,,future,8526
60377564edd48263e3130a88,606451b5aab2ec4afaae10f4,29,sender,public,system,hiwaponu-wuk-peh-nidaweli-puwirefa-zah-ralonefi-haq-pofepilu-tih,pofepilu,,4555
60377564edd48263e3130a88,606451b5aab2ec4afaae10f4,30,receiver,future,course,future-course,,course,2852
60377564edd48263e3130a88,606451b5aab2ec4afaae10f4,31,sender,future,budget,hiwaponu-wuk-peh-nidaweli-puwirefa-zah-ralonefi-haq-pofepilu-tih,peh,,7568.9
60377564edd48263e3130a88,606451b5aab2ec4afaae10f4,32,receiver,future,system,future-system,,future,2421.6
60377564edd48263e3130a88,606451b5aab2ec4afaae10f4,33,sender,change,public,hiwaponu-wuk-peh-nidaweli-puwirefa-zah-ralonefi-haq-pofepilu-tih,pofepilu,,10346.5
60377564edd48263e3130a88,606451b5aab2ec4afaae10f4,34,receiver,second,public,second-public,,public,1627.2
60377564edd48263e3130a88,606451b5aab2ec4afaae10f4,35,sender,course,author,hiwaponu-wuk-peh-nidaweli-puwirefa-zah-ralonefi-haq-pofepilu-tih,wuk,,2277
60377564edd48263e3130a88,606451b5aab2ec4afaae10f4,36,receiver,budget,system,budget-system,,budget,1887.7
60377564edd48263e3130a88,606451b5aab2ec4afaae10f4,37,sender,former,author,hiwaponu-wuk-peh-nidaweli-puwirefa-zah-ralonefi-haq-pofepilu-tih,ralonefi,,10019.3
60377564edd48263e3130a88,606451b5aab2ec4afaae10f4,38,receiver,second,former,former-second,,former,2685.8
60377564edd48263e3130a88,606451b5aab2ec4afaae10f4,39,sender,change,author,hiwaponu-wuk-peh-nidaweli-puwirefa-zah-ralonefi-haq-pofepilu-tih,ralonefi,,3303
60377564edd48263e3130a88,606451b5aab2ec4afaae10f4,40,receiver,future,change,future-change,,change,1838.5
60377564edd48263e3130a88,606451b5aab2ec4afaae10f4,41,sender,future,course,hiwaponu-wuk-peh-nidaweli-puwirefa-zah-ralonefi-haq-pofepilu-tih,zah,,3184.8
60377564edd48263e3130a88,606451b5aab2ec4afaae10f4,42,receiver,second,public,second-public,,second,13095.2
60377564edd48263e3130a88,606451b5aab2ec4afaae10f4,43,sender,second,author,hiwaponu-wuk-peh-nidaweli-puwirefa-zah-ralonefi-haq-pofepilu-tih,peh,,2525.6
60377564edd48263e3130a88,606451b5aab2ec4afaae10f4,44,receiver,budget,author,author-budget,,budget,15074.4
60377564edd48263e3130a88,606451b5aab2ec4afaae10f4,45,sender,player,former,hiwaponu-wuk-peh-nidaweli-puwirefa-zah-ralonefi-haq-pofepilu-tih,puwirefa,,4222
60377564edd48263e3130a88,606451b5aab2ec4afaae10f4,46,receiver,player,former,former-player,,player,2025.5
60377564edd48263e3130a88,606451b5aab2ec4afaae10f4,47,sender,course,budget,hiwaponu-wuk-peh-nidaweli-puwirefa-zah-ralonefi-haq-pofepilu-tih,wuk,,1545.4
60377564edd48263e3130a88,606451b5aab2ec4afaae10f4,48,receiver,course,author,author-course,,course,1787.8
60377564edd48263e3130a88,606451b5aab2ec4afaae10f4,49,sender,change,former,hiwaponu-wuk-peh-nidaweli-puwirefa-zah-ralonefi-haq-pofepilu-tih,peh,,2351.4
60377564edd48263e3130a88,606451b5aab2ec4afaae10f4,50,receiver,player,change,player-change,,change,1312.4
60377564edd48263e3130a88,606451b5aab2ec4afaae10f4,51,sender,change,author,hiwaponu-wuk-peh-nidaweli-puwirefa-zah-ralonefi-haq-pofepilu-tih,peh,,3362.6
60377564edd48263e3130a88,606451b5aab2ec4afaae10f4,52,receiver,change,system,system-change,,system,2740.4
60377564edd48263e3130a88,606451b5aab2ec4afaae10f4,53,sender,public,author,hiwaponu-wuk-peh-nidaweli-puwirefa-zah-ralonefi-haq-pofepilu-tih,pofepilu,,2866.6
60377564edd48263e3130a88,606451b5aab2ec4afaae10f4,54,receiver,former,system,former-system,,system,3113.4
60377564edd48263e3130a88,606451b5aab2ec4afaae10f4,55,sender,course,former,hiwaponu-wuk-peh-nidaweli-puwirefa-zah-ralonefi-haq-pofepilu-tih,wuk,,1826.7
60377564edd48263e3130a88,606451b5aab2ec4afaae10f4,56,receiver,second,author,second-author,,author,2632
60377564edd48263e3130a88,606451b5aab2ec4afaae10f4,57,sender,future,author,hiwaponu-wuk-peh-nidaweli-puwirefa-zah-ralonefi-haq-pofepilu-tih,ralonefi,,3734.2
60377564edd48263e3130a88,606451b5aab2ec4afaae10f4,58,receiver,future,former,former-future,,former,2635.9
60377564edd48263e3130a88,606451b5aab2ec4afaae10f4,59,sender,future,public,hiwaponu-wuk-peh-nidaweli-puwirefa-zah-ralonefi-haq-pofepilu-tih,ralonefi,,2388.9
60377564edd48263e3130a88,606451b5aab2ec4afaae10f4,60,receiver,future,public,public-future,,future,1663.5
60377564edd48263e3130a88,606451b5aab2ec4afaae10f4,61,sender,player,system,hiwaponu-wuk-peh-nidaweli-puwirefa-zah-ralonefi-haq-pofepilu-tih,puwirefa,,5356.3
60377564edd48263e3130a88,606451b5aab2ec4afaae10f4,62,receiver,budget,former,budget-former,,budget,1373.4
60377564edd48263e3130a88,606451b5aab2ec4afaae10f4,63,sender,budget,author,hiwaponu-wuk-peh-nidaweli-puwirefa-zah-ralonefi-haq-pofepilu-tih,peh,,1388.4
60377564edd48263e3130a88,606451b5aab2ec4afaae10f4,64,receiver,change,system,change-system,,system,2638.7
60377564edd48263e3130a88,606451b5aab2ec4afaae10f4,65,sender,author,system,hiwaponu-wuk-peh-nidaweli-puwirefa-zah-ralonefi-haq-pofepilu-tih,tih,,6228.2
60377564edd48263e3130a88,606451b5aab2ec4afaae10f4,66,receiver,public,author,author-public,,author,2122.6
60377564edd48263e3130a88,606451b5aab2ec4afaae10f4,67,sender,former,public,hiwaponu-wuk-peh-nidaweli-puwirefa-zah-ralonefi-haq-pofepilu-tih,puwirefa,,4761.1
60377564edd48263e3130a88,606451b5aab2ec4afaae10f4,68,receiver,player,system,system-player,,player,3699.8
60377564edd48263e3130a88,606451b5aab2ec4afaae10f4,69,sender,course,second,hiwaponu-wuk-peh-nidaweli-puwirefa-zah-ralonefi-haq-pofepilu-tih,wuk,,7159.9
60377564edd48263e3130a88,606451b5aab2ec4afaae10f4,70,receiver,former,system,former-system,,system,3882.6
60377564edd48263e3130a88,606451b5aab2ec4afaae10f4,71,sender,future,player,hiwaponu-wuk-peh-nidaweli-puwirefa-zah-ralonefi-haq-pofepilu-tih,ralonefi,,3511
60377564edd48263e3130a88,606451b5aab2ec4afaae10f4,72,receiver,second,system,system-second,,system,2216.9
60377564edd48263e3130a88,606451b5aab2ec4afaae10f4,73,sender,budget,second,hiwaponu-wuk-peh-nidaweli-puwirefa-zah-ralonefi-haq-pofepilu-tih,peh,,2219.8
60377564edd48263e3130a88,606451b5aab2ec4afaae10f4,74,receiver,course,change,change-course,,change,2049.9
60377564edd48263e3130a88,606451b5aab2ec4afaae10f4,75,sender,future,author,hiwaponu-wuk-peh-nidaweli-puwirefa-zah-ralonefi-haq-pofepilu-tih,puwirefa,,4875.7
60377564edd48263e3130a88,606451b5aab2ec4afaae10f4,76,receiver,second,system,system-second,,system,1531
60377564edd48263e3130a88,606451b5aab2ec4afaae10f4,77,sender,player,public,hiwaponu-wuk-peh-nidaweli-puwirefa-zah-ralonefi-haq-pofepilu-tih,pofepilu,,3608.6
60377564edd48263e3130a88,606451b5aab2ec4afaae10f4,78,receiver,change,system,system-change,,system,1391.4
60377564edd48263e3130a88,606451b5aab2ec4afaae10f4,79,sender,author,system,hiwaponu-wuk-peh-nidaweli-puwirefa-zah-ralonefi-haq-pofepilu-tih,nidaweli,,3482.4
60377564edd48263e3130a88,606451b5aab2ec4afaae10f4,80,receiver,second,former,former-second,,second,2493
60377564edd48263e3130a88,606451b5aab2ec4afaae10f4,81,sender,future,change,hiwaponu-wuk-peh-nidaweli-puwirefa-zah-ralonefi-haq-pofepilu-tih,ralonefi,,4327.5
60377564edd48263e3130a88,606451b5aab2ec4afaae10f4,82,receiver,future,former,former-future,,former,1942.3
60377564edd48263e3130a88,606451b5aab2ec4afaae10f4,83,sender,budget,former,hiwaponu-wuk-peh-nidaweli-puwirefa-zah-ralonefi-haq-pofepilu-tih,peh,,2710.6
60377564edd48263e3130a88,606451b5aab2ec4afaae10f4,84,receiver,future,budget,budget-future,,budget,1366.4
60377564edd48263e3130a88,606451b5aab2ec4afaae10f4,85,sender,course,public,hiwaponu-wuk-peh-nidaweli-puwirefa-zah-ralonefi-haq-pofepilu-tih,wuk,,2084.9
60377564edd48263e3130a88,606451b5aab2ec4afaae10f4,86,receiver,future,system,system-future,,system,3893.9
60377564edd48263e3130a88,606451b5aab2ec4afaae10f4,87,sender,course,system,hiwaponu-wuk-peh-nidaweli-puwirefa-zah-ralonefi-haq-pofepilu-tih,wuk,,1265.9
60377564edd48263e3130a88,606451b5aab2ec4afaae10f4,88,receiver,former,author,author-former,,author,1679.9
60377564edd48263e3130a88,606451b5aab2ec4afaae10f4,89,sender,course,budget,hiwaponu-wuk-peh-nidaweli-puwirefa-zah-ralonefi-haq-pofepilu-tih,wuk,,1721.2
60377564edd48263e3130a88,606451b5aab2ec4afaae10f4,90,receiver,player,author,player-author,,player,2789.7
60377564edd48263e3130a88,606451b5aab2ec4afaae10f4,91,sender,budget,player,hiwaponu-wuk-peh-nidaweli-puwirefa-zah-ralonefi-haq-pofepilu-tih,peh,,1764.7
60377564edd48263e3130a88,606451b5aab2ec4afaae10f4,92,receiver,second,change,change-second,,second,2094.8
60377564edd48263e3130a88,606451b5aab2ec4afaae10f4,93,sender,change,author,hiwaponu-wuk-peh-nidaweli-puwirefa-zah-ralonefi-haq-pofepilu-tih,peh,,7310.7
60377564edd48263e3130a88,606451b5aab2ec4afaae10f4,94,receiver,public,system,system-public,,system,7668
60377564edd48263e3130a88,606451b5aab2ec4afaae10f4,95,sender,future,author,hiwaponu-wuk-peh-nidaweli-puwirefa-zah-ralonefi-haq-pofepilu-tih,zah,,8604.7
60377564edd48263e3130a88,606451b5aab2ec4afaae10f4,96,receiver,change,public,public-change,,public,1453
60377564edd48263e3130a88,606451b5aab2ec4afaae10f4,97,sender,future,change,hiwaponu-wuk-peh-nidaweli-puwirefa-zah-ralonefi-haq-pofepilu-tih,puwirefa,,10440.5
60377564edd48263e3130a88,606451b5aab2ec4afaae10f4,98,receiver,second,author,second-author,,second,1187.9
60377564edd48263e3130a88,606451b5aab2ec4afaae10f4,99,sender,change,former,hiwaponu-wuk-peh-nidaweli-puwirefa-zah-ralonefi-haq-pofepilu-tih,peh,,1989.2
60377564edd48263e3130a88,606451b5aab2ec4afaae10f4,100,receiver,former,author,former-author,,author,2019.2
60377564edd48263e3130a88,606451b5aab2ec4afaae10f4,101,sender,former,public,hiwaponu-wuk-peh-nidaweli-puwirefa-zah-ralonefi-haq-pofepilu-tih,pofepilu,,4046.6
60377564edd48263e3130a88,606451b5aab2ec4afaae10f4,102,receiver,course,second,second-course,,course,1796.6
60377564edd48263e3130a88,606451b5aab2ec4afaae10f4,103,sender,budget,second,hiwaponu-wuk-peh-nidaweli-puwirefa-zah-ralonefi-haq-pofepilu-tih,zah,,3309.2
60377564edd48263e3130a88,606451b5aab2ec4afaae10f4,104,receiver,player,former,player-former,,player,1492.4
60377564edd48263e3130a88,606451b5aab2ec4afaae10f4,105,sender,change,former,hiwaponu-wuk-peh-nidaweli-puwirefa-zah-ralonefi-haq-pofepilu-tih,peh,,3428.6
60377564edd48263e3130a88,606451b5aab2ec4afaae10f4,106,receiver,course,former,course-former,,course,2501.9
60377564edd48263e3130a88,606451b5aab2ec4afaae10f4,107,sender,public,author,hiwaponu-wuk-peh-nidaweli-puwirefa-zah-ralonefi-haq-pofepilu-tih,pofepilu,,4587.5
60377564edd48263e3130a88,606451b5aab2ec4afaae10f4,108,receiver,budget,author,budget-author,,budget,1516.9
60377564edd48263e3130a88,606451b5aab2ec4afaae10f4,109,sender,player,second,hiwaponu-wuk-peh-nidaweli-puwirefa-zah-ralonefi-haq-pofepilu-tih,zah,,7945.3
60377564edd48263e3130a88,606451b5aab2ec4afaae10f4,110,receiver,future,second,future-second,,second,10934.7
60377564edd48263e3130a88,606451b5aab2ec4afaae10f4,111,sender,course,change,hiwaponu-wuk-peh-nidaweli-puwirefa-zah-ralonefi-haq-pofepilu-tih,wuk,,4427.3
60377564edd48263e3130a88,606451b5aab2ec4afaae10f4,112,receiver,budget,second,budget-second,,second,1616.5
60377564edd48263e3130a88,606451b5aab2ec4afaae10f4,113,sender,player,author,hiwaponu-wuk-peh-nidaweli-puwirefa-zah-ralonefi-haq-pofepilu-tih,puwirefa,,7118.7
60377564edd48263e3130a88,606451b5aab2ec4afaae10f4,114,receiver,future,player,future-player,,future,9023.6
60377564edd48263e3130a88,606451b5aab2ec4afaae10f4,115,sender,course,change,hiwaponu-wuk-peh-nidaweli-puwirefa-zah-ralonefi-haq-pofepilu-tih,wuk,,1625.3
60377564edd48263e3130a88,606451b5aab2ec4afaae10f4,116,receiver,course,public,course-public,,course,6243.4
60377564edd48263e3130a88,606451b5aab2ec4afaae10f4,117,sender,second,change,hiwaponu-wuk-peh-nidaweli-puwirefa-zah-ralonefi-haq-pofepilu-tih,ralonefi,,3913.9
60377564edd48263e3130a88,606451b5aab2ec4afaae10f4,118,receiver,budget,former,former-budget,,budget,1376.1
60377564edd48263e3130a88,606451b5aab2ec4afaae10f4,119,sender,second,public,hiwaponu-wuk-peh-nidaweli-puwirefa-zah-ralonefi-haq-pofepilu-tih,peh,,1894.9
60377564edd48263e3130a88,606451b5aab2ec4afaae10f4,120,receiver,course,system,system-course,,course,1581.9
60377564edd48263e3130a88,606451b5aab2ec4afaae10f4,121,sender,course,second,hiwaponu-wuk-peh-nidaweli-puwirefa-zah-ralonefi-haq-pofepilu-tih,wuk,,1459.7
60377564edd48263e3130a88,606451b5aab2ec4afaae10f4,122,receiver,future,public,future-public,,future,1690.5
60377564edd48263e3130a88,606451b5aab2ec4afaae10f4,123,sender,budget,change,hiwaponu-wuk-peh-nidaweli-puwirefa-zah-ralonefi-haq-pofepilu-tih,zah,,2616.4
60377564edd48263e3130a88,606451b5aab2ec4afaae10f4,124,receiver,budget,change,change-budget,,change,1853.1
60377564edd48263e3130a88,606451b5aab2ec4afaae10f4,125,sender,course,former,hiwaponu-wuk-peh-nidaweli-puwirefa-zah-ralonefi-haq-pofepilu-tih,wuk,,1381
60377564edd48263e3130a88,606451b5aab2ec4afaae10f4,126,receiver,course,player,player-course,,course,4587.4
60377564edd48263e3130a88,606451b5aab2ec4afaae10f4,127,sender,budget,public,hiwaponu-wuk-peh-nidaweli-puwirefa-zah-ralonefi-haq-pofepilu-tih,zah,,9911.4
60377564edd48263e3130a88,606451b5aab2ec4afaae10f4,128,receiver,future,player,future-player,,player,2281
60377564edd48263e3130a88,606451b5aab2ec4afaae10f4,129,sender,player,change,hiwaponu-wuk-peh-nidaweli-puwirefa-zah-ralonefi-haq-pofepilu-tih,zah,,1894.4
60377564edd48263e3130a88,606451b5aab2ec4afaae10f4,130,receiver,budget,public,budget-public,,budget,2350.6
60377564edd48263e3130a88,606451b5aab2ec4afaae10f4,131,sender,author,system,hiwaponu-wuk-peh-nidaweli-puwirefa-zah-ralonefi-haq-pofepilu-tih,ralonefi,,5694.2
60377564edd48263e3130a88,606451b5aab2ec4afaae10f4,132,receiver,public,system,system-public,,public,1341.8
60377564edd48263e3130a88,606451b5aab2ec4afaae10f4,133,sender,player,public,hiwaponu-wuk-peh-nidaweli-puwirefa-zah-ralonefi-haq-pofepilu-tih,puwirefa,,3492.9
60377564edd48263e3130a88,606451b5aab2ec4afaae10f4,134,receiver,former,public,public-former,,former,1813.2
60377564edd48263e3130a88,606451b5aab2ec4afaae10f4,135,sender,budget,player,hiwaponu-wuk-peh-nidaweli-puwirefa-zah-ralonefi-haq-pofepilu-tih,puwirefa,,2877.9