participant_id, partner_id, trial_index, trial_type, target_meaning, foil_meaning,             choices, signal_selected, meaning_guess, rt
606451b5aab2ec4afaae10f4,60377564edd48263e3130a88,1,receiver,budget,system,budget-system,,budget,23394.9
606451b5aab2ec4afaae10f4,60377564edd48263e3130a88,2,sender,change,public,hiwaponu-wuk-peh-nidaweli-puwirefa-zah-ralonefi-haq-pofepilu-tih,pofepilu,,13912.5
606451b5aab2ec4afaae10f4,60377564edd48263e3130a88,3,receiver,course,public,course-public,,course,4307.1
606451b5aab2ec4afaae10f4,60377564edd48263e3130a88,4,sender,player,author,hiwaponu-wuk-peh-nidaweli-puwirefa-zah-ralonefi-haq-pofepilu-tih,pofepilu,,8099
606451b5aab2ec4afaae10f4,60377564edd48263e3130a88,5,receiver,future,former,former-future,,future,4937.8
606451b5aab2ec4afaae10f4,60377564edd48263e3130a88,6,sender,future,second,hiwaponu-wuk-peh-nidaweli-puwirefa-zah-ralonefi-haq-pofepilu-tih,zah,,9368.4
606451b5aab2ec4afaae10f4,60377564edd48263e3130a88,7,receiver,course,budget,course-budget,,budget,1200.4
606451b5aab2ec4afaae10f4,60377564edd48263e3130a88,8,sender,former,system,hiwaponu-wuk-peh-nidaweli-puwirefa-zah-ralonefi-haq-pofepilu-tih,nidaweli,,1533.2
606451b5aab2ec4afaae10f4,60377564edd48263e3130a88,9,receiver,future,budget,future-budget,,future,1550.9
606451b5aab2ec4afaae10f4,60377564edd48263e3130a88,10,sender,player,change,hiwaponu-wuk-peh-nidaweli-puwirefa-zah-ralonefi-haq-pofepilu-tih,pofepilu,,2205.5
606451b5aab2ec4afaae10f4,60377564edd48263e3130a88,11,receiver,player,second,player-second,,second,2299
606451b5aab2ec4afaae10f4,60377564edd48263e3130a88,12,sender,course,system,hiwaponu-wuk-peh-nidaweli-puwirefa-zah-ralonefi-haq-pofepilu-tih,hiwaponu,,3790.1
606451b5aab2ec4afaae10f4,60377564edd48263e3130a88,13,receiver,future,course,future-course,,course,1819
606451b5aab2ec4afaae10f4,60377564edd48263e3130a88,14,sender,course,player,hiwaponu-wuk-peh-nidaweli-puwirefa-zah-ralonefi-haq-pofepilu-tih,hiwaponu,,2042.8
606451b5aab2ec4afaae10f4,60377564edd48263e3130a88,15,receiver,player,system,system-player,,player,1532.2
606451b5aab2ec4afaae10f4,60377564edd48263e3130a88,16,sender,course,author,hiwaponu-wuk-peh-nidaweli-puwirefa-zah-ralonefi-haq-pofepilu-tih,nidaweli,,2803.9
606451b5aab2ec4afaae10f4,60377564edd48263e3130a88,17,receiver,budget,change,budget-change,,budget,2891.4
606451b5aab2ec4afaae10f4,60377564edd48263e3130a88,18,sender,player,second,hiwaponu-wuk-peh-nidaweli-puwirefa-zah-ralonefi-haq-pofepilu-tih,puwirefa,,3908.2
606451b5aab2ec4afaae10f4,60377564edd48263e3130a88,19,receiver,second,change,second-change,,second,6117.1
606451b5aab2ec4afaae10f4,60377564edd48263e3130a88,20,sender,future,second,hiwaponu-wuk-peh-nidaweli-puwirefa-zah-ralonefi-haq-pofepilu-tih,nidaweli,,1747.1
606451b5aab2ec4afaae10f4,60377564edd48263e3130a88,21,receiver,player,public,public-player,,player,3266.7
606451b5aab2ec4afaae10f4,60377564edd48263e3130a88,22,sender,second,former,hiwaponu-wuk-peh-nidaweli-puwirefa-zah-ralonefi-haq-pofepilu-tih,nidaweli,,4921.1
606451b5aab2ec4afaae10f4,60377564edd48263e3130a88,23,receiver,budget,public,budget-public,,budget,2582.6
606451b5aab2ec4afaae10f4,60377564edd48263e3130a88,24,sender,budget,player,hiwaponu-wuk-peh-nidaweli-puwirefa-zah-ralonefi-haq-pofepilu-tih,haq,,2428.4
606451b5aab2ec4afaae10f4,60377564edd48263e3130a88,25,receiver,budget,system,system-budget,,budget,7411.3
606451b5aab2ec4afaae10f4,60377564edd48263e3130a88,26,sender,second,system,hiwaponu-wuk-peh-nidaweli-puwirefa-zah-ralonefi-haq-pofepilu-tih,wuk,,12090
606451b5aab2ec4afaae10f4,60377564edd48263e3130a88,27,receiver,course,player,player-course,,course,3992.5
606451b5aab2ec4afaae10f4,60377564edd48263e3130a88,28,sender,future,system,hiwaponu-wuk-peh-nidaweli-puwirefa-zah-ralonefi-haq-pofepilu-tih,peh,,5628.7
606451b5aab2ec4afaae10f4,60377564edd48263e3130a88,29,receiver,public,system,system-public,,public,1231.6
606451b5aab2ec4afaae10f4,60377564edd48263e3130a88,30,sender,future,course,hiwaponu-wuk-peh-nidaweli-puwirefa-zah-ralonefi-haq-pofepilu-tih,peh,,5964.8
606451b5aab2ec4afaae10f4,60377564edd48263e3130a88,31,receiver,future,budget,future-budget,,budget,1984.6
606451b5aab2ec4afaae10f4,60377564edd48263e3130a88,32,sender,future,system,hiwaponu-wuk-peh-nidaweli-puwirefa-zah-ralonefi-haq-pofepilu-tih,nidaweli,,4469.3
606451b5aab2ec4afaae10f4,60377564edd48263e3130a88,33,receiver,change,public,public-change,,public,2508.8
606451b5aab2ec4afaae10f4,60377564edd48263e3130a88,34,sender,second,public,hiwaponu-wuk-peh-nidaweli-puwirefa-zah-ralonefi-haq-pofepilu-tih,puwirefa,,4507.7
606451b5aab2ec4afaae10f4,60377564edd48263e3130a88,35,receiver,course,author,course-author,,course,3149.3
606451b5aab2ec4afaae10f4,60377564edd48263e3130a88,36,sender,budget,system,hiwaponu-wuk-peh-nidaweli-puwirefa-zah-ralonefi-haq-pofepilu-tih,nidaweli,,2614.4
606451b5aab2ec4afaae10f4,60377564edd48263e3130a88,37,receiver,former,author,former-author,,former,3885.9
606451b5aab2ec4afaae10f4,60377564edd48263e3130a88,38,sender,second,former,hiwaponu-wuk-peh-nidaweli-puwirefa-zah-ralonefi-haq-pofepilu-tih,ralonefi,,5374.1
606451b5aab2ec4afaae10f4,60377564edd48263e3130a88,39,receiver,change,author,change-author,,author,4599.2
606451b5aab2ec4afaae10f4,60377564edd48263e3130a88,40,sender,future,change,hiwaponu-wuk-peh-nidaweli-puwirefa-zah-ralonefi-haq-pofepilu-tih,zah,,13036.6
606451b5aab2ec4afaae10f4,60377564edd48263e3130a88,41,receiver,future,course,course-future,,future,1416.5
606451b5aab2ec4afaae10f4,60377564edd48263e3130a88,42,sender,second,public,hiwaponu-wuk-peh-nidaweli-puwirefa-zah-ralonefi-haq-pofepilu-tih,peh,,13065
606451b5aab2ec4afaae10f4,60377564edd48263e3130a88,43,receiver,second,author,author-second,,author,1830.2
606451b5aab2ec4afaae10f4,60377564edd48263e3130a88,44,sender,budget,author,hiwaponu-wuk-peh-nidaweli-puwirefa-zah-ralonefi-haq-pofepilu-tih,haq,,7569.6
606451b5aab2ec4afaae10f4,60377564edd48263e3130a88,45,receiver,player,former,player-former,,former,5264.1
606451b5aab2ec4afaae10f4,60377564edd48263e3130a88,46,sender,player,former,hiwaponu-wuk-peh-nidaweli-puwirefa-zah-ralonefi-haq-pofepilu-tih,pofepilu,,4422.9
606451b5aab2ec4afaae10f4,60377564edd48263e3130a88,47,receiver,course,budget,course-budget,,course,1714.6
606451b5aab2ec4afaae10f4,60377564edd48263e3130a88,48,sender,course,author,hiwaponu-wuk-peh-nidaweli-puwirefa-zah-ralonefi-haq-pofepilu-tih,wuk,,3636.3
606451b5aab2ec4afaae10f4,60377564edd48263e3130a88,49,receiver,change,former,change-former,,former,2484.8
606451b5aab2ec4afaae10f4,60377564edd48263e3130a88,50,sender,player,change,hiwaponu-wuk-peh-nidaweli-puwirefa-zah-ralonefi-haq-pofepilu-tih,peh,,5685.4
606451b5aab2ec4afaae10f4,60377564edd48263e3130a88,51,receiver,change,author,author-change,,change,3289.2
606451b5aab2ec4afaae10f4,60377564edd48263e3130a88,52,sender,change,system,hiwaponu-wuk-peh-nidaweli-puwirefa-zah-ralonefi-haq-pofepilu-tih,tih,,5221.9
606451b5aab2ec4afaae10f4,60377564edd48263e3130a88,53,receiver,public,author,public-author,,public,4220.2
606451b5aab2ec4afaae10f4,60377564edd48263e3130a88,54,sender,former,system,hiwaponu-wuk-peh-nidaweli-puwirefa-zah-ralonefi-haq-pofepilu-tih,peh,,6449.1
606451b5aab2ec4afaae10f4,60377564edd48263e3130a88,55,receiver,course,former,former-course,,course,1801.2
606451b5aab2ec4afaae10f4,60377564edd48263e3130a88,56,sender,second,author,hiwaponu-wuk-peh-nidaweli-puwirefa-zah-ralonefi-haq-pofepilu-tih,peh,,4097.7
606451b5aab2ec4afaae10f4,60377564edd48263e3130a88,57,receiver,future,author,future-author,,future,1723.4
606451b5aab2ec4afaae10f4,60377564edd48263e3130a88,58,sender,future,former,hiwaponu-wuk-peh-nidaweli-puwirefa-zah-ralonefi-haq-pofepilu-tih,ralonefi,,4109.8
606451b5aab2ec4afaae10f4,60377564edd48263e3130a88,59,receiver,future,public,future-public,,future,2082.9
606451b5aab2ec4afaae10f4,60377564edd48263e3130a88,60,sender,future,public,hiwaponu-wuk-peh-nidaweli-puwirefa-zah-ralonefi-haq-pofepilu-tih,ralonefi,,3622.5
606451b5aab2ec4afaae10f4,60377564edd48263e3130a88,61,receiver,player,system,player-system,,system,2906.3
606451b5aab2ec4afaae10f4,60377564edd48263e3130a88,62,sender,budget,former,hiwaponu-wuk-peh-nidaweli-puwirefa-zah-ralonefi-haq-pofepilu-tih,peh,,4963.8
606451b5aab2ec4afaae10f4,60377564edd48263e3130a88,63,receiver,budget,author,budget-author,,author,2065.5
606451b5aab2ec4afaae10f4,60377564edd48263e3130a88,64,sender,change,system,hiwaponu-wuk-peh-nidaweli-puwirefa-zah-ralonefi-haq-pofepilu-tih,wuk,,6402.8
606451b5aab2ec4afaae10f4,60377564edd48263e3130a88,65,receiver,author,system,author-system,,system,8975.1
606451b5aab2ec4afaae10f4,60377564edd48263e3130a88,66,sender,public,author,hiwaponu-wuk-peh-nidaweli-puwirefa-zah-ralonefi-haq-pofepilu-tih,puwirefa,,6160
606451b5aab2ec4afaae10f4,60377564edd48263e3130a88,67,receiver,former,public,former-public,,public,2555.9
606451b5aab2ec4afaae10f4,60377564edd48263e3130a88,68,sender,player,system,hiwaponu-wuk-peh-nidaweli-puwirefa-zah-ralonefi-haq-pofepilu-tih,pofepilu,,4232.2
606451b5aab2ec4afaae10f4,60377564edd48263e3130a88,69,receiver,course,second,course-second,,course,1969.9
606451b5aab2ec4afaae10f4,60377564edd48263e3130a88,70,sender,former,system,hiwaponu-wuk-peh-nidaweli-puwirefa-zah-ralonefi-haq-pofepilu-tih,nidaweli,,7231.5
606451b5aab2ec4afaae10f4,60377564edd48263e3130a88,71,receiver,future,player,future-player,,future,1811.3
606451b5aab2ec4afaae10f4,60377564edd48263e3130a88,72,sender,second,system,hiwaponu-wuk-peh-nidaweli-puwirefa-zah-ralonefi-haq-pofepilu-tih,haq,,5982.5
606451b5aab2ec4afaae10f4,60377564edd48263e3130a88,73,receiver,budget,second,budget-second,,second,1812.6
606451b5aab2ec4afaae10f4,60377564edd48263e3130a88,74,sender,course,change,hiwaponu-wuk-peh-nidaweli-puwirefa-zah-ralonefi-haq-pofepilu-tih,tih,,6107.3
606451b5aab2ec4afaae10f4,60377564edd48263e3130a88,75,receiver,future,author,author-future,,future,4769.7
606451b5aab2ec4afaae10f4,60377564edd48263e3130a88,76,sender,second,system,hiwaponu-wuk-peh-nidaweli-puwirefa-zah-ralonefi-haq-pofepilu-tih,nidaweli,,4160.2
606451b5aab2ec4afaae10f4,60377564edd48263e3130a88,77,receiver,player,public,public-player,,player,2905.5
606451b5aab2ec4afaae10f4,60377564edd48263e3130a88,78,sender,change,system,hiwaponu-wuk-peh-nidaweli-puwirefa-zah-ralonefi-haq-pofepilu-tih,zah,,5514.9
606451b5aab2ec4afaae10f4,60377564edd48263e3130a88,79,receiver,author,system,author-system,,system,2688.9
606451b5aab2ec4afaae10f4,60377564edd48263e3130a88,80,sender,second,former,hiwaponu-wuk-peh-nidaweli-puwirefa-zah-ralonefi-haq-pofepilu-tih,peh,,6677.8
606451b5aab2ec4afaae10f4,60377564edd48263e3130a88,81,receiver,future,change,change-future,,future,4651
606451b5aab2ec4afaae10f4,60377564edd48263e3130a88,82,sender,future,former,hiwaponu-wuk-peh-nidaweli-puwirefa-zah-ralonefi-haq-pofepilu-tih,ralonefi,,2978.5
606451b5aab2ec4afaae10f4,60377564edd48263e3130a88,83,receiver,budget,former,former-budget,,former,4703.7
606451b5aab2ec4afaae10f4,60377564edd48263e3130a88,84,sender,future,budget,hiwaponu-wuk-peh-nidaweli-puwirefa-zah-ralonefi-haq-pofepilu-tih,peh,,6940.2
606451b5aab2ec4afaae10f4,60377564edd48263e3130a88,85,receiver,course,public,public-course,,course,1488.5
606451b5aab2ec4afaae10f4,60377564edd48263e3130a88,86,sender,future,system,hiwaponu-wuk-peh-nidaweli-puwirefa-zah-ralonefi-haq-pofepilu-tih,ralonefi,,3303.9
606451b5aab2ec4afaae10f4,60377564edd48263e3130a88,87,receiver,course,system,course-system,,course,1298.5
606451b5aab2ec4afaae10f4,60377564edd48263e3130a88,88,sender,former,author,hiwaponu-wuk-peh-nidaweli-puwirefa-zah-ralonefi-haq-pofepilu-tih,puwirefa,,11684.5
606451b5aab2ec4afaae10f4,60377564edd48263e3130a88,89,receiver,course,budget,course-budget,,course,1394.9
606451b5aab2ec4afaae10f4,60377564edd48263e3130a88,90,sender,player,author,hiwaponu-wuk-peh-nidaweli-puwirefa-zah-ralonefi-haq-pofepilu-tih,peh,,2397.2
606451b5aab2ec4afaae10f4,60377564edd48263e3130a88,91,receiver,budget,player,budget-player,,player,1420.1
606451b5aab2ec4afaae10f4,60377564edd48263e3130a88,92,sender,second,change,hiwaponu-wuk-peh-nidaweli-puwirefa-zah-ralonefi-haq-pofepilu-tih,zah,,3765.2
606451b5aab2ec4afaae10f4,60377564edd48263e3130a88,93,receiver,change,author,author-change,,author,1859.8
606451b5aab2ec4afaae10f4,60377564edd48263e3130a88,94,sender,public,system,hiwaponu-wuk-peh-nidaweli-puwirefa-zah-ralonefi-haq-pofepilu-tih,peh,,1875.4
606451b5aab2ec4afaae10f4,60377564edd48263e3130a88,95,receiver,future,author,author-future,,future,2193
606451b5aab2ec4afaae10f4,60377564edd48263e3130a88,96,sender,change,public,hiwaponu-wuk-peh-nidaweli-puwirefa-zah-ralonefi-haq-pofepilu-tih,puwirefa,,5582.3
606451b5aab2ec4afaae10f4,60377564edd48263e3130a88,97,receiver,future,change,future-change,,future,2188
606451b5aab2ec4afaae10f4,60377564edd48263e3130a88,98,sender,second,author,hiwaponu-wuk-peh-nidaweli-puwirefa-zah-ralonefi-haq-pofepilu-tih,peh,,2794
606451b5aab2ec4afaae10f4,60377564edd48263e3130a88,99,receiver,change,former,change-former,,former,1753.8
606451b5aab2ec4afaae10f4,60377564edd48263e3130a88,100,sender,former,author,hiwaponu-wuk-peh-nidaweli-puwirefa-zah-ralonefi-haq-pofepilu-tih,peh,,2304.9
606451b5aab2ec4afaae10f4,60377564edd48263e3130a88,101,receiver,former,public,public-former,,public,1774.8
606451b5aab2ec4afaae10f4,60377564edd48263e3130a88,102,sender,course,second,hiwaponu-wuk-peh-nidaweli-puwirefa-zah-ralonefi-haq-pofepilu-tih,wuk,,11164.7
606451b5aab2ec4afaae10f4,60377564edd48263e3130a88,103,receiver,budget,second,budget-second,,budget,3610.5
606451b5aab2ec4afaae10f4,60377564edd48263e3130a88,104,sender,player,former,hiwaponu-wuk-peh-nidaweli-puwirefa-zah-ralonefi-haq-pofepilu-tih,pofepilu,,4402.3
606451b5aab2ec4afaae10f4,60377564edd48263e3130a88,105,receiver,change,former,change-former,,former,1947.4
606451b5aab2ec4afaae10f4,60377564edd48263e3130a88,106,sender,course,former,hiwaponu-wuk-peh-nidaweli-puwirefa-zah-ralonefi-haq-pofepilu-tih,wuk,,3515.2
606451b5aab2ec4afaae10f4,60377564edd48263e3130a88,107,receiver,public,author,author-public,,public,2657.7
606451b5aab2ec4afaae10f4,60377564edd48263e3130a88,108,sender,budget,author,hiwaponu-wuk-peh-nidaweli-puwirefa-zah-ralonefi-haq-pofepilu-tih,zah,,8018.1
606451b5aab2ec4afaae10f4,60377564edd48263e3130a88,109,receiver,player,second,player-second,,second,4669
606451b5aab2ec4afaae10f4,60377564edd48263e3130a88,110,sender,future,second,hiwaponu-wuk-peh-nidaweli-puwirefa-zah-ralonefi-haq-pofepilu-tih,peh,,4080.7
606451b5aab2ec4afaae10f4,60377564edd48263e3130a88,111,receiver,course,change,course-change,,course,1733.7
606451b5aab2ec4afaae10f4,60377564edd48263e3130a88,112,sender,budget,second,hiwaponu-wuk-peh-nidaweli-puwirefa-zah-ralonefi-haq-pofepilu-tih,peh,,6565.2
606451b5aab2ec4afaae10f4,60377564edd48263e3130a88,113,receiver,player,author,author-player,,player,1875.9
606451b5aab2ec4afaae10f4,60377564edd48263e3130a88,114,sender,future,player,hiwaponu-wuk-peh-nidaweli-puwirefa-zah-ralonefi-haq-pofepilu-tih,ralonefi,,3345.2
606451b5aab2ec4afaae10f4,60377564edd48263e3130a88,115,receiver,course,change,change-course,,change,1076.8
606451b5aab2ec4afaae10f4,60377564edd48263e3130a88,116,sender,course,public,hiwaponu-wuk-peh-nidaweli-puwirefa-zah-ralonefi-haq-pofepilu-tih,wuk,,1545.9
606451b5aab2ec4afaae10f4,60377564edd48263e3130a88,117,receiver,second,change,second-change,,change,2071.1
606451b5aab2ec4afaae10f4,60377564edd48263e3130a88,118,sender,budget,former,hiwaponu-wuk-peh-nidaweli-puwirefa-zah-ralonefi-haq-pofepilu-tih,tih,,5927.3
606451b5aab2ec4afaae10f4,60377564edd48263e3130a88,119,receiver,second,public,second-public,,public,2444.9
606451b5aab2ec4afaae10f4,60377564edd48263e3130a88,120,sender,course,system,hiwaponu-wuk-peh-nidaweli-puwirefa-zah-ralonefi-haq-pofepilu-tih,wuk,,2122.5
606451b5aab2ec4afaae10f4,60377564edd48263e3130a88,121,receiver,course,second,second-course,,course,1581.1
606451b5aab2ec4afaae10f4,60377564edd48263e3130a88,122,sender,future,public,hiwaponu-wuk-peh-nidaweli-puwirefa-zah-ralonefi-haq-pofepilu-tih,zah,,5542.1
606451b5aab2ec4afaae10f4,60377564edd48263e3130a88,123,receiver,budget,change,budget-change,,change,2083.6
606451b5aab2ec4afaae10f4,60377564edd48263e3130a88,124,sender,budget,change,hiwaponu-wuk-peh-nidaweli-puwirefa-zah-ralonefi-haq-pofepilu-tih,tih,,3207.5
606451b5aab2ec4afaae10f4,60377564edd48263e3130a88,125,receiver,course,former,course-former,,course,1958
606451b5aab2ec4afaae10f4,60377564edd48263e3130a88,126,sender,course,player,hiwaponu-wuk-peh-nidaweli-puwirefa-zah-ralonefi-haq-pofepilu-tih,wuk,,2187.3
606451b5aab2ec4afaae10f4,60377564edd48263e3130a88,127,receiver,budget,public,public-budget,,budget,1909.4
606451b5aab2ec4afaae10f4,60377564edd48263e3130a88,128,sender,future,player,hiwaponu-wuk-peh-nidaweli-puwirefa-zah-ralonefi-haq-pofepilu-tih,tih,,5243.2
606451b5aab2ec4afaae10f4,60377564edd48263e3130a88,129,receiver,player,change,change-player,,change,3181.4
606451b5aab2ec4afaae10f4,60377564edd48263e3130a88,130,sender,budget,public,hiwaponu-wuk-peh-nidaweli-puwirefa-zah-ralonefi-haq-pofepilu-tih,wuk,,4838.5
606451b5aab2ec4afaae10f4,60377564edd48263e3130a88,131,receiver,author,system,author-system,,system,2759.1
606451b5aab2ec4afaae10f4,60377564edd48263e3130a88,132,sender,public,system,hiwaponu-wuk-peh-nidaweli-puwirefa-zah-ralonefi-haq-pofepilu-tih,puwirefa,,3243.9
606451b5aab2ec4afaae10f4,60377564edd48263e3130a88,133,receiver,player,public,public-player,,public,1467
606451b5aab2ec4afaae10f4,60377564edd48263e3130a88,134,sender,former,public,hiwaponu-wuk-peh-nidaweli-puwirefa-zah-ralonefi-haq-pofepilu-tih,zah,,6183.7
606451b5aab2ec4afaae10f4,60377564edd48263e3130a88,135,receiver,budget,player,budget-player,,player,2365.7