participant_id, partner_id, trial_index, trial_type, target_meaning, foil_meaning,             choices, signal_selected, meaning_guess, rt
5f33f48e7a8953257c8d5923,62bdfe451d380bec13a4a864,1,receiver,second,coffee,coffee-second,,coffee,8346.3
5f33f48e7a8953257c8d5923,62bdfe451d380bec13a4a864,2,sender,system,people,tezalipu-qip-teliqulo-wuk-zah-peh-pofepilu-kuh-hiwaponu-puwirefa,teliqulo,,36616.2
5f33f48e7a8953257c8d5923,62bdfe451d380bec13a4a864,3,receiver,change,window,change-window,,window,4873.8
5f33f48e7a8953257c8d5923,62bdfe451d380bec13a4a864,4,sender,credit,window,tezalipu-qip-teliqulo-wuk-zah-peh-pofepilu-kuh-hiwaponu-puwirefa,wuk,,5156.3
5f33f48e7a8953257c8d5923,62bdfe451d380bec13a4a864,5,receiver,credit,window,window-credit,,credit,35331
5f33f48e7a8953257c8d5923,62bdfe451d380bec13a4a864,6,sender,handle,change,tezalipu-qip-teliqulo-wuk-zah-peh-pofepilu-kuh-hiwaponu-puwirefa,wuk,,13489.1
5f33f48e7a8953257c8d5923,62bdfe451d380bec13a4a864,7,receiver,handle,second,second-handle,,handle,5924.9
5f33f48e7a8953257c8d5923,62bdfe451d380bec13a4a864,8,sender,change,coffee,tezalipu-qip-teliqulo-wuk-zah-peh-pofepilu-kuh-hiwaponu-puwirefa,qip,,12209.4
5f33f48e7a8953257c8d5923,62bdfe451d380bec13a4a864,9,receiver,handle,change,handle-change,,change,5413.8
5f33f48e7a8953257c8d5923,62bdfe451d380bec13a4a864,10,sender,handle,credit,tezalipu-qip-teliqulo-wuk-zah-peh-pofepilu-kuh-hiwaponu-puwirefa,hiwaponu,,3730
5f33f48e7a8953257c8d5923,62bdfe451d380bec13a4a864,11,receiver,handle,change,handle-change,,handle,4435
5f33f48e7a8953257c8d5923,62bdfe451d380bec13a4a864,12,sender,system,handle,tezalipu-qip-teliqulo-wuk-zah-peh-pofepilu-kuh-hiwaponu-puwirefa,tezalipu,,6674.7
5f33f48e7a8953257c8d5923,62bdfe451d380bec13a4a864,13,receiver,credit,window,credit-window,,credit,4587.2
5f33f48e7a8953257c8d5923,62bdfe451d380bec13a4a864,14,sender,number,normal,tezalipu-qip-teliqulo-wuk-zah-peh-pofepilu-kuh-hiwaponu-puwirefa,wuk,,5964.9
5f33f48e7a8953257c8d5923,62bdfe451d380bec13a4a864,15,receiver,window,coffee,window-coffee,,coffee,1909.8
5f33f48e7a8953257c8d5923,62bdfe451d380bec13a4a864,16,sender,handle,normal,tezalipu-qip-teliqulo-wuk-zah-peh-pofepilu-kuh-hiwaponu-puwirefa,hiwaponu,,3603.9
5f33f48e7a8953257c8d5923,62bdfe451d380bec13a4a864,17,receiver,people,number,people-number,,number,4498.8
5f33f48e7a8953257c8d5923,62bdfe451d380bec13a4a864,18,sender,credit,window,tezalipu-qip-teliqulo-wuk-zah-peh-pofepilu-kuh-hiwaponu-puwirefa,hiwaponu,,3494.9
5f33f48e7a8953257c8d5923,62bdfe451d380bec13a4a864,19,receiver,people,window,people-window,,people,2982.9
5f33f48e7a8953257c8d5923,62bdfe451d380bec13a4a864,20,sender,people,handle,tezalipu-qip-teliqulo-wuk-zah-peh-pofepilu-kuh-hiwaponu-puwirefa,hiwaponu,,8396.8
5f33f48e7a8953257c8d5923,62bdfe451d380bec13a4a864,21,receiver,second,coffee,second-coffee,,second,4319.3
5f33f48e7a8953257c8d5923,62bdfe451d380bec13a4a864,22,sender,change,credit,tezalipu-qip-teliqulo-wuk-zah-peh-pofepilu-kuh-hiwaponu-puwirefa,hiwaponu,,4806.4
5f33f48e7a8953257c8d5923,62bdfe451d380bec13a4a864,23,receiver,handle,number,handle-number,,number,2876.9
5f33f48e7a8953257c8d5923,62bdfe451d380bec13a4a864,24,sender,change,second,tezalipu-qip-teliqulo-wuk-zah-peh-pofepilu-kuh-hiwaponu-puwirefa,hiwaponu,,3529.8
5f33f48e7a8953257c8d5923,62bdfe451d380bec13a4a864,25,receiver,second,number,number-second,,number,2742.4
5f33f48e7a8953257c8d5923,62bdfe451d380bec13a4a864,26,sender,credit,normal,tezalipu-qip-teliqulo-wuk-zah-peh-pofepilu-kuh-hiwaponu-puwirefa,pofepilu,,3562.3
5f33f48e7a8953257c8d5923,62bdfe451d380bec13a4a864,27,receiver,second,number,number-second,,number,3090.6
5f33f48e7a8953257c8d5923,62bdfe451d380bec13a4a864,28,sender,coffee,normal,tezalipu-qip-teliqulo-wuk-zah-peh-pofepilu-kuh-hiwaponu-puwirefa,kuh,,3010
5f33f48e7a8953257c8d5923,62bdfe451d380bec13a4a864,29,receiver,handle,number,number-handle,,number,2575
5f33f48e7a8953257c8d5923,62bdfe451d380bec13a4a864,30,sender,system,coffee,tezalipu-qip-teliqulo-wuk-zah-peh-pofepilu-kuh-hiwaponu-puwirefa,hiwaponu,,2851.7
5f33f48e7a8953257c8d5923,62bdfe451d380bec13a4a864,31,receiver,credit,coffee,coffee-credit,,coffee,3206.5
5f33f48e7a8953257c8d5923,62bdfe451d380bec13a4a864,32,sender,second,number,tezalipu-qip-teliqulo-wuk-zah-peh-pofepilu-kuh-hiwaponu-puwirefa,pofepilu,,6750.1
5f33f48e7a8953257c8d5923,62bdfe451d380bec13a4a864,33,receiver,window,normal,window-normal,,window,3259.7
5f33f48e7a8953257c8d5923,62bdfe451d380bec13a4a864,34,sender,handle,change,tezalipu-qip-teliqulo-wuk-zah-peh-pofepilu-kuh-hiwaponu-puwirefa,hiwaponu,,3024.9
5f33f48e7a8953257c8d5923,62bdfe451d380bec13a4a864,35,receiver,handle,window,handle-window,,window,2316.2
5f33f48e7a8953257c8d5923,62bdfe451d380bec13a4a864,36,sender,people,handle,tezalipu-qip-teliqulo-wuk-zah-peh-pofepilu-kuh-hiwaponu-puwirefa,kuh,,5754.3
5f33f48e7a8953257c8d5923,62bdfe451d380bec13a4a864,37,receiver,system,second,second-system,,second,2543.7
5f33f48e7a8953257c8d5923,62bdfe451d380bec13a4a864,38,sender,system,people,tezalipu-qip-teliqulo-wuk-zah-peh-pofepilu-kuh-hiwaponu-puwirefa,teliqulo,,3270.1
5f33f48e7a8953257c8d5923,62bdfe451d380bec13a4a864,39,receiver,people,change,change-people,,people,4453.9
5f33f48e7a8953257c8d5923,62bdfe451d380bec13a4a864,40,sender,system,people,tezalipu-qip-teliqulo-wuk-zah-peh-pofepilu-kuh-hiwaponu-puwirefa,puwirefa,,4056.1
5f33f48e7a8953257c8d5923,62bdfe451d380bec13a4a864,41,receiver,change,second,change-second,,change,3640.2
5f33f48e7a8953257c8d5923,62bdfe451d380bec13a4a864,42,sender,coffee,normal,tezalipu-qip-teliqulo-wuk-zah-peh-pofepilu-kuh-hiwaponu-puwirefa,kuh,,3691.3
5f33f48e7a8953257c8d5923,62bdfe451d380bec13a4a864,43,receiver,system,window,window-system,,window,4021.6
5f33f48e7a8953257c8d5923,62bdfe451d380bec13a4a864,44,sender,number,normal,tezalipu-qip-teliqulo-wuk-zah-peh-pofepilu-kuh-hiwaponu-puwirefa,teliqulo,,4076
5f33f48e7a8953257c8d5923,62bdfe451d380bec13a4a864,45,receiver,second,coffee,second-coffee,,second,4358.7
5f33f48e7a8953257c8d5923,62bdfe451d380bec13a4a864,46,sender,change,normal,tezalipu-qip-teliqulo-wuk-zah-peh-pofepilu-kuh-hiwaponu-puwirefa,teliqulo,,4576.3
5f33f48e7a8953257c8d5923,62bdfe451d380bec13a4a864,47,receiver,handle,credit,handle-credit,,handle,2543
5f33f48e7a8953257c8d5923,62bdfe451d380bec13a4a864,48,sender,system,normal,tezalipu-qip-teliqulo-wuk-zah-peh-pofepilu-kuh-hiwaponu-puwirefa,teliqulo,,4179.8
5f33f48e7a8953257c8d5923,62bdfe451d380bec13a4a864,49,receiver,credit,second,second-credit,,credit,2077.3
5f33f48e7a8953257c8d5923,62bdfe451d380bec13a4a864,50,sender,system,number,tezalipu-qip-teliqulo-wuk-zah-peh-pofepilu-kuh-hiwaponu-puwirefa,teliqulo,,4902.9
5f33f48e7a8953257c8d5923,62bdfe451d380bec13a4a864,51,receiver,credit,window,credit-window,,window,3127.5
5f33f48e7a8953257c8d5923,62bdfe451d380bec13a4a864,52,sender,credit,window,tezalipu-qip-teliqulo-wuk-zah-peh-pofepilu-kuh-hiwaponu-puwirefa,zah,,7983.1
5f33f48e7a8953257c8d5923,62bdfe451d380bec13a4a864,53,receiver,people,second,people-second,,second,2706.2
5f33f48e7a8953257c8d5923,62bdfe451d380bec13a4a864,54,sender,system,people,tezalipu-qip-teliqulo-wuk-zah-peh-pofepilu-kuh-hiwaponu-puwirefa,teliqulo,,5828.4
5f33f48e7a8953257c8d5923,62bdfe451d380bec13a4a864,55,receiver,coffee,normal,normal-coffee,,coffee,1926.6
5f33f48e7a8953257c8d5923,62bdfe451d380bec13a4a864,56,sender,second,normal,tezalipu-qip-teliqulo-wuk-zah-peh-pofepilu-kuh-hiwaponu-puwirefa,teliqulo,,4828.8
5f33f48e7a8953257c8d5923,62bdfe451d380bec13a4a864,57,receiver,system,change,change-system,,system,1968.4
5f33f48e7a8953257c8d5923,62bdfe451d380bec13a4a864,58,sender,handle,change,tezalipu-qip-teliqulo-wuk-zah-peh-pofepilu-kuh-hiwaponu-puwirefa,hiwaponu,,5440.6
5f33f48e7a8953257c8d5923,62bdfe451d380bec13a4a864,59,receiver,credit,normal,normal-credit,,credit,2873.2
5f33f48e7a8953257c8d5923,62bdfe451d380bec13a4a864,60,sender,handle,window,tezalipu-qip-teliqulo-wuk-zah-peh-pofepilu-kuh-hiwaponu-puwirefa,hiwaponu,,3516.3
5f33f48e7a8953257c8d5923,62bdfe451d380bec13a4a864,61,receiver,people,normal,people-normal,,normal,2170.3
5f33f48e7a8953257c8d5923,62bdfe451d380bec13a4a864,62,sender,system,window,tezalipu-qip-teliqulo-wuk-zah-peh-pofepilu-kuh-hiwaponu-puwirefa,teliqulo,,3959.7
5f33f48e7a8953257c8d5923,62bdfe451d380bec13a4a864,63,receiver,credit,window,window-credit,,window,3854.3
5f33f48e7a8953257c8d5923,62bdfe451d380bec13a4a864,64,sender,credit,window,tezalipu-qip-teliqulo-wuk-zah-peh-pofepilu-kuh-hiwaponu-puwirefa,qip,,3988
5f33f48e7a8953257c8d5923,62bdfe451d380bec13a4a864,65,receiver,handle,change,change-handle,,change,3071.3
5f33f48e7a8953257c8d5923,62bdfe451d380bec13a4a864,66,sender,credit,number,tezalipu-qip-teliqulo-wuk-zah-peh-pofepilu-kuh-hiwaponu-puwirefa,pofepilu,,9509.6
5f33f48e7a8953257c8d5923,62bdfe451d380bec13a4a864,67,receiver,system,people,system-people,,system,4315.9
5f33f48e7a8953257c8d5923,62bdfe451d380bec13a4a864,68,sender,people,change,tezalipu-qip-teliqulo-wuk-zah-peh-pofepilu-kuh-hiwaponu-puwirefa,pofepilu,,2487.9
5f33f48e7a8953257c8d5923,62bdfe451d380bec13a4a864,69,receiver,second,normal,normal-second,,second,10428.4
5f33f48e7a8953257c8d5923,62bdfe451d380bec13a4a864,70,sender,change,number,tezalipu-qip-teliqulo-wuk-zah-peh-pofepilu-kuh-hiwaponu-puwirefa,pofepilu,,18701.5
5f33f48e7a8953257c8d5923,62bdfe451d380bec13a4a864,71,receiver,number,coffee,coffee-number,,coffee,18145.2
5f33f48e7a8953257c8d5923,62bdfe451d380bec13a4a864,72,sender,change,number,tezalipu-qip-teliqulo-wuk-zah-peh-pofepilu-kuh-hiwaponu-puwirefa,teliqulo,,6096.9
5f33f48e7a8953257c8d5923,62bdfe451d380bec13a4a864,73,receiver,system,people,system-people,,people,26329.5
5f33f48e7a8953257c8d5923,62bdfe451d380bec13a4a864,74,sender,system,handle,tezalipu-qip-teliqulo-wuk-zah-peh-pofepilu-kuh-hiwaponu-puwirefa,teliqulo,,3910.4
5f33f48e7a8953257c8d5923,62bdfe451d380bec13a4a864,75,receiver,number,coffee,number-coffee,,number,4560.2
5f33f48e7a8953257c8d5923,62bdfe451d380bec13a4a864,76,sender,change,credit,tezalipu-qip-teliqulo-wuk-zah-peh-pofepilu-kuh-hiwaponu-puwirefa,puwirefa,,6117.5
5f33f48e7a8953257c8d5923,62bdfe451d380bec13a4a864,77,receiver,system,people,system-people,,people,6067.3
5f33f48e7a8953257c8d5923,62bdfe451d380bec13a4a864,78,sender,credit,window,tezalipu-qip-teliqulo-wuk-zah-peh-pofepilu-kuh-hiwaponu-puwirefa,pofepilu,,4557.4
5f33f48e7a8953257c8d5923,62bdfe451d380bec13a4a864,79,receiver,handle,coffee,coffee-handle,,handle,19828.9
5f33f48e7a8953257c8d5923,62bdfe451d380bec13a4a864,80,sender,system,people,tezalipu-qip-teliqulo-wuk-zah-peh-pofepilu-kuh-hiwaponu-puwirefa,teliqulo,,4593
5f33f48e7a8953257c8d5923,62bdfe451d380bec13a4a864,81,receiver,handle,change,change-handle,,change,4694.9
5f33f48e7a8953257c8d5923,62bdfe451d380bec13a4a864,82,sender,second,coffee,tezalipu-qip-teliqulo-wuk-zah-peh-pofepilu-kuh-hiwaponu-puwirefa,pofepilu,,6552.7
5f33f48e7a8953257c8d5923,62bdfe451d380bec13a4a864,83,receiver,window,number,number-window,,window,4114.3
5f33f48e7a8953257c8d5923,62bdfe451d380bec13a4a864,84,sender,system,credit,tezalipu-qip-teliqulo-wuk-zah-peh-pofepilu-kuh-hiwaponu-puwirefa,teliqulo,,3312.9
5f33f48e7a8953257c8d5923,62bdfe451d380bec13a4a864,85,receiver,credit,number,credit-number,,number,4198.4
5f33f48e7a8953257c8d5923,62bdfe451d380bec13a4a864,86,sender,window,normal,tezalipu-qip-teliqulo-wuk-zah-peh-pofepilu-kuh-hiwaponu-puwirefa,wuk,,6571
5f33f48e7a8953257c8d5923,62bdfe451d380bec13a4a864,87,receiver,handle,change,change-handle,,change,2016.6
5f33f48e7a8953257c8d5923,62bdfe451d380bec13a4a864,88,sender,number,normal,tezalipu-qip-teliqulo-wuk-zah-peh-pofepilu-kuh-hiwaponu-puwirefa,qip,,4552.1
5f33f48e7a8953257c8d5923,62bdfe451d380bec13a4a864,89,receiver,number,normal,normal-number,,normal,2931.1
5f33f48e7a8953257c8d5923,62bdfe451d380bec13a4a864,90,sender,handle,second,tezalipu-qip-teliqulo-wuk-zah-peh-pofepilu-kuh-hiwaponu-puwirefa,hiwaponu,,6215.4
5f33f48e7a8953257c8d5923,62bdfe451d380bec13a4a864,91,receiver,second,normal,normal-second,,second,2667.3
5f33f48e7a8953257c8d5923,62bdfe451d380bec13a4a864,92,sender,handle,coffee,tezalipu-qip-teliqulo-wuk-zah-peh-pofepilu-kuh-hiwaponu-puwirefa,hiwaponu,,2159.2
5f33f48e7a8953257c8d5923,62bdfe451d380bec13a4a864,93,receiver,number,normal,normal-number,,number,3938.8
5f33f48e7a8953257c8d5923,62bdfe451d380bec13a4a864,94,sender,second,number,tezalipu-qip-teliqulo-wuk-zah-peh-pofepilu-kuh-hiwaponu-puwirefa,tezalipu,,5945.8
5f33f48e7a8953257c8d5923,62bdfe451d380bec13a4a864,95,receiver,credit,window,credit-window,,credit,5068.2
5f33f48e7a8953257c8d5923,62bdfe451d380bec13a4a864,96,sender,credit,window,tezalipu-qip-teliqulo-wuk-zah-peh-pofepilu-kuh-hiwaponu-puwirefa,puwirefa,,5311.6
5f33f48e7a8953257c8d5923,62bdfe451d380bec13a4a864,97,receiver,people,second,people-second,,second,2449.3
5f33f48e7a8953257c8d5923,62bdfe451d380bec13a4a864,98,sender,system,normal,tezalipu-qip-teliqulo-wuk-zah-peh-pofepilu-kuh-hiwaponu-puwirefa,teliqulo,,2954.4
5f33f48e7a8953257c8d5923,62bdfe451d380bec13a4a864,99,receiver,system,people,people-system,,system,4577
5f33f48e7a8953257c8d5923,62bdfe451d380bec13a4a864,100,sender,credit,second,tezalipu-qip-teliqulo-wuk-zah-peh-pofepilu-kuh-hiwaponu-puwirefa,tezalipu,,3292.2
5f33f48e7a8953257c8d5923,62bdfe451d380bec13a4a864,101,receiver,change,window,change-window,,window,2587.8
5f33f48e7a8953257c8d5923,62bdfe451d380bec13a4a864,102,sender,system,number,tezalipu-qip-teliqulo-wuk-zah-peh-pofepilu-kuh-hiwaponu-puwirefa,teliqulo,,3625.7
5f33f48e7a8953257c8d5923,62bdfe451d380bec13a4a864,103,receiver,second,normal,second-normal,,second,3375.3
5f33f48e7a8953257c8d5923,62bdfe451d380bec13a4a864,104,sender,system,people,tezalipu-qip-teliqulo-wuk-zah-peh-pofepilu-kuh-hiwaponu-puwirefa,teliqulo,,4163.5
5f33f48e7a8953257c8d5923,62bdfe451d380bec13a4a864,105,receiver,handle,normal,normal-handle,,handle,2220.2
5f33f48e7a8953257c8d5923,62bdfe451d380bec13a4a864,106,sender,window,second,tezalipu-qip-teliqulo-wuk-zah-peh-pofepilu-kuh-hiwaponu-puwirefa,wuk,,3392.8
5f33f48e7a8953257c8d5923,62bdfe451d380bec13a4a864,107,receiver,handle,change,change-handle,,handle,2888.1
5f33f48e7a8953257c8d5923,62bdfe451d380bec13a4a864,108,sender,people,coffee,tezalipu-qip-teliqulo-wuk-zah-peh-pofepilu-kuh-hiwaponu-puwirefa,pofepilu,,2572.3
5f33f48e7a8953257c8d5923,62bdfe451d380bec13a4a864,109,receiver,people,credit,credit-people,,credit,2195.5
5f33f48e7a8953257c8d5923,62bdfe451d380bec13a4a864,110,sender,number,coffee,tezalipu-qip-teliqulo-wuk-zah-peh-pofepilu-kuh-hiwaponu-puwirefa,puwirefa,,4297.1
5f33f48e7a8953257c8d5923,62bdfe451d380bec13a4a864,111,receiver,second,number,number-second,,second,3318.5
5f33f48e7a8953257c8d5923,62bdfe451d380bec13a4a864,112,sender,window,second,tezalipu-qip-teliqulo-wuk-zah-peh-pofepilu-kuh-hiwaponu-puwirefa,wuk,,6128.2
5f33f48e7a8953257c8d5923,62bdfe451d380bec13a4a864,113,receiver,coffee,normal,coffee-normal,,coffee,4104.4
5f33f48e7a8953257c8d5923,62bdfe451d380bec13a4a864,114,sender,change,normal,tezalipu-qip-teliqulo-wuk-zah-peh-pofepilu-kuh-hiwaponu-puwirefa,qip,,5480.5
5f33f48e7a8953257c8d5923,62bdfe451d380bec13a4a864,115,receiver,system,coffee,system-coffee,,system,11828.8
5f33f48e7a8953257c8d5923,62bdfe451d380bec13a4a864,116,sender,second,coffee,tezalipu-qip-teliqulo-wuk-zah-peh-pofepilu-kuh-hiwaponu-puwirefa,tezalipu,,5190.2
5f33f48e7a8953257c8d5923,62bdfe451d380bec13a4a864,117,receiver,handle,change,handle-change,,handle,2209.5
5f33f48e7a8953257c8d5923,62bdfe451d380bec13a4a864,118,sender,system,second,tezalipu-qip-teliqulo-wuk-zah-peh-pofepilu-kuh-hiwaponu-puwirefa,tezalipu,,2665.3
5f33f48e7a8953257c8d5923,62bdfe451d380bec13a4a864,119,receiver,people,number,people-number,,number,3289.2
5f33f48e7a8953257c8d5923,62bdfe451d380bec13a4a864,120,sender,number,coffee,tezalipu-qip-teliqulo-wuk-zah-peh-pofepilu-kuh-hiwaponu-puwirefa,zah,,6655.5
5f33f48e7a8953257c8d5923,62bdfe451d380bec13a4a864,121,receiver,people,normal,normal-people,,people,2877.6
5f33f48e7a8953257c8d5923,62bdfe451d380bec13a4a864,122,sender,change,coffee,tezalipu-qip-teliqulo-wuk-zah-peh-pofepilu-kuh-hiwaponu-puwirefa,puwirefa,,4110
5f33f48e7a8953257c8d5923,62bdfe451d380bec13a4a864,123,receiver,system,people,people-system,,system,2823.1
5f33f48e7a8953257c8d5923,62bdfe451d380bec13a4a864,124,sender,window,coffee,tezalipu-qip-teliqulo-wuk-zah-peh-pofepilu-kuh-hiwaponu-puwirefa,wuk,,6344.3
5f33f48e7a8953257c8d5923,62bdfe451d380bec13a4a864,125,receiver,system,change,change-system,,system,2602.1
5f33f48e7a8953257c8d5923,62bdfe451d380bec13a4a864,126,sender,coffee,normal,tezalipu-qip-teliqulo-wuk-zah-peh-pofepilu-kuh-hiwaponu-puwirefa,kuh,,3652.4
5f33f48e7a8953257c8d5923,62bdfe451d380bec13a4a864,127,receiver,handle,change,handle-change,,handle,1893.3
5f33f48e7a8953257c8d5923,62bdfe451d380bec13a4a864,128,sender,people,coffee,tezalipu-qip-teliqulo-wuk-zah-peh-pofepilu-kuh-hiwaponu-puwirefa,hiwaponu,,6177.3
5f33f48e7a8953257c8d5923,62bdfe451d380bec13a4a864,129,receiver,credit,coffee,credit-coffee,,credit,5022.5
5f33f48e7a8953257c8d5923,62bdfe451d380bec13a4a864,130,sender,people,credit,tezalipu-qip-teliqulo-wuk-zah-peh-pofepilu-kuh-hiwaponu-puwirefa,pofepilu,,4164.3
5f33f48e7a8953257c8d5923,62bdfe451d380bec13a4a864,131,receiver,system,credit,system-credit,,system,3433.3
5f33f48e7a8953257c8d5923,62bdfe451d380bec13a4a864,132,sender,window,number,tezalipu-qip-teliqulo-wuk-zah-peh-pofepilu-kuh-hiwaponu-puwirefa,wuk,,4504.9
5f33f48e7a8953257c8d5923,62bdfe451d380bec13a4a864,133,receiver,number,coffee,coffee-number,,number,3457.8
5f33f48e7a8953257c8d5923,62bdfe451d380bec13a4a864,134,sender,second,normal,tezalipu-qip-teliqulo-wuk-zah-peh-pofepilu-kuh-hiwaponu-puwirefa,puwirefa,,6275.7
5f33f48e7a8953257c8d5923,62bdfe451d380bec13a4a864,135,receiver,people,window,people-window,,people,3185.5