participant_id, partner_id, trial_index, trial_type, target_meaning, foil_meaning,             choices, signal_selected, meaning_guess, rt
62bdfe451d380bec13a4a864,5f33f48e7a8953257c8d5923,1,sender,second,coffee,tezalipu-qip-teliqulo-wuk-zah-peh-pofepilu-kuh-hiwaponu-puwirefa,kuh,,15599
62bdfe451d380bec13a4a864,5f33f48e7a8953257c8d5923,2,receiver,system,people,system-people,,people,12975.4
62bdfe451d380bec13a4a864,5f33f48e7a8953257c8d5923,3,sender,change,window,tezalipu-qip-teliqulo-wuk-zah-peh-pofepilu-kuh-hiwaponu-puwirefa,wuk,,28446.1
62bdfe451d380bec13a4a864,5f33f48e7a8953257c8d5923,4,receiver,credit,window,credit-window,,credit,8239
62bdfe451d380bec13a4a864,5f33f48e7a8953257c8d5923,5,sender,credit,window,tezalipu-qip-teliqulo-wuk-zah-peh-pofepilu-kuh-hiwaponu-puwirefa,peh,,38673.7
62bdfe451d380bec13a4a864,5f33f48e7a8953257c8d5923,6,receiver,handle,change,handle-change,,change,2110.9
62bdfe451d380bec13a4a864,5f33f48e7a8953257c8d5923,7,sender,handle,second,tezalipu-qip-teliqulo-wuk-zah-peh-pofepilu-kuh-hiwaponu-puwirefa,tezalipu,,3800.8
62bdfe451d380bec13a4a864,5f33f48e7a8953257c8d5923,8,receiver,change,coffee,coffee-change,,coffee,4226.8
62bdfe451d380bec13a4a864,5f33f48e7a8953257c8d5923,9,sender,handle,change,tezalipu-qip-teliqulo-wuk-zah-peh-pofepilu-kuh-hiwaponu-puwirefa,hiwaponu,,6127.2
62bdfe451d380bec13a4a864,5f33f48e7a8953257c8d5923,10,receiver,handle,credit,handle-credit,,credit,3084.6
62bdfe451d380bec13a4a864,5f33f48e7a8953257c8d5923,11,sender,handle,change,tezalipu-qip-teliqulo-wuk-zah-peh-pofepilu-kuh-hiwaponu-puwirefa,hiwaponu,,3753
62bdfe451d380bec13a4a864,5f33f48e7a8953257c8d5923,12,receiver,system,handle,handle-system,,handle,3273
62bdfe451d380bec13a4a864,5f33f48e7a8953257c8d5923,13,sender,credit,window,tezalipu-qip-teliqulo-wuk-zah-peh-pofepilu-kuh-hiwaponu-puwirefa,hiwaponu,,3731.2
62bdfe451d380bec13a4a864,5f33f48e7a8953257c8d5923,14,receiver,number,normal,normal-number,,normal,1789.7
62bdfe451d380bec13a4a864,5f33f48e7a8953257c8d5923,15,sender,window,coffee,tezalipu-qip-teliqulo-wuk-zah-peh-pofepilu-kuh-hiwaponu-puwirefa,qip,,6860.9
62bdfe451d380bec13a4a864,5f33f48e7a8953257c8d5923,16,receiver,handle,normal,normal-handle,,normal,5008.9
62bdfe451d380bec13a4a864,5f33f48e7a8953257c8d5923,17,sender,people,number,tezalipu-qip-teliqulo-wuk-zah-peh-pofepilu-kuh-hiwaponu-puwirefa,puwirefa,,5077.3
62bdfe451d380bec13a4a864,5f33f48e7a8953257c8d5923,18,receiver,credit,window,window-credit,,window,2894
62bdfe451d380bec13a4a864,5f33f48e7a8953257c8d5923,19,sender,people,window,tezalipu-qip-teliqulo-wuk-zah-peh-pofepilu-kuh-hiwaponu-puwirefa,zah,,2159.3
62bdfe451d380bec13a4a864,5f33f48e7a8953257c8d5923,20,receiver,people,handle,people-handle,,handle,3061.5
62bdfe451d380bec13a4a864,5f33f48e7a8953257c8d5923,21,sender,second,coffee,tezalipu-qip-teliqulo-wuk-zah-peh-pofepilu-kuh-hiwaponu-puwirefa,wuk,,6479
62bdfe451d380bec13a4a864,5f33f48e7a8953257c8d5923,22,receiver,change,credit,change-credit,,credit,1505.4
62bdfe451d380bec13a4a864,5f33f48e7a8953257c8d5923,23,sender,handle,number,tezalipu-qip-teliqulo-wuk-zah-peh-pofepilu-kuh-hiwaponu-puwirefa,kuh,,2452.8
62bdfe451d380bec13a4a864,5f33f48e7a8953257c8d5923,24,receiver,change,second,second-change,,change,1277.9
62bdfe451d380bec13a4a864,5f33f48e7a8953257c8d5923,25,sender,second,number,tezalipu-qip-teliqulo-wuk-zah-peh-pofepilu-kuh-hiwaponu-puwirefa,peh,,8131.3
62bdfe451d380bec13a4a864,5f33f48e7a8953257c8d5923,26,receiver,credit,normal,credit-normal,,normal,1375.9
62bdfe451d380bec13a4a864,5f33f48e7a8953257c8d5923,27,sender,second,number,tezalipu-qip-teliqulo-wuk-zah-peh-pofepilu-kuh-hiwaponu-puwirefa,hiwaponu,,3454.9
62bdfe451d380bec13a4a864,5f33f48e7a8953257c8d5923,28,receiver,coffee,normal,normal-coffee,,normal,1726.3
62bdfe451d380bec13a4a864,5f33f48e7a8953257c8d5923,29,sender,handle,number,tezalipu-qip-teliqulo-wuk-zah-peh-pofepilu-kuh-hiwaponu-puwirefa,qip,,2393.5
62bdfe451d380bec13a4a864,5f33f48e7a8953257c8d5923,30,receiver,system,coffee,coffee-system,,system,2133.4
62bdfe451d380bec13a4a864,5f33f48e7a8953257c8d5923,31,sender,credit,coffee,tezalipu-qip-teliqulo-wuk-zah-peh-pofepilu-kuh-hiwaponu-puwirefa,puwirefa,,2859.2
62bdfe451d380bec13a4a864,5f33f48e7a8953257c8d5923,32,receiver,second,number,number-second,,number,2406.1
62bdfe451d380bec13a4a864,5f33f48e7a8953257c8d5923,33,sender,window,normal,tezalipu-qip-teliqulo-wuk-zah-peh-pofepilu-kuh-hiwaponu-puwirefa,wuk,,2098.3
62bdfe451d380bec13a4a864,5f33f48e7a8953257c8d5923,34,receiver,handle,change,handle-change,,handle,1997.4
62bdfe451d380bec13a4a864,5f33f48e7a8953257c8d5923,35,sender,handle,window,tezalipu-qip-teliqulo-wuk-zah-peh-pofepilu-kuh-hiwaponu-puwirefa,peh,,7223.9
62bdfe451d380bec13a4a864,5f33f48e7a8953257c8d5923,36,receiver,people,handle,people-handle,,people,1653.1
62bdfe451d380bec13a4a864,5f33f48e7a8953257c8d5923,37,sender,system,second,tezalipu-qip-teliqulo-wuk-zah-peh-pofepilu-kuh-hiwaponu-puwirefa,teliqulo,,4792.7
62bdfe451d380bec13a4a864,5f33f48e7a8953257c8d5923,38,receiver,system,people,people-system,,people,2096
62bdfe451d380bec13a4a864,5f33f48e7a8953257c8d5923,39,sender,people,change,tezalipu-qip-teliqulo-wuk-zah-peh-pofepilu-kuh-hiwaponu-puwirefa,teliqulo,,3001
62bdfe451d380bec13a4a864,5f33f48e7a8953257c8d5923,40,receiver,system,people,system-people,,people,1315
62bdfe451d380bec13a4a864,5f33f48e7a8953257c8d5923,41,sender,change,second,tezalipu-qip-teliqulo-wuk-zah-peh-pofepilu-kuh-hiwaponu-puwirefa,hiwaponu,,4042.9
62bdfe451d380bec13a4a864,5f33f48e7a8953257c8d5923,42,receiver,coffee,normal,coffee-normal,,coffee,1566.3
62bdfe451d380bec13a4a864,5f33f48e7a8953257c8d5923,43,sender,system,window,tezalipu-qip-teliqulo-wuk-zah-peh-pofepilu-kuh-hiwaponu-puwirefa,tezalipu,,3279.9
62bdfe451d380bec13a4a864,5f33f48e7a8953257c8d5923,44,receiver,number,normal,number-normal,,normal,3404.3
62bdfe451d380bec13a4a864,5f33f48e7a8953257c8d5923,45,sender,second,coffee,tezalipu-qip-teliqulo-wuk-zah-peh-pofepilu-kuh-hiwaponu-puwirefa,zah,,5685.3
62bdfe451d380bec13a4a864,5f33f48e7a8953257c8d5923,46,receiver,change,normal,change-normal,,change,3286.2
62bdfe451d380bec13a4a864,5f33f48e7a8953257c8d5923,47,sender,handle,credit,tezalipu-qip-teliqulo-wuk-zah-peh-pofepilu-kuh-hiwaponu-puwirefa,hiwaponu,,6121
62bdfe451d380bec13a4a864,5f33f48e7a8953257c8d5923,48,receiver,system,normal,system-normal,,system,5908
62bdfe451d380bec13a4a864,5f33f48e7a8953257c8d5923,49,sender,credit,second,tezalipu-qip-teliqulo-wuk-zah-peh-pofepilu-kuh-hiwaponu-puwirefa,puwirefa,,9740.8
62bdfe451d380bec13a4a864,5f33f48e7a8953257c8d5923,50,receiver,system,number,system-number,,number,7920.1
62bdfe451d380bec13a4a864,5f33f48e7a8953257c8d5923,51,sender,credit,window,tezalipu-qip-teliqulo-wuk-zah-peh-pofepilu-kuh-hiwaponu-puwirefa,wuk,,12130.3
62bdfe451d380bec13a4a864,5f33f48e7a8953257c8d5923,52,receiver,credit,window,credit-window,,credit,9765.9
62bdfe451d380bec13a4a864,5f33f48e7a8953257c8d5923,53,sender,people,second,tezalipu-qip-teliqulo-wuk-zah-peh-pofepilu-kuh-hiwaponu-puwirefa,teliqulo,,10576.2
62bdfe451d380bec13a4a864,5f33f48e7a8953257c8d5923,54,receiver,system,people,system-people,,people,3624.5
62bdfe451d380bec13a4a864,5f33f48e7a8953257c8d5923,55,sender,coffee,normal,tezalipu-qip-teliqulo-wuk-zah-peh-pofepilu-kuh-hiwaponu-puwirefa,kuh,,10816.8
62bdfe451d380bec13a4a864,5f33f48e7a8953257c8d5923,56,receiver,second,normal,normal-second,,normal,2066.8
62bdfe451d380bec13a4a864,5f33f48e7a8953257c8d5923,57,sender,system,change,tezalipu-qip-teliqulo-wuk-zah-peh-pofepilu-kuh-hiwaponu-puwirefa,tezalipu,,6469.4
62bdfe451d380bec13a4a864,5f33f48e7a8953257c8d5923,58,receiver,handle,change,handle-change,,change,4958
62bdfe451d380bec13a4a864,5f33f48e7a8953257c8d5923,59,sender,credit,normal,tezalipu-qip-teliqulo-wuk-zah-peh-pofepilu-kuh-hiwaponu-puwirefa,puwirefa,,6627.5
62bdfe451d380bec13a4a864,5f33f48e7a8953257c8d5923,60,receiver,handle,window,window-handle,,handle,1901.4
62bdfe451d380bec13a4a864,5f33f48e7a8953257c8d5923,61,sender,people,normal,tezalipu-qip-teliqulo-wuk-zah-peh-pofepilu-kuh-hiwaponu-puwirefa,qip,,6176.5
62bdfe451d380bec13a4a864,5f33f48e7a8953257c8d5923,62,receiver,system,window,system-window,,system,4326.5
62bdfe451d380bec13a4a864,5f33f48e7a8953257c8d5923,63,sender,credit,window,tezalipu-qip-teliqulo-wuk-zah-peh-pofepilu-kuh-hiwaponu-puwirefa,hiwaponu,,7913.8
62bdfe451d380bec13a4a864,5f33f48e7a8953257c8d5923,64,receiver,credit,window,credit-window,,window,5443.2
62bdfe451d380bec13a4a864,5f33f48e7a8953257c8d5923,65,sender,handle,change,tezalipu-qip-teliqulo-wuk-zah-peh-pofepilu-kuh-hiwaponu-puwirefa,tezalipu,,8740.9
62bdfe451d380bec13a4a864,5f33f48e7a8953257c8d5923,66,receiver,credit,number,number-credit,,number,3483.7
62bdfe451d380bec13a4a864,5f33f48e7a8953257c8d5923,67,sender,system,people,tezalipu-qip-teliqulo-wuk-zah-peh-pofepilu-kuh-hiwaponu-puwirefa,teliqulo,,4749.6
62bdfe451d380bec13a4a864,5f33f48e7a8953257c8d5923,68,receiver,people,change,change-people,,change,3265.6
62bdfe451d380bec13a4a864,5f33f48e7a8953257c8d5923,69,sender,second,normal,tezalipu-qip-teliqulo-wuk-zah-peh-pofepilu-kuh-hiwaponu-puwirefa,qip,,4060.7
62bdfe451d380bec13a4a864,5f33f48e7a8953257c8d5923,70,receiver,change,number,change-number,,number,2980.2
62bdfe451d380bec13a4a864,5f33f48e7a8953257c8d5923,71,sender,number,coffee,tezalipu-qip-teliqulo-wuk-zah-peh-pofepilu-kuh-hiwaponu-puwirefa,kuh,,2664.6
62bdfe451d380bec13a4a864,5f33f48e7a8953257c8d5923,72,receiver,change,number,number-change,,number,2679.9
62bdfe451d380bec13a4a864,5f33f48e7a8953257c8d5923,73,sender,system,people,tezalipu-qip-teliqulo-wuk-zah-peh-pofepilu-kuh-hiwaponu-puwirefa,tezalipu,,3255.1
62bdfe451d380bec13a4a864,5f33f48e7a8953257c8d5923,74,receiver,system,handle,handle-system,,system,6146.9
62bdfe451d380bec13a4a864,5f33f48e7a8953257c8d5923,75,sender,number,coffee,tezalipu-qip-teliqulo-wuk-zah-peh-pofepilu-kuh-hiwaponu-puwirefa,tezalipu,,9792.5
62bdfe451d380bec13a4a864,5f33f48e7a8953257c8d5923,76,receiver,change,credit,change-credit,,credit,5260.9
62bdfe451d380bec13a4a864,5f33f48e7a8953257c8d5923,77,sender,system,people,tezalipu-qip-teliqulo-wuk-zah-peh-pofepilu-kuh-hiwaponu-puwirefa,tezalipu,,9047.6
62bdfe451d380bec13a4a864,5f33f48e7a8953257c8d5923,78,receiver,credit,window,window-credit,,credit,2387.7
62bdfe451d380bec13a4a864,5f33f48e7a8953257c8d5923,79,sender,handle,coffee,tezalipu-qip-teliqulo-wuk-zah-peh-pofepilu-kuh-hiwaponu-puwirefa,hiwaponu,,5087.2
62bdfe451d380bec13a4a864,5f33f48e7a8953257c8d5923,80,receiver,system,people,people-system,,system,1614.6
62bdfe451d380bec13a4a864,5f33f48e7a8953257c8d5923,81,sender,handle,change,tezalipu-qip-teliqulo-wuk-zah-peh-pofepilu-kuh-hiwaponu-puwirefa,puwirefa,,3727.6
62bdfe451d380bec13a4a864,5f33f48e7a8953257c8d5923,82,receiver,second,coffee,second-coffee,,second,2309.2
62bdfe451d380bec13a4a864,5f33f48e7a8953257c8d5923,83,sender,window,number,tezalipu-qip-teliqulo-wuk-zah-peh-pofepilu-kuh-hiwaponu-puwirefa,hiwaponu,,3444.2
62bdfe451d380bec13a4a864,5f33f48e7a8953257c8d5923,84,receiver,system,credit,system-credit,,system,1971.3
62bdfe451d380bec13a4a864,5f33f48e7a8953257c8d5923,85,sender,credit,number,tezalipu-qip-teliqulo-wuk-zah-peh-pofepilu-kuh-hiwaponu-puwirefa,hiwaponu,,2255.2
62bdfe451d380bec13a4a864,5f33f48e7a8953257c8d5923,86,receiver,window,normal,window-normal,,normal,1539.2
62bdfe451d380bec13a4a864,5f33f48e7a8953257c8d5923,87,sender,handle,change,tezalipu-qip-teliqulo-wuk-zah-peh-pofepilu-kuh-hiwaponu-puwirefa,puwirefa,,2457
62bdfe451d380bec13a4a864,5f33f48e7a8953257c8d5923,88,receiver,number,normal,normal-number,,normal,2022.1
62bdfe451d380bec13a4a864,5f33f48e7a8953257c8d5923,89,sender,number,normal,tezalipu-qip-teliqulo-wuk-zah-peh-pofepilu-kuh-hiwaponu-puwirefa,qip,,4368
62bdfe451d380bec13a4a864,5f33f48e7a8953257c8d5923,90,receiver,handle,second,second-handle,,handle,2151.8
62bdfe451d380bec13a4a864,5f33f48e7a8953257c8d5923,91,sender,second,normal,tezalipu-qip-teliqulo-wuk-zah-peh-pofepilu-kuh-hiwaponu-puwirefa,kuh,,3276.1
62bdfe451d380bec13a4a864,5f33f48e7a8953257c8d5923,92,receiver,handle,coffee,coffee-handle,,handle,5417.5
62bdfe451d380bec13a4a864,5f33f48e7a8953257c8d5923,93,sender,number,normal,tezalipu-qip-teliqulo-wuk-zah-peh-pofepilu-kuh-hiwaponu-puwirefa,qip,,5190.8
62bdfe451d380bec13a4a864,5f33f48e7a8953257c8d5923,94,receiver,second,number,second-number,,number,3139.9
62bdfe451d380bec13a4a864,5f33f48e7a8953257c8d5923,95,sender,credit,window,tezalipu-qip-teliqulo-wuk-zah-peh-pofepilu-kuh-hiwaponu-puwirefa,puwirefa,,4007.6
62bdfe451d380bec13a4a864,5f33f48e7a8953257c8d5923,96,receiver,credit,window,window-credit,,credit,2755
62bdfe451d380bec13a4a864,5f33f48e7a8953257c8d5923,97,sender,people,second,tezalipu-qip-teliqulo-wuk-zah-peh-pofepilu-kuh-hiwaponu-puwirefa,qip,,3792.1
62bdfe451d380bec13a4a864,5f33f48e7a8953257c8d5923,98,receiver,system,normal,normal-system,,system,2217.6
62bdfe451d380bec13a4a864,5f33f48e7a8953257c8d5923,99,sender,system,people,tezalipu-qip-teliqulo-wuk-zah-peh-pofepilu-kuh-hiwaponu-puwirefa,teliqulo,,3081.6
62bdfe451d380bec13a4a864,5f33f48e7a8953257c8d5923,100,receiver,credit,second,second-credit,,credit,2875.7
62bdfe451d380bec13a4a864,5f33f48e7a8953257c8d5923,101,sender,change,window,tezalipu-qip-teliqulo-wuk-zah-peh-pofepilu-kuh-hiwaponu-puwirefa,wuk,,2928.5
62bdfe451d380bec13a4a864,5f33f48e7a8953257c8d5923,102,receiver,system,number,number-system,,system,3313.1
62bdfe451d380bec13a4a864,5f33f48e7a8953257c8d5923,103,sender,second,normal,tezalipu-qip-teliqulo-wuk-zah-peh-pofepilu-kuh-hiwaponu-puwirefa,tezalipu,,3460.2
62bdfe451d380bec13a4a864,5f33f48e7a8953257c8d5923,104,receiver,system,people,system-people,,system,1456.5
62bdfe451d380bec13a4a864,5f33f48e7a8953257c8d5923,105,sender,handle,normal,tezalipu-qip-teliqulo-wuk-zah-peh-pofepilu-kuh-hiwaponu-puwirefa,hiwaponu,,5941.6
62bdfe451d380bec13a4a864,5f33f48e7a8953257c8d5923,106,receiver,window,second,window-second,,second,2114.2
62bdfe451d380bec13a4a864,5f33f48e7a8953257c8d5923,107,sender,handle,change,tezalipu-qip-teliqulo-wuk-zah-peh-pofepilu-kuh-hiwaponu-puwirefa,hiwaponu,,15998.2
62bdfe451d380bec13a4a864,5f33f48e7a8953257c8d5923,108,receiver,people,coffee,people-coffee,,coffee,2494.1
62bdfe451d380bec13a4a864,5f33f48e7a8953257c8d5923,109,sender,people,credit,tezalipu-qip-teliqulo-wuk-zah-peh-pofepilu-kuh-hiwaponu-puwirefa,kuh,,6399.5
62bdfe451d380bec13a4a864,5f33f48e7a8953257c8d5923,110,receiver,number,coffee,coffee-number,,coffee,2612.3
62bdfe451d380bec13a4a864,5f33f48e7a8953257c8d5923,111,sender,second,number,tezalipu-qip-teliqulo-wuk-zah-peh-pofepilu-kuh-hiwaponu-puwirefa,qip,,13475.9
62bdfe451d380bec13a4a864,5f33f48e7a8953257c8d5923,112,receiver,window,second,second-window,,second,5091.7
62bdfe451d380bec13a4a864,5f33f48e7a8953257c8d5923,113,sender,coffee,normal,tezalipu-qip-teliqulo-wuk-zah-peh-pofepilu-kuh-hiwaponu-puwirefa,wuk,,8189.6
62bdfe451d380bec13a4a864,5f33f48e7a8953257c8d5923,114,receiver,change,normal,change-normal,,normal,8161.2
62bdfe451d380bec13a4a864,5f33f48e7a8953257c8d5923,115,sender,system,coffee,tezalipu-qip-teliqulo-wuk-zah-peh-pofepilu-kuh-hiwaponu-puwirefa,teliqulo,,2498.1
62bdfe451d380bec13a4a864,5f33f48e7a8953257c8d5923,116,receiver,second,coffee,coffee-second,,second,2903.7
62bdfe451d380bec13a4a864,5f33f48e7a8953257c8d5923,117,sender,handle,change,tezalipu-qip-teliqulo-wuk-zah-peh-pofepilu-kuh-hiwaponu-puwirefa,hiwaponu,,2509.7
62bdfe451d380bec13a4a864,5f33f48e7a8953257c8d5923,118,receiver,system,second,system-second,,second,2194.4
62bdfe451d380bec13a4a864,5f33f48e7a8953257c8d5923,119,sender,people,number,tezalipu-qip-teliqulo-wuk-zah-peh-pofepilu-kuh-hiwaponu-puwirefa,peh,,29056.7
62bdfe451d380bec13a4a864,5f33f48e7a8953257c8d5923,120,receiver,number,coffee,number-coffee,,coffee,2997
62bdfe451d380bec13a4a864,5f33f48e7a8953257c8d5923,121,sender,people,normal,tezalipu-qip-teliqulo-wuk-zah-peh-pofepilu-kuh-hiwaponu-puwirefa,wuk,,17161.3
62bdfe451d380bec13a4a864,5f33f48e7a8953257c8d5923,122,receiver,change,coffee,coffee-change,,change,2832.9
62bdfe451d380bec13a4a864,5f33f48e7a8953257c8d5923,123,sender,system,people,tezalipu-qip-teliqulo-wuk-zah-peh-pofepilu-kuh-hiwaponu-puwirefa,teliqulo,,8930.2
62bdfe451d380bec13a4a864,5f33f48e7a8953257c8d5923,124,receiver,window,coffee,coffee-window,,window,4218.6
62bdfe451d380bec13a4a864,5f33f48e7a8953257c8d5923,125,sender,system,change,tezalipu-qip-teliqulo-wuk-zah-peh-pofepilu-kuh-hiwaponu-puwirefa,teliqulo,,2128.3
62bdfe451d380bec13a4a864,5f33f48e7a8953257c8d5923,126,receiver,coffee,normal,normal-coffee,,coffee,1844.1
62bdfe451d380bec13a4a864,5f33f48e7a8953257c8d5923,127,sender,handle,change,tezalipu-qip-teliqulo-wuk-zah-peh-pofepilu-kuh-hiwaponu-puwirefa,hiwaponu,,2670
62bdfe451d380bec13a4a864,5f33f48e7a8953257c8d5923,128,receiver,people,coffee,coffee-people,,people,2477
62bdfe451d380bec13a4a864,5f33f48e7a8953257c8d5923,129,sender,credit,coffee,tezalipu-qip-teliqulo-wuk-zah-peh-pofepilu-kuh-hiwaponu-puwirefa,hiwaponu,,12419.8
62bdfe451d380bec13a4a864,5f33f48e7a8953257c8d5923,130,receiver,people,credit,credit-people,,credit,1680.3
62bdfe451d380bec13a4a864,5f33f48e7a8953257c8d5923,131,sender,system,credit,tezalipu-qip-teliqulo-wuk-zah-peh-pofepilu-kuh-hiwaponu-puwirefa,teliqulo,,2918.9
62bdfe451d380bec13a4a864,5f33f48e7a8953257c8d5923,132,receiver,window,number,window-number,,window,1678.7
62bdfe451d380bec13a4a864,5f33f48e7a8953257c8d5923,133,sender,number,coffee,tezalipu-qip-teliqulo-wuk-zah-peh-pofepilu-kuh-hiwaponu-puwirefa,pofepilu,,21279.1
62bdfe451d380bec13a4a864,5f33f48e7a8953257c8d5923,134,receiver,second,normal,normal-second,,normal,1533.7
62bdfe451d380bec13a4a864,5f33f48e7a8953257c8d5923,135,sender,people,window,tezalipu-qip-teliqulo-wuk-zah-peh-pofepilu-kuh-hiwaponu-puwirefa,pofepilu,,8195.4