participant_id, partner_id, trial_index, trial_type, target_meaning, foil_meaning,             choices, signal_selected, meaning_guess, rt
5a0482efdf3fa800015c3374,609bc1566a1991b0d875fb35,1,receiver,school,design,design-school,,design,4196.5
5a0482efdf3fa800015c3374,609bc1566a1991b0d875fb35,2,sender,credit,change,saqotiwe-puwirefa-zah-ralonefi-wuk-pofepilu-hix-qux-tezalipu-kuh,zah,,7916.8
5a0482efdf3fa800015c3374,609bc1566a1991b0d875fb35,3,receiver,garden,normal,garden-normal,,garden,3376.5
5a0482efdf3fa800015c3374,609bc1566a1991b0d875fb35,4,sender,design,health,saqotiwe-puwirefa-zah-ralonefi-wuk-pofepilu-hix-qux-tezalipu-kuh,ralonefi,,4341.6
5a0482efdf3fa800015c3374,609bc1566a1991b0d875fb35,5,receiver,garden,normal,normal-garden,,garden,3680.6
5a0482efdf3fa800015c3374,609bc1566a1991b0d875fb35,6,sender,handle,design,saqotiwe-puwirefa-zah-ralonefi-wuk-pofepilu-hix-qux-tezalipu-kuh,qux,,4594.6
5a0482efdf3fa800015c3374,609bc1566a1991b0d875fb35,7,receiver,garden,handle,garden-handle,,garden,2049.2
5a0482efdf3fa800015c3374,609bc1566a1991b0d875fb35,8,sender,school,health,saqotiwe-puwirefa-zah-ralonefi-wuk-pofepilu-hix-qux-tezalipu-kuh,tezalipu,,6081.8
5a0482efdf3fa800015c3374,609bc1566a1991b0d875fb35,9,receiver,branch,health,health-branch,,health,2906.3
5a0482efdf3fa800015c3374,609bc1566a1991b0d875fb35,10,sender,change,design,saqotiwe-puwirefa-zah-ralonefi-wuk-pofepilu-hix-qux-tezalipu-kuh,ralonefi,,3731.1
5a0482efdf3fa800015c3374,609bc1566a1991b0d875fb35,11,receiver,change,garden,garden-change,,change,2319.6
5a0482efdf3fa800015c3374,609bc1566a1991b0d875fb35,12,sender,change,school,saqotiwe-puwirefa-zah-ralonefi-wuk-pofepilu-hix-qux-tezalipu-kuh,tezalipu,,7582.9
5a0482efdf3fa800015c3374,609bc1566a1991b0d875fb35,13,receiver,change,school,change-school,,school,2717.9
5a0482efdf3fa800015c3374,609bc1566a1991b0d875fb35,14,sender,handle,health,saqotiwe-puwirefa-zah-ralonefi-wuk-pofepilu-hix-qux-tezalipu-kuh,saqotiwe,,9647.4
5a0482efdf3fa800015c3374,609bc1566a1991b0d875fb35,15,receiver,design,health,health-design,,health,2971.1
5a0482efdf3fa800015c3374,609bc1566a1991b0d875fb35,16,sender,credit,garden,saqotiwe-puwirefa-zah-ralonefi-wuk-pofepilu-hix-qux-tezalipu-kuh,puwirefa,,3813.5
5a0482efdf3fa800015c3374,609bc1566a1991b0d875fb35,17,receiver,change,branch,change-branch,,change,2403.3
5a0482efdf3fa800015c3374,609bc1566a1991b0d875fb35,18,sender,branch,handle,saqotiwe-puwirefa-zah-ralonefi-wuk-pofepilu-hix-qux-tezalipu-kuh,pofepilu,,3666.4
5a0482efdf3fa800015c3374,609bc1566a1991b0d875fb35,19,receiver,branch,design,design-branch,,design,2446
5a0482efdf3fa800015c3374,609bc1566a1991b0d875fb35,20,sender,design,health,saqotiwe-puwirefa-zah-ralonefi-wuk-pofepilu-hix-qux-tezalipu-kuh,saqotiwe,,3287.1
5a0482efdf3fa800015c3374,609bc1566a1991b0d875fb35,21,receiver,garden,normal,normal-garden,,garden,1646
5a0482efdf3fa800015c3374,609bc1566a1991b0d875fb35,22,sender,garden,normal,saqotiwe-puwirefa-zah-ralonefi-wuk-pofepilu-hix-qux-tezalipu-kuh,zah,,5111.7
5a0482efdf3fa800015c3374,609bc1566a1991b0d875fb35,23,receiver,change,handle,change-handle,,handle,1655.3
5a0482efdf3fa800015c3374,609bc1566a1991b0d875fb35,24,sender,garden,second,saqotiwe-puwirefa-zah-ralonefi-wuk-pofepilu-hix-qux-tezalipu-kuh,qux,,4180.9
5a0482efdf3fa800015c3374,609bc1566a1991b0d875fb35,25,receiver,credit,school,credit-school,,school,2519.4
5a0482efdf3fa800015c3374,609bc1566a1991b0d875fb35,26,sender,normal,design,saqotiwe-puwirefa-zah-ralonefi-wuk-pofepilu-hix-qux-tezalipu-kuh,pofepilu,,7846.5
5a0482efdf3fa800015c3374,609bc1566a1991b0d875fb35,27,receiver,branch,second,second-branch,,branch,4085.8
5a0482efdf3fa800015c3374,609bc1566a1991b0d875fb35,28,sender,design,second,saqotiwe-puwirefa-zah-ralonefi-wuk-pofepilu-hix-qux-tezalipu-kuh,zah,,11472.5
5a0482efdf3fa800015c3374,609bc1566a1991b0d875fb35,29,receiver,garden,normal,normal-garden,,garden,4191.7
5a0482efdf3fa800015c3374,609bc1566a1991b0d875fb35,30,sender,credit,handle,saqotiwe-puwirefa-zah-ralonefi-wuk-pofepilu-hix-qux-tezalipu-kuh,hix,,2621.8
5a0482efdf3fa800015c3374,609bc1566a1991b0d875fb35,31,receiver,branch,handle,branch-handle,,branch,3834.5
5a0482efdf3fa800015c3374,609bc1566a1991b0d875fb35,32,sender,garden,handle,saqotiwe-puwirefa-zah-ralonefi-wuk-pofepilu-hix-qux-tezalipu-kuh,tezalipu,,4951.4
5a0482efdf3fa800015c3374,609bc1566a1991b0d875fb35,33,receiver,normal,second,normal-second,,normal,2125.1
5a0482efdf3fa800015c3374,609bc1566a1991b0d875fb35,34,sender,school,design,saqotiwe-puwirefa-zah-ralonefi-wuk-pofepilu-hix-qux-tezalipu-kuh,wuk,,2103
5a0482efdf3fa800015c3374,609bc1566a1991b0d875fb35,35,receiver,credit,change,change-credit,,credit,3356.8
5a0482efdf3fa800015c3374,609bc1566a1991b0d875fb35,36,sender,normal,handle,saqotiwe-puwirefa-zah-ralonefi-wuk-pofepilu-hix-qux-tezalipu-kuh,hix,,4085.4
5a0482efdf3fa800015c3374,609bc1566a1991b0d875fb35,37,receiver,branch,handle,handle-branch,,branch,1874
5a0482efdf3fa800015c3374,609bc1566a1991b0d875fb35,38,sender,change,health,saqotiwe-puwirefa-zah-ralonefi-wuk-pofepilu-hix-qux-tezalipu-kuh,ralonefi,,2491.6
5a0482efdf3fa800015c3374,609bc1566a1991b0d875fb35,39,receiver,normal,branch,branch-normal,,branch,1681.7
5a0482efdf3fa800015c3374,609bc1566a1991b0d875fb35,40,sender,garden,normal,saqotiwe-puwirefa-zah-ralonefi-wuk-pofepilu-hix-qux-tezalipu-kuh,puwirefa,,2705.8
5a0482efdf3fa800015c3374,609bc1566a1991b0d875fb35,41,receiver,change,handle,handle-change,,handle,2383.7
5a0482efdf3fa800015c3374,609bc1566a1991b0d875fb35,42,sender,design,health,saqotiwe-puwirefa-zah-ralonefi-wuk-pofepilu-hix-qux-tezalipu-kuh,ralonefi,,4145.8
5a0482efdf3fa800015c3374,609bc1566a1991b0d875fb35,43,receiver,branch,handle,branch-handle,,handle,2481.8
5a0482efdf3fa800015c3374,609bc1566a1991b0d875fb35,44,sender,garden,branch,saqotiwe-puwirefa-zah-ralonefi-wuk-pofepilu-hix-qux-tezalipu-kuh,puwirefa,,3198.8
5a0482efdf3fa800015c3374,609bc1566a1991b0d875fb35,45,receiver,credit,design,credit-design,,credit,3033.2
5a0482efdf3fa800015c3374,609bc1566a1991b0d875fb35,46,sender,school,second,saqotiwe-puwirefa-zah-ralonefi-wuk-pofepilu-hix-qux-tezalipu-kuh,qux,,3793.4
5a0482efdf3fa800015c3374,609bc1566a1991b0d875fb35,47,receiver,change,normal,change-normal,,normal,1903.2
5a0482efdf3fa800015c3374,609bc1566a1991b0d875fb35,48,sender,normal,health,saqotiwe-puwirefa-zah-ralonefi-wuk-pofepilu-hix-qux-tezalipu-kuh,ralonefi,,2410.8
5a0482efdf3fa800015c3374,609bc1566a1991b0d875fb35,49,receiver,credit,change,credit-change,,change,2987.8
5a0482efdf3fa800015c3374,609bc1566a1991b0d875fb35,50,sender,change,second,saqotiwe-puwirefa-zah-ralonefi-wuk-pofepilu-hix-qux-tezalipu-kuh,hix,,2767
5a0482efdf3fa800015c3374,609bc1566a1991b0d875fb35,51,receiver,normal,health,health-normal,,normal,1996.2
5a0482efdf3fa800015c3374,609bc1566a1991b0d875fb35,52,sender,design,second,saqotiwe-puwirefa-zah-ralonefi-wuk-pofepilu-hix-qux-tezalipu-kuh,hix,,2823.2
5a0482efdf3fa800015c3374,609bc1566a1991b0d875fb35,53,receiver,handle,second,handle-second,,second,1614.7
5a0482efdf3fa800015c3374,609bc1566a1991b0d875fb35,54,sender,school,design,saqotiwe-puwirefa-zah-ralonefi-wuk-pofepilu-hix-qux-tezalipu-kuh,pofepilu,,2413.9
5a0482efdf3fa800015c3374,609bc1566a1991b0d875fb35,55,receiver,garden,normal,normal-garden,,garden,1581.8
5a0482efdf3fa800015c3374,609bc1566a1991b0d875fb35,56,sender,handle,school,saqotiwe-puwirefa-zah-ralonefi-wuk-pofepilu-hix-qux-tezalipu-kuh,wuk,,3741.1
5a0482efdf3fa800015c3374,609bc1566a1991b0d875fb35,57,receiver,credit,design,credit-design,,credit,2497.2
5a0482efdf3fa800015c3374,609bc1566a1991b0d875fb35,58,sender,credit,school,saqotiwe-puwirefa-zah-ralonefi-wuk-pofepilu-hix-qux-tezalipu-kuh,wuk,,2848.4
5a0482efdf3fa800015c3374,609bc1566a1991b0d875fb35,59,receiver,change,health,health-change,,health,2184.8
5a0482efdf3fa800015c3374,609bc1566a1991b0d875fb35,60,sender,handle,school,saqotiwe-puwirefa-zah-ralonefi-wuk-pofepilu-hix-qux-tezalipu-kuh,wuk,,1988.6
5a0482efdf3fa800015c3374,609bc1566a1991b0d875fb35,61,receiver,health,second,second-health,,health,2183.9
5a0482efdf3fa800015c3374,609bc1566a1991b0d875fb35,62,sender,school,second,saqotiwe-puwirefa-zah-ralonefi-wuk-pofepilu-hix-qux-tezalipu-kuh,hix,,2785.7
5a0482efdf3fa800015c3374,609bc1566a1991b0d875fb35,63,receiver,garden,branch,branch-garden,,garden,2441.5
5a0482efdf3fa800015c3374,609bc1566a1991b0d875fb35,64,sender,school,design,saqotiwe-puwirefa-zah-ralonefi-wuk-pofepilu-hix-qux-tezalipu-kuh,qux,,2256.4
5a0482efdf3fa800015c3374,609bc1566a1991b0d875fb35,65,receiver,school,second,school-second,,school,1767.5
5a0482efdf3fa800015c3374,609bc1566a1991b0d875fb35,66,sender,normal,handle,saqotiwe-puwirefa-zah-ralonefi-wuk-pofepilu-hix-qux-tezalipu-kuh,kuh,,3135.3
5a0482efdf3fa800015c3374,609bc1566a1991b0d875fb35,67,receiver,normal,school,school-normal,,school,2130.3
5a0482efdf3fa800015c3374,609bc1566a1991b0d875fb35,68,sender,health,second,saqotiwe-puwirefa-zah-ralonefi-wuk-pofepilu-hix-qux-tezalipu-kuh,qux,,2799.8
5a0482efdf3fa800015c3374,609bc1566a1991b0d875fb35,69,receiver,garden,second,garden-second,,garden,5299.4
5a0482efdf3fa800015c3374,609bc1566a1991b0d875fb35,70,sender,credit,change,saqotiwe-puwirefa-zah-ralonefi-wuk-pofepilu-hix-qux-tezalipu-kuh,saqotiwe,,2239.9
5a0482efdf3fa800015c3374,609bc1566a1991b0d875fb35,71,receiver,branch,handle,handle-branch,,branch,1918.5
5a0482efdf3fa800015c3374,609bc1566a1991b0d875fb35,72,sender,credit,change,saqotiwe-puwirefa-zah-ralonefi-wuk-pofepilu-hix-qux-tezalipu-kuh,qux,,2519.1
5a0482efdf3fa800015c3374,609bc1566a1991b0d875fb35,73,receiver,credit,health,credit-health,,health,1557.5
5a0482efdf3fa800015c3374,609bc1566a1991b0d875fb35,74,sender,design,health,saqotiwe-puwirefa-zah-ralonefi-wuk-pofepilu-hix-qux-tezalipu-kuh,pofepilu,,3211.2
5a0482efdf3fa800015c3374,609bc1566a1991b0d875fb35,75,receiver,change,branch,change-branch,,change,1962
5a0482efdf3fa800015c3374,609bc1566a1991b0d875fb35,76,sender,design,second,saqotiwe-puwirefa-zah-ralonefi-wuk-pofepilu-hix-qux-tezalipu-kuh,hix,,2095.7
5a0482efdf3fa800015c3374,609bc1566a1991b0d875fb35,77,receiver,branch,second,second-branch,,branch,1877.4
5a0482efdf3fa800015c3374,609bc1566a1991b0d875fb35,78,sender,branch,design,saqotiwe-puwirefa-zah-ralonefi-wuk-pofepilu-hix-qux-tezalipu-kuh,tezalipu,,3226.3
5a0482efdf3fa800015c3374,609bc1566a1991b0d875fb35,79,receiver,credit,normal,normal-credit,,credit,2194.4
5a0482efdf3fa800015c3374,609bc1566a1991b0d875fb35,80,sender,school,second,saqotiwe-puwirefa-zah-ralonefi-wuk-pofepilu-hix-qux-tezalipu-kuh,qux,,2249.4
5a0482efdf3fa800015c3374,609bc1566a1991b0d875fb35,81,receiver,school,design,design-school,,school,1407.8
5a0482efdf3fa800015c3374,609bc1566a1991b0d875fb35,82,sender,credit,health,saqotiwe-puwirefa-zah-ralonefi-wuk-pofepilu-hix-qux-tezalipu-kuh,zah,,2620.4
5a0482efdf3fa800015c3374,609bc1566a1991b0d875fb35,83,receiver,garden,health,garden-health,,garden,1594.5
5a0482efdf3fa800015c3374,609bc1566a1991b0d875fb35,84,sender,design,second,saqotiwe-puwirefa-zah-ralonefi-wuk-pofepilu-hix-qux-tezalipu-kuh,qux,,2315.5
5a0482efdf3fa800015c3374,609bc1566a1991b0d875fb35,85,receiver,branch,school,branch-school,,branch,1632.3
5a0482efdf3fa800015c3374,609bc1566a1991b0d875fb35,86,sender,branch,handle,saqotiwe-puwirefa-zah-ralonefi-wuk-pofepilu-hix-qux-tezalipu-kuh,kuh,,4541.2
5a0482efdf3fa800015c3374,609bc1566a1991b0d875fb35,87,receiver,handle,health,health-handle,,handle,2257.1
5a0482efdf3fa800015c3374,609bc1566a1991b0d875fb35,88,sender,branch,handle,saqotiwe-puwirefa-zah-ralonefi-wuk-pofepilu-hix-qux-tezalipu-kuh,qux,,3567.8
5a0482efdf3fa800015c3374,609bc1566a1991b0d875fb35,89,receiver,handle,health,health-handle,,handle,2257.1
5a0482efdf3fa800015c3374,609bc1566a1991b0d875fb35,90,sender,credit,branch,saqotiwe-puwirefa-zah-ralonefi-wuk-pofepilu-hix-qux-tezalipu-kuh,kuh,,2513.4
5a0482efdf3fa800015c3374,609bc1566a1991b0d875fb35,91,receiver,normal,design,normal-design,,normal,1925.8
5a0482efdf3fa800015c3374,609bc1566a1991b0d875fb35,92,sender,normal,school,saqotiwe-puwirefa-zah-ralonefi-wuk-pofepilu-hix-qux-tezalipu-kuh,wuk,,3185.7
5a0482efdf3fa800015c3374,609bc1566a1991b0d875fb35,93,receiver,credit,change,credit-change,,change,1947
5a0482efdf3fa800015c3374,609bc1566a1991b0d875fb35,94,sender,school,health,saqotiwe-puwirefa-zah-ralonefi-wuk-pofepilu-hix-qux-tezalipu-kuh,saqotiwe,,3912.2
5a0482efdf3fa800015c3374,609bc1566a1991b0d875fb35,95,receiver,normal,branch,branch-normal,,normal,1636.9
5a0482efdf3fa800015c3374,609bc1566a1991b0d875fb35,96,sender,garden,normal,saqotiwe-puwirefa-zah-ralonefi-wuk-pofepilu-hix-qux-tezalipu-kuh,puwirefa,,4462.8
5a0482efdf3fa800015c3374,609bc1566a1991b0d875fb35,97,receiver,health,second,second-health,,second,2383.5
5a0482efdf3fa800015c3374,609bc1566a1991b0d875fb35,98,sender,garden,school,saqotiwe-puwirefa-zah-ralonefi-wuk-pofepilu-hix-qux-tezalipu-kuh,puwirefa,,2593.3
5a0482efdf3fa800015c3374,609bc1566a1991b0d875fb35,99,receiver,credit,change,credit-change,,credit,1881.6
5a0482efdf3fa800015c3374,609bc1566a1991b0d875fb35,100,sender,garden,normal,saqotiwe-puwirefa-zah-ralonefi-wuk-pofepilu-hix-qux-tezalipu-kuh,puwirefa,,2255.6
5a0482efdf3fa800015c3374,609bc1566a1991b0d875fb35,101,receiver,credit,second,credit-second,,credit,1775.1
5a0482efdf3fa800015c3374,609bc1566a1991b0d875fb35,102,sender,handle,second,saqotiwe-puwirefa-zah-ralonefi-wuk-pofepilu-hix-qux-tezalipu-kuh,hix,,3154.1
5a0482efdf3fa800015c3374,609bc1566a1991b0d875fb35,103,receiver,credit,change,change-credit,,credit,1755.7
5a0482efdf3fa800015c3374,609bc1566a1991b0d875fb35,104,sender,design,second,saqotiwe-puwirefa-zah-ralonefi-wuk-pofepilu-hix-qux-tezalipu-kuh,tezalipu,,4149.6
5a0482efdf3fa800015c3374,609bc1566a1991b0d875fb35,105,receiver,school,health,school-health,,school,1782.7
5a0482efdf3fa800015c3374,609bc1566a1991b0d875fb35,106,sender,health,second,saqotiwe-puwirefa-zah-ralonefi-wuk-pofepilu-hix-qux-tezalipu-kuh,kuh,,3958.8
5a0482efdf3fa800015c3374,609bc1566a1991b0d875fb35,107,receiver,change,garden,change-garden,,change,2384.9
5a0482efdf3fa800015c3374,609bc1566a1991b0d875fb35,108,sender,branch,handle,saqotiwe-puwirefa-zah-ralonefi-wuk-pofepilu-hix-qux-tezalipu-kuh,qux,,3742
5a0482efdf3fa800015c3374,609bc1566a1991b0d875fb35,109,receiver,branch,handle,branch-handle,,branch,2421.4
5a0482efdf3fa800015c3374,609bc1566a1991b0d875fb35,110,sender,school,health,saqotiwe-puwirefa-zah-ralonefi-wuk-pofepilu-hix-qux-tezalipu-kuh,wuk,,2469.5
5a0482efdf3fa800015c3374,609bc1566a1991b0d875fb35,111,receiver,garden,school,school-garden,,garden,1632
5a0482efdf3fa800015c3374,609bc1566a1991b0d875fb35,112,sender,garden,design,saqotiwe-puwirefa-zah-ralonefi-wuk-pofepilu-hix-qux-tezalipu-kuh,puwirefa,,2255.8
5a0482efdf3fa800015c3374,609bc1566a1991b0d875fb35,113,receiver,credit,normal,normal-credit,,credit,1639.8
5a0482efdf3fa800015c3374,609bc1566a1991b0d875fb35,114,sender,credit,second,saqotiwe-puwirefa-zah-ralonefi-wuk-pofepilu-hix-qux-tezalipu-kuh,zah,,7498.2
5a0482efdf3fa800015c3374,609bc1566a1991b0d875fb35,115,receiver,branch,handle,handle-branch,,handle,2364.5
5a0482efdf3fa800015c3374,609bc1566a1991b0d875fb35,116,sender,credit,change,saqotiwe-puwirefa-zah-ralonefi-wuk-pofepilu-hix-qux-tezalipu-kuh,zah,,2643.4
5a0482efdf3fa800015c3374,609bc1566a1991b0d875fb35,117,receiver,change,second,second-change,,change,1631.2
5a0482efdf3fa800015c3374,609bc1566a1991b0d875fb35,118,sender,credit,change,saqotiwe-puwirefa-zah-ralonefi-wuk-pofepilu-hix-qux-tezalipu-kuh,zah,,2076.7
5a0482efdf3fa800015c3374,609bc1566a1991b0d875fb35,119,receiver,health,second,health-second,,health,1919.2
5a0482efdf3fa800015c3374,609bc1566a1991b0d875fb35,120,sender,change,normal,saqotiwe-puwirefa-zah-ralonefi-wuk-pofepilu-hix-qux-tezalipu-kuh,saqotiwe,,3437.6
5a0482efdf3fa800015c3374,609bc1566a1991b0d875fb35,121,receiver,change,design,design-change,,design,2320.2
5a0482efdf3fa800015c3374,609bc1566a1991b0d875fb35,122,sender,credit,branch,saqotiwe-puwirefa-zah-ralonefi-wuk-pofepilu-hix-qux-tezalipu-kuh,zah,,2370.7
5a0482efdf3fa800015c3374,609bc1566a1991b0d875fb35,123,receiver,garden,normal,garden-normal,,garden,1693.5
5a0482efdf3fa800015c3374,609bc1566a1991b0d875fb35,124,sender,credit,handle,saqotiwe-puwirefa-zah-ralonefi-wuk-pofepilu-hix-qux-tezalipu-kuh,zah,,1943.4
5a0482efdf3fa800015c3374,609bc1566a1991b0d875fb35,125,receiver,garden,health,garden-health,,garden,1674.7
5a0482efdf3fa800015c3374,609bc1566a1991b0d875fb35,126,sender,branch,school,saqotiwe-puwirefa-zah-ralonefi-wuk-pofepilu-hix-qux-tezalipu-kuh,pofepilu,,4873.6
5a0482efdf3fa800015c3374,609bc1566a1991b0d875fb35,127,receiver,school,second,second-school,,school,1646.5
5a0482efdf3fa800015c3374,609bc1566a1991b0d875fb35,128,sender,credit,garden,saqotiwe-puwirefa-zah-ralonefi-wuk-pofepilu-hix-qux-tezalipu-kuh,zah,,3520.3
5a0482efdf3fa800015c3374,609bc1566a1991b0d875fb35,129,receiver,credit,change,change-credit,,credit,1437.7
5a0482efdf3fa800015c3374,609bc1566a1991b0d875fb35,130,sender,branch,health,saqotiwe-puwirefa-zah-ralonefi-wuk-pofepilu-hix-qux-tezalipu-kuh,pofepilu,,4096.4
5a0482efdf3fa800015c3374,609bc1566a1991b0d875fb35,131,receiver,normal,second,normal-second,,normal,1833.9
5a0482efdf3fa800015c3374,609bc1566a1991b0d875fb35,132,sender,handle,design,saqotiwe-puwirefa-zah-ralonefi-wuk-pofepilu-hix-qux-tezalipu-kuh,hix,,4489.7
5a0482efdf3fa800015c3374,609bc1566a1991b0d875fb35,133,receiver,branch,handle,handle-branch,,handle,2491
5a0482efdf3fa800015c3374,609bc1566a1991b0d875fb35,134,sender,garden,normal,saqotiwe-puwirefa-zah-ralonefi-wuk-pofepilu-hix-qux-tezalipu-kuh,puwirefa,,3482.9
5a0482efdf3fa800015c3374,609bc1566a1991b0d875fb35,135,receiver,garden,design,garden-design,,garden,2365.1