participant_id, partner_id, trial_index, trial_type, target_meaning, foil_meaning,             choices, signal_selected, meaning_guess, rt
609bc1566a1991b0d875fb35,5a0482efdf3fa800015c3374,1,sender,school,design,saqotiwe-puwirefa-zah-ralonefi-wuk-pofepilu-hix-qux-tezalipu-kuh,wuk,,9958
609bc1566a1991b0d875fb35,5a0482efdf3fa800015c3374,2,receiver,credit,change,credit-change,,credit,6724
609bc1566a1991b0d875fb35,5a0482efdf3fa800015c3374,3,sender,garden,normal,saqotiwe-puwirefa-zah-ralonefi-wuk-pofepilu-hix-qux-tezalipu-kuh,puwirefa,,12709
609bc1566a1991b0d875fb35,5a0482efdf3fa800015c3374,4,receiver,design,health,health-design,,design,7899
609bc1566a1991b0d875fb35,5a0482efdf3fa800015c3374,5,sender,garden,normal,saqotiwe-puwirefa-zah-ralonefi-wuk-pofepilu-hix-qux-tezalipu-kuh,puwirefa,,7429
609bc1566a1991b0d875fb35,5a0482efdf3fa800015c3374,6,receiver,handle,design,handle-design,,handle,3578
609bc1566a1991b0d875fb35,5a0482efdf3fa800015c3374,7,sender,garden,handle,saqotiwe-puwirefa-zah-ralonefi-wuk-pofepilu-hix-qux-tezalipu-kuh,puwirefa,,6237
609bc1566a1991b0d875fb35,5a0482efdf3fa800015c3374,8,receiver,school,health,school-health,,school,3270
609bc1566a1991b0d875fb35,5a0482efdf3fa800015c3374,9,sender,branch,health,saqotiwe-puwirefa-zah-ralonefi-wuk-pofepilu-hix-qux-tezalipu-kuh,hix,,6768
609bc1566a1991b0d875fb35,5a0482efdf3fa800015c3374,10,receiver,change,design,design-change,,design,3943
609bc1566a1991b0d875fb35,5a0482efdf3fa800015c3374,11,sender,change,garden,saqotiwe-puwirefa-zah-ralonefi-wuk-pofepilu-hix-qux-tezalipu-kuh,ralonefi,,6535
609bc1566a1991b0d875fb35,5a0482efdf3fa800015c3374,12,receiver,change,school,school-change,,school,3950
609bc1566a1991b0d875fb35,5a0482efdf3fa800015c3374,13,sender,change,school,saqotiwe-puwirefa-zah-ralonefi-wuk-pofepilu-hix-qux-tezalipu-kuh,tezalipu,,5159
609bc1566a1991b0d875fb35,5a0482efdf3fa800015c3374,14,receiver,handle,health,health-handle,,handle,4921
609bc1566a1991b0d875fb35,5a0482efdf3fa800015c3374,15,sender,design,health,saqotiwe-puwirefa-zah-ralonefi-wuk-pofepilu-hix-qux-tezalipu-kuh,ralonefi,,9340
609bc1566a1991b0d875fb35,5a0482efdf3fa800015c3374,16,receiver,credit,garden,credit-garden,,garden,3872
609bc1566a1991b0d875fb35,5a0482efdf3fa800015c3374,17,sender,change,branch,saqotiwe-puwirefa-zah-ralonefi-wuk-pofepilu-hix-qux-tezalipu-kuh,kuh,,9600
609bc1566a1991b0d875fb35,5a0482efdf3fa800015c3374,18,receiver,branch,handle,branch-handle,,handle,5262
609bc1566a1991b0d875fb35,5a0482efdf3fa800015c3374,19,sender,branch,design,saqotiwe-puwirefa-zah-ralonefi-wuk-pofepilu-hix-qux-tezalipu-kuh,pofepilu,,2795
609bc1566a1991b0d875fb35,5a0482efdf3fa800015c3374,20,receiver,design,health,design-health,,health,3009
609bc1566a1991b0d875fb35,5a0482efdf3fa800015c3374,21,sender,garden,normal,saqotiwe-puwirefa-zah-ralonefi-wuk-pofepilu-hix-qux-tezalipu-kuh,puwirefa,,4439
609bc1566a1991b0d875fb35,5a0482efdf3fa800015c3374,22,receiver,garden,normal,normal-garden,,normal,3394
609bc1566a1991b0d875fb35,5a0482efdf3fa800015c3374,23,sender,change,handle,saqotiwe-puwirefa-zah-ralonefi-wuk-pofepilu-hix-qux-tezalipu-kuh,kuh,,5885
609bc1566a1991b0d875fb35,5a0482efdf3fa800015c3374,24,receiver,garden,second,second-garden,,second,3436
609bc1566a1991b0d875fb35,5a0482efdf3fa800015c3374,25,sender,credit,school,saqotiwe-puwirefa-zah-ralonefi-wuk-pofepilu-hix-qux-tezalipu-kuh,zah,,9746
609bc1566a1991b0d875fb35,5a0482efdf3fa800015c3374,26,receiver,normal,design,design-normal,,design,3144
609bc1566a1991b0d875fb35,5a0482efdf3fa800015c3374,27,sender,branch,second,saqotiwe-puwirefa-zah-ralonefi-wuk-pofepilu-hix-qux-tezalipu-kuh,hix,,6933
609bc1566a1991b0d875fb35,5a0482efdf3fa800015c3374,28,receiver,design,second,second-design,,design,4549
609bc1566a1991b0d875fb35,5a0482efdf3fa800015c3374,29,sender,garden,normal,saqotiwe-puwirefa-zah-ralonefi-wuk-pofepilu-hix-qux-tezalipu-kuh,puwirefa,,2889
609bc1566a1991b0d875fb35,5a0482efdf3fa800015c3374,30,receiver,credit,handle,credit-handle,,credit,3283
609bc1566a1991b0d875fb35,5a0482efdf3fa800015c3374,31,sender,branch,handle,saqotiwe-puwirefa-zah-ralonefi-wuk-pofepilu-hix-qux-tezalipu-kuh,saqotiwe,,9704
609bc1566a1991b0d875fb35,5a0482efdf3fa800015c3374,32,receiver,garden,handle,handle-garden,,handle,3684
609bc1566a1991b0d875fb35,5a0482efdf3fa800015c3374,33,sender,normal,second,saqotiwe-puwirefa-zah-ralonefi-wuk-pofepilu-hix-qux-tezalipu-kuh,qux,,7699
609bc1566a1991b0d875fb35,5a0482efdf3fa800015c3374,34,receiver,school,design,school-design,,school,2291
609bc1566a1991b0d875fb35,5a0482efdf3fa800015c3374,35,sender,credit,change,saqotiwe-puwirefa-zah-ralonefi-wuk-pofepilu-hix-qux-tezalipu-kuh,zah,,12273
609bc1566a1991b0d875fb35,5a0482efdf3fa800015c3374,36,receiver,normal,handle,handle-normal,,handle,4252
609bc1566a1991b0d875fb35,5a0482efdf3fa800015c3374,37,sender,branch,handle,saqotiwe-puwirefa-zah-ralonefi-wuk-pofepilu-hix-qux-tezalipu-kuh,saqotiwe,,3777
609bc1566a1991b0d875fb35,5a0482efdf3fa800015c3374,38,receiver,change,health,change-health,,health,3585
609bc1566a1991b0d875fb35,5a0482efdf3fa800015c3374,39,sender,normal,branch,saqotiwe-puwirefa-zah-ralonefi-wuk-pofepilu-hix-qux-tezalipu-kuh,hix,,11312
609bc1566a1991b0d875fb35,5a0482efdf3fa800015c3374,40,receiver,garden,normal,garden-normal,,normal,3355
609bc1566a1991b0d875fb35,5a0482efdf3fa800015c3374,41,sender,change,handle,saqotiwe-puwirefa-zah-ralonefi-wuk-pofepilu-hix-qux-tezalipu-kuh,kuh,,9317
609bc1566a1991b0d875fb35,5a0482efdf3fa800015c3374,42,receiver,design,health,design-health,,design,3990
609bc1566a1991b0d875fb35,5a0482efdf3fa800015c3374,43,sender,branch,handle,saqotiwe-puwirefa-zah-ralonefi-wuk-pofepilu-hix-qux-tezalipu-kuh,saqotiwe,,2254
609bc1566a1991b0d875fb35,5a0482efdf3fa800015c3374,44,receiver,garden,branch,branch-garden,,garden,2606
609bc1566a1991b0d875fb35,5a0482efdf3fa800015c3374,45,sender,credit,design,saqotiwe-puwirefa-zah-ralonefi-wuk-pofepilu-hix-qux-tezalipu-kuh,zah,,9128
609bc1566a1991b0d875fb35,5a0482efdf3fa800015c3374,46,receiver,school,second,second-school,,second,3177
609bc1566a1991b0d875fb35,5a0482efdf3fa800015c3374,47,sender,change,normal,saqotiwe-puwirefa-zah-ralonefi-wuk-pofepilu-hix-qux-tezalipu-kuh,kuh,,3149
609bc1566a1991b0d875fb35,5a0482efdf3fa800015c3374,48,receiver,normal,health,health-normal,,health,3775
609bc1566a1991b0d875fb35,5a0482efdf3fa800015c3374,49,sender,credit,change,saqotiwe-puwirefa-zah-ralonefi-wuk-pofepilu-hix-qux-tezalipu-kuh,zah,,8954
609bc1566a1991b0d875fb35,5a0482efdf3fa800015c3374,50,receiver,change,second,second-change,,second,6582
609bc1566a1991b0d875fb35,5a0482efdf3fa800015c3374,51,sender,normal,health,saqotiwe-puwirefa-zah-ralonefi-wuk-pofepilu-hix-qux-tezalipu-kuh,kuh,,5691
609bc1566a1991b0d875fb35,5a0482efdf3fa800015c3374,52,receiver,design,second,second-design,,second,2432
609bc1566a1991b0d875fb35,5a0482efdf3fa800015c3374,53,sender,handle,second,saqotiwe-puwirefa-zah-ralonefi-wuk-pofepilu-hix-qux-tezalipu-kuh,hix,,5224
609bc1566a1991b0d875fb35,5a0482efdf3fa800015c3374,54,receiver,school,design,school-design,,design,5007
609bc1566a1991b0d875fb35,5a0482efdf3fa800015c3374,55,sender,garden,normal,saqotiwe-puwirefa-zah-ralonefi-wuk-pofepilu-hix-qux-tezalipu-kuh,puwirefa,,3147
609bc1566a1991b0d875fb35,5a0482efdf3fa800015c3374,56,receiver,handle,school,handle-school,,school,1753
609bc1566a1991b0d875fb35,5a0482efdf3fa800015c3374,57,sender,credit,design,saqotiwe-puwirefa-zah-ralonefi-wuk-pofepilu-hix-qux-tezalipu-kuh,zah,,7237
609bc1566a1991b0d875fb35,5a0482efdf3fa800015c3374,58,receiver,credit,school,credit-school,,school,2557
609bc1566a1991b0d875fb35,5a0482efdf3fa800015c3374,59,sender,change,health,saqotiwe-puwirefa-zah-ralonefi-wuk-pofepilu-hix-qux-tezalipu-kuh,kuh,,7878
609bc1566a1991b0d875fb35,5a0482efdf3fa800015c3374,60,receiver,handle,school,school-handle,,school,2176
609bc1566a1991b0d875fb35,5a0482efdf3fa800015c3374,61,sender,health,second,saqotiwe-puwirefa-zah-ralonefi-wuk-pofepilu-hix-qux-tezalipu-kuh,ralonefi,,6898
609bc1566a1991b0d875fb35,5a0482efdf3fa800015c3374,62,receiver,school,second,school-second,,second,2660
609bc1566a1991b0d875fb35,5a0482efdf3fa800015c3374,63,sender,garden,branch,saqotiwe-puwirefa-zah-ralonefi-wuk-pofepilu-hix-qux-tezalipu-kuh,puwirefa,,3718
609bc1566a1991b0d875fb35,5a0482efdf3fa800015c3374,64,receiver,school,design,school-design,,design,2398
609bc1566a1991b0d875fb35,5a0482efdf3fa800015c3374,65,sender,school,second,saqotiwe-puwirefa-zah-ralonefi-wuk-pofepilu-hix-qux-tezalipu-kuh,wuk,,2201
609bc1566a1991b0d875fb35,5a0482efdf3fa800015c3374,66,receiver,normal,handle,handle-normal,,normal,3568
609bc1566a1991b0d875fb35,5a0482efdf3fa800015c3374,67,sender,normal,school,saqotiwe-puwirefa-zah-ralonefi-wuk-pofepilu-hix-qux-tezalipu-kuh,kuh,,2829
609bc1566a1991b0d875fb35,5a0482efdf3fa800015c3374,68,receiver,health,second,second-health,,second,2609
609bc1566a1991b0d875fb35,5a0482efdf3fa800015c3374,69,sender,garden,second,saqotiwe-puwirefa-zah-ralonefi-wuk-pofepilu-hix-qux-tezalipu-kuh,puwirefa,,1825
609bc1566a1991b0d875fb35,5a0482efdf3fa800015c3374,70,receiver,credit,change,change-credit,,change,4370
609bc1566a1991b0d875fb35,5a0482efdf3fa800015c3374,71,sender,branch,handle,saqotiwe-puwirefa-zah-ralonefi-wuk-pofepilu-hix-qux-tezalipu-kuh,saqotiwe,,5412
609bc1566a1991b0d875fb35,5a0482efdf3fa800015c3374,72,receiver,credit,change,credit-change,,change,2076
609bc1566a1991b0d875fb35,5a0482efdf3fa800015c3374,73,sender,credit,health,saqotiwe-puwirefa-zah-ralonefi-wuk-pofepilu-hix-qux-tezalipu-kuh,zah,,4349
609bc1566a1991b0d875fb35,5a0482efdf3fa800015c3374,74,receiver,design,health,design-health,,health,5140
609bc1566a1991b0d875fb35,5a0482efdf3fa800015c3374,75,sender,change,branch,saqotiwe-puwirefa-zah-ralonefi-wuk-pofepilu-hix-qux-tezalipu-kuh,kuh,,8101
609bc1566a1991b0d875fb35,5a0482efdf3fa800015c3374,76,receiver,design,second,second-design,,second,3364
609bc1566a1991b0d875fb35,5a0482efdf3fa800015c3374,77,sender,branch,second,saqotiwe-puwirefa-zah-ralonefi-wuk-pofepilu-hix-qux-tezalipu-kuh,saqotiwe,,4168
609bc1566a1991b0d875fb35,5a0482efdf3fa800015c3374,78,receiver,branch,design,design-branch,,design,5025
609bc1566a1991b0d875fb35,5a0482efdf3fa800015c3374,79,sender,credit,normal,saqotiwe-puwirefa-zah-ralonefi-wuk-pofepilu-hix-qux-tezalipu-kuh,zah,,4326
609bc1566a1991b0d875fb35,5a0482efdf3fa800015c3374,80,receiver,school,second,school-second,,second,2237
609bc1566a1991b0d875fb35,5a0482efdf3fa800015c3374,81,sender,school,design,saqotiwe-puwirefa-zah-ralonefi-wuk-pofepilu-hix-qux-tezalipu-kuh,wuk,,1440
609bc1566a1991b0d875fb35,5a0482efdf3fa800015c3374,82,receiver,credit,health,health-credit,,credit,3934
609bc1566a1991b0d875fb35,5a0482efdf3fa800015c3374,83,sender,garden,health,saqotiwe-puwirefa-zah-ralonefi-wuk-pofepilu-hix-qux-tezalipu-kuh,puwirefa,,1917
609bc1566a1991b0d875fb35,5a0482efdf3fa800015c3374,84,receiver,design,second,second-design,,second,2336
609bc1566a1991b0d875fb35,5a0482efdf3fa800015c3374,85,sender,branch,school,saqotiwe-puwirefa-zah-ralonefi-wuk-pofepilu-hix-qux-tezalipu-kuh,saqotiwe,,1898
609bc1566a1991b0d875fb35,5a0482efdf3fa800015c3374,86,receiver,branch,handle,branch-handle,,handle,2372
609bc1566a1991b0d875fb35,5a0482efdf3fa800015c3374,87,sender,handle,health,saqotiwe-puwirefa-zah-ralonefi-wuk-pofepilu-hix-qux-tezalipu-kuh,qux,,6162
609bc1566a1991b0d875fb35,5a0482efdf3fa800015c3374,88,receiver,branch,handle,handle-branch,,handle,2549
609bc1566a1991b0d875fb35,5a0482efdf3fa800015c3374,89,sender,branch,handle,saqotiwe-puwirefa-zah-ralonefi-wuk-pofepilu-hix-qux-tezalipu-kuh,saqotiwe,,6162
609bc1566a1991b0d875fb35,5a0482efdf3fa800015c3374,90,receiver,credit,branch,credit-branch,,branch,4193
609bc1566a1991b0d875fb35,5a0482efdf3fa800015c3374,91,sender,normal,design,saqotiwe-puwirefa-zah-ralonefi-wuk-pofepilu-hix-qux-tezalipu-kuh,hix,,5458
609bc1566a1991b0d875fb35,5a0482efdf3fa800015c3374,92,receiver,normal,school,normal-school,,school,1826
609bc1566a1991b0d875fb35,5a0482efdf3fa800015c3374,93,sender,credit,change,saqotiwe-puwirefa-zah-ralonefi-wuk-pofepilu-hix-qux-tezalipu-kuh,zah,,2420
609bc1566a1991b0d875fb35,5a0482efdf3fa800015c3374,94,receiver,school,health,school-health,,school,5355
609bc1566a1991b0d875fb35,5a0482efdf3fa800015c3374,95,sender,normal,branch,saqotiwe-puwirefa-zah-ralonefi-wuk-pofepilu-hix-qux-tezalipu-kuh,qux,,6867
609bc1566a1991b0d875fb35,5a0482efdf3fa800015c3374,96,receiver,garden,normal,normal-garden,,garden,2213
609bc1566a1991b0d875fb35,5a0482efdf3fa800015c3374,97,sender,health,second,saqotiwe-puwirefa-zah-ralonefi-wuk-pofepilu-hix-qux-tezalipu-kuh,ralonefi,,2872
609bc1566a1991b0d875fb35,5a0482efdf3fa800015c3374,98,receiver,garden,school,garden-school,,garden,1669
609bc1566a1991b0d875fb35,5a0482efdf3fa800015c3374,99,sender,credit,change,saqotiwe-puwirefa-zah-ralonefi-wuk-pofepilu-hix-qux-tezalipu-kuh,zah,,1719
609bc1566a1991b0d875fb35,5a0482efdf3fa800015c3374,100,receiver,garden,normal,garden-normal,,garden,1642
609bc1566a1991b0d875fb35,5a0482efdf3fa800015c3374,101,sender,credit,second,saqotiwe-puwirefa-zah-ralonefi-wuk-pofepilu-hix-qux-tezalipu-kuh,zah,,1883
609bc1566a1991b0d875fb35,5a0482efdf3fa800015c3374,102,receiver,handle,second,second-handle,,handle,3527
609bc1566a1991b0d875fb35,5a0482efdf3fa800015c3374,103,sender,credit,change,saqotiwe-puwirefa-zah-ralonefi-wuk-pofepilu-hix-qux-tezalipu-kuh,zah,,1405
609bc1566a1991b0d875fb35,5a0482efdf3fa800015c3374,104,receiver,design,second,design-second,,design,3496
609bc1566a1991b0d875fb35,5a0482efdf3fa800015c3374,105,sender,school,health,saqotiwe-puwirefa-zah-ralonefi-wuk-pofepilu-hix-qux-tezalipu-kuh,wuk,,1756
609bc1566a1991b0d875fb35,5a0482efdf3fa800015c3374,106,receiver,health,second,second-health,,health,5536
609bc1566a1991b0d875fb35,5a0482efdf3fa800015c3374,107,sender,change,garden,saqotiwe-puwirefa-zah-ralonefi-wuk-pofepilu-hix-qux-tezalipu-kuh,hix,,9950
609bc1566a1991b0d875fb35,5a0482efdf3fa800015c3374,108,receiver,branch,handle,handle-branch,,handle,4462
609bc1566a1991b0d875fb35,5a0482efdf3fa800015c3374,109,sender,branch,handle,saqotiwe-puwirefa-zah-ralonefi-wuk-pofepilu-hix-qux-tezalipu-kuh,saqotiwe,,1720
609bc1566a1991b0d875fb35,5a0482efdf3fa800015c3374,110,receiver,school,health,health-school,,school,1685
609bc1566a1991b0d875fb35,5a0482efdf3fa800015c3374,111,sender,garden,school,saqotiwe-puwirefa-zah-ralonefi-wuk-pofepilu-hix-qux-tezalipu-kuh,puwirefa,,1770
609bc1566a1991b0d875fb35,5a0482efdf3fa800015c3374,112,receiver,garden,design,garden-design,,garden,2969
609bc1566a1991b0d875fb35,5a0482efdf3fa800015c3374,113,sender,credit,normal,saqotiwe-puwirefa-zah-ralonefi-wuk-pofepilu-hix-qux-tezalipu-kuh,zah,,1808
609bc1566a1991b0d875fb35,5a0482efdf3fa800015c3374,114,receiver,credit,second,credit-second,,credit,2933
609bc1566a1991b0d875fb35,5a0482efdf3fa800015c3374,115,sender,branch,handle,saqotiwe-puwirefa-zah-ralonefi-wuk-pofepilu-hix-qux-tezalipu-kuh,saqotiwe,,1770
609bc1566a1991b0d875fb35,5a0482efdf3fa800015c3374,116,receiver,credit,change,change-credit,,credit,1500
609bc1566a1991b0d875fb35,5a0482efdf3fa800015c3374,117,sender,change,second,saqotiwe-puwirefa-zah-ralonefi-wuk-pofepilu-hix-qux-tezalipu-kuh,kuh,,8435
609bc1566a1991b0d875fb35,5a0482efdf3fa800015c3374,118,receiver,credit,change,credit-change,,credit,1807
609bc1566a1991b0d875fb35,5a0482efdf3fa800015c3374,119,sender,health,second,saqotiwe-puwirefa-zah-ralonefi-wuk-pofepilu-hix-qux-tezalipu-kuh,ralonefi,,5295
609bc1566a1991b0d875fb35,5a0482efdf3fa800015c3374,120,receiver,change,normal,normal-change,,normal,4272
609bc1566a1991b0d875fb35,5a0482efdf3fa800015c3374,121,sender,change,design,saqotiwe-puwirefa-zah-ralonefi-wuk-pofepilu-hix-qux-tezalipu-kuh,saqotiwe,,7026
609bc1566a1991b0d875fb35,5a0482efdf3fa800015c3374,122,receiver,credit,branch,branch-credit,,credit,2345
609bc1566a1991b0d875fb35,5a0482efdf3fa800015c3374,123,sender,garden,normal,saqotiwe-puwirefa-zah-ralonefi-wuk-pofepilu-hix-qux-tezalipu-kuh,puwirefa,,3136
609bc1566a1991b0d875fb35,5a0482efdf3fa800015c3374,124,receiver,credit,handle,credit-handle,,credit,1763
609bc1566a1991b0d875fb35,5a0482efdf3fa800015c3374,125,sender,garden,health,saqotiwe-puwirefa-zah-ralonefi-wuk-pofepilu-hix-qux-tezalipu-kuh,puwirefa,,1637
609bc1566a1991b0d875fb35,5a0482efdf3fa800015c3374,126,receiver,branch,school,school-branch,,branch,3861
609bc1566a1991b0d875fb35,5a0482efdf3fa800015c3374,127,sender,school,second,saqotiwe-puwirefa-zah-ralonefi-wuk-pofepilu-hix-qux-tezalipu-kuh,wuk,,1598
609bc1566a1991b0d875fb35,5a0482efdf3fa800015c3374,128,receiver,credit,garden,credit-garden,,credit,2084
609bc1566a1991b0d875fb35,5a0482efdf3fa800015c3374,129,sender,credit,change,saqotiwe-puwirefa-zah-ralonefi-wuk-pofepilu-hix-qux-tezalipu-kuh,zah,,2085
609bc1566a1991b0d875fb35,5a0482efdf3fa800015c3374,130,receiver,branch,health,health-branch,,branch,6372
609bc1566a1991b0d875fb35,5a0482efdf3fa800015c3374,131,sender,normal,second,saqotiwe-puwirefa-zah-ralonefi-wuk-pofepilu-hix-qux-tezalipu-kuh,kuh,,4907
609bc1566a1991b0d875fb35,5a0482efdf3fa800015c3374,132,receiver,handle,design,design-handle,,handle,3080
609bc1566a1991b0d875fb35,5a0482efdf3fa800015c3374,133,sender,branch,handle,saqotiwe-puwirefa-zah-ralonefi-wuk-pofepilu-hix-qux-tezalipu-kuh,pofepilu,,3058
609bc1566a1991b0d875fb35,5a0482efdf3fa800015c3374,134,receiver,garden,normal,normal-garden,,garden,2390
609bc1566a1991b0d875fb35,5a0482efdf3fa800015c3374,135,sender,garden,design,saqotiwe-puwirefa-zah-ralonefi-wuk-pofepilu-hix-qux-tezalipu-kuh,puwirefa,,2519