participant_id, partner_id, trial_index, trial_type, target_meaning, foil_meaning,             choices, signal_selected, meaning_guess, rt
5978e2db30b1d90001f5daa5,5e31a1526ef37a1879a94441,1,sender,silver,market,hiwaponu-qip-meh-wepitula-saqotiwe-puwirefa-kuh-zah-lehaqifu-hix,saqotiwe,,26785.2
5978e2db30b1d90001f5daa5,5e31a1526ef37a1879a94441,2,receiver,handle,online,online-handle,,handle,9042.4
5978e2db30b1d90001f5daa5,5e31a1526ef37a1879a94441,3,sender,handle,signal,hiwaponu-qip-meh-wepitula-saqotiwe-puwirefa-kuh-zah-lehaqifu-hix,lehaqifu,,10728.2
5978e2db30b1d90001f5daa5,5e31a1526ef37a1879a94441,4,receiver,market,ground,market-ground,,market,3122.1
5978e2db30b1d90001f5daa5,5e31a1526ef37a1879a94441,5,sender,course,handle,hiwaponu-qip-meh-wepitula-saqotiwe-puwirefa-kuh-zah-lehaqifu-hix,hix,,9653.7
5978e2db30b1d90001f5daa5,5e31a1526ef37a1879a94441,6,receiver,silver,market,silver-market,,silver,1935.1
5978e2db30b1d90001f5daa5,5e31a1526ef37a1879a94441,7,sender,course,handle,hiwaponu-qip-meh-wepitula-saqotiwe-puwirefa-kuh-zah-lehaqifu-hix,hix,,2403
5978e2db30b1d90001f5daa5,5e31a1526ef37a1879a94441,8,receiver,silver,course,silver-course,,silver,2559.4
5978e2db30b1d90001f5daa5,5e31a1526ef37a1879a94441,9,sender,police,memory,hiwaponu-qip-meh-wepitula-saqotiwe-puwirefa-kuh-zah-lehaqifu-hix,puwirefa,,4824.1
5978e2db30b1d90001f5daa5,5e31a1526ef37a1879a94441,10,receiver,silver,market,market-silver,,silver,2428.3
5978e2db30b1d90001f5daa5,5e31a1526ef37a1879a94441,11,sender,police,memory,hiwaponu-qip-meh-wepitula-saqotiwe-puwirefa-kuh-zah-lehaqifu-hix,puwirefa,,4370
5978e2db30b1d90001f5daa5,5e31a1526ef37a1879a94441,12,receiver,course,handle,course-handle,,course,2796.6
5978e2db30b1d90001f5daa5,5e31a1526ef37a1879a94441,13,sender,police,memory,hiwaponu-qip-meh-wepitula-saqotiwe-puwirefa-kuh-zah-lehaqifu-hix,puwirefa,,10878.1
5978e2db30b1d90001f5daa5,5e31a1526ef37a1879a94441,14,receiver,course,handle,course-handle,,course,2068.1
5978e2db30b1d90001f5daa5,5e31a1526ef37a1879a94441,15,sender,silver,memory,hiwaponu-qip-meh-wepitula-saqotiwe-puwirefa-kuh-zah-lehaqifu-hix,saqotiwe,,2794.4
5978e2db30b1d90001f5daa5,5e31a1526ef37a1879a94441,16,receiver,memory,signal,memory-signal,,memory,8081.8
5978e2db30b1d90001f5daa5,5e31a1526ef37a1879a94441,17,sender,silver,people,hiwaponu-qip-meh-wepitula-saqotiwe-puwirefa-kuh-zah-lehaqifu-hix,saqotiwe,,6456
5978e2db30b1d90001f5daa5,5e31a1526ef37a1879a94441,18,receiver,police,online,online-police,,police,6677.6
5978e2db30b1d90001f5daa5,5e31a1526ef37a1879a94441,19,sender,police,memory,hiwaponu-qip-meh-wepitula-saqotiwe-puwirefa-kuh-zah-lehaqifu-hix,puwirefa,,3136.4
5978e2db30b1d90001f5daa5,5e31a1526ef37a1879a94441,20,receiver,silver,online,silver-online,,silver,4608.2
5978e2db30b1d90001f5daa5,5e31a1526ef37a1879a94441,21,sender,police,memory,hiwaponu-qip-meh-wepitula-saqotiwe-puwirefa-kuh-zah-lehaqifu-hix,puwirefa,,2257.9
5978e2db30b1d90001f5daa5,5e31a1526ef37a1879a94441,22,receiver,market,signal,market-signal,,market,4823.7
5978e2db30b1d90001f5daa5,5e31a1526ef37a1879a94441,23,sender,online,people,hiwaponu-qip-meh-wepitula-saqotiwe-puwirefa-kuh-zah-lehaqifu-hix,hiwaponu,,13848.7
5978e2db30b1d90001f5daa5,5e31a1526ef37a1879a94441,24,receiver,signal,ground,ground-signal,,signal,1907.3
5978e2db30b1d90001f5daa5,5e31a1526ef37a1879a94441,25,sender,police,memory,hiwaponu-qip-meh-wepitula-saqotiwe-puwirefa-kuh-zah-lehaqifu-hix,puwirefa,,2695
5978e2db30b1d90001f5daa5,5e31a1526ef37a1879a94441,26,receiver,market,memory,memory-market,,memory,3747.8
5978e2db30b1d90001f5daa5,5e31a1526ef37a1879a94441,27,sender,course,handle,hiwaponu-qip-meh-wepitula-saqotiwe-puwirefa-kuh-zah-lehaqifu-hix,hix,,5267
5978e2db30b1d90001f5daa5,5e31a1526ef37a1879a94441,28,receiver,silver,signal,signal-silver,,signal,3215.4
5978e2db30b1d90001f5daa5,5e31a1526ef37a1879a94441,29,sender,course,handle,hiwaponu-qip-meh-wepitula-saqotiwe-puwirefa-kuh-zah-lehaqifu-hix,hix,,3317.6
5978e2db30b1d90001f5daa5,5e31a1526ef37a1879a94441,30,receiver,market,course,market-course,,market,2632.1
5978e2db30b1d90001f5daa5,5e31a1526ef37a1879a94441,31,sender,memory,handle,hiwaponu-qip-meh-wepitula-saqotiwe-puwirefa-kuh-zah-lehaqifu-hix,meh,,10556.7
5978e2db30b1d90001f5daa5,5e31a1526ef37a1879a94441,32,receiver,memory,signal,memory-signal,,memory,3437.1
5978e2db30b1d90001f5daa5,5e31a1526ef37a1879a94441,33,sender,course,handle,hiwaponu-qip-meh-wepitula-saqotiwe-puwirefa-kuh-zah-lehaqifu-hix,hix,,3986.7
5978e2db30b1d90001f5daa5,5e31a1526ef37a1879a94441,34,receiver,market,handle,handle-market,,market,3811.1
5978e2db30b1d90001f5daa5,5e31a1526ef37a1879a94441,35,sender,handle,signal,hiwaponu-qip-meh-wepitula-saqotiwe-puwirefa-kuh-zah-lehaqifu-hix,hiwaponu,,5841.6
5978e2db30b1d90001f5daa5,5e31a1526ef37a1879a94441,36,receiver,market,online,market-online,,market,1620.6
5978e2db30b1d90001f5daa5,5e31a1526ef37a1879a94441,37,sender,memory,ground,hiwaponu-qip-meh-wepitula-saqotiwe-puwirefa-kuh-zah-lehaqifu-hix,meh,,5907.3
5978e2db30b1d90001f5daa5,5e31a1526ef37a1879a94441,38,receiver,course,online,course-online,,online,4150.1
5978e2db30b1d90001f5daa5,5e31a1526ef37a1879a94441,39,sender,silver,market,hiwaponu-qip-meh-wepitula-saqotiwe-puwirefa-kuh-zah-lehaqifu-hix,saqotiwe,,3107.2
5978e2db30b1d90001f5daa5,5e31a1526ef37a1879a94441,40,receiver,police,handle,handle-police,,police,10023.9
5978e2db30b1d90001f5daa5,5e31a1526ef37a1879a94441,41,sender,handle,ground,hiwaponu-qip-meh-wepitula-saqotiwe-puwirefa-kuh-zah-lehaqifu-hix,hiwaponu,,9667.8
5978e2db30b1d90001f5daa5,5e31a1526ef37a1879a94441,42,receiver,silver,signal,signal-silver,,silver,5331.6
5978e2db30b1d90001f5daa5,5e31a1526ef37a1879a94441,43,sender,online,ground,hiwaponu-qip-meh-wepitula-saqotiwe-puwirefa-kuh-zah-lehaqifu-hix,qip,,11159.4
5978e2db30b1d90001f5daa5,5e31a1526ef37a1879a94441,44,receiver,market,people,people-market,,market,2107.2
5978e2db30b1d90001f5daa5,5e31a1526ef37a1879a94441,45,sender,silver,police,hiwaponu-qip-meh-wepitula-saqotiwe-puwirefa-kuh-zah-lehaqifu-hix,saqotiwe,,10422.7
5978e2db30b1d90001f5daa5,5e31a1526ef37a1879a94441,46,receiver,course,ground,ground-course,,course,2794.8
5978e2db30b1d90001f5daa5,5e31a1526ef37a1879a94441,47,sender,silver,people,hiwaponu-qip-meh-wepitula-saqotiwe-puwirefa-kuh-zah-lehaqifu-hix,saqotiwe,,8642.8
5978e2db30b1d90001f5daa5,5e31a1526ef37a1879a94441,48,receiver,market,signal,signal-market,,market,5487.3
5978e2db30b1d90001f5daa5,5e31a1526ef37a1879a94441,49,sender,course,people,hiwaponu-qip-meh-wepitula-saqotiwe-puwirefa-kuh-zah-lehaqifu-hix,hix,,4137.5
5978e2db30b1d90001f5daa5,5e31a1526ef37a1879a94441,50,receiver,signal,people,signal-people,,signal,1207.6
5978e2db30b1d90001f5daa5,5e31a1526ef37a1879a94441,51,sender,police,memory,hiwaponu-qip-meh-wepitula-saqotiwe-puwirefa-kuh-zah-lehaqifu-hix,puwirefa,,2744.3
5978e2db30b1d90001f5daa5,5e31a1526ef37a1879a94441,52,receiver,online,ground,online-ground,,online,14591.4
5978e2db30b1d90001f5daa5,5e31a1526ef37a1879a94441,53,sender,police,online,hiwaponu-qip-meh-wepitula-saqotiwe-puwirefa-kuh-zah-lehaqifu-hix,puwirefa,,1784.7
5978e2db30b1d90001f5daa5,5e31a1526ef37a1879a94441,54,receiver,police,signal,police-signal,,police,2844.2
5978e2db30b1d90001f5daa5,5e31a1526ef37a1879a94441,55,sender,silver,ground,hiwaponu-qip-meh-wepitula-saqotiwe-puwirefa-kuh-zah-lehaqifu-hix,saqotiwe,,11774
5978e2db30b1d90001f5daa5,5e31a1526ef37a1879a94441,56,receiver,silver,market,market-silver,,silver,2227.1
5978e2db30b1d90001f5daa5,5e31a1526ef37a1879a94441,57,sender,online,people,hiwaponu-qip-meh-wepitula-saqotiwe-puwirefa-kuh-zah-lehaqifu-hix,qip,,10565.9
5978e2db30b1d90001f5daa5,5e31a1526ef37a1879a94441,58,receiver,signal,ground,ground-signal,,signal,2012.6
5978e2db30b1d90001f5daa5,5e31a1526ef37a1879a94441,59,sender,market,course,hiwaponu-qip-meh-wepitula-saqotiwe-puwirefa-kuh-zah-lehaqifu-hix,meh,,3772.3
5978e2db30b1d90001f5daa5,5e31a1526ef37a1879a94441,60,receiver,memory,people,memory-people,,memory,2239.7
5978e2db30b1d90001f5daa5,5e31a1526ef37a1879a94441,61,sender,silver,course,hiwaponu-qip-meh-wepitula-saqotiwe-puwirefa-kuh-zah-lehaqifu-hix,saqotiwe,,23475.2
5978e2db30b1d90001f5daa5,5e31a1526ef37a1879a94441,62,receiver,course,handle,course-handle,,course,2097
5978e2db30b1d90001f5daa5,5e31a1526ef37a1879a94441,63,sender,market,ground,hiwaponu-qip-meh-wepitula-saqotiwe-puwirefa-kuh-zah-lehaqifu-hix,meh,,3590.3
5978e2db30b1d90001f5daa5,5e31a1526ef37a1879a94441,64,receiver,signal,people,people-signal,,signal,7207
5978e2db30b1d90001f5daa5,5e31a1526ef37a1879a94441,65,sender,course,handle,hiwaponu-qip-meh-wepitula-saqotiwe-puwirefa-kuh-zah-lehaqifu-hix,hix,,3274.1
5978e2db30b1d90001f5daa5,5e31a1526ef37a1879a94441,66,receiver,online,signal,signal-online,,online,7863.5
5978e2db30b1d90001f5daa5,5e31a1526ef37a1879a94441,67,sender,ground,people,hiwaponu-qip-meh-wepitula-saqotiwe-puwirefa-kuh-zah-lehaqifu-hix,hix,,7910.6
5978e2db30b1d90001f5daa5,5e31a1526ef37a1879a94441,68,receiver,handle,people,people-handle,,handle,5626.1
5978e2db30b1d90001f5daa5,5e31a1526ef37a1879a94441,69,sender,police,memory,hiwaponu-qip-meh-wepitula-saqotiwe-puwirefa-kuh-zah-lehaqifu-hix,puwirefa,,1670.9
5978e2db30b1d90001f5daa5,5e31a1526ef37a1879a94441,70,receiver,course,ground,ground-course,,ground,8179.2
5978e2db30b1d90001f5daa5,5e31a1526ef37a1879a94441,71,sender,memory,course,hiwaponu-qip-meh-wepitula-saqotiwe-puwirefa-kuh-zah-lehaqifu-hix,meh,,6017.9
5978e2db30b1d90001f5daa5,5e31a1526ef37a1879a94441,72,receiver,memory,online,online-memory,,memory,4594.3
5978e2db30b1d90001f5daa5,5e31a1526ef37a1879a94441,73,sender,silver,market,hiwaponu-qip-meh-wepitula-saqotiwe-puwirefa-kuh-zah-lehaqifu-hix,saqotiwe,,2017.3
5978e2db30b1d90001f5daa5,5e31a1526ef37a1879a94441,74,receiver,signal,ground,signal-ground,,signal,5857.2
5978e2db30b1d90001f5daa5,5e31a1526ef37a1879a94441,75,sender,police,memory,hiwaponu-qip-meh-wepitula-saqotiwe-puwirefa-kuh-zah-lehaqifu-hix,puwirefa,,8069.8
5978e2db30b1d90001f5daa5,5e31a1526ef37a1879a94441,76,receiver,ground,people,ground-people,,ground,2431
5978e2db30b1d90001f5daa5,5e31a1526ef37a1879a94441,77,sender,police,course,hiwaponu-qip-meh-wepitula-saqotiwe-puwirefa-kuh-zah-lehaqifu-hix,puwirefa,,6711.6
5978e2db30b1d90001f5daa5,5e31a1526ef37a1879a94441,78,receiver,police,signal,police-signal,,police,8020.4
5978e2db30b1d90001f5daa5,5e31a1526ef37a1879a94441,79,sender,signal,ground,hiwaponu-qip-meh-wepitula-saqotiwe-puwirefa-kuh-zah-lehaqifu-hix,saqotiwe,,1328.6
5978e2db30b1d90001f5daa5,5e31a1526ef37a1879a94441,80,receiver,police,ground,police-ground,,police,1880.3
5978e2db30b1d90001f5daa5,5e31a1526ef37a1879a94441,81,sender,online,ground,hiwaponu-qip-meh-wepitula-saqotiwe-puwirefa-kuh-zah-lehaqifu-hix,qip,,7508.9
5978e2db30b1d90001f5daa5,5e31a1526ef37a1879a94441,82,receiver,ground,people,ground-people,,ground,2828.6
5978e2db30b1d90001f5daa5,5e31a1526ef37a1879a94441,83,sender,signal,people,hiwaponu-qip-meh-wepitula-saqotiwe-puwirefa-kuh-zah-lehaqifu-hix,saqotiwe,,2220
5978e2db30b1d90001f5daa5,5e31a1526ef37a1879a94441,84,receiver,course,signal,signal-course,,course,2283.9
5978e2db30b1d90001f5daa5,5e31a1526ef37a1879a94441,85,sender,silver,handle,hiwaponu-qip-meh-wepitula-saqotiwe-puwirefa-kuh-zah-lehaqifu-hix,saqotiwe,,6599.1
5978e2db30b1d90001f5daa5,5e31a1526ef37a1879a94441,86,receiver,handle,ground,handle-ground,,ground,10076.8
5978e2db30b1d90001f5daa5,5e31a1526ef37a1879a94441,87,sender,ground,people,hiwaponu-qip-meh-wepitula-saqotiwe-puwirefa-kuh-zah-lehaqifu-hix,zah,,3724.6
5978e2db30b1d90001f5daa5,5e31a1526ef37a1879a94441,88,receiver,course,signal,signal-course,,course,10122.2
5978e2db30b1d90001f5daa5,5e31a1526ef37a1879a94441,89,sender,online,people,hiwaponu-qip-meh-wepitula-saqotiwe-puwirefa-kuh-zah-lehaqifu-hix,qip,,3456.8
5978e2db30b1d90001f5daa5,5e31a1526ef37a1879a94441,90,receiver,memory,course,course-memory,,memory,5940.5
5978e2db30b1d90001f5daa5,5e31a1526ef37a1879a94441,91,sender,police,memory,hiwaponu-qip-meh-wepitula-saqotiwe-puwirefa-kuh-zah-lehaqifu-hix,puwirefa,,14398.2
5978e2db30b1d90001f5daa5,5e31a1526ef37a1879a94441,92,receiver,silver,market,market-silver,,silver,1563.2
5978e2db30b1d90001f5daa5,5e31a1526ef37a1879a94441,93,sender,silver,market,hiwaponu-qip-meh-wepitula-saqotiwe-puwirefa-kuh-zah-lehaqifu-hix,saqotiwe,,2045.5
5978e2db30b1d90001f5daa5,5e31a1526ef37a1879a94441,94,receiver,ground,people,people-ground,,ground,1546.6
5978e2db30b1d90001f5daa5,5e31a1526ef37a1879a94441,95,sender,course,handle,hiwaponu-qip-meh-wepitula-saqotiwe-puwirefa-kuh-zah-lehaqifu-hix,hix,,8164.2
5978e2db30b1d90001f5daa5,5e31a1526ef37a1879a94441,96,receiver,online,signal,online-signal,,online,6927.4
5978e2db30b1d90001f5daa5,5e31a1526ef37a1879a94441,97,sender,memory,people,hiwaponu-qip-meh-wepitula-saqotiwe-puwirefa-kuh-zah-lehaqifu-hix,meh,,12088.9
5978e2db30b1d90001f5daa5,5e31a1526ef37a1879a94441,98,receiver,silver,market,market-silver,,silver,5146.5
5978e2db30b1d90001f5daa5,5e31a1526ef37a1879a94441,99,sender,memory,ground,hiwaponu-qip-meh-wepitula-saqotiwe-puwirefa-kuh-zah-lehaqifu-hix,meh,,4033.8
5978e2db30b1d90001f5daa5,5e31a1526ef37a1879a94441,100,receiver,course,online,online-course,,course,1400.7
5978e2db30b1d90001f5daa5,5e31a1526ef37a1879a94441,101,sender,silver,memory,hiwaponu-qip-meh-wepitula-saqotiwe-puwirefa-kuh-zah-lehaqifu-hix,saqotiwe,,1425.1
5978e2db30b1d90001f5daa5,5e31a1526ef37a1879a94441,102,receiver,course,handle,handle-course,,handle,2747.9
5978e2db30b1d90001f5daa5,5e31a1526ef37a1879a94441,103,sender,online,people,hiwaponu-qip-meh-wepitula-saqotiwe-puwirefa-kuh-zah-lehaqifu-hix,qip,,2152.8
5978e2db30b1d90001f5daa5,5e31a1526ef37a1879a94441,104,receiver,market,police,police-market,,market,4119.8
5978e2db30b1d90001f5daa5,5e31a1526ef37a1879a94441,105,sender,police,handle,hiwaponu-qip-meh-wepitula-saqotiwe-puwirefa-kuh-zah-lehaqifu-hix,puwirefa,,2616.2
5978e2db30b1d90001f5daa5,5e31a1526ef37a1879a94441,106,receiver,silver,market,silver-market,,silver,2212.3
5978e2db30b1d90001f5daa5,5e31a1526ef37a1879a94441,107,sender,market,memory,hiwaponu-qip-meh-wepitula-saqotiwe-puwirefa-kuh-zah-lehaqifu-hix,meh,,6342.4
5978e2db30b1d90001f5daa5,5e31a1526ef37a1879a94441,108,receiver,police,memory,police-memory,,police,5191
5978e2db30b1d90001f5daa5,5e31a1526ef37a1879a94441,109,sender,course,people,hiwaponu-qip-meh-wepitula-saqotiwe-puwirefa-kuh-zah-lehaqifu-hix,hix,,2161
5978e2db30b1d90001f5daa5,5e31a1526ef37a1879a94441,110,receiver,signal,people,signal-people,,signal,1350.1
5978e2db30b1d90001f5daa5,5e31a1526ef37a1879a94441,111,sender,online,signal,hiwaponu-qip-meh-wepitula-saqotiwe-puwirefa-kuh-zah-lehaqifu-hix,qip,,5054.9
5978e2db30b1d90001f5daa5,5e31a1526ef37a1879a94441,112,receiver,police,people,police-people,,police,12286
5978e2db30b1d90001f5daa5,5e31a1526ef37a1879a94441,113,sender,silver,market,hiwaponu-qip-meh-wepitula-saqotiwe-puwirefa-kuh-zah-lehaqifu-hix,saqotiwe,,7128.3
5978e2db30b1d90001f5daa5,5e31a1526ef37a1879a94441,114,receiver,online,people,online-people,,online,13253.7
5978e2db30b1d90001f5daa5,5e31a1526ef37a1879a94441,115,sender,memory,online,hiwaponu-qip-meh-wepitula-saqotiwe-puwirefa-kuh-zah-lehaqifu-hix,meh,,4024.2
5978e2db30b1d90001f5daa5,5e31a1526ef37a1879a94441,116,receiver,silver,online,online-silver,,silver,3225.6
5978e2db30b1d90001f5daa5,5e31a1526ef37a1879a94441,117,sender,signal,ground,hiwaponu-qip-meh-wepitula-saqotiwe-puwirefa-kuh-zah-lehaqifu-hix,saqotiwe,,6365
5978e2db30b1d90001f5daa5,5e31a1526ef37a1879a94441,118,receiver,market,online,market-online,,market,3106.6
5978e2db30b1d90001f5daa5,5e31a1526ef37a1879a94441,119,sender,handle,online,hiwaponu-qip-meh-wepitula-saqotiwe-puwirefa-kuh-zah-lehaqifu-hix,hix,,9990.2
5978e2db30b1d90001f5daa5,5e31a1526ef37a1879a94441,120,receiver,online,signal,online-signal,,online,16820.2
5978e2db30b1d90001f5daa5,5e31a1526ef37a1879a94441,121,sender,memory,handle,hiwaponu-qip-meh-wepitula-saqotiwe-puwirefa-kuh-zah-lehaqifu-hix,meh,,5525.8
5978e2db30b1d90001f5daa5,5e31a1526ef37a1879a94441,122,receiver,handle,people,handle-people,,handle,17309.9
5978e2db30b1d90001f5daa5,5e31a1526ef37a1879a94441,123,sender,police,ground,hiwaponu-qip-meh-wepitula-saqotiwe-puwirefa-kuh-zah-lehaqifu-hix,puwirefa,,1419.9
5978e2db30b1d90001f5daa5,5e31a1526ef37a1879a94441,124,receiver,silver,police,silver-police,,silver,1738.8
5978e2db30b1d90001f5daa5,5e31a1526ef37a1879a94441,125,sender,signal,people,hiwaponu-qip-meh-wepitula-saqotiwe-puwirefa-kuh-zah-lehaqifu-hix,saqotiwe,,1112.3
5978e2db30b1d90001f5daa5,5e31a1526ef37a1879a94441,126,receiver,market,people,market-people,,market,1071.7
5978e2db30b1d90001f5daa5,5e31a1526ef37a1879a94441,127,sender,market,handle,hiwaponu-qip-meh-wepitula-saqotiwe-puwirefa-kuh-zah-lehaqifu-hix,meh,,2554.7
5978e2db30b1d90001f5daa5,5e31a1526ef37a1879a94441,128,receiver,online,ground,ground-online,,online,2004.9
5978e2db30b1d90001f5daa5,5e31a1526ef37a1879a94441,129,sender,police,people,hiwaponu-qip-meh-wepitula-saqotiwe-puwirefa-kuh-zah-lehaqifu-hix,puwirefa,,1672.6
5978e2db30b1d90001f5daa5,5e31a1526ef37a1879a94441,130,receiver,market,police,market-police,,market,1229.8
5978e2db30b1d90001f5daa5,5e31a1526ef37a1879a94441,131,sender,police,course,hiwaponu-qip-meh-wepitula-saqotiwe-puwirefa-kuh-zah-lehaqifu-hix,puwirefa,,2164.2
5978e2db30b1d90001f5daa5,5e31a1526ef37a1879a94441,132,receiver,online,ground,ground-online,,online,2093.8
5978e2db30b1d90001f5daa5,5e31a1526ef37a1879a94441,133,sender,online,signal,hiwaponu-qip-meh-wepitula-saqotiwe-puwirefa-kuh-zah-lehaqifu-hix,qip,,4331.7
5978e2db30b1d90001f5daa5,5e31a1526ef37a1879a94441,134,receiver,silver,handle,silver-handle,,silver,875.6
5978e2db30b1d90001f5daa5,5e31a1526ef37a1879a94441,135,sender,silver,ground,hiwaponu-qip-meh-wepitula-saqotiwe-puwirefa-kuh-zah-lehaqifu-hix,saqotiwe,,1699.4