participant_id, partner_id, trial_index, trial_type, target_meaning, foil_meaning,             choices, signal_selected, meaning_guess, rt
5e31a1526ef37a1879a94441,5978e2db30b1d90001f5daa5,1,receiver,silver,market,market-silver,,market,13152
5e31a1526ef37a1879a94441,5978e2db30b1d90001f5daa5,2,sender,handle,online,hiwaponu-qip-meh-wepitula-saqotiwe-puwirefa-kuh-zah-lehaqifu-hix,hix,,15861
5e31a1526ef37a1879a94441,5978e2db30b1d90001f5daa5,3,receiver,handle,signal,signal-handle,,handle,7302
5e31a1526ef37a1879a94441,5978e2db30b1d90001f5daa5,4,sender,market,ground,hiwaponu-qip-meh-wepitula-saqotiwe-puwirefa-kuh-zah-lehaqifu-hix,meh,,11078
5e31a1526ef37a1879a94441,5978e2db30b1d90001f5daa5,5,receiver,course,handle,course-handle,,handle,2537
5e31a1526ef37a1879a94441,5978e2db30b1d90001f5daa5,6,sender,silver,market,hiwaponu-qip-meh-wepitula-saqotiwe-puwirefa-kuh-zah-lehaqifu-hix,saqotiwe,,4357
5e31a1526ef37a1879a94441,5978e2db30b1d90001f5daa5,7,receiver,course,handle,course-handle,,handle,2565
5e31a1526ef37a1879a94441,5978e2db30b1d90001f5daa5,8,sender,silver,course,hiwaponu-qip-meh-wepitula-saqotiwe-puwirefa-kuh-zah-lehaqifu-hix,saqotiwe,,2511
5e31a1526ef37a1879a94441,5978e2db30b1d90001f5daa5,9,receiver,police,memory,memory-police,,police,2167
5e31a1526ef37a1879a94441,5978e2db30b1d90001f5daa5,10,sender,silver,market,hiwaponu-qip-meh-wepitula-saqotiwe-puwirefa-kuh-zah-lehaqifu-hix,saqotiwe,,1839
5e31a1526ef37a1879a94441,5978e2db30b1d90001f5daa5,11,receiver,police,memory,memory-police,,police,1733
5e31a1526ef37a1879a94441,5978e2db30b1d90001f5daa5,12,sender,course,handle,hiwaponu-qip-meh-wepitula-saqotiwe-puwirefa-kuh-zah-lehaqifu-hix,kuh,,14973
5e31a1526ef37a1879a94441,5978e2db30b1d90001f5daa5,13,receiver,police,memory,police-memory,,police,1561
5e31a1526ef37a1879a94441,5978e2db30b1d90001f5daa5,14,sender,course,handle,hiwaponu-qip-meh-wepitula-saqotiwe-puwirefa-kuh-zah-lehaqifu-hix,kuh,,3186
5e31a1526ef37a1879a94441,5978e2db30b1d90001f5daa5,15,receiver,silver,memory,memory-silver,,silver,2294
5e31a1526ef37a1879a94441,5978e2db30b1d90001f5daa5,16,sender,memory,signal,hiwaponu-qip-meh-wepitula-saqotiwe-puwirefa-kuh-zah-lehaqifu-hix,meh,,16138
5e31a1526ef37a1879a94441,5978e2db30b1d90001f5daa5,17,receiver,silver,people,silver-people,,silver,1727
5e31a1526ef37a1879a94441,5978e2db30b1d90001f5daa5,18,sender,police,online,hiwaponu-qip-meh-wepitula-saqotiwe-puwirefa-kuh-zah-lehaqifu-hix,puwirefa,,2999
5e31a1526ef37a1879a94441,5978e2db30b1d90001f5daa5,19,receiver,police,memory,police-memory,,police,1522
5e31a1526ef37a1879a94441,5978e2db30b1d90001f5daa5,20,sender,silver,online,hiwaponu-qip-meh-wepitula-saqotiwe-puwirefa-kuh-zah-lehaqifu-hix,saqotiwe,,1795
5e31a1526ef37a1879a94441,5978e2db30b1d90001f5daa5,21,receiver,police,memory,police-memory,,police,2002
5e31a1526ef37a1879a94441,5978e2db30b1d90001f5daa5,22,sender,market,signal,hiwaponu-qip-meh-wepitula-saqotiwe-puwirefa-kuh-zah-lehaqifu-hix,meh,,5456
5e31a1526ef37a1879a94441,5978e2db30b1d90001f5daa5,23,receiver,online,people,people-online,,people,11661
5e31a1526ef37a1879a94441,5978e2db30b1d90001f5daa5,24,sender,signal,ground,hiwaponu-qip-meh-wepitula-saqotiwe-puwirefa-kuh-zah-lehaqifu-hix,saqotiwe,,7720
5e31a1526ef37a1879a94441,5978e2db30b1d90001f5daa5,25,receiver,police,memory,police-memory,,police,1267
5e31a1526ef37a1879a94441,5978e2db30b1d90001f5daa5,26,sender,market,memory,hiwaponu-qip-meh-wepitula-saqotiwe-puwirefa-kuh-zah-lehaqifu-hix,meh,,37988
5e31a1526ef37a1879a94441,5978e2db30b1d90001f5daa5,27,receiver,course,handle,handle-course,,handle,1914
5e31a1526ef37a1879a94441,5978e2db30b1d90001f5daa5,28,sender,silver,signal,hiwaponu-qip-meh-wepitula-saqotiwe-puwirefa-kuh-zah-lehaqifu-hix,saqotiwe,,1632
5e31a1526ef37a1879a94441,5978e2db30b1d90001f5daa5,29,receiver,course,handle,handle-course,,handle,3185
5e31a1526ef37a1879a94441,5978e2db30b1d90001f5daa5,30,sender,market,course,hiwaponu-qip-meh-wepitula-saqotiwe-puwirefa-kuh-zah-lehaqifu-hix,meh,,2770
5e31a1526ef37a1879a94441,5978e2db30b1d90001f5daa5,31,receiver,memory,handle,handle-memory,,memory,2416
5e31a1526ef37a1879a94441,5978e2db30b1d90001f5daa5,32,sender,memory,signal,hiwaponu-qip-meh-wepitula-saqotiwe-puwirefa-kuh-zah-lehaqifu-hix,meh,,4150
5e31a1526ef37a1879a94441,5978e2db30b1d90001f5daa5,33,receiver,course,handle,handle-course,,course,2155
5e31a1526ef37a1879a94441,5978e2db30b1d90001f5daa5,34,sender,market,handle,hiwaponu-qip-meh-wepitula-saqotiwe-puwirefa-kuh-zah-lehaqifu-hix,meh,,2372
5e31a1526ef37a1879a94441,5978e2db30b1d90001f5daa5,35,receiver,handle,signal,signal-handle,,handle,3683
5e31a1526ef37a1879a94441,5978e2db30b1d90001f5daa5,36,sender,market,online,hiwaponu-qip-meh-wepitula-saqotiwe-puwirefa-kuh-zah-lehaqifu-hix,meh,,2620
5e31a1526ef37a1879a94441,5978e2db30b1d90001f5daa5,37,receiver,memory,ground,memory-ground,,memory,1410
5e31a1526ef37a1879a94441,5978e2db30b1d90001f5daa5,38,sender,course,online,hiwaponu-qip-meh-wepitula-saqotiwe-puwirefa-kuh-zah-lehaqifu-hix,kuh,,12746
5e31a1526ef37a1879a94441,5978e2db30b1d90001f5daa5,39,receiver,silver,market,silver-market,,silver,1599
5e31a1526ef37a1879a94441,5978e2db30b1d90001f5daa5,40,sender,police,handle,hiwaponu-qip-meh-wepitula-saqotiwe-puwirefa-kuh-zah-lehaqifu-hix,puwirefa,,3015
5e31a1526ef37a1879a94441,5978e2db30b1d90001f5daa5,41,receiver,handle,ground,ground-handle,,handle,1507
5e31a1526ef37a1879a94441,5978e2db30b1d90001f5daa5,42,sender,silver,signal,hiwaponu-qip-meh-wepitula-saqotiwe-puwirefa-kuh-zah-lehaqifu-hix,saqotiwe,,1828
5e31a1526ef37a1879a94441,5978e2db30b1d90001f5daa5,43,receiver,online,ground,online-ground,,ground,6984
5e31a1526ef37a1879a94441,5978e2db30b1d90001f5daa5,44,sender,market,people,hiwaponu-qip-meh-wepitula-saqotiwe-puwirefa-kuh-zah-lehaqifu-hix,meh,,2087
5e31a1526ef37a1879a94441,5978e2db30b1d90001f5daa5,45,receiver,silver,police,police-silver,,silver,1701
5e31a1526ef37a1879a94441,5978e2db30b1d90001f5daa5,46,sender,course,ground,hiwaponu-qip-meh-wepitula-saqotiwe-puwirefa-kuh-zah-lehaqifu-hix,zah,,16361
5e31a1526ef37a1879a94441,5978e2db30b1d90001f5daa5,47,receiver,silver,people,people-silver,,silver,1316
5e31a1526ef37a1879a94441,5978e2db30b1d90001f5daa5,48,sender,market,signal,hiwaponu-qip-meh-wepitula-saqotiwe-puwirefa-kuh-zah-lehaqifu-hix,meh,,1961
5e31a1526ef37a1879a94441,5978e2db30b1d90001f5daa5,49,receiver,course,people,course-people,,course,4469
5e31a1526ef37a1879a94441,5978e2db30b1d90001f5daa5,50,sender,signal,people,hiwaponu-qip-meh-wepitula-saqotiwe-puwirefa-kuh-zah-lehaqifu-hix,saqotiwe,,2834
5e31a1526ef37a1879a94441,5978e2db30b1d90001f5daa5,51,receiver,police,memory,memory-police,,police,1299
5e31a1526ef37a1879a94441,5978e2db30b1d90001f5daa5,52,sender,online,ground,hiwaponu-qip-meh-wepitula-saqotiwe-puwirefa-kuh-zah-lehaqifu-hix,hiwaponu,,18811
5e31a1526ef37a1879a94441,5978e2db30b1d90001f5daa5,53,receiver,police,online,police-online,,police,1407
5e31a1526ef37a1879a94441,5978e2db30b1d90001f5daa5,54,sender,police,signal,hiwaponu-qip-meh-wepitula-saqotiwe-puwirefa-kuh-zah-lehaqifu-hix,puwirefa,,3211
5e31a1526ef37a1879a94441,5978e2db30b1d90001f5daa5,55,receiver,silver,ground,silver-ground,,silver,1314
5e31a1526ef37a1879a94441,5978e2db30b1d90001f5daa5,56,sender,silver,market,hiwaponu-qip-meh-wepitula-saqotiwe-puwirefa-kuh-zah-lehaqifu-hix,saqotiwe,,2392
5e31a1526ef37a1879a94441,5978e2db30b1d90001f5daa5,57,receiver,online,people,people-online,,people,6573
5e31a1526ef37a1879a94441,5978e2db30b1d90001f5daa5,58,sender,signal,ground,hiwaponu-qip-meh-wepitula-saqotiwe-puwirefa-kuh-zah-lehaqifu-hix,saqotiwe,,2260
5e31a1526ef37a1879a94441,5978e2db30b1d90001f5daa5,59,receiver,market,course,course-market,,market,2141
5e31a1526ef37a1879a94441,5978e2db30b1d90001f5daa5,60,sender,memory,people,hiwaponu-qip-meh-wepitula-saqotiwe-puwirefa-kuh-zah-lehaqifu-hix,meh,,2821
5e31a1526ef37a1879a94441,5978e2db30b1d90001f5daa5,61,receiver,silver,course,silver-course,,silver,1220
5e31a1526ef37a1879a94441,5978e2db30b1d90001f5daa5,62,sender,course,handle,hiwaponu-qip-meh-wepitula-saqotiwe-puwirefa-kuh-zah-lehaqifu-hix,zah,,5260
5e31a1526ef37a1879a94441,5978e2db30b1d90001f5daa5,63,receiver,market,ground,market-ground,,market,1770
5e31a1526ef37a1879a94441,5978e2db30b1d90001f5daa5,64,sender,signal,people,hiwaponu-qip-meh-wepitula-saqotiwe-puwirefa-kuh-zah-lehaqifu-hix,saqotiwe,,2186
5e31a1526ef37a1879a94441,5978e2db30b1d90001f5daa5,65,receiver,course,handle,handle-course,,course,3962
5e31a1526ef37a1879a94441,5978e2db30b1d90001f5daa5,66,sender,online,signal,hiwaponu-qip-meh-wepitula-saqotiwe-puwirefa-kuh-zah-lehaqifu-hix,hix,,10593
5e31a1526ef37a1879a94441,5978e2db30b1d90001f5daa5,67,receiver,ground,people,people-ground,,people,6427
5e31a1526ef37a1879a94441,5978e2db30b1d90001f5daa5,68,sender,handle,people,hiwaponu-qip-meh-wepitula-saqotiwe-puwirefa-kuh-zah-lehaqifu-hix,hix,,5000
5e31a1526ef37a1879a94441,5978e2db30b1d90001f5daa5,69,receiver,police,memory,memory-police,,police,1181
5e31a1526ef37a1879a94441,5978e2db30b1d90001f5daa5,70,sender,course,ground,hiwaponu-qip-meh-wepitula-saqotiwe-puwirefa-kuh-zah-lehaqifu-hix,zah,,2862
5e31a1526ef37a1879a94441,5978e2db30b1d90001f5daa5,71,receiver,memory,course,memory-course,,memory,1258
5e31a1526ef37a1879a94441,5978e2db30b1d90001f5daa5,72,sender,memory,online,hiwaponu-qip-meh-wepitula-saqotiwe-puwirefa-kuh-zah-lehaqifu-hix,meh,,2155
5e31a1526ef37a1879a94441,5978e2db30b1d90001f5daa5,73,receiver,silver,market,silver-market,,silver,1222
5e31a1526ef37a1879a94441,5978e2db30b1d90001f5daa5,74,sender,signal,ground,hiwaponu-qip-meh-wepitula-saqotiwe-puwirefa-kuh-zah-lehaqifu-hix,saqotiwe,,1492
5e31a1526ef37a1879a94441,5978e2db30b1d90001f5daa5,75,receiver,police,memory,police-memory,,police,1190
5e31a1526ef37a1879a94441,5978e2db30b1d90001f5daa5,76,sender,ground,people,hiwaponu-qip-meh-wepitula-saqotiwe-puwirefa-kuh-zah-lehaqifu-hix,qip,,22615
5e31a1526ef37a1879a94441,5978e2db30b1d90001f5daa5,77,receiver,police,course,police-course,,police,1337
5e31a1526ef37a1879a94441,5978e2db30b1d90001f5daa5,78,sender,police,signal,hiwaponu-qip-meh-wepitula-saqotiwe-puwirefa-kuh-zah-lehaqifu-hix,puwirefa,,2757
5e31a1526ef37a1879a94441,5978e2db30b1d90001f5daa5,79,receiver,signal,ground,ground-signal,,signal,1250
5e31a1526ef37a1879a94441,5978e2db30b1d90001f5daa5,80,sender,police,ground,hiwaponu-qip-meh-wepitula-saqotiwe-puwirefa-kuh-zah-lehaqifu-hix,puwirefa,,1480
5e31a1526ef37a1879a94441,5978e2db30b1d90001f5daa5,81,receiver,online,ground,online-ground,,ground,1519
5e31a1526ef37a1879a94441,5978e2db30b1d90001f5daa5,82,sender,ground,people,hiwaponu-qip-meh-wepitula-saqotiwe-puwirefa-kuh-zah-lehaqifu-hix,qip,,3556
5e31a1526ef37a1879a94441,5978e2db30b1d90001f5daa5,83,receiver,signal,people,signal-people,,signal,1176
5e31a1526ef37a1879a94441,5978e2db30b1d90001f5daa5,84,sender,course,signal,hiwaponu-qip-meh-wepitula-saqotiwe-puwirefa-kuh-zah-lehaqifu-hix,zah,,3307
5e31a1526ef37a1879a94441,5978e2db30b1d90001f5daa5,85,receiver,silver,handle,silver-handle,,silver,1194
5e31a1526ef37a1879a94441,5978e2db30b1d90001f5daa5,86,sender,handle,ground,hiwaponu-qip-meh-wepitula-saqotiwe-puwirefa-kuh-zah-lehaqifu-hix,hix,,2890
5e31a1526ef37a1879a94441,5978e2db30b1d90001f5daa5,87,receiver,ground,people,people-ground,,people,3902
5e31a1526ef37a1879a94441,5978e2db30b1d90001f5daa5,88,sender,course,signal,hiwaponu-qip-meh-wepitula-saqotiwe-puwirefa-kuh-zah-lehaqifu-hix,zah,,2562
5e31a1526ef37a1879a94441,5978e2db30b1d90001f5daa5,89,receiver,online,people,people-online,,people,5741
5e31a1526ef37a1879a94441,5978e2db30b1d90001f5daa5,90,sender,memory,course,hiwaponu-qip-meh-wepitula-saqotiwe-puwirefa-kuh-zah-lehaqifu-hix,meh,,1934
5e31a1526ef37a1879a94441,5978e2db30b1d90001f5daa5,91,receiver,police,memory,memory-police,,police,1136
5e31a1526ef37a1879a94441,5978e2db30b1d90001f5daa5,92,sender,silver,market,hiwaponu-qip-meh-wepitula-saqotiwe-puwirefa-kuh-zah-lehaqifu-hix,saqotiwe,,1220
5e31a1526ef37a1879a94441,5978e2db30b1d90001f5daa5,93,receiver,silver,market,silver-market,,silver,1292
5e31a1526ef37a1879a94441,5978e2db30b1d90001f5daa5,94,sender,ground,people,hiwaponu-qip-meh-wepitula-saqotiwe-puwirefa-kuh-zah-lehaqifu-hix,qip,,2121
5e31a1526ef37a1879a94441,5978e2db30b1d90001f5daa5,95,receiver,course,handle,handle-course,,course,1641
5e31a1526ef37a1879a94441,5978e2db30b1d90001f5daa5,96,sender,online,signal,hiwaponu-qip-meh-wepitula-saqotiwe-puwirefa-kuh-zah-lehaqifu-hix,hix,,11961
5e31a1526ef37a1879a94441,5978e2db30b1d90001f5daa5,97,receiver,memory,people,memory-people,,memory,1414
5e31a1526ef37a1879a94441,5978e2db30b1d90001f5daa5,98,sender,silver,market,hiwaponu-qip-meh-wepitula-saqotiwe-puwirefa-kuh-zah-lehaqifu-hix,saqotiwe,,1241
5e31a1526ef37a1879a94441,5978e2db30b1d90001f5daa5,99,receiver,memory,ground,ground-memory,,memory,1743
5e31a1526ef37a1879a94441,5978e2db30b1d90001f5daa5,100,sender,course,online,hiwaponu-qip-meh-wepitula-saqotiwe-puwirefa-kuh-zah-lehaqifu-hix,zah,,2190
5e31a1526ef37a1879a94441,5978e2db30b1d90001f5daa5,101,receiver,silver,memory,silver-memory,,silver,1242
5e31a1526ef37a1879a94441,5978e2db30b1d90001f5daa5,102,sender,course,handle,hiwaponu-qip-meh-wepitula-saqotiwe-puwirefa-kuh-zah-lehaqifu-hix,zah,,1406
5e31a1526ef37a1879a94441,5978e2db30b1d90001f5daa5,103,receiver,online,people,online-people,,people,5181
5e31a1526ef37a1879a94441,5978e2db30b1d90001f5daa5,104,sender,market,police,hiwaponu-qip-meh-wepitula-saqotiwe-puwirefa-kuh-zah-lehaqifu-hix,meh,,1728
5e31a1526ef37a1879a94441,5978e2db30b1d90001f5daa5,105,receiver,police,handle,handle-police,,police,1234
5e31a1526ef37a1879a94441,5978e2db30b1d90001f5daa5,106,sender,silver,market,hiwaponu-qip-meh-wepitula-saqotiwe-puwirefa-kuh-zah-lehaqifu-hix,saqotiwe,,1638
5e31a1526ef37a1879a94441,5978e2db30b1d90001f5daa5,107,receiver,market,memory,market-memory,,memory,4855
5e31a1526ef37a1879a94441,5978e2db30b1d90001f5daa5,108,sender,police,memory,hiwaponu-qip-meh-wepitula-saqotiwe-puwirefa-kuh-zah-lehaqifu-hix,puwirefa,,5237
5e31a1526ef37a1879a94441,5978e2db30b1d90001f5daa5,109,receiver,course,people,people-course,,people,2655
5e31a1526ef37a1879a94441,5978e2db30b1d90001f5daa5,110,sender,signal,people,hiwaponu-qip-meh-wepitula-saqotiwe-puwirefa-kuh-zah-lehaqifu-hix,saqotiwe,,1794
5e31a1526ef37a1879a94441,5978e2db30b1d90001f5daa5,111,receiver,online,signal,online-signal,,online,2169
5e31a1526ef37a1879a94441,5978e2db30b1d90001f5daa5,112,sender,police,people,hiwaponu-qip-meh-wepitula-saqotiwe-puwirefa-kuh-zah-lehaqifu-hix,puwirefa,,1505
5e31a1526ef37a1879a94441,5978e2db30b1d90001f5daa5,113,receiver,silver,market,market-silver,,silver,1151
5e31a1526ef37a1879a94441,5978e2db30b1d90001f5daa5,114,sender,online,people,hiwaponu-qip-meh-wepitula-saqotiwe-puwirefa-kuh-zah-lehaqifu-hix,hix,,4259
5e31a1526ef37a1879a94441,5978e2db30b1d90001f5daa5,115,receiver,memory,online,online-memory,,memory,1172
5e31a1526ef37a1879a94441,5978e2db30b1d90001f5daa5,116,sender,silver,online,hiwaponu-qip-meh-wepitula-saqotiwe-puwirefa-kuh-zah-lehaqifu-hix,saqotiwe,,1141
5e31a1526ef37a1879a94441,5978e2db30b1d90001f5daa5,117,receiver,signal,ground,signal-ground,,signal,1210
5e31a1526ef37a1879a94441,5978e2db30b1d90001f5daa5,118,sender,market,online,hiwaponu-qip-meh-wepitula-saqotiwe-puwirefa-kuh-zah-lehaqifu-hix,meh,,1639
5e31a1526ef37a1879a94441,5978e2db30b1d90001f5daa5,119,receiver,handle,online,handle-online,,online,3526
5e31a1526ef37a1879a94441,5978e2db30b1d90001f5daa5,120,sender,online,signal,hiwaponu-qip-meh-wepitula-saqotiwe-puwirefa-kuh-zah-lehaqifu-hix,hix,,3072
5e31a1526ef37a1879a94441,5978e2db30b1d90001f5daa5,121,receiver,memory,handle,memory-handle,,memory,1215
5e31a1526ef37a1879a94441,5978e2db30b1d90001f5daa5,122,sender,handle,people,hiwaponu-qip-meh-wepitula-saqotiwe-puwirefa-kuh-zah-lehaqifu-hix,hix,,5168
5e31a1526ef37a1879a94441,5978e2db30b1d90001f5daa5,123,receiver,police,ground,ground-police,,police,1179
5e31a1526ef37a1879a94441,5978e2db30b1d90001f5daa5,124,sender,silver,police,hiwaponu-qip-meh-wepitula-saqotiwe-puwirefa-kuh-zah-lehaqifu-hix,saqotiwe,,1394
5e31a1526ef37a1879a94441,5978e2db30b1d90001f5daa5,125,receiver,signal,people,people-signal,,signal,1938
5e31a1526ef37a1879a94441,5978e2db30b1d90001f5daa5,126,sender,market,people,hiwaponu-qip-meh-wepitula-saqotiwe-puwirefa-kuh-zah-lehaqifu-hix,meh,,1916
5e31a1526ef37a1879a94441,5978e2db30b1d90001f5daa5,127,receiver,market,handle,market-handle,,market,1543
5e31a1526ef37a1879a94441,5978e2db30b1d90001f5daa5,128,sender,online,ground,hiwaponu-qip-meh-wepitula-saqotiwe-puwirefa-kuh-zah-lehaqifu-hix,hix,,1940
5e31a1526ef37a1879a94441,5978e2db30b1d90001f5daa5,129,receiver,police,people,police-people,,police,1073
5e31a1526ef37a1879a94441,5978e2db30b1d90001f5daa5,130,sender,market,police,hiwaponu-qip-meh-wepitula-saqotiwe-puwirefa-kuh-zah-lehaqifu-hix,meh,,1440
5e31a1526ef37a1879a94441,5978e2db30b1d90001f5daa5,131,receiver,police,course,course-police,,police,1259
5e31a1526ef37a1879a94441,5978e2db30b1d90001f5daa5,132,sender,online,ground,hiwaponu-qip-meh-wepitula-saqotiwe-puwirefa-kuh-zah-lehaqifu-hix,hix,,1963
5e31a1526ef37a1879a94441,5978e2db30b1d90001f5daa5,133,receiver,online,signal,online-signal,,online,2752
5e31a1526ef37a1879a94441,5978e2db30b1d90001f5daa5,134,sender,silver,handle,hiwaponu-qip-meh-wepitula-saqotiwe-puwirefa-kuh-zah-lehaqifu-hix,saqotiwe,,1168
5e31a1526ef37a1879a94441,5978e2db30b1d90001f5daa5,135,receiver,silver,ground,silver-ground,,silver,1288