participant_id, partner_id, trial_index, trial_type, target_meaning, foil_meaning,             choices, signal_selected, meaning_guess, rt
581f6c63930a280001062e8c,578b467beeaf6d00018d4a60,1,sender,review,second,qux-saqotiwe-wepitula-lehaqifu-teliqulo-tezalipu-peh-tih-kuh-zah,saqotiwe,,6620
581f6c63930a280001062e8c,578b467beeaf6d00018d4a60,2,receiver,review,change,review-change,,review,7926.9
581f6c63930a280001062e8c,578b467beeaf6d00018d4a60,3,sender,design,family,qux-saqotiwe-wepitula-lehaqifu-teliqulo-tezalipu-peh-tih-kuh-zah,qux,,15376.9
581f6c63930a280001062e8c,578b467beeaf6d00018d4a60,4,receiver,review,change,review-change,,review,4864.900002
581f6c63930a280001062e8c,578b467beeaf6d00018d4a60,5,sender,credit,change,qux-saqotiwe-wepitula-lehaqifu-teliqulo-tezalipu-peh-tih-kuh-zah,wepitula,,5959.300001
581f6c63930a280001062e8c,578b467beeaf6d00018d4a60,6,receiver,review,coffee,coffee-review,,coffee,2273.299999
581f6c63930a280001062e8c,578b467beeaf6d00018d4a60,7,sender,online,normal,qux-saqotiwe-wepitula-lehaqifu-teliqulo-tezalipu-peh-tih-kuh-zah,wepitula,,4404.9
581f6c63930a280001062e8c,578b467beeaf6d00018d4a60,8,receiver,change,coffee,coffee-change,,coffee,1589.700001
581f6c63930a280001062e8c,578b467beeaf6d00018d4a60,9,sender,family,change,qux-saqotiwe-wepitula-lehaqifu-teliqulo-tezalipu-peh-tih-kuh-zah,lehaqifu,,6944.200001
581f6c63930a280001062e8c,578b467beeaf6d00018d4a60,10,receiver,change,normal,normal-change,,normal,2764.099998
581f6c63930a280001062e8c,578b467beeaf6d00018d4a60,11,sender,handle,review,qux-saqotiwe-wepitula-lehaqifu-teliqulo-tezalipu-peh-tih-kuh-zah,teliqulo,,8418.799999
581f6c63930a280001062e8c,578b467beeaf6d00018d4a60,12,receiver,handle,change,change-handle,,change,11228.9
581f6c63930a280001062e8c,578b467beeaf6d00018d4a60,13,sender,second,normal,qux-saqotiwe-wepitula-lehaqifu-teliqulo-tezalipu-peh-tih-kuh-zah,tezalipu,,8329.5
581f6c63930a280001062e8c,578b467beeaf6d00018d4a60,14,receiver,change,coffee,change-coffee,,coffee,2172
581f6c63930a280001062e8c,578b467beeaf6d00018d4a60,15,sender,review,second,qux-saqotiwe-wepitula-lehaqifu-teliqulo-tezalipu-peh-tih-kuh-zah,saqotiwe,,4915
581f6c63930a280001062e8c,578b467beeaf6d00018d4a60,16,receiver,review,normal,review-normal,,normal,2281.200001
581f6c63930a280001062e8c,578b467beeaf6d00018d4a60,17,sender,family,review,qux-saqotiwe-wepitula-lehaqifu-teliqulo-tezalipu-peh-tih-kuh-zah,wepitula,,2893.9
581f6c63930a280001062e8c,578b467beeaf6d00018d4a60,18,receiver,handle,review,handle-review,,review,2773.799999
581f6c63930a280001062e8c,578b467beeaf6d00018d4a60,19,sender,family,second,qux-saqotiwe-wepitula-lehaqifu-teliqulo-tezalipu-peh-tih-kuh-zah,saqotiwe,,5854.200001
581f6c63930a280001062e8c,578b467beeaf6d00018d4a60,20,receiver,design,family,family-design,,family,2346.300001
581f6c63930a280001062e8c,578b467beeaf6d00018d4a60,21,sender,credit,normal,qux-saqotiwe-wepitula-lehaqifu-teliqulo-tezalipu-peh-tih-kuh-zah,tezalipu,,4522.1
581f6c63930a280001062e8c,578b467beeaf6d00018d4a60,22,receiver,design,online,online-design,,design,2698.200001
581f6c63930a280001062e8c,578b467beeaf6d00018d4a60,23,sender,design,coffee,qux-saqotiwe-wepitula-lehaqifu-teliqulo-tezalipu-peh-tih-kuh-zah,peh,,3594.5
581f6c63930a280001062e8c,578b467beeaf6d00018d4a60,24,receiver,credit,change,credit-change,,change,2343.199999
581f6c63930a280001062e8c,578b467beeaf6d00018d4a60,25,sender,design,family,qux-saqotiwe-wepitula-lehaqifu-teliqulo-tezalipu-peh-tih-kuh-zah,peh,,2079.9
581f6c63930a280001062e8c,578b467beeaf6d00018d4a60,26,receiver,design,handle,design-handle,,design,1940.699999
581f6c63930a280001062e8c,578b467beeaf6d00018d4a60,27,sender,handle,online,qux-saqotiwe-wepitula-lehaqifu-teliqulo-tezalipu-peh-tih-kuh-zah,saqotiwe,,9438.200001
581f6c63930a280001062e8c,578b467beeaf6d00018d4a60,28,receiver,second,normal,normal-second,,second,2117
581f6c63930a280001062e8c,578b467beeaf6d00018d4a60,29,sender,online,coffee,qux-saqotiwe-wepitula-lehaqifu-teliqulo-tezalipu-peh-tih-kuh-zah,teliqulo,,7072.9
581f6c63930a280001062e8c,578b467beeaf6d00018d4a60,30,receiver,online,second,online-second,,online,3812
581f6c63930a280001062e8c,578b467beeaf6d00018d4a60,31,sender,online,normal,qux-saqotiwe-wepitula-lehaqifu-teliqulo-tezalipu-peh-tih-kuh-zah,saqotiwe,,2772.9
581f6c63930a280001062e8c,578b467beeaf6d00018d4a60,32,receiver,family,review,family-review,,review,7332.9
581f6c63930a280001062e8c,578b467beeaf6d00018d4a60,33,sender,family,change,qux-saqotiwe-wepitula-lehaqifu-teliqulo-tezalipu-peh-tih-kuh-zah,saqotiwe,,7785.700001
581f6c63930a280001062e8c,578b467beeaf6d00018d4a60,34,receiver,change,online,online-change,,online,10345
581f6c63930a280001062e8c,578b467beeaf6d00018d4a60,35,sender,review,credit,qux-saqotiwe-wepitula-lehaqifu-teliqulo-tezalipu-peh-tih-kuh-zah,wepitula,,2336.199999
581f6c63930a280001062e8c,578b467beeaf6d00018d4a60,36,receiver,handle,review,handle-review,,handle,14266.3
581f6c63930a280001062e8c,578b467beeaf6d00018d4a60,37,sender,design,second,qux-saqotiwe-wepitula-lehaqifu-teliqulo-tezalipu-peh-tih-kuh-zah,qux,,10528
581f6c63930a280001062e8c,578b467beeaf6d00018d4a60,38,receiver,online,second,second-online,,second,7663.4
581f6c63930a280001062e8c,578b467beeaf6d00018d4a60,39,sender,handle,review,qux-saqotiwe-wepitula-lehaqifu-teliqulo-tezalipu-peh-tih-kuh-zah,lehaqifu,,4627.900002
581f6c63930a280001062e8c,578b467beeaf6d00018d4a60,40,receiver,credit,change,change-credit,,change,5611.700001
581f6c63930a280001062e8c,578b467beeaf6d00018d4a60,41,sender,design,family,qux-saqotiwe-wepitula-lehaqifu-teliqulo-tezalipu-peh-tih-kuh-zah,saqotiwe,,6213.200001
581f6c63930a280001062e8c,578b467beeaf6d00018d4a60,42,receiver,family,credit,family-credit,,family,2262.699999
581f6c63930a280001062e8c,578b467beeaf6d00018d4a60,43,sender,review,online,qux-saqotiwe-wepitula-lehaqifu-teliqulo-tezalipu-peh-tih-kuh-zah,wepitula,,9381.9
581f6c63930a280001062e8c,578b467beeaf6d00018d4a60,44,receiver,credit,change,change-credit,,credit,4885.1
581f6c63930a280001062e8c,578b467beeaf6d00018d4a60,45,sender,handle,credit,qux-saqotiwe-wepitula-lehaqifu-teliqulo-tezalipu-peh-tih-kuh-zah,saqotiwe,,6208.200001
581f6c63930a280001062e8c,578b467beeaf6d00018d4a60,46,receiver,design,family,design-family,,design,2398.1
581f6c63930a280001062e8c,578b467beeaf6d00018d4a60,47,sender,credit,coffee,qux-saqotiwe-wepitula-lehaqifu-teliqulo-tezalipu-peh-tih-kuh-zah,tezalipu,,8451.6
581f6c63930a280001062e8c,578b467beeaf6d00018d4a60,48,receiver,family,coffee,coffee-family,,family,2829.200001
581f6c63930a280001062e8c,578b467beeaf6d00018d4a60,49,sender,online,second,qux-saqotiwe-wepitula-lehaqifu-teliqulo-tezalipu-peh-tih-kuh-zah,qux,,4692.700001
581f6c63930a280001062e8c,578b467beeaf6d00018d4a60,50,receiver,handle,normal,normal-handle,,handle,2005.5
581f6c63930a280001062e8c,578b467beeaf6d00018d4a60,51,sender,handle,review,qux-saqotiwe-wepitula-lehaqifu-teliqulo-tezalipu-peh-tih-kuh-zah,tezalipu,,3088.900002
581f6c63930a280001062e8c,578b467beeaf6d00018d4a60,52,receiver,design,normal,design-normal,,design,6941.5
581f6c63930a280001062e8c,578b467beeaf6d00018d4a60,53,sender,design,handle,qux-saqotiwe-wepitula-lehaqifu-teliqulo-tezalipu-peh-tih-kuh-zah,tezalipu,,6339.1
581f6c63930a280001062e8c,578b467beeaf6d00018d4a60,54,receiver,normal,coffee,normal-coffee,,normal,2491.699999
581f6c63930a280001062e8c,578b467beeaf6d00018d4a60,55,sender,family,credit,qux-saqotiwe-wepitula-lehaqifu-teliqulo-tezalipu-peh-tih-kuh-zah,kuh,,3537.6
581f6c63930a280001062e8c,578b467beeaf6d00018d4a60,56,receiver,handle,review,handle-review,,review,2386.9
581f6c63930a280001062e8c,578b467beeaf6d00018d4a60,57,sender,online,coffee,qux-saqotiwe-wepitula-lehaqifu-teliqulo-tezalipu-peh-tih-kuh-zah,wepitula,,2967.1
581f6c63930a280001062e8c,578b467beeaf6d00018d4a60,58,receiver,design,family,family-design,,family,1777
581f6c63930a280001062e8c,578b467beeaf6d00018d4a60,59,sender,second,normal,qux-saqotiwe-wepitula-lehaqifu-teliqulo-tezalipu-peh-tih-kuh-zah,saqotiwe,,8168.199999
581f6c63930a280001062e8c,578b467beeaf6d00018d4a60,60,receiver,normal,coffee,normal-coffee,,coffee,4952.299999
581f6c63930a280001062e8c,578b467beeaf6d00018d4a60,61,sender,online,normal,qux-saqotiwe-wepitula-lehaqifu-teliqulo-tezalipu-peh-tih-kuh-zah,wepitula,,2391.6
581f6c63930a280001062e8c,578b467beeaf6d00018d4a60,62,receiver,credit,change,change-credit,,credit,1566.9
581f6c63930a280001062e8c,578b467beeaf6d00018d4a60,63,sender,handle,review,qux-saqotiwe-wepitula-lehaqifu-teliqulo-tezalipu-peh-tih-kuh-zah,tezalipu,,7915.9
581f6c63930a280001062e8c,578b467beeaf6d00018d4a60,64,receiver,normal,coffee,coffee-normal,,coffee,3361.099998
581f6c63930a280001062e8c,578b467beeaf6d00018d4a60,65,sender,handle,coffee,qux-saqotiwe-wepitula-lehaqifu-teliqulo-tezalipu-peh-tih-kuh-zah,saqotiwe,,5284
581f6c63930a280001062e8c,578b467beeaf6d00018d4a60,66,receiver,second,coffee,second-coffee,,second,1597.700001
581f6c63930a280001062e8c,578b467beeaf6d00018d4a60,67,sender,credit,change,qux-saqotiwe-wepitula-lehaqifu-teliqulo-tezalipu-peh-tih-kuh-zah,lehaqifu,,3508.299999
581f6c63930a280001062e8c,578b467beeaf6d00018d4a60,68,receiver,change,online,online-change,,online,3925.199999
581f6c63930a280001062e8c,578b467beeaf6d00018d4a60,69,sender,second,normal,qux-saqotiwe-wepitula-lehaqifu-teliqulo-tezalipu-peh-tih-kuh-zah,saqotiwe,,3826.6
581f6c63930a280001062e8c,578b467beeaf6d00018d4a60,70,receiver,credit,change,change-credit,,credit,2663.6
581f6c63930a280001062e8c,578b467beeaf6d00018d4a60,71,sender,review,credit,qux-saqotiwe-wepitula-lehaqifu-teliqulo-tezalipu-peh-tih-kuh-zah,wepitula,,4309.1
581f6c63930a280001062e8c,578b467beeaf6d00018d4a60,72,receiver,second,coffee,second-coffee,,coffee,2520.5
581f6c63930a280001062e8c,578b467beeaf6d00018d4a60,73,sender,design,family,qux-saqotiwe-wepitula-lehaqifu-teliqulo-tezalipu-peh-tih-kuh-zah,qux,,3879.1
581f6c63930a280001062e8c,578b467beeaf6d00018d4a60,74,receiver,credit,second,credit-second,,second,1880.5
581f6c63930a280001062e8c,578b467beeaf6d00018d4a60,75,sender,second,normal,qux-saqotiwe-wepitula-lehaqifu-teliqulo-tezalipu-peh-tih-kuh-zah,saqotiwe,,6481.4
581f6c63930a280001062e8c,578b467beeaf6d00018d4a60,76,receiver,handle,review,handle-review,,review,3190.4
581f6c63930a280001062e8c,578b467beeaf6d00018d4a60,77,sender,credit,online,qux-saqotiwe-wepitula-lehaqifu-teliqulo-tezalipu-peh-tih-kuh-zah,lehaqifu,,2505.6
581f6c63930a280001062e8c,578b467beeaf6d00018d4a60,78,receiver,family,coffee,coffee-family,,family,1820.699999
581f6c63930a280001062e8c,578b467beeaf6d00018d4a60,79,sender,credit,online,qux-saqotiwe-wepitula-lehaqifu-teliqulo-tezalipu-peh-tih-kuh-zah,lehaqifu,,4339.299999
581f6c63930a280001062e8c,578b467beeaf6d00018d4a60,80,receiver,design,change,change-design,,change,1998.199999
581f6c63930a280001062e8c,578b467beeaf6d00018d4a60,81,sender,design,family,qux-saqotiwe-wepitula-lehaqifu-teliqulo-tezalipu-peh-tih-kuh-zah,teliqulo,,15501
581f6c63930a280001062e8c,578b467beeaf6d00018d4a60,82,receiver,credit,change,change-credit,,credit,3561.5
581f6c63930a280001062e8c,578b467beeaf6d00018d4a60,83,sender,family,normal,qux-saqotiwe-wepitula-lehaqifu-teliqulo-tezalipu-peh-tih-kuh-zah,peh,,4207.200001
581f6c63930a280001062e8c,578b467beeaf6d00018d4a60,84,receiver,design,review,design-review,,review,1700.4
581f6c63930a280001062e8c,578b467beeaf6d00018d4a60,85,sender,credit,change,qux-saqotiwe-wepitula-lehaqifu-teliqulo-tezalipu-peh-tih-kuh-zah,lehaqifu,,1738
581f6c63930a280001062e8c,578b467beeaf6d00018d4a60,86,receiver,online,coffee,coffee-online,,online,4071.6
581f6c63930a280001062e8c,578b467beeaf6d00018d4a60,87,sender,design,family,qux-saqotiwe-wepitula-lehaqifu-teliqulo-tezalipu-peh-tih-kuh-zah,peh,,9280.700001
581f6c63930a280001062e8c,578b467beeaf6d00018d4a60,88,receiver,online,normal,online-normal,,normal,1865
581f6c63930a280001062e8c,578b467beeaf6d00018d4a60,89,sender,second,coffee,qux-saqotiwe-wepitula-lehaqifu-teliqulo-tezalipu-peh-tih-kuh-zah,saqotiwe,,4181.299999
581f6c63930a280001062e8c,578b467beeaf6d00018d4a60,90,receiver,change,second,change-second,,change,3312.700001
581f6c63930a280001062e8c,578b467beeaf6d00018d4a60,91,sender,credit,normal,qux-saqotiwe-wepitula-lehaqifu-teliqulo-tezalipu-peh-tih-kuh-zah,lehaqifu,,2268.9
581f6c63930a280001062e8c,578b467beeaf6d00018d4a60,92,receiver,design,coffee,design-coffee,,coffee,2830.200001
581f6c63930a280001062e8c,578b467beeaf6d00018d4a60,93,sender,credit,change,qux-saqotiwe-wepitula-lehaqifu-teliqulo-tezalipu-peh-tih-kuh-zah,lehaqifu,,5086.699999
581f6c63930a280001062e8c,578b467beeaf6d00018d4a60,94,receiver,review,coffee,coffee-review,,review,1978.9
581f6c63930a280001062e8c,578b467beeaf6d00018d4a60,95,sender,second,coffee,qux-saqotiwe-wepitula-lehaqifu-teliqulo-tezalipu-peh-tih-kuh-zah,saqotiwe,,1895.6
581f6c63930a280001062e8c,578b467beeaf6d00018d4a60,96,receiver,design,credit,credit-design,,credit,5036.800001
581f6c63930a280001062e8c,578b467beeaf6d00018d4a60,97,sender,review,normal,qux-saqotiwe-wepitula-lehaqifu-teliqulo-tezalipu-peh-tih-kuh-zah,wepitula,,4156.799999
581f6c63930a280001062e8c,578b467beeaf6d00018d4a60,98,receiver,family,online,online-family,,family,2519.299999
581f6c63930a280001062e8c,578b467beeaf6d00018d4a60,99,sender,second,coffee,qux-saqotiwe-wepitula-lehaqifu-teliqulo-tezalipu-peh-tih-kuh-zah,saqotiwe,,2574.299999
581f6c63930a280001062e8c,578b467beeaf6d00018d4a60,100,receiver,normal,coffee,normal-coffee,,normal,3437.5
581f6c63930a280001062e8c,578b467beeaf6d00018d4a60,101,sender,design,online,qux-saqotiwe-wepitula-lehaqifu-teliqulo-tezalipu-peh-tih-kuh-zah,peh,,3960.799999
581f6c63930a280001062e8c,578b467beeaf6d00018d4a60,102,receiver,normal,coffee,normal-coffee,,normal,3071.6
581f6c63930a280001062e8c,578b467beeaf6d00018d4a60,103,sender,handle,review,qux-saqotiwe-wepitula-lehaqifu-teliqulo-tezalipu-peh-tih-kuh-zah,qux,,5331.299999
581f6c63930a280001062e8c,578b467beeaf6d00018d4a60,104,receiver,change,second,second-change,,change,4632.199999
581f6c63930a280001062e8c,578b467beeaf6d00018d4a60,105,sender,online,coffee,qux-saqotiwe-wepitula-lehaqifu-teliqulo-tezalipu-peh-tih-kuh-zah,kuh,,17145.9
581f6c63930a280001062e8c,578b467beeaf6d00018d4a60,106,receiver,design,normal,design-normal,,design,6142.9
581f6c63930a280001062e8c,578b467beeaf6d00018d4a60,107,sender,handle,coffee,qux-saqotiwe-wepitula-lehaqifu-teliqulo-tezalipu-peh-tih-kuh-zah,qux,,5131.6
581f6c63930a280001062e8c,578b467beeaf6d00018d4a60,108,receiver,handle,credit,credit-handle,,handle,2262
581f6c63930a280001062e8c,578b467beeaf6d00018d4a60,109,sender,handle,second,qux-saqotiwe-wepitula-lehaqifu-teliqulo-tezalipu-peh-tih-kuh-zah,qux,,2375.1
581f6c63930a280001062e8c,578b467beeaf6d00018d4a60,110,receiver,online,normal,normal-online,,normal,4194.4
581f6c63930a280001062e8c,578b467beeaf6d00018d4a60,111,sender,online,second,qux-saqotiwe-wepitula-lehaqifu-teliqulo-tezalipu-peh-tih-kuh-zah,kuh,,4884
581f6c63930a280001062e8c,578b467beeaf6d00018d4a60,112,receiver,online,second,online-second,,online,1932.4
581f6c63930a280001062e8c,578b467beeaf6d00018d4a60,113,sender,review,online,qux-saqotiwe-wepitula-lehaqifu-teliqulo-tezalipu-peh-tih-kuh-zah,wepitula,,2911.699999
581f6c63930a280001062e8c,578b467beeaf6d00018d4a60,114,receiver,family,normal,family-normal,,family,4613.799999
581f6c63930a280001062e8c,578b467beeaf6d00018d4a60,115,sender,design,credit,qux-saqotiwe-wepitula-lehaqifu-teliqulo-tezalipu-peh-tih-kuh-zah,peh,,3128.700001
581f6c63930a280001062e8c,578b467beeaf6d00018d4a60,116,receiver,credit,coffee,coffee-credit,,coffee,1930.6
581f6c63930a280001062e8c,578b467beeaf6d00018d4a60,117,sender,design,review,qux-saqotiwe-wepitula-lehaqifu-teliqulo-tezalipu-peh-tih-kuh-zah,peh,,1557.699999
581f6c63930a280001062e8c,578b467beeaf6d00018d4a60,118,receiver,handle,review,review-handle,,handle,2597.6
581f6c63930a280001062e8c,578b467beeaf6d00018d4a60,119,sender,handle,change,qux-saqotiwe-wepitula-lehaqifu-teliqulo-tezalipu-peh-tih-kuh-zah,qux,,2652.800001
581f6c63930a280001062e8c,578b467beeaf6d00018d4a60,120,receiver,handle,normal,handle-normal,,normal,1663.1
581f6c63930a280001062e8c,578b467beeaf6d00018d4a60,121,sender,design,family,qux-saqotiwe-wepitula-lehaqifu-teliqulo-tezalipu-peh-tih-kuh-zah,peh,,3971.700001
581f6c63930a280001062e8c,578b467beeaf6d00018d4a60,122,receiver,change,normal,normal-change,,normal,3879.6
581f6c63930a280001062e8c,578b467beeaf6d00018d4a60,123,sender,credit,second,qux-saqotiwe-wepitula-lehaqifu-teliqulo-tezalipu-peh-tih-kuh-zah,lehaqifu,,3543.799999
581f6c63930a280001062e8c,578b467beeaf6d00018d4a60,124,receiver,family,online,family-online,,online,2642.099998
581f6c63930a280001062e8c,578b467beeaf6d00018d4a60,125,sender,family,second,qux-saqotiwe-wepitula-lehaqifu-teliqulo-tezalipu-peh-tih-kuh-zah,teliqulo,,11104.8
581f6c63930a280001062e8c,578b467beeaf6d00018d4a60,126,receiver,handle,second,handle-second,,handle,1643.9
581f6c63930a280001062e8c,578b467beeaf6d00018d4a60,127,sender,family,handle,qux-saqotiwe-wepitula-lehaqifu-teliqulo-tezalipu-peh-tih-kuh-zah,teliqulo,,4507.400002
581f6c63930a280001062e8c,578b467beeaf6d00018d4a60,128,receiver,design,change,change-design,,design,2015
581f6c63930a280001062e8c,578b467beeaf6d00018d4a60,129,sender,online,coffee,qux-saqotiwe-wepitula-lehaqifu-teliqulo-tezalipu-peh-tih-kuh-zah,kuh,,3832.5
581f6c63930a280001062e8c,578b467beeaf6d00018d4a60,130,receiver,handle,review,handle-review,,review,1409.5
581f6c63930a280001062e8c,578b467beeaf6d00018d4a60,131,sender,design,family,qux-saqotiwe-wepitula-lehaqifu-teliqulo-tezalipu-peh-tih-kuh-zah,peh,,1530.699999
581f6c63930a280001062e8c,578b467beeaf6d00018d4a60,132,receiver,credit,change,credit-change,,change,2921.6
581f6c63930a280001062e8c,578b467beeaf6d00018d4a60,133,sender,design,second,qux-saqotiwe-wepitula-lehaqifu-teliqulo-tezalipu-peh-tih-kuh-zah,peh,,1721.200001
581f6c63930a280001062e8c,578b467beeaf6d00018d4a60,134,receiver,handle,online,online-handle,,handle,1783.099998
581f6c63930a280001062e8c,578b467beeaf6d00018d4a60,135,sender,family,handle,qux-saqotiwe-wepitula-lehaqifu-teliqulo-tezalipu-peh-tih-kuh-zah,teliqulo,,4043.1