participant_id, partner_id, trial_index, trial_type, target_meaning, foil_meaning,             choices, signal_selected, meaning_guess, rt
578b467beeaf6d00018d4a60,581f6c63930a280001062e8c,1,receiver,review,second,review-second,,second,6101.8
578b467beeaf6d00018d4a60,581f6c63930a280001062e8c,2,sender,review,change,qux-saqotiwe-wepitula-lehaqifu-teliqulo-tezalipu-peh-tih-kuh-zah,tezalipu,,9505.9
578b467beeaf6d00018d4a60,581f6c63930a280001062e8c,3,receiver,design,family,design-family,,design,3883.5
578b467beeaf6d00018d4a60,581f6c63930a280001062e8c,4,sender,review,change,qux-saqotiwe-wepitula-lehaqifu-teliqulo-tezalipu-peh-tih-kuh-zah,saqotiwe,,8683.3
578b467beeaf6d00018d4a60,581f6c63930a280001062e8c,5,receiver,credit,change,change-credit,,credit,4161.3
578b467beeaf6d00018d4a60,581f6c63930a280001062e8c,6,sender,review,coffee,qux-saqotiwe-wepitula-lehaqifu-teliqulo-tezalipu-peh-tih-kuh-zah,zah,,8539.2
578b467beeaf6d00018d4a60,581f6c63930a280001062e8c,7,receiver,online,normal,online-normal,,online,4474
578b467beeaf6d00018d4a60,581f6c63930a280001062e8c,8,sender,change,coffee,qux-saqotiwe-wepitula-lehaqifu-teliqulo-tezalipu-peh-tih-kuh-zah,kuh,,7514.6
578b467beeaf6d00018d4a60,581f6c63930a280001062e8c,9,receiver,family,change,change-family,,family,2570.5
578b467beeaf6d00018d4a60,581f6c63930a280001062e8c,10,sender,change,normal,qux-saqotiwe-wepitula-lehaqifu-teliqulo-tezalipu-peh-tih-kuh-zah,lehaqifu,,3683.1
578b467beeaf6d00018d4a60,581f6c63930a280001062e8c,11,receiver,handle,review,handle-review,,handle,3984
578b467beeaf6d00018d4a60,581f6c63930a280001062e8c,12,sender,handle,change,qux-saqotiwe-wepitula-lehaqifu-teliqulo-tezalipu-peh-tih-kuh-zah,lehaqifu,,4602.5
578b467beeaf6d00018d4a60,581f6c63930a280001062e8c,13,receiver,second,normal,normal-second,,second,1879.9
578b467beeaf6d00018d4a60,581f6c63930a280001062e8c,14,sender,change,coffee,qux-saqotiwe-wepitula-lehaqifu-teliqulo-tezalipu-peh-tih-kuh-zah,saqotiwe,,5585.8
578b467beeaf6d00018d4a60,581f6c63930a280001062e8c,15,receiver,review,second,second-review,,second,7163.8
578b467beeaf6d00018d4a60,581f6c63930a280001062e8c,16,sender,review,normal,qux-saqotiwe-wepitula-lehaqifu-teliqulo-tezalipu-peh-tih-kuh-zah,qux,,3305.2
578b467beeaf6d00018d4a60,581f6c63930a280001062e8c,17,receiver,family,review,family-review,,family,2695.1
578b467beeaf6d00018d4a60,581f6c63930a280001062e8c,18,sender,handle,review,qux-saqotiwe-wepitula-lehaqifu-teliqulo-tezalipu-peh-tih-kuh-zah,tezalipu,,3332.1
578b467beeaf6d00018d4a60,581f6c63930a280001062e8c,19,receiver,family,second,second-family,,family,3151.4
578b467beeaf6d00018d4a60,581f6c63930a280001062e8c,20,sender,design,family,qux-saqotiwe-wepitula-lehaqifu-teliqulo-tezalipu-peh-tih-kuh-zah,saqotiwe,,2409.3
578b467beeaf6d00018d4a60,581f6c63930a280001062e8c,21,receiver,credit,normal,normal-credit,,credit,2407.8
578b467beeaf6d00018d4a60,581f6c63930a280001062e8c,22,sender,design,online,qux-saqotiwe-wepitula-lehaqifu-teliqulo-tezalipu-peh-tih-kuh-zah,peh,,3503.4
578b467beeaf6d00018d4a60,581f6c63930a280001062e8c,23,receiver,design,coffee,design-coffee,,coffee,3131.1
578b467beeaf6d00018d4a60,581f6c63930a280001062e8c,24,sender,credit,change,qux-saqotiwe-wepitula-lehaqifu-teliqulo-tezalipu-peh-tih-kuh-zah,lehaqifu,,2690.7
578b467beeaf6d00018d4a60,581f6c63930a280001062e8c,25,receiver,design,family,design-family,,design,2550.6
578b467beeaf6d00018d4a60,581f6c63930a280001062e8c,26,sender,design,handle,qux-saqotiwe-wepitula-lehaqifu-teliqulo-tezalipu-peh-tih-kuh-zah,wepitula,,1907.8
578b467beeaf6d00018d4a60,581f6c63930a280001062e8c,27,receiver,handle,online,online-handle,,handle,2403.1
578b467beeaf6d00018d4a60,581f6c63930a280001062e8c,28,sender,second,normal,qux-saqotiwe-wepitula-lehaqifu-teliqulo-tezalipu-peh-tih-kuh-zah,wepitula,,2317.4
578b467beeaf6d00018d4a60,581f6c63930a280001062e8c,29,receiver,online,coffee,online-coffee,,online,4843.2
578b467beeaf6d00018d4a60,581f6c63930a280001062e8c,30,sender,online,second,qux-saqotiwe-wepitula-lehaqifu-teliqulo-tezalipu-peh-tih-kuh-zah,saqotiwe,,2691.3
578b467beeaf6d00018d4a60,581f6c63930a280001062e8c,31,receiver,online,normal,normal-online,,online,2275.8
578b467beeaf6d00018d4a60,581f6c63930a280001062e8c,32,sender,family,review,qux-saqotiwe-wepitula-lehaqifu-teliqulo-tezalipu-peh-tih-kuh-zah,lehaqifu,,4744.7
578b467beeaf6d00018d4a60,581f6c63930a280001062e8c,33,receiver,family,change,family-change,,family,2342
578b467beeaf6d00018d4a60,581f6c63930a280001062e8c,34,sender,change,online,qux-saqotiwe-wepitula-lehaqifu-teliqulo-tezalipu-peh-tih-kuh-zah,zah,,2882.4
578b467beeaf6d00018d4a60,581f6c63930a280001062e8c,35,receiver,review,credit,credit-review,,review,1790
578b467beeaf6d00018d4a60,581f6c63930a280001062e8c,36,sender,handle,review,qux-saqotiwe-wepitula-lehaqifu-teliqulo-tezalipu-peh-tih-kuh-zah,wepitula,,2829.1
578b467beeaf6d00018d4a60,581f6c63930a280001062e8c,37,receiver,design,second,design-second,,second,12669.6
578b467beeaf6d00018d4a60,581f6c63930a280001062e8c,38,sender,online,second,qux-saqotiwe-wepitula-lehaqifu-teliqulo-tezalipu-peh-tih-kuh-zah,wepitula,,826.1
578b467beeaf6d00018d4a60,581f6c63930a280001062e8c,39,receiver,handle,review,review-handle,,review,1959.9
578b467beeaf6d00018d4a60,581f6c63930a280001062e8c,40,sender,credit,change,qux-saqotiwe-wepitula-lehaqifu-teliqulo-tezalipu-peh-tih-kuh-zah,lehaqifu,,2093.7
578b467beeaf6d00018d4a60,581f6c63930a280001062e8c,41,receiver,design,family,family-design,,family,3046.5
578b467beeaf6d00018d4a60,581f6c63930a280001062e8c,42,sender,family,credit,qux-saqotiwe-wepitula-lehaqifu-teliqulo-tezalipu-peh-tih-kuh-zah,tih,,2102.9
578b467beeaf6d00018d4a60,581f6c63930a280001062e8c,43,receiver,review,online,online-review,,review,3038.8
578b467beeaf6d00018d4a60,581f6c63930a280001062e8c,44,sender,credit,change,qux-saqotiwe-wepitula-lehaqifu-teliqulo-tezalipu-peh-tih-kuh-zah,lehaqifu,,2507.7
578b467beeaf6d00018d4a60,581f6c63930a280001062e8c,45,receiver,handle,credit,handle-credit,,credit,1817.4
578b467beeaf6d00018d4a60,581f6c63930a280001062e8c,46,sender,design,family,qux-saqotiwe-wepitula-lehaqifu-teliqulo-tezalipu-peh-tih-kuh-zah,saqotiwe,,2449.3
578b467beeaf6d00018d4a60,581f6c63930a280001062e8c,47,receiver,credit,coffee,coffee-credit,,coffee,5134.8
578b467beeaf6d00018d4a60,581f6c63930a280001062e8c,48,sender,family,coffee,qux-saqotiwe-wepitula-lehaqifu-teliqulo-tezalipu-peh-tih-kuh-zah,kuh,,2073.2
578b467beeaf6d00018d4a60,581f6c63930a280001062e8c,49,receiver,online,second,online-second,,online,6248.5
578b467beeaf6d00018d4a60,581f6c63930a280001062e8c,50,sender,handle,normal,qux-saqotiwe-wepitula-lehaqifu-teliqulo-tezalipu-peh-tih-kuh-zah,tezalipu,,2288.5
578b467beeaf6d00018d4a60,581f6c63930a280001062e8c,51,receiver,handle,review,review-handle,,review,2508.3
578b467beeaf6d00018d4a60,581f6c63930a280001062e8c,52,sender,design,normal,qux-saqotiwe-wepitula-lehaqifu-teliqulo-tezalipu-peh-tih-kuh-zah,tezalipu,,1421.3
578b467beeaf6d00018d4a60,581f6c63930a280001062e8c,53,receiver,design,handle,handle-design,,handle,5624.6
578b467beeaf6d00018d4a60,581f6c63930a280001062e8c,54,sender,normal,coffee,qux-saqotiwe-wepitula-lehaqifu-teliqulo-tezalipu-peh-tih-kuh-zah,zah,,1526.8
578b467beeaf6d00018d4a60,581f6c63930a280001062e8c,55,receiver,family,credit,credit-family,,credit,5435.1
578b467beeaf6d00018d4a60,581f6c63930a280001062e8c,56,sender,handle,review,qux-saqotiwe-wepitula-lehaqifu-teliqulo-tezalipu-peh-tih-kuh-zah,peh,,6599.1
578b467beeaf6d00018d4a60,581f6c63930a280001062e8c,57,receiver,online,coffee,online-coffee,,online,15867.4
578b467beeaf6d00018d4a60,581f6c63930a280001062e8c,58,sender,design,family,qux-saqotiwe-wepitula-lehaqifu-teliqulo-tezalipu-peh-tih-kuh-zah,peh,,2746.5
578b467beeaf6d00018d4a60,581f6c63930a280001062e8c,59,receiver,second,normal,normal-second,,second,2761.1
578b467beeaf6d00018d4a60,581f6c63930a280001062e8c,60,sender,normal,coffee,qux-saqotiwe-wepitula-lehaqifu-teliqulo-tezalipu-peh-tih-kuh-zah,qux,,3871
578b467beeaf6d00018d4a60,581f6c63930a280001062e8c,61,receiver,online,normal,normal-online,,online,5438.3
578b467beeaf6d00018d4a60,581f6c63930a280001062e8c,62,sender,credit,change,qux-saqotiwe-wepitula-lehaqifu-teliqulo-tezalipu-peh-tih-kuh-zah,tezalipu,,6111.8
578b467beeaf6d00018d4a60,581f6c63930a280001062e8c,63,receiver,handle,review,handle-review,,review,11752.9
578b467beeaf6d00018d4a60,581f6c63930a280001062e8c,64,sender,normal,coffee,qux-saqotiwe-wepitula-lehaqifu-teliqulo-tezalipu-peh-tih-kuh-zah,peh,,3068.4
578b467beeaf6d00018d4a60,581f6c63930a280001062e8c,65,receiver,handle,coffee,handle-coffee,,handle,5863.3
578b467beeaf6d00018d4a60,581f6c63930a280001062e8c,66,sender,second,coffee,qux-saqotiwe-wepitula-lehaqifu-teliqulo-tezalipu-peh-tih-kuh-zah,wepitula,,1631.2
578b467beeaf6d00018d4a60,581f6c63930a280001062e8c,67,receiver,credit,change,change-credit,,change,3322
578b467beeaf6d00018d4a60,581f6c63930a280001062e8c,68,sender,change,online,qux-saqotiwe-wepitula-lehaqifu-teliqulo-tezalipu-peh-tih-kuh-zah,teliqulo,,8356.6
578b467beeaf6d00018d4a60,581f6c63930a280001062e8c,69,receiver,second,normal,second-normal,,normal,2665.9
578b467beeaf6d00018d4a60,581f6c63930a280001062e8c,70,sender,credit,change,qux-saqotiwe-wepitula-lehaqifu-teliqulo-tezalipu-peh-tih-kuh-zah,lehaqifu,,1651.9
578b467beeaf6d00018d4a60,581f6c63930a280001062e8c,71,receiver,review,credit,review-credit,,review,9807.1
578b467beeaf6d00018d4a60,581f6c63930a280001062e8c,72,sender,second,coffee,qux-saqotiwe-wepitula-lehaqifu-teliqulo-tezalipu-peh-tih-kuh-zah,kuh,,4037.3
578b467beeaf6d00018d4a60,581f6c63930a280001062e8c,73,receiver,design,family,family-design,,family,1864.4
578b467beeaf6d00018d4a60,581f6c63930a280001062e8c,74,sender,credit,second,qux-saqotiwe-wepitula-lehaqifu-teliqulo-tezalipu-peh-tih-kuh-zah,zah,,2869.5
578b467beeaf6d00018d4a60,581f6c63930a280001062e8c,75,receiver,second,normal,second-normal,,normal,3332.2
578b467beeaf6d00018d4a60,581f6c63930a280001062e8c,76,sender,handle,review,qux-saqotiwe-wepitula-lehaqifu-teliqulo-tezalipu-peh-tih-kuh-zah,wepitula,,1207.6
578b467beeaf6d00018d4a60,581f6c63930a280001062e8c,77,receiver,credit,online,credit-online,,online,4520.5
578b467beeaf6d00018d4a60,581f6c63930a280001062e8c,78,sender,family,coffee,qux-saqotiwe-wepitula-lehaqifu-teliqulo-tezalipu-peh-tih-kuh-zah,peh,,735.5
578b467beeaf6d00018d4a60,581f6c63930a280001062e8c,79,receiver,credit,online,online-credit,,online,2948.7
578b467beeaf6d00018d4a60,581f6c63930a280001062e8c,80,sender,design,change,qux-saqotiwe-wepitula-lehaqifu-teliqulo-tezalipu-peh-tih-kuh-zah,zah,,5545.6
578b467beeaf6d00018d4a60,581f6c63930a280001062e8c,81,receiver,design,family,design-family,,family,1387.6
578b467beeaf6d00018d4a60,581f6c63930a280001062e8c,82,sender,credit,change,qux-saqotiwe-wepitula-lehaqifu-teliqulo-tezalipu-peh-tih-kuh-zah,kuh,,8559.2
578b467beeaf6d00018d4a60,581f6c63930a280001062e8c,83,receiver,family,normal,family-normal,,normal,5875.4
578b467beeaf6d00018d4a60,581f6c63930a280001062e8c,84,sender,design,review,qux-saqotiwe-wepitula-lehaqifu-teliqulo-tezalipu-peh-tih-kuh-zah,wepitula,,717.9
578b467beeaf6d00018d4a60,581f6c63930a280001062e8c,85,receiver,credit,change,credit-change,,change,9390.9
578b467beeaf6d00018d4a60,581f6c63930a280001062e8c,86,sender,online,coffee,qux-saqotiwe-wepitula-lehaqifu-teliqulo-tezalipu-peh-tih-kuh-zah,saqotiwe,,1575.9
578b467beeaf6d00018d4a60,581f6c63930a280001062e8c,87,receiver,design,family,design-family,,design,4819.3
578b467beeaf6d00018d4a60,581f6c63930a280001062e8c,88,sender,online,normal,qux-saqotiwe-wepitula-lehaqifu-teliqulo-tezalipu-peh-tih-kuh-zah,tih,,1969.3
578b467beeaf6d00018d4a60,581f6c63930a280001062e8c,89,receiver,second,coffee,coffee-second,,second,13782.2
578b467beeaf6d00018d4a60,581f6c63930a280001062e8c,90,sender,change,second,qux-saqotiwe-wepitula-lehaqifu-teliqulo-tezalipu-peh-tih-kuh-zah,tezalipu,,28760.1
578b467beeaf6d00018d4a60,581f6c63930a280001062e8c,91,receiver,credit,normal,normal-credit,,credit,10656.7
578b467beeaf6d00018d4a60,581f6c63930a280001062e8c,92,sender,design,coffee,qux-saqotiwe-wepitula-lehaqifu-teliqulo-tezalipu-peh-tih-kuh-zah,tezalipu,,1182.3
578b467beeaf6d00018d4a60,581f6c63930a280001062e8c,93,receiver,credit,change,credit-change,,credit,6340.8
578b467beeaf6d00018d4a60,581f6c63930a280001062e8c,94,sender,review,coffee,qux-saqotiwe-wepitula-lehaqifu-teliqulo-tezalipu-peh-tih-kuh-zah,tezalipu,,1806
578b467beeaf6d00018d4a60,581f6c63930a280001062e8c,95,receiver,second,coffee,second-coffee,,coffee,7625.6
578b467beeaf6d00018d4a60,581f6c63930a280001062e8c,96,sender,design,credit,qux-saqotiwe-wepitula-lehaqifu-teliqulo-tezalipu-peh-tih-kuh-zah,tezalipu,,725.9
578b467beeaf6d00018d4a60,581f6c63930a280001062e8c,97,receiver,review,normal,review-normal,,normal,3289.8
578b467beeaf6d00018d4a60,581f6c63930a280001062e8c,98,sender,family,online,qux-saqotiwe-wepitula-lehaqifu-teliqulo-tezalipu-peh-tih-kuh-zah,tih,,558.6
578b467beeaf6d00018d4a60,581f6c63930a280001062e8c,99,receiver,second,coffee,coffee-second,,coffee,13837.1
578b467beeaf6d00018d4a60,581f6c63930a280001062e8c,100,sender,normal,coffee,qux-saqotiwe-wepitula-lehaqifu-teliqulo-tezalipu-peh-tih-kuh-zah,tih,,1292.6
578b467beeaf6d00018d4a60,581f6c63930a280001062e8c,101,receiver,design,online,design-online,,online,5350.5
578b467beeaf6d00018d4a60,581f6c63930a280001062e8c,102,sender,normal,coffee,qux-saqotiwe-wepitula-lehaqifu-teliqulo-tezalipu-peh-tih-kuh-zah,tezalipu,,2305.5
578b467beeaf6d00018d4a60,581f6c63930a280001062e8c,103,receiver,handle,review,review-handle,,review,2650.4
578b467beeaf6d00018d4a60,581f6c63930a280001062e8c,104,sender,change,second,qux-saqotiwe-wepitula-lehaqifu-teliqulo-tezalipu-peh-tih-kuh-zah,peh,,1794.7
578b467beeaf6d00018d4a60,581f6c63930a280001062e8c,105,receiver,online,coffee,online-coffee,,coffee,1705
578b467beeaf6d00018d4a60,581f6c63930a280001062e8c,106,sender,design,normal,qux-saqotiwe-wepitula-lehaqifu-teliqulo-tezalipu-peh-tih-kuh-zah,peh,,1008.2
578b467beeaf6d00018d4a60,581f6c63930a280001062e8c,107,receiver,handle,coffee,coffee-handle,,coffee,1477.5
578b467beeaf6d00018d4a60,581f6c63930a280001062e8c,108,sender,handle,credit,qux-saqotiwe-wepitula-lehaqifu-teliqulo-tezalipu-peh-tih-kuh-zah,teliqulo,,786.3
578b467beeaf6d00018d4a60,581f6c63930a280001062e8c,109,receiver,handle,second,handle-second,,second,3672.8
578b467beeaf6d00018d4a60,581f6c63930a280001062e8c,110,sender,online,normal,qux-saqotiwe-wepitula-lehaqifu-teliqulo-tezalipu-peh-tih-kuh-zah,lehaqifu,,1488.1
578b467beeaf6d00018d4a60,581f6c63930a280001062e8c,111,receiver,online,second,online-second,,second,1191.7
578b467beeaf6d00018d4a60,581f6c63930a280001062e8c,112,sender,online,second,qux-saqotiwe-wepitula-lehaqifu-teliqulo-tezalipu-peh-tih-kuh-zah,lehaqifu,,997
578b467beeaf6d00018d4a60,581f6c63930a280001062e8c,113,receiver,review,online,review-online,,review,1818.5
578b467beeaf6d00018d4a60,581f6c63930a280001062e8c,114,sender,family,normal,qux-saqotiwe-wepitula-lehaqifu-teliqulo-tezalipu-peh-tih-kuh-zah,wepitula,,1223.3
578b467beeaf6d00018d4a60,581f6c63930a280001062e8c,115,receiver,design,credit,credit-design,,design,6958.8
578b467beeaf6d00018d4a60,581f6c63930a280001062e8c,116,sender,credit,coffee,qux-saqotiwe-wepitula-lehaqifu-teliqulo-tezalipu-peh-tih-kuh-zah,tih,,998.7
578b467beeaf6d00018d4a60,581f6c63930a280001062e8c,117,receiver,design,review,review-design,,review,2050
578b467beeaf6d00018d4a60,581f6c63930a280001062e8c,118,sender,handle,review,qux-saqotiwe-wepitula-lehaqifu-teliqulo-tezalipu-peh-tih-kuh-zah,tih,,1176.7
578b467beeaf6d00018d4a60,581f6c63930a280001062e8c,119,receiver,handle,change,handle-change,,handle,2462.4
578b467beeaf6d00018d4a60,581f6c63930a280001062e8c,120,sender,handle,normal,qux-saqotiwe-wepitula-lehaqifu-teliqulo-tezalipu-peh-tih-kuh-zah,zah,,793.9
578b467beeaf6d00018d4a60,581f6c63930a280001062e8c,121,receiver,design,family,design-family,,design,2756.4
578b467beeaf6d00018d4a60,581f6c63930a280001062e8c,122,sender,change,normal,qux-saqotiwe-wepitula-lehaqifu-teliqulo-tezalipu-peh-tih-kuh-zah,peh,,2336.2
578b467beeaf6d00018d4a60,581f6c63930a280001062e8c,123,receiver,credit,second,credit-second,,second,1202.8
578b467beeaf6d00018d4a60,581f6c63930a280001062e8c,124,sender,family,online,qux-saqotiwe-wepitula-lehaqifu-teliqulo-tezalipu-peh-tih-kuh-zah,saqotiwe,,653.3
578b467beeaf6d00018d4a60,581f6c63930a280001062e8c,125,receiver,family,second,family-second,,second,2376.2
578b467beeaf6d00018d4a60,581f6c63930a280001062e8c,126,sender,handle,second,qux-saqotiwe-wepitula-lehaqifu-teliqulo-tezalipu-peh-tih-kuh-zah,zah,,1152
578b467beeaf6d00018d4a60,581f6c63930a280001062e8c,127,receiver,family,handle,family-handle,,family,3882
578b467beeaf6d00018d4a60,581f6c63930a280001062e8c,128,sender,design,change,qux-saqotiwe-wepitula-lehaqifu-teliqulo-tezalipu-peh-tih-kuh-zah,wepitula,,1695.2
578b467beeaf6d00018d4a60,581f6c63930a280001062e8c,129,receiver,online,coffee,coffee-online,,coffee,1281.2
578b467beeaf6d00018d4a60,581f6c63930a280001062e8c,130,sender,handle,review,qux-saqotiwe-wepitula-lehaqifu-teliqulo-tezalipu-peh-tih-kuh-zah,wepitula,,2479.9
578b467beeaf6d00018d4a60,581f6c63930a280001062e8c,131,receiver,design,family,family-design,,design,1560.5
578b467beeaf6d00018d4a60,581f6c63930a280001062e8c,132,sender,credit,change,qux-saqotiwe-wepitula-lehaqifu-teliqulo-tezalipu-peh-tih-kuh-zah,tih,,2354.7
578b467beeaf6d00018d4a60,581f6c63930a280001062e8c,133,receiver,design,second,design-second,,design,1040
578b467beeaf6d00018d4a60,581f6c63930a280001062e8c,134,sender,handle,online,qux-saqotiwe-wepitula-lehaqifu-teliqulo-tezalipu-peh-tih-kuh-zah,wepitula,,874.8
578b467beeaf6d00018d4a60,581f6c63930a280001062e8c,135,receiver,family,handle,family-handle,,handle,1085.6