participant_id, partner_id, trial_index, trial_type, target_meaning, foil_meaning,             choices, signal_selected, meaning_guess, rt
5a8af7af17ef35000170b31d,62cbeb86a164aa8174c45952,1,receiver,normal,credit,credit-normal,,normal,3404.4
5a8af7af17ef35000170b31d,62cbeb86a164aa8174c45952,2,sender,second,credit,qip-hiwaponu-puwirefa-tezalipu-wuk-tih-lehaqifu-meh-qux-wepitula,tezalipu,,5735
5a8af7af17ef35000170b31d,62cbeb86a164aa8174c45952,3,receiver,travel,credit,credit-travel,,travel,2257.7
5a8af7af17ef35000170b31d,62cbeb86a164aa8174c45952,4,sender,normal,branch,qip-hiwaponu-puwirefa-tezalipu-wuk-tih-lehaqifu-meh-qux-wepitula,wuk,,2963.5
5a8af7af17ef35000170b31d,62cbeb86a164aa8174c45952,5,receiver,second,health,health-second,,second,4027.6
5a8af7af17ef35000170b31d,62cbeb86a164aa8174c45952,6,sender,ground,future,qip-hiwaponu-puwirefa-tezalipu-wuk-tih-lehaqifu-meh-qux-wepitula,lehaqifu,,5629.4
5a8af7af17ef35000170b31d,62cbeb86a164aa8174c45952,7,receiver,school,normal,school-normal,,school,3134.7
5a8af7af17ef35000170b31d,62cbeb86a164aa8174c45952,8,sender,second,credit,qip-hiwaponu-puwirefa-tezalipu-wuk-tih-lehaqifu-meh-qux-wepitula,wuk,,2953.3
5a8af7af17ef35000170b31d,62cbeb86a164aa8174c45952,9,receiver,school,credit,school-credit,,credit,3131.3
5a8af7af17ef35000170b31d,62cbeb86a164aa8174c45952,10,sender,credit,branch,qip-hiwaponu-puwirefa-tezalipu-wuk-tih-lehaqifu-meh-qux-wepitula,lehaqifu,,2868.7
5a8af7af17ef35000170b31d,62cbeb86a164aa8174c45952,11,receiver,normal,credit,normal-credit,,normal,2647.6
5a8af7af17ef35000170b31d,62cbeb86a164aa8174c45952,12,sender,health,branch,qip-hiwaponu-puwirefa-tezalipu-wuk-tih-lehaqifu-meh-qux-wepitula,lehaqifu,,6081
5a8af7af17ef35000170b31d,62cbeb86a164aa8174c45952,13,receiver,travel,school,school-travel,,school,2769.1
5a8af7af17ef35000170b31d,62cbeb86a164aa8174c45952,14,sender,future,normal,qip-hiwaponu-puwirefa-tezalipu-wuk-tih-lehaqifu-meh-qux-wepitula,puwirefa,,6845.4
5a8af7af17ef35000170b31d,62cbeb86a164aa8174c45952,15,receiver,second,travel,second-travel,,second,2606.3
5a8af7af17ef35000170b31d,62cbeb86a164aa8174c45952,16,sender,second,school,qip-hiwaponu-puwirefa-tezalipu-wuk-tih-lehaqifu-meh-qux-wepitula,tezalipu,,8322
5a8af7af17ef35000170b31d,62cbeb86a164aa8174c45952,17,receiver,travel,normal,normal-travel,,travel,3578.6
5a8af7af17ef35000170b31d,62cbeb86a164aa8174c45952,18,sender,travel,future,qip-hiwaponu-puwirefa-tezalipu-wuk-tih-lehaqifu-meh-qux-wepitula,wepitula,,8348.8
5a8af7af17ef35000170b31d,62cbeb86a164aa8174c45952,19,receiver,travel,normal,travel-normal,,normal,2600.9
5a8af7af17ef35000170b31d,62cbeb86a164aa8174c45952,20,sender,future,branch,qip-hiwaponu-puwirefa-tezalipu-wuk-tih-lehaqifu-meh-qux-wepitula,lehaqifu,,6871.3
5a8af7af17ef35000170b31d,62cbeb86a164aa8174c45952,21,receiver,health,normal,normal-health,,health,3171.5
5a8af7af17ef35000170b31d,62cbeb86a164aa8174c45952,22,sender,travel,future,qip-hiwaponu-puwirefa-tezalipu-wuk-tih-lehaqifu-meh-qux-wepitula,wuk,,4932.8
5a8af7af17ef35000170b31d,62cbeb86a164aa8174c45952,23,receiver,normal,branch,normal-branch,,branch,3400.7
5a8af7af17ef35000170b31d,62cbeb86a164aa8174c45952,24,sender,garden,branch,qip-hiwaponu-puwirefa-tezalipu-wuk-tih-lehaqifu-meh-qux-wepitula,wepitula,,7279.7
5a8af7af17ef35000170b31d,62cbeb86a164aa8174c45952,25,receiver,second,travel,travel-second,,travel,2088.1
5a8af7af17ef35000170b31d,62cbeb86a164aa8174c45952,26,sender,credit,branch,qip-hiwaponu-puwirefa-tezalipu-wuk-tih-lehaqifu-meh-qux-wepitula,puwirefa,,8672.6
5a8af7af17ef35000170b31d,62cbeb86a164aa8174c45952,27,receiver,travel,future,travel-future,,future,3336.3
5a8af7af17ef35000170b31d,62cbeb86a164aa8174c45952,28,sender,ground,normal,qip-hiwaponu-puwirefa-tezalipu-wuk-tih-lehaqifu-meh-qux-wepitula,meh,,6872.4
5a8af7af17ef35000170b31d,62cbeb86a164aa8174c45952,29,receiver,garden,credit,credit-garden,,garden,1864.6
5a8af7af17ef35000170b31d,62cbeb86a164aa8174c45952,30,sender,garden,branch,qip-hiwaponu-puwirefa-tezalipu-wuk-tih-lehaqifu-meh-qux-wepitula,puwirefa,,2048.4
5a8af7af17ef35000170b31d,62cbeb86a164aa8174c45952,31,receiver,travel,future,travel-future,,travel,3124.8
5a8af7af17ef35000170b31d,62cbeb86a164aa8174c45952,32,sender,garden,normal,qip-hiwaponu-puwirefa-tezalipu-wuk-tih-lehaqifu-meh-qux-wepitula,meh,,2693.1
5a8af7af17ef35000170b31d,62cbeb86a164aa8174c45952,33,receiver,travel,future,future-travel,,future,2595.5
5a8af7af17ef35000170b31d,62cbeb86a164aa8174c45952,34,sender,health,school,qip-hiwaponu-puwirefa-tezalipu-wuk-tih-lehaqifu-meh-qux-wepitula,lehaqifu,,3599.1
5a8af7af17ef35000170b31d,62cbeb86a164aa8174c45952,35,receiver,health,travel,health-travel,,health,1774.4
5a8af7af17ef35000170b31d,62cbeb86a164aa8174c45952,36,sender,second,health,qip-hiwaponu-puwirefa-tezalipu-wuk-tih-lehaqifu-meh-qux-wepitula,lehaqifu,,2114
5a8af7af17ef35000170b31d,62cbeb86a164aa8174c45952,37,receiver,ground,garden,garden-ground,,garden,2201.3
5a8af7af17ef35000170b31d,62cbeb86a164aa8174c45952,38,sender,ground,branch,qip-hiwaponu-puwirefa-tezalipu-wuk-tih-lehaqifu-meh-qux-wepitula,lehaqifu,,7941.4
5a8af7af17ef35000170b31d,62cbeb86a164aa8174c45952,39,receiver,school,normal,normal-school,,normal,2067.5
5a8af7af17ef35000170b31d,62cbeb86a164aa8174c45952,40,sender,ground,garden,qip-hiwaponu-puwirefa-tezalipu-wuk-tih-lehaqifu-meh-qux-wepitula,lehaqifu,,1622.3
5a8af7af17ef35000170b31d,62cbeb86a164aa8174c45952,41,receiver,future,normal,normal-future,,future,2320.1
5a8af7af17ef35000170b31d,62cbeb86a164aa8174c45952,42,sender,ground,garden,qip-hiwaponu-puwirefa-tezalipu-wuk-tih-lehaqifu-meh-qux-wepitula,tezalipu,,4922.6
5a8af7af17ef35000170b31d,62cbeb86a164aa8174c45952,43,receiver,travel,future,future-travel,,future,2883.4
5a8af7af17ef35000170b31d,62cbeb86a164aa8174c45952,44,sender,future,credit,qip-hiwaponu-puwirefa-tezalipu-wuk-tih-lehaqifu-meh-qux-wepitula,wepitula,,6449.1
5a8af7af17ef35000170b31d,62cbeb86a164aa8174c45952,45,receiver,garden,travel,garden-travel,,garden,1777
5a8af7af17ef35000170b31d,62cbeb86a164aa8174c45952,46,sender,ground,travel,qip-hiwaponu-puwirefa-tezalipu-wuk-tih-lehaqifu-meh-qux-wepitula,lehaqifu,,5717.4
5a8af7af17ef35000170b31d,62cbeb86a164aa8174c45952,47,receiver,second,health,health-second,,second,2956.3
5a8af7af17ef35000170b31d,62cbeb86a164aa8174c45952,48,sender,garden,travel,qip-hiwaponu-puwirefa-tezalipu-wuk-tih-lehaqifu-meh-qux-wepitula,lehaqifu,,2445.4
5a8af7af17ef35000170b31d,62cbeb86a164aa8174c45952,49,receiver,normal,credit,credit-normal,,credit,1955.5
5a8af7af17ef35000170b31d,62cbeb86a164aa8174c45952,50,sender,second,health,qip-hiwaponu-puwirefa-tezalipu-wuk-tih-lehaqifu-meh-qux-wepitula,puwirefa,,4406.4
5a8af7af17ef35000170b31d,62cbeb86a164aa8174c45952,51,receiver,ground,garden,ground-garden,,garden,2285.2
5a8af7af17ef35000170b31d,62cbeb86a164aa8174c45952,52,sender,travel,future,qip-hiwaponu-puwirefa-tezalipu-wuk-tih-lehaqifu-meh-qux-wepitula,tezalipu,,5447.4
5a8af7af17ef35000170b31d,62cbeb86a164aa8174c45952,53,receiver,second,health,second-health,,health,3102.6
5a8af7af17ef35000170b31d,62cbeb86a164aa8174c45952,54,sender,school,branch,qip-hiwaponu-puwirefa-tezalipu-wuk-tih-lehaqifu-meh-qux-wepitula,tezalipu,,4624.6
5a8af7af17ef35000170b31d,62cbeb86a164aa8174c45952,55,receiver,second,future,future-second,,second,3151.4
5a8af7af17ef35000170b31d,62cbeb86a164aa8174c45952,56,sender,garden,health,qip-hiwaponu-puwirefa-tezalipu-wuk-tih-lehaqifu-meh-qux-wepitula,lehaqifu,,1716.3
5a8af7af17ef35000170b31d,62cbeb86a164aa8174c45952,57,receiver,second,normal,normal-second,,second,2830.7
5a8af7af17ef35000170b31d,62cbeb86a164aa8174c45952,58,sender,school,normal,qip-hiwaponu-puwirefa-tezalipu-wuk-tih-lehaqifu-meh-qux-wepitula,wuk,,4161.5
5a8af7af17ef35000170b31d,62cbeb86a164aa8174c45952,59,receiver,ground,travel,travel-ground,,ground,2223.3
5a8af7af17ef35000170b31d,62cbeb86a164aa8174c45952,60,sender,future,school,qip-hiwaponu-puwirefa-tezalipu-wuk-tih-lehaqifu-meh-qux-wepitula,puwirefa,,4671.2
5a8af7af17ef35000170b31d,62cbeb86a164aa8174c45952,61,receiver,future,school,future-school,,future,2813.4
5a8af7af17ef35000170b31d,62cbeb86a164aa8174c45952,62,sender,ground,branch,qip-hiwaponu-puwirefa-tezalipu-wuk-tih-lehaqifu-meh-qux-wepitula,tezalipu,,2740.3
5a8af7af17ef35000170b31d,62cbeb86a164aa8174c45952,63,receiver,school,credit,credit-school,,credit,5716
5a8af7af17ef35000170b31d,62cbeb86a164aa8174c45952,64,sender,ground,school,qip-hiwaponu-puwirefa-tezalipu-wuk-tih-lehaqifu-meh-qux-wepitula,tezalipu,,3325
5a8af7af17ef35000170b31d,62cbeb86a164aa8174c45952,65,receiver,second,school,school-second,,school,2085.1
5a8af7af17ef35000170b31d,62cbeb86a164aa8174c45952,66,sender,credit,branch,qip-hiwaponu-puwirefa-tezalipu-wuk-tih-lehaqifu-meh-qux-wepitula,lehaqifu,,2641.2
5a8af7af17ef35000170b31d,62cbeb86a164aa8174c45952,67,receiver,ground,garden,garden-ground,,garden,3146.1
5a8af7af17ef35000170b31d,62cbeb86a164aa8174c45952,68,sender,school,branch,qip-hiwaponu-puwirefa-tezalipu-wuk-tih-lehaqifu-meh-qux-wepitula,wuk,,9394.4
5a8af7af17ef35000170b31d,62cbeb86a164aa8174c45952,69,receiver,ground,health,ground-health,,health,1820.1
5a8af7af17ef35000170b31d,62cbeb86a164aa8174c45952,70,sender,health,school,qip-hiwaponu-puwirefa-tezalipu-wuk-tih-lehaqifu-meh-qux-wepitula,tih,,3769.7
5a8af7af17ef35000170b31d,62cbeb86a164aa8174c45952,71,receiver,garden,school,garden-school,,garden,1676.3
5a8af7af17ef35000170b31d,62cbeb86a164aa8174c45952,72,sender,health,travel,qip-hiwaponu-puwirefa-tezalipu-wuk-tih-lehaqifu-meh-qux-wepitula,tih,,5313.2
5a8af7af17ef35000170b31d,62cbeb86a164aa8174c45952,73,receiver,travel,branch,travel-branch,,branch,2474
5a8af7af17ef35000170b31d,62cbeb86a164aa8174c45952,74,sender,normal,branch,qip-hiwaponu-puwirefa-tezalipu-wuk-tih-lehaqifu-meh-qux-wepitula,meh,,3738.7
5a8af7af17ef35000170b31d,62cbeb86a164aa8174c45952,75,receiver,credit,branch,credit-branch,,credit,2410.4
5a8af7af17ef35000170b31d,62cbeb86a164aa8174c45952,76,sender,ground,future,qip-hiwaponu-puwirefa-tezalipu-wuk-tih-lehaqifu-meh-qux-wepitula,lehaqifu,,2185.4
5a8af7af17ef35000170b31d,62cbeb86a164aa8174c45952,77,receiver,garden,school,garden-school,,garden,2604.5
5a8af7af17ef35000170b31d,62cbeb86a164aa8174c45952,78,sender,health,future,qip-hiwaponu-puwirefa-tezalipu-wuk-tih-lehaqifu-meh-qux-wepitula,tih,,2294.2
5a8af7af17ef35000170b31d,62cbeb86a164aa8174c45952,79,receiver,ground,credit,credit-ground,,ground,2283.5
5a8af7af17ef35000170b31d,62cbeb86a164aa8174c45952,80,sender,travel,future,qip-hiwaponu-puwirefa-tezalipu-wuk-tih-lehaqifu-meh-qux-wepitula,wuk,,2244.6
5a8af7af17ef35000170b31d,62cbeb86a164aa8174c45952,81,receiver,second,branch,branch-second,,second,2109
5a8af7af17ef35000170b31d,62cbeb86a164aa8174c45952,82,sender,future,branch,qip-hiwaponu-puwirefa-tezalipu-wuk-tih-lehaqifu-meh-qux-wepitula,puwirefa,,4599.5
5a8af7af17ef35000170b31d,62cbeb86a164aa8174c45952,83,receiver,ground,school,ground-school,,ground,3256.1
5a8af7af17ef35000170b31d,62cbeb86a164aa8174c45952,84,sender,ground,normal,qip-hiwaponu-puwirefa-tezalipu-wuk-tih-lehaqifu-meh-qux-wepitula,qip,,4173.5
5a8af7af17ef35000170b31d,62cbeb86a164aa8174c45952,85,receiver,school,branch,branch-school,,school,1954.2
5a8af7af17ef35000170b31d,62cbeb86a164aa8174c45952,86,sender,credit,branch,qip-hiwaponu-puwirefa-tezalipu-wuk-tih-lehaqifu-meh-qux-wepitula,lehaqifu,,3011
5a8af7af17ef35000170b31d,62cbeb86a164aa8174c45952,87,receiver,school,credit,credit-school,,school,1814
5a8af7af17ef35000170b31d,62cbeb86a164aa8174c45952,88,sender,travel,future,qip-hiwaponu-puwirefa-tezalipu-wuk-tih-lehaqifu-meh-qux-wepitula,wuk,,1723.3
5a8af7af17ef35000170b31d,62cbeb86a164aa8174c45952,89,receiver,travel,future,future-travel,,travel,3500.6
5a8af7af17ef35000170b31d,62cbeb86a164aa8174c45952,90,sender,school,credit,qip-hiwaponu-puwirefa-tezalipu-wuk-tih-lehaqifu-meh-qux-wepitula,puwirefa,,5209.8
5a8af7af17ef35000170b31d,62cbeb86a164aa8174c45952,91,receiver,school,normal,school-normal,,school,1654.5
5a8af7af17ef35000170b31d,62cbeb86a164aa8174c45952,92,sender,garden,normal,qip-hiwaponu-puwirefa-tezalipu-wuk-tih-lehaqifu-meh-qux-wepitula,lehaqifu,,5247.1
5a8af7af17ef35000170b31d,62cbeb86a164aa8174c45952,93,receiver,second,health,health-second,,second,1543.4
5a8af7af17ef35000170b31d,62cbeb86a164aa8174c45952,94,sender,garden,future,qip-hiwaponu-puwirefa-tezalipu-wuk-tih-lehaqifu-meh-qux-wepitula,lehaqifu,,1788.6
5a8af7af17ef35000170b31d,62cbeb86a164aa8174c45952,95,receiver,health,normal,normal-health,,health,1802.1
5a8af7af17ef35000170b31d,62cbeb86a164aa8174c45952,96,sender,second,health,qip-hiwaponu-puwirefa-tezalipu-wuk-tih-lehaqifu-meh-qux-wepitula,wuk,,4550.8
5a8af7af17ef35000170b31d,62cbeb86a164aa8174c45952,97,receiver,health,branch,branch-health,,health,3060.9
5a8af7af17ef35000170b31d,62cbeb86a164aa8174c45952,98,sender,second,normal,qip-hiwaponu-puwirefa-tezalipu-wuk-tih-lehaqifu-meh-qux-wepitula,qux,,3422.8
5a8af7af17ef35000170b31d,62cbeb86a164aa8174c45952,99,receiver,garden,second,garden-second,,second,2881.9
5a8af7af17ef35000170b31d,62cbeb86a164aa8174c45952,100,sender,travel,credit,qip-hiwaponu-puwirefa-tezalipu-wuk-tih-lehaqifu-meh-qux-wepitula,tih,,4817.3
5a8af7af17ef35000170b31d,62cbeb86a164aa8174c45952,101,receiver,normal,branch,branch-normal,,normal,1501.4
5a8af7af17ef35000170b31d,62cbeb86a164aa8174c45952,102,sender,ground,garden,qip-hiwaponu-puwirefa-tezalipu-wuk-tih-lehaqifu-meh-qux-wepitula,tezalipu,,2838.2
5a8af7af17ef35000170b31d,62cbeb86a164aa8174c45952,103,receiver,normal,branch,normal-branch,,branch,1699.2
5a8af7af17ef35000170b31d,62cbeb86a164aa8174c45952,104,sender,school,branch,qip-hiwaponu-puwirefa-tezalipu-wuk-tih-lehaqifu-meh-qux-wepitula,lehaqifu,,2646
5a8af7af17ef35000170b31d,62cbeb86a164aa8174c45952,105,receiver,garden,credit,credit-garden,,garden,2357.9
5a8af7af17ef35000170b31d,62cbeb86a164aa8174c45952,106,sender,ground,health,qip-hiwaponu-puwirefa-tezalipu-wuk-tih-lehaqifu-meh-qux-wepitula,tezalipu,,2649.4
5a8af7af17ef35000170b31d,62cbeb86a164aa8174c45952,107,receiver,normal,credit,normal-credit,,normal,2047.1
5a8af7af17ef35000170b31d,62cbeb86a164aa8174c45952,108,sender,travel,school,qip-hiwaponu-puwirefa-tezalipu-wuk-tih-lehaqifu-meh-qux-wepitula,tih,,2674.8
5a8af7af17ef35000170b31d,62cbeb86a164aa8174c45952,109,receiver,garden,future,garden-future,,garden,2987.4
5a8af7af17ef35000170b31d,62cbeb86a164aa8174c45952,110,sender,second,health,qip-hiwaponu-puwirefa-tezalipu-wuk-tih-lehaqifu-meh-qux-wepitula,qux,,6219.9
5a8af7af17ef35000170b31d,62cbeb86a164aa8174c45952,111,receiver,second,health,second-health,,second,2518.3
5a8af7af17ef35000170b31d,62cbeb86a164aa8174c45952,112,sender,second,health,qip-hiwaponu-puwirefa-tezalipu-wuk-tih-lehaqifu-meh-qux-wepitula,qux,,3673.4
5a8af7af17ef35000170b31d,62cbeb86a164aa8174c45952,113,receiver,travel,future,travel-future,,travel,1873.1
5a8af7af17ef35000170b31d,62cbeb86a164aa8174c45952,114,sender,second,branch,qip-hiwaponu-puwirefa-tezalipu-wuk-tih-lehaqifu-meh-qux-wepitula,qux,,1943.3
5a8af7af17ef35000170b31d,62cbeb86a164aa8174c45952,115,receiver,second,future,second-future,,future,2102.1
5a8af7af17ef35000170b31d,62cbeb86a164aa8174c45952,116,sender,ground,credit,qip-hiwaponu-puwirefa-tezalipu-wuk-tih-lehaqifu-meh-qux-wepitula,tezalipu,,2150.8
5a8af7af17ef35000170b31d,62cbeb86a164aa8174c45952,117,receiver,ground,garden,ground-garden,,garden,2134.7
5a8af7af17ef35000170b31d,62cbeb86a164aa8174c45952,118,sender,travel,branch,qip-hiwaponu-puwirefa-tezalipu-wuk-tih-lehaqifu-meh-qux-wepitula,tezalipu,,6798.2
5a8af7af17ef35000170b31d,62cbeb86a164aa8174c45952,119,receiver,garden,health,health-garden,,garden,1962.4
5a8af7af17ef35000170b31d,62cbeb86a164aa8174c45952,120,sender,normal,credit,qip-hiwaponu-puwirefa-tezalipu-wuk-tih-lehaqifu-meh-qux-wepitula,meh,,2544.5
5a8af7af17ef35000170b31d,62cbeb86a164aa8174c45952,121,receiver,school,normal,school-normal,,school,2218.1
5a8af7af17ef35000170b31d,62cbeb86a164aa8174c45952,122,sender,ground,second,qip-hiwaponu-puwirefa-tezalipu-wuk-tih-lehaqifu-meh-qux-wepitula,tezalipu,,1981.6
5a8af7af17ef35000170b31d,62cbeb86a164aa8174c45952,123,receiver,second,health,second-health,,health,2008.3
5a8af7af17ef35000170b31d,62cbeb86a164aa8174c45952,124,sender,ground,garden,qip-hiwaponu-puwirefa-tezalipu-wuk-tih-lehaqifu-meh-qux-wepitula,tezalipu,,2041.4
5a8af7af17ef35000170b31d,62cbeb86a164aa8174c45952,125,receiver,garden,second,garden-second,,garden,1858.5
5a8af7af17ef35000170b31d,62cbeb86a164aa8174c45952,126,sender,school,credit,qip-hiwaponu-puwirefa-tezalipu-wuk-tih-lehaqifu-meh-qux-wepitula,puwirefa,,2972.9
5a8af7af17ef35000170b31d,62cbeb86a164aa8174c45952,127,receiver,school,branch,school-branch,,school,1746
5a8af7af17ef35000170b31d,62cbeb86a164aa8174c45952,128,sender,ground,garden,qip-hiwaponu-puwirefa-tezalipu-wuk-tih-lehaqifu-meh-qux-wepitula,tezalipu,,1860.7
5a8af7af17ef35000170b31d,62cbeb86a164aa8174c45952,129,receiver,health,credit,credit-health,,health,2872.4
5a8af7af17ef35000170b31d,62cbeb86a164aa8174c45952,130,sender,health,credit,qip-hiwaponu-puwirefa-tezalipu-wuk-tih-lehaqifu-meh-qux-wepitula,hiwaponu,,3310.8
5a8af7af17ef35000170b31d,62cbeb86a164aa8174c45952,131,receiver,future,credit,credit-future,,credit,1724.5
5a8af7af17ef35000170b31d,62cbeb86a164aa8174c45952,132,sender,health,future,qip-hiwaponu-puwirefa-tezalipu-wuk-tih-lehaqifu-meh-qux-wepitula,hiwaponu,,3641.8
5a8af7af17ef35000170b31d,62cbeb86a164aa8174c45952,133,receiver,ground,second,second-ground,,ground,1989.7
5a8af7af17ef35000170b31d,62cbeb86a164aa8174c45952,134,sender,ground,garden,qip-hiwaponu-puwirefa-tezalipu-wuk-tih-lehaqifu-meh-qux-wepitula,puwirefa,,2081.5
5a8af7af17ef35000170b31d,62cbeb86a164aa8174c45952,135,receiver,ground,garden,garden-ground,,ground,1989