participant_id, partner_id, trial_index, trial_type, target_meaning, foil_meaning,             choices, signal_selected, meaning_guess, rt
62cbeb86a164aa8174c45952,5a8af7af17ef35000170b31d,1,sender,normal,credit,qip-hiwaponu-puwirefa-tezalipu-wuk-tih-lehaqifu-meh-qux-wepitula,tezalipu,,12061.9
62cbeb86a164aa8174c45952,5a8af7af17ef35000170b31d,2,receiver,second,credit,credit-second,,second,9287.8
62cbeb86a164aa8174c45952,5a8af7af17ef35000170b31d,3,sender,travel,credit,qip-hiwaponu-puwirefa-tezalipu-wuk-tih-lehaqifu-meh-qux-wepitula,wuk,,11284.7
62cbeb86a164aa8174c45952,5a8af7af17ef35000170b31d,4,receiver,normal,branch,normal-branch,,normal,2152.1
62cbeb86a164aa8174c45952,5a8af7af17ef35000170b31d,5,sender,second,health,qip-hiwaponu-puwirefa-tezalipu-wuk-tih-lehaqifu-meh-qux-wepitula,lehaqifu,,7028.5
62cbeb86a164aa8174c45952,5a8af7af17ef35000170b31d,6,receiver,ground,future,future-ground,,future,2313
62cbeb86a164aa8174c45952,5a8af7af17ef35000170b31d,7,sender,school,normal,qip-hiwaponu-puwirefa-tezalipu-wuk-tih-lehaqifu-meh-qux-wepitula,puwirefa,,6196.7
62cbeb86a164aa8174c45952,5a8af7af17ef35000170b31d,8,receiver,second,credit,credit-second,,credit,2449.3
62cbeb86a164aa8174c45952,5a8af7af17ef35000170b31d,9,sender,school,credit,qip-hiwaponu-puwirefa-tezalipu-wuk-tih-lehaqifu-meh-qux-wepitula,qux,,4270.7
62cbeb86a164aa8174c45952,5a8af7af17ef35000170b31d,10,receiver,credit,branch,credit-branch,,branch,2436.1
62cbeb86a164aa8174c45952,5a8af7af17ef35000170b31d,11,sender,normal,credit,qip-hiwaponu-puwirefa-tezalipu-wuk-tih-lehaqifu-meh-qux-wepitula,tih,,4013.6
62cbeb86a164aa8174c45952,5a8af7af17ef35000170b31d,12,receiver,health,branch,branch-health,,health,3636.9
62cbeb86a164aa8174c45952,5a8af7af17ef35000170b31d,13,sender,travel,school,qip-hiwaponu-puwirefa-tezalipu-wuk-tih-lehaqifu-meh-qux-wepitula,wuk,,8222.7
62cbeb86a164aa8174c45952,5a8af7af17ef35000170b31d,14,receiver,future,normal,normal-future,,future,2792.5
62cbeb86a164aa8174c45952,5a8af7af17ef35000170b31d,15,sender,second,travel,qip-hiwaponu-puwirefa-tezalipu-wuk-tih-lehaqifu-meh-qux-wepitula,qip,,5893.3
62cbeb86a164aa8174c45952,5a8af7af17ef35000170b31d,16,receiver,second,school,second-school,,school,3884.7
62cbeb86a164aa8174c45952,5a8af7af17ef35000170b31d,17,sender,travel,normal,qip-hiwaponu-puwirefa-tezalipu-wuk-tih-lehaqifu-meh-qux-wepitula,wuk,,6201.5
62cbeb86a164aa8174c45952,5a8af7af17ef35000170b31d,18,receiver,travel,future,future-travel,,travel,2458.6
62cbeb86a164aa8174c45952,5a8af7af17ef35000170b31d,19,sender,travel,normal,qip-hiwaponu-puwirefa-tezalipu-wuk-tih-lehaqifu-meh-qux-wepitula,wuk,,2035.3
62cbeb86a164aa8174c45952,5a8af7af17ef35000170b31d,20,receiver,future,branch,branch-future,,branch,7069
62cbeb86a164aa8174c45952,5a8af7af17ef35000170b31d,21,sender,health,normal,qip-hiwaponu-puwirefa-tezalipu-wuk-tih-lehaqifu-meh-qux-wepitula,hiwaponu,,4345.6
62cbeb86a164aa8174c45952,5a8af7af17ef35000170b31d,22,receiver,travel,future,travel-future,,travel,2822.5
62cbeb86a164aa8174c45952,5a8af7af17ef35000170b31d,23,sender,normal,branch,qip-hiwaponu-puwirefa-tezalipu-wuk-tih-lehaqifu-meh-qux-wepitula,qux,,3157.3
62cbeb86a164aa8174c45952,5a8af7af17ef35000170b31d,24,receiver,garden,branch,branch-garden,,garden,3170.4
62cbeb86a164aa8174c45952,5a8af7af17ef35000170b31d,25,sender,second,travel,qip-hiwaponu-puwirefa-tezalipu-wuk-tih-lehaqifu-meh-qux-wepitula,qip,,6222.3
62cbeb86a164aa8174c45952,5a8af7af17ef35000170b31d,26,receiver,credit,branch,branch-credit,,branch,2434.9
62cbeb86a164aa8174c45952,5a8af7af17ef35000170b31d,27,sender,travel,future,qip-hiwaponu-puwirefa-tezalipu-wuk-tih-lehaqifu-meh-qux-wepitula,meh,,9056.8
62cbeb86a164aa8174c45952,5a8af7af17ef35000170b31d,28,receiver,ground,normal,normal-ground,,normal,4153.7
62cbeb86a164aa8174c45952,5a8af7af17ef35000170b31d,29,sender,garden,credit,qip-hiwaponu-puwirefa-tezalipu-wuk-tih-lehaqifu-meh-qux-wepitula,puwirefa,,4724
62cbeb86a164aa8174c45952,5a8af7af17ef35000170b31d,30,receiver,garden,branch,garden-branch,,garden,4724.7
62cbeb86a164aa8174c45952,5a8af7af17ef35000170b31d,31,sender,travel,future,qip-hiwaponu-puwirefa-tezalipu-wuk-tih-lehaqifu-meh-qux-wepitula,wuk,,14342.5
62cbeb86a164aa8174c45952,5a8af7af17ef35000170b31d,32,receiver,garden,normal,normal-garden,,normal,2999
62cbeb86a164aa8174c45952,5a8af7af17ef35000170b31d,33,sender,travel,future,qip-hiwaponu-puwirefa-tezalipu-wuk-tih-lehaqifu-meh-qux-wepitula,wuk,,1002.8
62cbeb86a164aa8174c45952,5a8af7af17ef35000170b31d,34,receiver,health,school,school-health,,health,2380.4
62cbeb86a164aa8174c45952,5a8af7af17ef35000170b31d,35,sender,health,travel,qip-hiwaponu-puwirefa-tezalipu-wuk-tih-lehaqifu-meh-qux-wepitula,lehaqifu,,2106.8
62cbeb86a164aa8174c45952,5a8af7af17ef35000170b31d,36,receiver,second,health,health-second,,health,1763.5
62cbeb86a164aa8174c45952,5a8af7af17ef35000170b31d,37,sender,ground,garden,qip-hiwaponu-puwirefa-tezalipu-wuk-tih-lehaqifu-meh-qux-wepitula,hiwaponu,,7001
62cbeb86a164aa8174c45952,5a8af7af17ef35000170b31d,38,receiver,ground,branch,branch-ground,,ground,1969
62cbeb86a164aa8174c45952,5a8af7af17ef35000170b31d,39,sender,school,normal,qip-hiwaponu-puwirefa-tezalipu-wuk-tih-lehaqifu-meh-qux-wepitula,meh,,5041.1
62cbeb86a164aa8174c45952,5a8af7af17ef35000170b31d,40,receiver,ground,garden,garden-ground,,garden,2079.5
62cbeb86a164aa8174c45952,5a8af7af17ef35000170b31d,41,sender,future,normal,qip-hiwaponu-puwirefa-tezalipu-wuk-tih-lehaqifu-meh-qux-wepitula,lehaqifu,,2604.8
62cbeb86a164aa8174c45952,5a8af7af17ef35000170b31d,42,receiver,ground,garden,ground-garden,,ground,5925.9
62cbeb86a164aa8174c45952,5a8af7af17ef35000170b31d,43,sender,travel,future,qip-hiwaponu-puwirefa-tezalipu-wuk-tih-lehaqifu-meh-qux-wepitula,wuk,,2075
62cbeb86a164aa8174c45952,5a8af7af17ef35000170b31d,44,receiver,future,credit,credit-future,,credit,3307.4
62cbeb86a164aa8174c45952,5a8af7af17ef35000170b31d,45,sender,garden,travel,qip-hiwaponu-puwirefa-tezalipu-wuk-tih-lehaqifu-meh-qux-wepitula,puwirefa,,3043.8
62cbeb86a164aa8174c45952,5a8af7af17ef35000170b31d,46,receiver,ground,travel,travel-ground,,travel,3792.3
62cbeb86a164aa8174c45952,5a8af7af17ef35000170b31d,47,sender,second,health,qip-hiwaponu-puwirefa-tezalipu-wuk-tih-lehaqifu-meh-qux-wepitula,wuk,,4993
62cbeb86a164aa8174c45952,5a8af7af17ef35000170b31d,48,receiver,garden,travel,travel-garden,,travel,5569.7
62cbeb86a164aa8174c45952,5a8af7af17ef35000170b31d,49,sender,normal,credit,qip-hiwaponu-puwirefa-tezalipu-wuk-tih-lehaqifu-meh-qux-wepitula,meh,,3048.7
62cbeb86a164aa8174c45952,5a8af7af17ef35000170b31d,50,receiver,second,health,health-second,,second,4034.3
62cbeb86a164aa8174c45952,5a8af7af17ef35000170b31d,51,sender,ground,garden,qip-hiwaponu-puwirefa-tezalipu-wuk-tih-lehaqifu-meh-qux-wepitula,lehaqifu,,1531
62cbeb86a164aa8174c45952,5a8af7af17ef35000170b31d,52,receiver,travel,future,future-travel,,future,1949.9
62cbeb86a164aa8174c45952,5a8af7af17ef35000170b31d,53,sender,second,health,qip-hiwaponu-puwirefa-tezalipu-wuk-tih-lehaqifu-meh-qux-wepitula,tezalipu,,7550.7
62cbeb86a164aa8174c45952,5a8af7af17ef35000170b31d,54,receiver,school,branch,school-branch,,school,2298.6
62cbeb86a164aa8174c45952,5a8af7af17ef35000170b31d,55,sender,second,future,qip-hiwaponu-puwirefa-tezalipu-wuk-tih-lehaqifu-meh-qux-wepitula,wuk,,1867.3
62cbeb86a164aa8174c45952,5a8af7af17ef35000170b31d,56,receiver,garden,health,garden-health,,health,2114
62cbeb86a164aa8174c45952,5a8af7af17ef35000170b31d,57,sender,second,normal,qip-hiwaponu-puwirefa-tezalipu-wuk-tih-lehaqifu-meh-qux-wepitula,wuk,,2105.3
62cbeb86a164aa8174c45952,5a8af7af17ef35000170b31d,58,receiver,school,normal,normal-school,,school,2305.5
62cbeb86a164aa8174c45952,5a8af7af17ef35000170b31d,59,sender,ground,travel,qip-hiwaponu-puwirefa-tezalipu-wuk-tih-lehaqifu-meh-qux-wepitula,tezalipu,,1534.8
62cbeb86a164aa8174c45952,5a8af7af17ef35000170b31d,60,receiver,future,school,school-future,,future,3105.4
62cbeb86a164aa8174c45952,5a8af7af17ef35000170b31d,61,sender,future,school,qip-hiwaponu-puwirefa-tezalipu-wuk-tih-lehaqifu-meh-qux-wepitula,lehaqifu,,6034.7
62cbeb86a164aa8174c45952,5a8af7af17ef35000170b31d,62,receiver,ground,branch,ground-branch,,ground,1504.3
62cbeb86a164aa8174c45952,5a8af7af17ef35000170b31d,63,sender,school,credit,qip-hiwaponu-puwirefa-tezalipu-wuk-tih-lehaqifu-meh-qux-wepitula,puwirefa,,3346.5
62cbeb86a164aa8174c45952,5a8af7af17ef35000170b31d,64,receiver,ground,school,school-ground,,school,4637.2
62cbeb86a164aa8174c45952,5a8af7af17ef35000170b31d,65,sender,second,school,qip-hiwaponu-puwirefa-tezalipu-wuk-tih-lehaqifu-meh-qux-wepitula,wuk,,1991.5
62cbeb86a164aa8174c45952,5a8af7af17ef35000170b31d,66,receiver,credit,branch,credit-branch,,branch,2999.9
62cbeb86a164aa8174c45952,5a8af7af17ef35000170b31d,67,sender,ground,garden,qip-hiwaponu-puwirefa-tezalipu-wuk-tih-lehaqifu-meh-qux-wepitula,tih,,4813.2
62cbeb86a164aa8174c45952,5a8af7af17ef35000170b31d,68,receiver,school,branch,school-branch,,school,4439.4
62cbeb86a164aa8174c45952,5a8af7af17ef35000170b31d,69,sender,ground,health,qip-hiwaponu-puwirefa-tezalipu-wuk-tih-lehaqifu-meh-qux-wepitula,qip,,5012.5
62cbeb86a164aa8174c45952,5a8af7af17ef35000170b31d,70,receiver,health,school,health-school,,school,1304.3
62cbeb86a164aa8174c45952,5a8af7af17ef35000170b31d,71,sender,garden,school,qip-hiwaponu-puwirefa-tezalipu-wuk-tih-lehaqifu-meh-qux-wepitula,lehaqifu,,6177.8
62cbeb86a164aa8174c45952,5a8af7af17ef35000170b31d,72,receiver,health,travel,travel-health,,travel,1670.5
62cbeb86a164aa8174c45952,5a8af7af17ef35000170b31d,73,sender,travel,branch,qip-hiwaponu-puwirefa-tezalipu-wuk-tih-lehaqifu-meh-qux-wepitula,wuk,,9589.7
62cbeb86a164aa8174c45952,5a8af7af17ef35000170b31d,74,receiver,normal,branch,branch-normal,,branch,2026
62cbeb86a164aa8174c45952,5a8af7af17ef35000170b31d,75,sender,credit,branch,qip-hiwaponu-puwirefa-tezalipu-wuk-tih-lehaqifu-meh-qux-wepitula,lehaqifu,,3688.7
62cbeb86a164aa8174c45952,5a8af7af17ef35000170b31d,76,receiver,ground,future,ground-future,,future,1917.2
62cbeb86a164aa8174c45952,5a8af7af17ef35000170b31d,77,sender,garden,school,qip-hiwaponu-puwirefa-tezalipu-wuk-tih-lehaqifu-meh-qux-wepitula,puwirefa,,2184.3
62cbeb86a164aa8174c45952,5a8af7af17ef35000170b31d,78,receiver,health,future,future-health,,health,5580.1
62cbeb86a164aa8174c45952,5a8af7af17ef35000170b31d,79,sender,ground,credit,qip-hiwaponu-puwirefa-tezalipu-wuk-tih-lehaqifu-meh-qux-wepitula,puwirefa,,1391.3
62cbeb86a164aa8174c45952,5a8af7af17ef35000170b31d,80,receiver,travel,future,future-travel,,travel,2211
62cbeb86a164aa8174c45952,5a8af7af17ef35000170b31d,81,sender,second,branch,qip-hiwaponu-puwirefa-tezalipu-wuk-tih-lehaqifu-meh-qux-wepitula,qip,,5973.5
62cbeb86a164aa8174c45952,5a8af7af17ef35000170b31d,82,receiver,future,branch,branch-future,,branch,1978.3
62cbeb86a164aa8174c45952,5a8af7af17ef35000170b31d,83,sender,ground,school,qip-hiwaponu-puwirefa-tezalipu-wuk-tih-lehaqifu-meh-qux-wepitula,qip,,4069.6
62cbeb86a164aa8174c45952,5a8af7af17ef35000170b31d,84,receiver,ground,normal,ground-normal,,ground,1870.5
62cbeb86a164aa8174c45952,5a8af7af17ef35000170b31d,85,sender,school,branch,qip-hiwaponu-puwirefa-tezalipu-wuk-tih-lehaqifu-meh-qux-wepitula,puwirefa,,2116.7
62cbeb86a164aa8174c45952,5a8af7af17ef35000170b31d,86,receiver,credit,branch,credit-branch,,credit,5191.7
62cbeb86a164aa8174c45952,5a8af7af17ef35000170b31d,87,sender,school,credit,qip-hiwaponu-puwirefa-tezalipu-wuk-tih-lehaqifu-meh-qux-wepitula,puwirefa,,1649.4
62cbeb86a164aa8174c45952,5a8af7af17ef35000170b31d,88,receiver,travel,future,travel-future,,travel,1953.9
62cbeb86a164aa8174c45952,5a8af7af17ef35000170b31d,89,sender,travel,future,qip-hiwaponu-puwirefa-tezalipu-wuk-tih-lehaqifu-meh-qux-wepitula,wuk,,5285.6
62cbeb86a164aa8174c45952,5a8af7af17ef35000170b31d,90,receiver,school,credit,credit-school,,school,6092.3
62cbeb86a164aa8174c45952,5a8af7af17ef35000170b31d,91,sender,school,normal,qip-hiwaponu-puwirefa-tezalipu-wuk-tih-lehaqifu-meh-qux-wepitula,puwirefa,,2060.3
62cbeb86a164aa8174c45952,5a8af7af17ef35000170b31d,92,receiver,garden,normal,garden-normal,,normal,3525.2
62cbeb86a164aa8174c45952,5a8af7af17ef35000170b31d,93,sender,second,health,qip-hiwaponu-puwirefa-tezalipu-wuk-tih-lehaqifu-meh-qux-wepitula,qux,,3549.1
62cbeb86a164aa8174c45952,5a8af7af17ef35000170b31d,94,receiver,garden,future,future-garden,,garden,1946.6
62cbeb86a164aa8174c45952,5a8af7af17ef35000170b31d,95,sender,health,normal,qip-hiwaponu-puwirefa-tezalipu-wuk-tih-lehaqifu-meh-qux-wepitula,hiwaponu,,2980.1
62cbeb86a164aa8174c45952,5a8af7af17ef35000170b31d,96,receiver,second,health,second-health,,second,2010.6
62cbeb86a164aa8174c45952,5a8af7af17ef35000170b31d,97,sender,health,branch,qip-hiwaponu-puwirefa-tezalipu-wuk-tih-lehaqifu-meh-qux-wepitula,hiwaponu,,2299.9
62cbeb86a164aa8174c45952,5a8af7af17ef35000170b31d,98,receiver,second,normal,normal-second,,second,2863.4
62cbeb86a164aa8174c45952,5a8af7af17ef35000170b31d,99,sender,garden,second,qip-hiwaponu-puwirefa-tezalipu-wuk-tih-lehaqifu-meh-qux-wepitula,puwirefa,,2125.4
62cbeb86a164aa8174c45952,5a8af7af17ef35000170b31d,100,receiver,travel,credit,travel-credit,,travel,3055.2
62cbeb86a164aa8174c45952,5a8af7af17ef35000170b31d,101,sender,normal,branch,qip-hiwaponu-puwirefa-tezalipu-wuk-tih-lehaqifu-meh-qux-wepitula,meh,,4026.8
62cbeb86a164aa8174c45952,5a8af7af17ef35000170b31d,102,receiver,ground,garden,ground-garden,,ground,2172.3
62cbeb86a164aa8174c45952,5a8af7af17ef35000170b31d,103,sender,normal,branch,qip-hiwaponu-puwirefa-tezalipu-wuk-tih-lehaqifu-meh-qux-wepitula,tezalipu,,2772
62cbeb86a164aa8174c45952,5a8af7af17ef35000170b31d,104,receiver,school,branch,school-branch,,branch,6149.5
62cbeb86a164aa8174c45952,5a8af7af17ef35000170b31d,105,sender,garden,credit,qip-hiwaponu-puwirefa-tezalipu-wuk-tih-lehaqifu-meh-qux-wepitula,puwirefa,,9435.2
62cbeb86a164aa8174c45952,5a8af7af17ef35000170b31d,106,receiver,ground,health,health-ground,,ground,2108.2
62cbeb86a164aa8174c45952,5a8af7af17ef35000170b31d,107,sender,normal,credit,qip-hiwaponu-puwirefa-tezalipu-wuk-tih-lehaqifu-meh-qux-wepitula,qip,,20182.4
62cbeb86a164aa8174c45952,5a8af7af17ef35000170b31d,108,receiver,travel,school,travel-school,,school,2507.8
62cbeb86a164aa8174c45952,5a8af7af17ef35000170b31d,109,sender,garden,future,qip-hiwaponu-puwirefa-tezalipu-wuk-tih-lehaqifu-meh-qux-wepitula,puwirefa,,1609.6
62cbeb86a164aa8174c45952,5a8af7af17ef35000170b31d,110,receiver,second,health,health-second,,second,2229.8
62cbeb86a164aa8174c45952,5a8af7af17ef35000170b31d,111,sender,second,health,qip-hiwaponu-puwirefa-tezalipu-wuk-tih-lehaqifu-meh-qux-wepitula,qux,,3488.9
62cbeb86a164aa8174c45952,5a8af7af17ef35000170b31d,112,receiver,second,health,second-health,,second,2414.6
62cbeb86a164aa8174c45952,5a8af7af17ef35000170b31d,113,sender,travel,future,qip-hiwaponu-puwirefa-tezalipu-wuk-tih-lehaqifu-meh-qux-wepitula,wuk,,1721.4
62cbeb86a164aa8174c45952,5a8af7af17ef35000170b31d,114,receiver,second,branch,second-branch,,second,4816.1
62cbeb86a164aa8174c45952,5a8af7af17ef35000170b31d,115,sender,second,future,qip-hiwaponu-puwirefa-tezalipu-wuk-tih-lehaqifu-meh-qux-wepitula,wuk,,1305.2
62cbeb86a164aa8174c45952,5a8af7af17ef35000170b31d,116,receiver,ground,credit,credit-ground,,ground,5546.3
62cbeb86a164aa8174c45952,5a8af7af17ef35000170b31d,117,sender,ground,garden,qip-hiwaponu-puwirefa-tezalipu-wuk-tih-lehaqifu-meh-qux-wepitula,puwirefa,,8684.7
62cbeb86a164aa8174c45952,5a8af7af17ef35000170b31d,118,receiver,travel,branch,branch-travel,,branch,2986.7
62cbeb86a164aa8174c45952,5a8af7af17ef35000170b31d,119,sender,garden,health,qip-hiwaponu-puwirefa-tezalipu-wuk-tih-lehaqifu-meh-qux-wepitula,puwirefa,,3747.2
62cbeb86a164aa8174c45952,5a8af7af17ef35000170b31d,120,receiver,normal,credit,credit-normal,,credit,4482.8
62cbeb86a164aa8174c45952,5a8af7af17ef35000170b31d,121,sender,school,normal,qip-hiwaponu-puwirefa-tezalipu-wuk-tih-lehaqifu-meh-qux-wepitula,tezalipu,,3116.8
62cbeb86a164aa8174c45952,5a8af7af17ef35000170b31d,122,receiver,ground,second,ground-second,,ground,1591.2
62cbeb86a164aa8174c45952,5a8af7af17ef35000170b31d,123,sender,second,health,qip-hiwaponu-puwirefa-tezalipu-wuk-tih-lehaqifu-meh-qux-wepitula,tezalipu,,2298.7
62cbeb86a164aa8174c45952,5a8af7af17ef35000170b31d,124,receiver,ground,garden,garden-ground,,garden,2675.5
62cbeb86a164aa8174c45952,5a8af7af17ef35000170b31d,125,sender,garden,second,qip-hiwaponu-puwirefa-tezalipu-wuk-tih-lehaqifu-meh-qux-wepitula,puwirefa,,3158.5
62cbeb86a164aa8174c45952,5a8af7af17ef35000170b31d,126,receiver,school,credit,credit-school,,school,2351.8
62cbeb86a164aa8174c45952,5a8af7af17ef35000170b31d,127,sender,school,branch,qip-hiwaponu-puwirefa-tezalipu-wuk-tih-lehaqifu-meh-qux-wepitula,puwirefa,,2443.2
62cbeb86a164aa8174c45952,5a8af7af17ef35000170b31d,128,receiver,ground,garden,garden-ground,,garden,1740.1
62cbeb86a164aa8174c45952,5a8af7af17ef35000170b31d,129,sender,health,credit,qip-hiwaponu-puwirefa-tezalipu-wuk-tih-lehaqifu-meh-qux-wepitula,hiwaponu,,3909.8
62cbeb86a164aa8174c45952,5a8af7af17ef35000170b31d,130,receiver,health,credit,health-credit,,health,1976.2
62cbeb86a164aa8174c45952,5a8af7af17ef35000170b31d,131,sender,future,credit,qip-hiwaponu-puwirefa-tezalipu-wuk-tih-lehaqifu-meh-qux-wepitula,tih,,4535.8
62cbeb86a164aa8174c45952,5a8af7af17ef35000170b31d,132,receiver,health,future,health-future,,health,1390.4
62cbeb86a164aa8174c45952,5a8af7af17ef35000170b31d,133,sender,ground,second,qip-hiwaponu-puwirefa-tezalipu-wuk-tih-lehaqifu-meh-qux-wepitula,puwirefa,,2634.2
62cbeb86a164aa8174c45952,5a8af7af17ef35000170b31d,134,receiver,ground,garden,garden-ground,,garden,4021.5
62cbeb86a164aa8174c45952,5a8af7af17ef35000170b31d,135,sender,ground,garden,qip-hiwaponu-puwirefa-tezalipu-wuk-tih-lehaqifu-meh-qux-wepitula,puwirefa,,1290.7