participant_id, partner_id, trial_index, trial_type, target_meaning, foil_meaning,             choices, signal_selected, meaning_guess, rt
5e5012ec47808406305d6a0d,62c428077a100bb125ebb569,1,receiver,travel,market,travel-market,,travel,5251
5e5012ec47808406305d6a0d,62c428077a100bb125ebb569,2,sender,review,online,saqotiwe-qip-hiwaponu-meh-hix-teliqulo-wepitula-peh-pofepilu-zah,hiwaponu,,4353
5e5012ec47808406305d6a0d,62c428077a100bb125ebb569,3,receiver,review,silver,review-silver,,silver,3732
5e5012ec47808406305d6a0d,62c428077a100bb125ebb569,4,sender,online,travel,saqotiwe-qip-hiwaponu-meh-hix-teliqulo-wepitula-peh-pofepilu-zah,meh,,3453
5e5012ec47808406305d6a0d,62c428077a100bb125ebb569,5,receiver,online,people,online-people,,online,4158
5e5012ec47808406305d6a0d,62c428077a100bb125ebb569,6,sender,market,people,saqotiwe-qip-hiwaponu-meh-hix-teliqulo-wepitula-peh-pofepilu-zah,peh,,5666
5e5012ec47808406305d6a0d,62c428077a100bb125ebb569,7,receiver,silver,number,silver-number,,silver,3613
5e5012ec47808406305d6a0d,62c428077a100bb125ebb569,8,sender,memory,number,saqotiwe-qip-hiwaponu-meh-hix-teliqulo-wepitula-peh-pofepilu-zah,hix,,5951
5e5012ec47808406305d6a0d,62c428077a100bb125ebb569,9,receiver,police,number,number-police,,police,4658
5e5012ec47808406305d6a0d,62c428077a100bb125ebb569,10,sender,people,police,saqotiwe-qip-hiwaponu-meh-hix-teliqulo-wepitula-peh-pofepilu-zah,hix,,3880
5e5012ec47808406305d6a0d,62c428077a100bb125ebb569,11,receiver,travel,market,travel-market,,travel,4958
5e5012ec47808406305d6a0d,62c428077a100bb125ebb569,12,sender,memory,silver,saqotiwe-qip-hiwaponu-meh-hix-teliqulo-wepitula-peh-pofepilu-zah,meh,,9089
5e5012ec47808406305d6a0d,62c428077a100bb125ebb569,13,receiver,travel,silver,silver-travel,,silver,3573
5e5012ec47808406305d6a0d,62c428077a100bb125ebb569,14,sender,online,police,saqotiwe-qip-hiwaponu-meh-hix-teliqulo-wepitula-peh-pofepilu-zah,hiwaponu,,7240
5e5012ec47808406305d6a0d,62c428077a100bb125ebb569,15,receiver,online,memory,online-memory,,online,4851
5e5012ec47808406305d6a0d,62c428077a100bb125ebb569,16,sender,memory,people,saqotiwe-qip-hiwaponu-meh-hix-teliqulo-wepitula-peh-pofepilu-zah,peh,,7747
5e5012ec47808406305d6a0d,62c428077a100bb125ebb569,17,receiver,review,travel,review-travel,,travel,4875
5e5012ec47808406305d6a0d,62c428077a100bb125ebb569,18,sender,signal,market,saqotiwe-qip-hiwaponu-meh-hix-teliqulo-wepitula-peh-pofepilu-zah,saqotiwe,,7542
5e5012ec47808406305d6a0d,62c428077a100bb125ebb569,19,receiver,signal,police,police-signal,,police,3204
5e5012ec47808406305d6a0d,62c428077a100bb125ebb569,20,sender,review,silver,saqotiwe-qip-hiwaponu-meh-hix-teliqulo-wepitula-peh-pofepilu-zah,hiwaponu,,8183
5e5012ec47808406305d6a0d,62c428077a100bb125ebb569,21,receiver,signal,police,police-signal,,police,5752
5e5012ec47808406305d6a0d,62c428077a100bb125ebb569,22,sender,travel,number,saqotiwe-qip-hiwaponu-meh-hix-teliqulo-wepitula-peh-pofepilu-zah,zah,,6503
5e5012ec47808406305d6a0d,62c428077a100bb125ebb569,23,receiver,review,market,market-review,,review,4516
5e5012ec47808406305d6a0d,62c428077a100bb125ebb569,24,sender,online,police,saqotiwe-qip-hiwaponu-meh-hix-teliqulo-wepitula-peh-pofepilu-zah,pofepilu,,3916
5e5012ec47808406305d6a0d,62c428077a100bb125ebb569,25,receiver,silver,police,police-silver,,police,3415
5e5012ec47808406305d6a0d,62c428077a100bb125ebb569,26,sender,online,number,saqotiwe-qip-hiwaponu-meh-hix-teliqulo-wepitula-peh-pofepilu-zah,hix,,6038
5e5012ec47808406305d6a0d,62c428077a100bb125ebb569,27,receiver,police,number,number-police,,number,3351
5e5012ec47808406305d6a0d,62c428077a100bb125ebb569,28,sender,review,travel,saqotiwe-qip-hiwaponu-meh-hix-teliqulo-wepitula-peh-pofepilu-zah,qip,,7830
5e5012ec47808406305d6a0d,62c428077a100bb125ebb569,29,receiver,market,number,number-market,,number,3453
5e5012ec47808406305d6a0d,62c428077a100bb125ebb569,30,sender,signal,number,saqotiwe-qip-hiwaponu-meh-hix-teliqulo-wepitula-peh-pofepilu-zah,teliqulo,,4474
5e5012ec47808406305d6a0d,62c428077a100bb125ebb569,31,receiver,online,silver,silver-online,,silver,4618
5e5012ec47808406305d6a0d,62c428077a100bb125ebb569,32,sender,online,memory,saqotiwe-qip-hiwaponu-meh-hix-teliqulo-wepitula-peh-pofepilu-zah,hiwaponu,,6826
5e5012ec47808406305d6a0d,62c428077a100bb125ebb569,33,receiver,travel,memory,travel-memory,,memory,3147
5e5012ec47808406305d6a0d,62c428077a100bb125ebb569,34,sender,memory,silver,saqotiwe-qip-hiwaponu-meh-hix-teliqulo-wepitula-peh-pofepilu-zah,meh,,4065
5e5012ec47808406305d6a0d,62c428077a100bb125ebb569,35,receiver,memory,number,memory-number,,memory,3626
5e5012ec47808406305d6a0d,62c428077a100bb125ebb569,36,sender,online,silver,saqotiwe-qip-hiwaponu-meh-hix-teliqulo-wepitula-peh-pofepilu-zah,saqotiwe,,6874
5e5012ec47808406305d6a0d,62c428077a100bb125ebb569,37,receiver,signal,review,signal-review,,signal,4129
5e5012ec47808406305d6a0d,62c428077a100bb125ebb569,38,sender,signal,review,saqotiwe-qip-hiwaponu-meh-hix-teliqulo-wepitula-peh-pofepilu-zah,hix,,2880
5e5012ec47808406305d6a0d,62c428077a100bb125ebb569,39,receiver,people,police,police-people,,police,4667
5e5012ec47808406305d6a0d,62c428077a100bb125ebb569,40,sender,review,number,saqotiwe-qip-hiwaponu-meh-hix-teliqulo-wepitula-peh-pofepilu-zah,hiwaponu,,5357
5e5012ec47808406305d6a0d,62c428077a100bb125ebb569,41,receiver,signal,travel,travel-signal,,signal,5751
5e5012ec47808406305d6a0d,62c428077a100bb125ebb569,42,sender,travel,number,saqotiwe-qip-hiwaponu-meh-hix-teliqulo-wepitula-peh-pofepilu-zah,meh,,12462
5e5012ec47808406305d6a0d,62c428077a100bb125ebb569,43,receiver,review,memory,review-memory,,memory,3777
5e5012ec47808406305d6a0d,62c428077a100bb125ebb569,44,sender,review,police,saqotiwe-qip-hiwaponu-meh-hix-teliqulo-wepitula-peh-pofepilu-zah,pofepilu,,3908
5e5012ec47808406305d6a0d,62c428077a100bb125ebb569,45,receiver,review,people,people-review,,people,4075
5e5012ec47808406305d6a0d,62c428077a100bb125ebb569,46,sender,online,silver,saqotiwe-qip-hiwaponu-meh-hix-teliqulo-wepitula-peh-pofepilu-zah,hiwaponu,,4554
5e5012ec47808406305d6a0d,62c428077a100bb125ebb569,47,receiver,online,people,people-online,,people,2997
5e5012ec47808406305d6a0d,62c428077a100bb125ebb569,48,sender,travel,market,saqotiwe-qip-hiwaponu-meh-hix-teliqulo-wepitula-peh-pofepilu-zah,teliqulo,,4147
5e5012ec47808406305d6a0d,62c428077a100bb125ebb569,49,receiver,review,market,review-market,,review,5411
5e5012ec47808406305d6a0d,62c428077a100bb125ebb569,50,sender,signal,silver,saqotiwe-qip-hiwaponu-meh-hix-teliqulo-wepitula-peh-pofepilu-zah,saqotiwe,,6936
5e5012ec47808406305d6a0d,62c428077a100bb125ebb569,51,receiver,silver,police,police-silver,,police,4293
5e5012ec47808406305d6a0d,62c428077a100bb125ebb569,52,sender,travel,police,saqotiwe-qip-hiwaponu-meh-hix-teliqulo-wepitula-peh-pofepilu-zah,pofepilu,,6807
5e5012ec47808406305d6a0d,62c428077a100bb125ebb569,53,receiver,travel,people,people-travel,,travel,3892
5e5012ec47808406305d6a0d,62c428077a100bb125ebb569,54,sender,signal,review,saqotiwe-qip-hiwaponu-meh-hix-teliqulo-wepitula-peh-pofepilu-zah,hiwaponu,,9585
5e5012ec47808406305d6a0d,62c428077a100bb125ebb569,55,receiver,review,market,review-market,,market,3687
5e5012ec47808406305d6a0d,62c428077a100bb125ebb569,56,sender,review,number,saqotiwe-qip-hiwaponu-meh-hix-teliqulo-wepitula-peh-pofepilu-zah,meh,,7368
5e5012ec47808406305d6a0d,62c428077a100bb125ebb569,57,receiver,market,number,number-market,,number,5087
5e5012ec47808406305d6a0d,62c428077a100bb125ebb569,58,sender,travel,people,saqotiwe-qip-hiwaponu-meh-hix-teliqulo-wepitula-peh-pofepilu-zah,pofepilu,,5222
5e5012ec47808406305d6a0d,62c428077a100bb125ebb569,59,receiver,travel,police,police-travel,,police,2468
5e5012ec47808406305d6a0d,62c428077a100bb125ebb569,60,sender,police,number,saqotiwe-qip-hiwaponu-meh-hix-teliqulo-wepitula-peh-pofepilu-zah,pofepilu,,4604
5e5012ec47808406305d6a0d,62c428077a100bb125ebb569,61,receiver,memory,number,number-memory,,number,3115
5e5012ec47808406305d6a0d,62c428077a100bb125ebb569,62,sender,travel,silver,saqotiwe-qip-hiwaponu-meh-hix-teliqulo-wepitula-peh-pofepilu-zah,wepitula,,10900
5e5012ec47808406305d6a0d,62c428077a100bb125ebb569,63,receiver,signal,memory,memory-signal,,signal,4804
5e5012ec47808406305d6a0d,62c428077a100bb125ebb569,64,sender,review,silver,saqotiwe-qip-hiwaponu-meh-hix-teliqulo-wepitula-peh-pofepilu-zah,hiwaponu,,3270
5e5012ec47808406305d6a0d,62c428077a100bb125ebb569,65,receiver,silver,number,silver-number,,silver,6114
5e5012ec47808406305d6a0d,62c428077a100bb125ebb569,66,sender,online,memory,saqotiwe-qip-hiwaponu-meh-hix-teliqulo-wepitula-peh-pofepilu-zah,hiwaponu,,2990
5e5012ec47808406305d6a0d,62c428077a100bb125ebb569,67,receiver,signal,travel,signal-travel,,signal,3450
5e5012ec47808406305d6a0d,62c428077a100bb125ebb569,68,sender,review,number,saqotiwe-qip-hiwaponu-meh-hix-teliqulo-wepitula-peh-pofepilu-zah,hix,,2824
5e5012ec47808406305d6a0d,62c428077a100bb125ebb569,69,receiver,signal,silver,silver-signal,,silver,4322
5e5012ec47808406305d6a0d,62c428077a100bb125ebb569,70,sender,signal,silver,saqotiwe-qip-hiwaponu-meh-hix-teliqulo-wepitula-peh-pofepilu-zah,hiwaponu,,3673
5e5012ec47808406305d6a0d,62c428077a100bb125ebb569,71,receiver,online,market,market-online,,online,3582
5e5012ec47808406305d6a0d,62c428077a100bb125ebb569,72,sender,travel,silver,saqotiwe-qip-hiwaponu-meh-hix-teliqulo-wepitula-peh-pofepilu-zah,saqotiwe,,5275
5e5012ec47808406305d6a0d,62c428077a100bb125ebb569,73,receiver,memory,market,market-memory,,memory,3900
5e5012ec47808406305d6a0d,62c428077a100bb125ebb569,74,sender,signal,travel,saqotiwe-qip-hiwaponu-meh-hix-teliqulo-wepitula-peh-pofepilu-zah,saqotiwe,,3420
5e5012ec47808406305d6a0d,62c428077a100bb125ebb569,75,receiver,online,travel,travel-online,,online,2857
5e5012ec47808406305d6a0d,62c428077a100bb125ebb569,76,sender,memory,market,saqotiwe-qip-hiwaponu-meh-hix-teliqulo-wepitula-peh-pofepilu-zah,qip,,5906
5e5012ec47808406305d6a0d,62c428077a100bb125ebb569,77,receiver,silver,market,silver-market,,market,4093
5e5012ec47808406305d6a0d,62c428077a100bb125ebb569,78,sender,market,people,saqotiwe-qip-hiwaponu-meh-hix-teliqulo-wepitula-peh-pofepilu-zah,hix,,2814
5e5012ec47808406305d6a0d,62c428077a100bb125ebb569,79,receiver,signal,online,signal-online,,signal,2791
5e5012ec47808406305d6a0d,62c428077a100bb125ebb569,80,sender,review,memory,saqotiwe-qip-hiwaponu-meh-hix-teliqulo-wepitula-peh-pofepilu-zah,hiwaponu,,6648
5e5012ec47808406305d6a0d,62c428077a100bb125ebb569,81,receiver,online,police,online-police,,police,2523
5e5012ec47808406305d6a0d,62c428077a100bb125ebb569,82,sender,memory,police,saqotiwe-qip-hiwaponu-meh-hix-teliqulo-wepitula-peh-pofepilu-zah,pofepilu,,3776
5e5012ec47808406305d6a0d,62c428077a100bb125ebb569,83,receiver,signal,police,police-signal,,signal,2491
5e5012ec47808406305d6a0d,62c428077a100bb125ebb569,84,sender,signal,people,saqotiwe-qip-hiwaponu-meh-hix-teliqulo-wepitula-peh-pofepilu-zah,qip,,6779
5e5012ec47808406305d6a0d,62c428077a100bb125ebb569,85,receiver,people,police,police-people,,people,3287
5e5012ec47808406305d6a0d,62c428077a100bb125ebb569,86,sender,online,number,saqotiwe-qip-hiwaponu-meh-hix-teliqulo-wepitula-peh-pofepilu-zah,hiwaponu,,3385
5e5012ec47808406305d6a0d,62c428077a100bb125ebb569,87,receiver,silver,number,number-silver,,number,2915
5e5012ec47808406305d6a0d,62c428077a100bb125ebb569,88,sender,silver,people,saqotiwe-qip-hiwaponu-meh-hix-teliqulo-wepitula-peh-pofepilu-zah,hix,,2751
5e5012ec47808406305d6a0d,62c428077a100bb125ebb569,89,receiver,signal,number,number-signal,,number,2783
5e5012ec47808406305d6a0d,62c428077a100bb125ebb569,90,sender,memory,silver,saqotiwe-qip-hiwaponu-meh-hix-teliqulo-wepitula-peh-pofepilu-zah,hiwaponu,,4354
5e5012ec47808406305d6a0d,62c428077a100bb125ebb569,91,receiver,travel,memory,memory-travel,,memory,2095
5e5012ec47808406305d6a0d,62c428077a100bb125ebb569,92,sender,travel,police,saqotiwe-qip-hiwaponu-meh-hix-teliqulo-wepitula-peh-pofepilu-zah,pofepilu,,7663
5e5012ec47808406305d6a0d,62c428077a100bb125ebb569,93,receiver,signal,online,online-signal,,online,2685
5e5012ec47808406305d6a0d,62c428077a100bb125ebb569,94,sender,people,number,saqotiwe-qip-hiwaponu-meh-hix-teliqulo-wepitula-peh-pofepilu-zah,peh,,7842
5e5012ec47808406305d6a0d,62c428077a100bb125ebb569,95,receiver,signal,market,signal-market,,market,3760
5e5012ec47808406305d6a0d,62c428077a100bb125ebb569,96,sender,online,travel,saqotiwe-qip-hiwaponu-meh-hix-teliqulo-wepitula-peh-pofepilu-zah,hiwaponu,,3060
5e5012ec47808406305d6a0d,62c428077a100bb125ebb569,97,receiver,silver,police,police-silver,,police,2065
5e5012ec47808406305d6a0d,62c428077a100bb125ebb569,98,sender,travel,number,saqotiwe-qip-hiwaponu-meh-hix-teliqulo-wepitula-peh-pofepilu-zah,hix,,3693
5e5012ec47808406305d6a0d,62c428077a100bb125ebb569,99,receiver,market,police,market-police,,police,3176
5e5012ec47808406305d6a0d,62c428077a100bb125ebb569,100,sender,signal,memory,saqotiwe-qip-hiwaponu-meh-hix-teliqulo-wepitula-peh-pofepilu-zah,hiwaponu,,5056
5e5012ec47808406305d6a0d,62c428077a100bb125ebb569,101,receiver,signal,number,number-signal,,number,3540
5e5012ec47808406305d6a0d,62c428077a100bb125ebb569,102,sender,review,travel,saqotiwe-qip-hiwaponu-meh-hix-teliqulo-wepitula-peh-pofepilu-zah,hiwaponu,,5667
5e5012ec47808406305d6a0d,62c428077a100bb125ebb569,103,receiver,memory,people,memory-people,,memory,2303
5e5012ec47808406305d6a0d,62c428077a100bb125ebb569,104,sender,silver,market,saqotiwe-qip-hiwaponu-meh-hix-teliqulo-wepitula-peh-pofepilu-zah,saqotiwe,,4239
5e5012ec47808406305d6a0d,62c428077a100bb125ebb569,105,receiver,market,number,market-number,,number,3658
5e5012ec47808406305d6a0d,62c428077a100bb125ebb569,106,sender,memory,police,saqotiwe-qip-hiwaponu-meh-hix-teliqulo-wepitula-peh-pofepilu-zah,pofepilu,,3152
5e5012ec47808406305d6a0d,62c428077a100bb125ebb569,107,receiver,memory,people,people-memory,,people,3890
5e5012ec47808406305d6a0d,62c428077a100bb125ebb569,108,sender,travel,people,saqotiwe-qip-hiwaponu-meh-hix-teliqulo-wepitula-peh-pofepilu-zah,pofepilu,,4996
5e5012ec47808406305d6a0d,62c428077a100bb125ebb569,109,receiver,review,online,online-review,,online,3350
5e5012ec47808406305d6a0d,62c428077a100bb125ebb569,110,sender,market,police,saqotiwe-qip-hiwaponu-meh-hix-teliqulo-wepitula-peh-pofepilu-zah,pofepilu,,8909
5e5012ec47808406305d6a0d,62c428077a100bb125ebb569,111,receiver,signal,people,signal-people,,people,2575
5e5012ec47808406305d6a0d,62c428077a100bb125ebb569,112,sender,signal,market,saqotiwe-qip-hiwaponu-meh-hix-teliqulo-wepitula-peh-pofepilu-zah,hix,,2205
5e5012ec47808406305d6a0d,62c428077a100bb125ebb569,113,receiver,travel,memory,memory-travel,,memory,5318
5e5012ec47808406305d6a0d,62c428077a100bb125ebb569,114,sender,review,police,saqotiwe-qip-hiwaponu-meh-hix-teliqulo-wepitula-peh-pofepilu-zah,pofepilu,,2842
5e5012ec47808406305d6a0d,62c428077a100bb125ebb569,115,receiver,online,people,online-people,,online,3067
5e5012ec47808406305d6a0d,62c428077a100bb125ebb569,116,sender,people,number,saqotiwe-qip-hiwaponu-meh-hix-teliqulo-wepitula-peh-pofepilu-zah,pofepilu,,3209
5e5012ec47808406305d6a0d,62c428077a100bb125ebb569,117,receiver,signal,memory,signal-memory,,memory,2587
5e5012ec47808406305d6a0d,62c428077a100bb125ebb569,118,sender,silver,people,saqotiwe-qip-hiwaponu-meh-hix-teliqulo-wepitula-peh-pofepilu-zah,pofepilu,,2969
5e5012ec47808406305d6a0d,62c428077a100bb125ebb569,119,receiver,review,memory,review-memory,,review,2930
5e5012ec47808406305d6a0d,62c428077a100bb125ebb569,120,sender,online,market,saqotiwe-qip-hiwaponu-meh-hix-teliqulo-wepitula-peh-pofepilu-zah,hiwaponu,,3136
5e5012ec47808406305d6a0d,62c428077a100bb125ebb569,121,receiver,review,police,review-police,,review,4697
5e5012ec47808406305d6a0d,62c428077a100bb125ebb569,122,sender,signal,people,saqotiwe-qip-hiwaponu-meh-hix-teliqulo-wepitula-peh-pofepilu-zah,peh,,4954
5e5012ec47808406305d6a0d,62c428077a100bb125ebb569,123,receiver,review,people,people-review,,people,3028
5e5012ec47808406305d6a0d,62c428077a100bb125ebb569,124,sender,memory,market,saqotiwe-qip-hiwaponu-meh-hix-teliqulo-wepitula-peh-pofepilu-zah,hiwaponu,,3518
5e5012ec47808406305d6a0d,62c428077a100bb125ebb569,125,receiver,memory,police,memory-police,,police,2780
5e5012ec47808406305d6a0d,62c428077a100bb125ebb569,126,sender,online,number,saqotiwe-qip-hiwaponu-meh-hix-teliqulo-wepitula-peh-pofepilu-zah,hix,,3795
5e5012ec47808406305d6a0d,62c428077a100bb125ebb569,127,receiver,silver,market,market-silver,,silver,2705
5e5012ec47808406305d6a0d,62c428077a100bb125ebb569,128,sender,signal,online,saqotiwe-qip-hiwaponu-meh-hix-teliqulo-wepitula-peh-pofepilu-zah,saqotiwe,,6384
5e5012ec47808406305d6a0d,62c428077a100bb125ebb569,129,receiver,market,police,market-police,,market,3186
5e5012ec47808406305d6a0d,62c428077a100bb125ebb569,130,sender,people,number,saqotiwe-qip-hiwaponu-meh-hix-teliqulo-wepitula-peh-pofepilu-zah,pofepilu,,2527
5e5012ec47808406305d6a0d,62c428077a100bb125ebb569,131,receiver,review,people,people-review,,review,2438
5e5012ec47808406305d6a0d,62c428077a100bb125ebb569,132,sender,online,market,saqotiwe-qip-hiwaponu-meh-hix-teliqulo-wepitula-peh-pofepilu-zah,hiwaponu,,2746
5e5012ec47808406305d6a0d,62c428077a100bb125ebb569,133,receiver,silver,people,people-silver,,silver,2625
5e5012ec47808406305d6a0d,62c428077a100bb125ebb569,134,sender,market,people,saqotiwe-qip-hiwaponu-meh-hix-teliqulo-wepitula-peh-pofepilu-zah,pofepilu,,6504
5e5012ec47808406305d6a0d,62c428077a100bb125ebb569,135,receiver,review,online,online-review,,online,3409