participant_id, partner_id, trial_index, trial_type, target_meaning, foil_meaning,             choices, signal_selected, meaning_guess, rt
62c428077a100bb125ebb569,5e5012ec47808406305d6a0d,1,sender,travel,market,saqotiwe-qip-hiwaponu-meh-hix-teliqulo-wepitula-peh-pofepilu-zah,hiwaponu,,10937
62c428077a100bb125ebb569,5e5012ec47808406305d6a0d,2,receiver,review,online,online-review,,online,10865
62c428077a100bb125ebb569,5e5012ec47808406305d6a0d,3,sender,review,silver,saqotiwe-qip-hiwaponu-meh-hix-teliqulo-wepitula-peh-pofepilu-zah,hiwaponu,,7384.4
62c428077a100bb125ebb569,5e5012ec47808406305d6a0d,4,receiver,online,travel,travel-online,,online,5184.9
62c428077a100bb125ebb569,5e5012ec47808406305d6a0d,5,sender,online,people,saqotiwe-qip-hiwaponu-meh-hix-teliqulo-wepitula-peh-pofepilu-zah,meh,,4611
62c428077a100bb125ebb569,5e5012ec47808406305d6a0d,6,receiver,market,people,people-market,,people,4090.9
62c428077a100bb125ebb569,5e5012ec47808406305d6a0d,7,sender,silver,number,saqotiwe-qip-hiwaponu-meh-hix-teliqulo-wepitula-peh-pofepilu-zah,saqotiwe,,6717.2
62c428077a100bb125ebb569,5e5012ec47808406305d6a0d,8,receiver,memory,number,memory-number,,number,3031.2
62c428077a100bb125ebb569,5e5012ec47808406305d6a0d,9,sender,police,number,saqotiwe-qip-hiwaponu-meh-hix-teliqulo-wepitula-peh-pofepilu-zah,hix,,10704.1
62c428077a100bb125ebb569,5e5012ec47808406305d6a0d,10,receiver,people,police,police-people,,people,4300.6
62c428077a100bb125ebb569,5e5012ec47808406305d6a0d,11,sender,travel,market,saqotiwe-qip-hiwaponu-meh-hix-teliqulo-wepitula-peh-pofepilu-zah,pofepilu,,7427.5
62c428077a100bb125ebb569,5e5012ec47808406305d6a0d,12,receiver,memory,silver,silver-memory,,silver,5198.9
62c428077a100bb125ebb569,5e5012ec47808406305d6a0d,13,sender,travel,silver,saqotiwe-qip-hiwaponu-meh-hix-teliqulo-wepitula-peh-pofepilu-zah,saqotiwe,,9145.6
62c428077a100bb125ebb569,5e5012ec47808406305d6a0d,14,receiver,online,police,online-police,,online,3097.9
62c428077a100bb125ebb569,5e5012ec47808406305d6a0d,15,sender,online,memory,saqotiwe-qip-hiwaponu-meh-hix-teliqulo-wepitula-peh-pofepilu-zah,hix,,5439.9
62c428077a100bb125ebb569,5e5012ec47808406305d6a0d,16,receiver,memory,people,people-memory,,memory,2660.7
62c428077a100bb125ebb569,5e5012ec47808406305d6a0d,17,sender,review,travel,saqotiwe-qip-hiwaponu-meh-hix-teliqulo-wepitula-peh-pofepilu-zah,hiwaponu,,4663.3
62c428077a100bb125ebb569,5e5012ec47808406305d6a0d,18,receiver,signal,market,market-signal,,market,3166.9
62c428077a100bb125ebb569,5e5012ec47808406305d6a0d,19,sender,signal,police,saqotiwe-qip-hiwaponu-meh-hix-teliqulo-wepitula-peh-pofepilu-zah,meh,,3414.1
62c428077a100bb125ebb569,5e5012ec47808406305d6a0d,20,receiver,review,silver,silver-review,,silver,2409
62c428077a100bb125ebb569,5e5012ec47808406305d6a0d,21,sender,signal,police,saqotiwe-qip-hiwaponu-meh-hix-teliqulo-wepitula-peh-pofepilu-zah,pofepilu,,9290.7
62c428077a100bb125ebb569,5e5012ec47808406305d6a0d,22,receiver,travel,number,number-travel,,number,2494.5
62c428077a100bb125ebb569,5e5012ec47808406305d6a0d,23,sender,review,market,saqotiwe-qip-hiwaponu-meh-hix-teliqulo-wepitula-peh-pofepilu-zah,saqotiwe,,4097.3
62c428077a100bb125ebb569,5e5012ec47808406305d6a0d,24,receiver,online,police,police-online,,police,2217.5
62c428077a100bb125ebb569,5e5012ec47808406305d6a0d,25,sender,silver,police,saqotiwe-qip-hiwaponu-meh-hix-teliqulo-wepitula-peh-pofepilu-zah,pofepilu,,6225.4
62c428077a100bb125ebb569,5e5012ec47808406305d6a0d,26,receiver,online,number,online-number,,online,3556.9
62c428077a100bb125ebb569,5e5012ec47808406305d6a0d,27,sender,police,number,saqotiwe-qip-hiwaponu-meh-hix-teliqulo-wepitula-peh-pofepilu-zah,pofepilu,,6701.5
62c428077a100bb125ebb569,5e5012ec47808406305d6a0d,28,receiver,review,travel,review-travel,,travel,2170.2
62c428077a100bb125ebb569,5e5012ec47808406305d6a0d,29,sender,market,number,saqotiwe-qip-hiwaponu-meh-hix-teliqulo-wepitula-peh-pofepilu-zah,hix,,3828.1
62c428077a100bb125ebb569,5e5012ec47808406305d6a0d,30,receiver,signal,number,signal-number,,number,3287.7
62c428077a100bb125ebb569,5e5012ec47808406305d6a0d,31,sender,online,silver,saqotiwe-qip-hiwaponu-meh-hix-teliqulo-wepitula-peh-pofepilu-zah,saqotiwe,,4874.5
62c428077a100bb125ebb569,5e5012ec47808406305d6a0d,32,receiver,online,memory,online-memory,,memory,2384.1
62c428077a100bb125ebb569,5e5012ec47808406305d6a0d,33,sender,travel,memory,saqotiwe-qip-hiwaponu-meh-hix-teliqulo-wepitula-peh-pofepilu-zah,meh,,6931.6
62c428077a100bb125ebb569,5e5012ec47808406305d6a0d,34,receiver,memory,silver,silver-memory,,silver,3287.2
62c428077a100bb125ebb569,5e5012ec47808406305d6a0d,35,sender,memory,number,saqotiwe-qip-hiwaponu-meh-hix-teliqulo-wepitula-peh-pofepilu-zah,meh,,4257.4
62c428077a100bb125ebb569,5e5012ec47808406305d6a0d,36,receiver,online,silver,online-silver,,online,3702.4
62c428077a100bb125ebb569,5e5012ec47808406305d6a0d,37,sender,signal,review,saqotiwe-qip-hiwaponu-meh-hix-teliqulo-wepitula-peh-pofepilu-zah,hix,,9881.9
62c428077a100bb125ebb569,5e5012ec47808406305d6a0d,38,receiver,signal,review,signal-review,,signal,3588.5
62c428077a100bb125ebb569,5e5012ec47808406305d6a0d,39,sender,people,police,saqotiwe-qip-hiwaponu-meh-hix-teliqulo-wepitula-peh-pofepilu-zah,pofepilu,,5067.6
62c428077a100bb125ebb569,5e5012ec47808406305d6a0d,40,receiver,review,number,review-number,,number,6309.3
62c428077a100bb125ebb569,5e5012ec47808406305d6a0d,41,sender,signal,travel,saqotiwe-qip-hiwaponu-meh-hix-teliqulo-wepitula-peh-pofepilu-zah,hix,,6998
62c428077a100bb125ebb569,5e5012ec47808406305d6a0d,42,receiver,travel,number,number-travel,,number,8370.9
62c428077a100bb125ebb569,5e5012ec47808406305d6a0d,43,sender,review,memory,saqotiwe-qip-hiwaponu-meh-hix-teliqulo-wepitula-peh-pofepilu-zah,meh,,11571.4
62c428077a100bb125ebb569,5e5012ec47808406305d6a0d,44,receiver,review,police,review-police,,police,2038.5
62c428077a100bb125ebb569,5e5012ec47808406305d6a0d,45,sender,review,people,saqotiwe-qip-hiwaponu-meh-hix-teliqulo-wepitula-peh-pofepilu-zah,qip,,9877.9
62c428077a100bb125ebb569,5e5012ec47808406305d6a0d,46,receiver,online,silver,online-silver,,online,2057.1
62c428077a100bb125ebb569,5e5012ec47808406305d6a0d,47,sender,online,people,saqotiwe-qip-hiwaponu-meh-hix-teliqulo-wepitula-peh-pofepilu-zah,hix,,10586.6
62c428077a100bb125ebb569,5e5012ec47808406305d6a0d,48,receiver,travel,market,market-travel,,market,6226.2
62c428077a100bb125ebb569,5e5012ec47808406305d6a0d,49,sender,review,market,saqotiwe-qip-hiwaponu-meh-hix-teliqulo-wepitula-peh-pofepilu-zah,qip,,6064.6
62c428077a100bb125ebb569,5e5012ec47808406305d6a0d,50,receiver,signal,silver,silver-signal,,signal,2166.2
62c428077a100bb125ebb569,5e5012ec47808406305d6a0d,51,sender,silver,police,saqotiwe-qip-hiwaponu-meh-hix-teliqulo-wepitula-peh-pofepilu-zah,pofepilu,,2355.6
62c428077a100bb125ebb569,5e5012ec47808406305d6a0d,52,receiver,travel,police,travel-police,,police,2786.8
62c428077a100bb125ebb569,5e5012ec47808406305d6a0d,53,sender,travel,people,saqotiwe-qip-hiwaponu-meh-hix-teliqulo-wepitula-peh-pofepilu-zah,meh,,8968
62c428077a100bb125ebb569,5e5012ec47808406305d6a0d,54,receiver,signal,review,review-signal,,review,3386.6
62c428077a100bb125ebb569,5e5012ec47808406305d6a0d,55,sender,review,market,saqotiwe-qip-hiwaponu-meh-hix-teliqulo-wepitula-peh-pofepilu-zah,meh,,7419.6
62c428077a100bb125ebb569,5e5012ec47808406305d6a0d,56,receiver,review,number,review-number,,number,5580
62c428077a100bb125ebb569,5e5012ec47808406305d6a0d,57,sender,market,number,saqotiwe-qip-hiwaponu-meh-hix-teliqulo-wepitula-peh-pofepilu-zah,hix,,12047.8
62c428077a100bb125ebb569,5e5012ec47808406305d6a0d,58,receiver,travel,people,travel-people,,travel,2062.9
62c428077a100bb125ebb569,5e5012ec47808406305d6a0d,59,sender,travel,police,saqotiwe-qip-hiwaponu-meh-hix-teliqulo-wepitula-peh-pofepilu-zah,pofepilu,,3310.2
62c428077a100bb125ebb569,5e5012ec47808406305d6a0d,60,receiver,police,number,police-number,,police,1995.6
62c428077a100bb125ebb569,5e5012ec47808406305d6a0d,61,sender,memory,number,saqotiwe-qip-hiwaponu-meh-hix-teliqulo-wepitula-peh-pofepilu-zah,qip,,5201.6
62c428077a100bb125ebb569,5e5012ec47808406305d6a0d,62,receiver,travel,silver,travel-silver,,silver,2366.6
62c428077a100bb125ebb569,5e5012ec47808406305d6a0d,63,sender,signal,memory,saqotiwe-qip-hiwaponu-meh-hix-teliqulo-wepitula-peh-pofepilu-zah,qip,,2118.4
62c428077a100bb125ebb569,5e5012ec47808406305d6a0d,64,receiver,review,silver,silver-review,,review,2523.6
62c428077a100bb125ebb569,5e5012ec47808406305d6a0d,65,sender,silver,number,saqotiwe-qip-hiwaponu-meh-hix-teliqulo-wepitula-peh-pofepilu-zah,teliqulo,,6006.3
62c428077a100bb125ebb569,5e5012ec47808406305d6a0d,66,receiver,online,memory,online-memory,,online,2187.8
62c428077a100bb125ebb569,5e5012ec47808406305d6a0d,67,sender,signal,travel,saqotiwe-qip-hiwaponu-meh-hix-teliqulo-wepitula-peh-pofepilu-zah,meh,,2870.3
62c428077a100bb125ebb569,5e5012ec47808406305d6a0d,68,receiver,review,number,review-number,,number,1729.8
62c428077a100bb125ebb569,5e5012ec47808406305d6a0d,69,sender,signal,silver,saqotiwe-qip-hiwaponu-meh-hix-teliqulo-wepitula-peh-pofepilu-zah,hiwaponu,,2552.8
62c428077a100bb125ebb569,5e5012ec47808406305d6a0d,70,receiver,signal,silver,silver-signal,,silver,2169.3
62c428077a100bb125ebb569,5e5012ec47808406305d6a0d,71,sender,online,market,saqotiwe-qip-hiwaponu-meh-hix-teliqulo-wepitula-peh-pofepilu-zah,teliqulo,,2400.8
62c428077a100bb125ebb569,5e5012ec47808406305d6a0d,72,receiver,travel,silver,silver-travel,,travel,2471.4
62c428077a100bb125ebb569,5e5012ec47808406305d6a0d,73,sender,memory,market,saqotiwe-qip-hiwaponu-meh-hix-teliqulo-wepitula-peh-pofepilu-zah,hiwaponu,,3499.4
62c428077a100bb125ebb569,5e5012ec47808406305d6a0d,74,receiver,signal,travel,travel-signal,,signal,1861.6
62c428077a100bb125ebb569,5e5012ec47808406305d6a0d,75,sender,online,travel,saqotiwe-qip-hiwaponu-meh-hix-teliqulo-wepitula-peh-pofepilu-zah,hix,,3106.7
62c428077a100bb125ebb569,5e5012ec47808406305d6a0d,76,receiver,memory,market,market-memory,,market,2535.5
62c428077a100bb125ebb569,5e5012ec47808406305d6a0d,77,sender,silver,market,saqotiwe-qip-hiwaponu-meh-hix-teliqulo-wepitula-peh-pofepilu-zah,hix,,3230.2
62c428077a100bb125ebb569,5e5012ec47808406305d6a0d,78,receiver,market,people,people-market,,market,2022.9
62c428077a100bb125ebb569,5e5012ec47808406305d6a0d,79,sender,signal,online,saqotiwe-qip-hiwaponu-meh-hix-teliqulo-wepitula-peh-pofepilu-zah,hiwaponu,,3609.5
62c428077a100bb125ebb569,5e5012ec47808406305d6a0d,80,receiver,review,memory,review-memory,,memory,4923
62c428077a100bb125ebb569,5e5012ec47808406305d6a0d,81,sender,online,police,saqotiwe-qip-hiwaponu-meh-hix-teliqulo-wepitula-peh-pofepilu-zah,pofepilu,,2888.5
62c428077a100bb125ebb569,5e5012ec47808406305d6a0d,82,receiver,memory,police,memory-police,,police,2674.6
62c428077a100bb125ebb569,5e5012ec47808406305d6a0d,83,sender,signal,police,saqotiwe-qip-hiwaponu-meh-hix-teliqulo-wepitula-peh-pofepilu-zah,hix,,1916
62c428077a100bb125ebb569,5e5012ec47808406305d6a0d,84,receiver,signal,people,signal-people,,people,1861.3
62c428077a100bb125ebb569,5e5012ec47808406305d6a0d,85,sender,people,police,saqotiwe-qip-hiwaponu-meh-hix-teliqulo-wepitula-peh-pofepilu-zah,pofepilu,,3325.3
62c428077a100bb125ebb569,5e5012ec47808406305d6a0d,86,receiver,online,number,number-online,,number,3258.1
62c428077a100bb125ebb569,5e5012ec47808406305d6a0d,87,sender,silver,number,saqotiwe-qip-hiwaponu-meh-hix-teliqulo-wepitula-peh-pofepilu-zah,hix,,3691.2
62c428077a100bb125ebb569,5e5012ec47808406305d6a0d,88,receiver,silver,people,silver-people,,silver,3948.1
62c428077a100bb125ebb569,5e5012ec47808406305d6a0d,89,sender,signal,number,saqotiwe-qip-hiwaponu-meh-hix-teliqulo-wepitula-peh-pofepilu-zah,hiwaponu,,4280
62c428077a100bb125ebb569,5e5012ec47808406305d6a0d,90,receiver,memory,silver,memory-silver,,memory,2203.4
62c428077a100bb125ebb569,5e5012ec47808406305d6a0d,91,sender,travel,memory,saqotiwe-qip-hiwaponu-meh-hix-teliqulo-wepitula-peh-pofepilu-zah,hix,,2879.7
62c428077a100bb125ebb569,5e5012ec47808406305d6a0d,92,receiver,travel,police,police-travel,,travel,2289.8
62c428077a100bb125ebb569,5e5012ec47808406305d6a0d,93,sender,signal,online,saqotiwe-qip-hiwaponu-meh-hix-teliqulo-wepitula-peh-pofepilu-zah,hiwaponu,,2095.2
62c428077a100bb125ebb569,5e5012ec47808406305d6a0d,94,receiver,people,number,number-people,,people,2151.9
62c428077a100bb125ebb569,5e5012ec47808406305d6a0d,95,sender,signal,market,saqotiwe-qip-hiwaponu-meh-hix-teliqulo-wepitula-peh-pofepilu-zah,saqotiwe,,3706.6
62c428077a100bb125ebb569,5e5012ec47808406305d6a0d,96,receiver,online,travel,online-travel,,travel,3287.2
62c428077a100bb125ebb569,5e5012ec47808406305d6a0d,97,sender,silver,police,saqotiwe-qip-hiwaponu-meh-hix-teliqulo-wepitula-peh-pofepilu-zah,pofepilu,,4541.6
62c428077a100bb125ebb569,5e5012ec47808406305d6a0d,98,receiver,travel,number,travel-number,,travel,6333.1
62c428077a100bb125ebb569,5e5012ec47808406305d6a0d,99,sender,market,police,saqotiwe-qip-hiwaponu-meh-hix-teliqulo-wepitula-peh-pofepilu-zah,pofepilu,,3621
62c428077a100bb125ebb569,5e5012ec47808406305d6a0d,100,receiver,signal,memory,memory-signal,,memory,2651.3
62c428077a100bb125ebb569,5e5012ec47808406305d6a0d,101,sender,signal,number,saqotiwe-qip-hiwaponu-meh-hix-teliqulo-wepitula-peh-pofepilu-zah,hix,,2973.6
62c428077a100bb125ebb569,5e5012ec47808406305d6a0d,102,receiver,review,travel,travel-review,,review,2043.7
62c428077a100bb125ebb569,5e5012ec47808406305d6a0d,103,sender,memory,people,saqotiwe-qip-hiwaponu-meh-hix-teliqulo-wepitula-peh-pofepilu-zah,hix,,2951.8
62c428077a100bb125ebb569,5e5012ec47808406305d6a0d,104,receiver,silver,market,silver-market,,market,3835.8
62c428077a100bb125ebb569,5e5012ec47808406305d6a0d,105,sender,market,number,saqotiwe-qip-hiwaponu-meh-hix-teliqulo-wepitula-peh-pofepilu-zah,qip,,3304.2
62c428077a100bb125ebb569,5e5012ec47808406305d6a0d,106,receiver,memory,police,memory-police,,memory,2537.6
62c428077a100bb125ebb569,5e5012ec47808406305d6a0d,107,sender,memory,people,saqotiwe-qip-hiwaponu-meh-hix-teliqulo-wepitula-peh-pofepilu-zah,qip,,2370.6
62c428077a100bb125ebb569,5e5012ec47808406305d6a0d,108,receiver,travel,people,people-travel,,travel,2085.5
62c428077a100bb125ebb569,5e5012ec47808406305d6a0d,109,sender,review,online,saqotiwe-qip-hiwaponu-meh-hix-teliqulo-wepitula-peh-pofepilu-zah,hiwaponu,,1877.2
62c428077a100bb125ebb569,5e5012ec47808406305d6a0d,110,receiver,market,police,market-police,,market,1797.7
62c428077a100bb125ebb569,5e5012ec47808406305d6a0d,111,sender,signal,people,saqotiwe-qip-hiwaponu-meh-hix-teliqulo-wepitula-peh-pofepilu-zah,pofepilu,,7037
62c428077a100bb125ebb569,5e5012ec47808406305d6a0d,112,receiver,signal,market,signal-market,,signal,2950.4
62c428077a100bb125ebb569,5e5012ec47808406305d6a0d,113,sender,travel,memory,saqotiwe-qip-hiwaponu-meh-hix-teliqulo-wepitula-peh-pofepilu-zah,qip,,5317
62c428077a100bb125ebb569,5e5012ec47808406305d6a0d,114,receiver,review,police,police-review,,review,2923.3
62c428077a100bb125ebb569,5e5012ec47808406305d6a0d,115,sender,online,people,saqotiwe-qip-hiwaponu-meh-hix-teliqulo-wepitula-peh-pofepilu-zah,hix,,5703.8
62c428077a100bb125ebb569,5e5012ec47808406305d6a0d,116,receiver,people,number,people-number,,number,2765.7
62c428077a100bb125ebb569,5e5012ec47808406305d6a0d,117,sender,signal,memory,saqotiwe-qip-hiwaponu-meh-hix-teliqulo-wepitula-peh-pofepilu-zah,hix,,2000
62c428077a100bb125ebb569,5e5012ec47808406305d6a0d,118,receiver,silver,people,people-silver,,silver,3858.9
62c428077a100bb125ebb569,5e5012ec47808406305d6a0d,119,sender,review,memory,saqotiwe-qip-hiwaponu-meh-hix-teliqulo-wepitula-peh-pofepilu-zah,teliqulo,,3619.3
62c428077a100bb125ebb569,5e5012ec47808406305d6a0d,120,receiver,online,market,online-market,,online,1972.9
62c428077a100bb125ebb569,5e5012ec47808406305d6a0d,121,sender,review,police,saqotiwe-qip-hiwaponu-meh-hix-teliqulo-wepitula-peh-pofepilu-zah,qip,,5091.8
62c428077a100bb125ebb569,5e5012ec47808406305d6a0d,122,receiver,signal,people,signal-people,,people,3738.1
62c428077a100bb125ebb569,5e5012ec47808406305d6a0d,123,sender,review,people,saqotiwe-qip-hiwaponu-meh-hix-teliqulo-wepitula-peh-pofepilu-zah,meh,,4077.7
62c428077a100bb125ebb569,5e5012ec47808406305d6a0d,124,receiver,memory,market,memory-market,,memory,2724.1
62c428077a100bb125ebb569,5e5012ec47808406305d6a0d,125,sender,memory,police,saqotiwe-qip-hiwaponu-meh-hix-teliqulo-wepitula-peh-pofepilu-zah,pofepilu,,4158.8
62c428077a100bb125ebb569,5e5012ec47808406305d6a0d,126,receiver,online,number,number-online,,number,3811.6
62c428077a100bb125ebb569,5e5012ec47808406305d6a0d,127,sender,silver,market,saqotiwe-qip-hiwaponu-meh-hix-teliqulo-wepitula-peh-pofepilu-zah,wepitula,,4248.3
62c428077a100bb125ebb569,5e5012ec47808406305d6a0d,128,receiver,signal,online,signal-online,,signal,3298.7
62c428077a100bb125ebb569,5e5012ec47808406305d6a0d,129,sender,market,police,saqotiwe-qip-hiwaponu-meh-hix-teliqulo-wepitula-peh-pofepilu-zah,wepitula,,3044.3
62c428077a100bb125ebb569,5e5012ec47808406305d6a0d,130,receiver,people,number,number-people,,number,2128.3
62c428077a100bb125ebb569,5e5012ec47808406305d6a0d,131,sender,review,people,saqotiwe-qip-hiwaponu-meh-hix-teliqulo-wepitula-peh-pofepilu-zah,teliqulo,,2296
62c428077a100bb125ebb569,5e5012ec47808406305d6a0d,132,receiver,online,market,online-market,,online,3079.6
62c428077a100bb125ebb569,5e5012ec47808406305d6a0d,133,sender,silver,people,saqotiwe-qip-hiwaponu-meh-hix-teliqulo-wepitula-peh-pofepilu-zah,teliqulo,,2924.7
62c428077a100bb125ebb569,5e5012ec47808406305d6a0d,134,receiver,market,people,market-people,,market,2176.4
62c428077a100bb125ebb569,5e5012ec47808406305d6a0d,135,sender,review,online,saqotiwe-qip-hiwaponu-meh-hix-teliqulo-wepitula-peh-pofepilu-zah,hiwaponu,,2575.6