participant_id, partner_id, trial_index, trial_type, target_meaning, foil_meaning,             choices, signal_selected, meaning_guess, rt
5cf10c50968101001aee96c9,5e2ecf8ad5947f490c9d0f08,1,sender,change,normal,tezalipu-saqotiwe-wuk-haq-teliqulo-zah-nidaweli-hix-pofepilu-tih,wuk,,13742
5cf10c50968101001aee96c9,5e2ecf8ad5947f490c9d0f08,2,receiver,health,normal,normal-health,,health,3906
5cf10c50968101001aee96c9,5e2ecf8ad5947f490c9d0f08,3,sender,health,number,tezalipu-saqotiwe-wuk-haq-teliqulo-zah-nidaweli-hix-pofepilu-tih,nidaweli,,7260.2
5cf10c50968101001aee96c9,5e2ecf8ad5947f490c9d0f08,4,receiver,garden,coffee,garden-coffee,,coffee,7813.9
5cf10c50968101001aee96c9,5e2ecf8ad5947f490c9d0f08,5,sender,school,handle,tezalipu-saqotiwe-wuk-haq-teliqulo-zah-nidaweli-hix-pofepilu-tih,haq,,10569.1
5cf10c50968101001aee96c9,5e2ecf8ad5947f490c9d0f08,6,receiver,health,change,change-health,,health,7426.4
5cf10c50968101001aee96c9,5e2ecf8ad5947f490c9d0f08,7,sender,health,change,tezalipu-saqotiwe-wuk-haq-teliqulo-zah-nidaweli-hix-pofepilu-tih,haq,,9646.9
5cf10c50968101001aee96c9,5e2ecf8ad5947f490c9d0f08,8,receiver,school,handle,handle-school,,school,5939.7
5cf10c50968101001aee96c9,5e2ecf8ad5947f490c9d0f08,9,sender,market,garden,tezalipu-saqotiwe-wuk-haq-teliqulo-zah-nidaweli-hix-pofepilu-tih,saqotiwe,,5852.5
5cf10c50968101001aee96c9,5e2ecf8ad5947f490c9d0f08,10,receiver,change,number,number-change,,change,12223.1
5cf10c50968101001aee96c9,5e2ecf8ad5947f490c9d0f08,11,sender,health,school,tezalipu-saqotiwe-wuk-haq-teliqulo-zah-nidaweli-hix-pofepilu-tih,pofepilu,,4756.8
5cf10c50968101001aee96c9,5e2ecf8ad5947f490c9d0f08,12,receiver,garden,branch,garden-branch,,branch,30666.4
5cf10c50968101001aee96c9,5e2ecf8ad5947f490c9d0f08,13,sender,school,branch,tezalipu-saqotiwe-wuk-haq-teliqulo-zah-nidaweli-hix-pofepilu-tih,wuk,,3841.5
5cf10c50968101001aee96c9,5e2ecf8ad5947f490c9d0f08,14,receiver,number,coffee,coffee-number,,number,4751.4
5cf10c50968101001aee96c9,5e2ecf8ad5947f490c9d0f08,15,sender,health,change,tezalipu-saqotiwe-wuk-haq-teliqulo-zah-nidaweli-hix-pofepilu-tih,tezalipu,,4370.2
5cf10c50968101001aee96c9,5e2ecf8ad5947f490c9d0f08,16,receiver,handle,number,number-handle,,handle,3480.1
5cf10c50968101001aee96c9,5e2ecf8ad5947f490c9d0f08,17,sender,number,normal,tezalipu-saqotiwe-wuk-haq-teliqulo-zah-nidaweli-hix-pofepilu-tih,nidaweli,,2566.9
5cf10c50968101001aee96c9,5e2ecf8ad5947f490c9d0f08,18,receiver,normal,branch,branch-normal,,branch,3378.4
5cf10c50968101001aee96c9,5e2ecf8ad5947f490c9d0f08,19,sender,number,market,tezalipu-saqotiwe-wuk-haq-teliqulo-zah-nidaweli-hix-pofepilu-tih,zah,,1525
5cf10c50968101001aee96c9,5e2ecf8ad5947f490c9d0f08,20,receiver,garden,coffee,garden-coffee,,garden,8530.3
5cf10c50968101001aee96c9,5e2ecf8ad5947f490c9d0f08,21,sender,change,normal,tezalipu-saqotiwe-wuk-haq-teliqulo-zah-nidaweli-hix-pofepilu-tih,saqotiwe,,6737.9
5cf10c50968101001aee96c9,5e2ecf8ad5947f490c9d0f08,22,receiver,change,market,market-change,,market,6979.3
5cf10c50968101001aee96c9,5e2ecf8ad5947f490c9d0f08,23,sender,school,handle,tezalipu-saqotiwe-wuk-haq-teliqulo-zah-nidaweli-hix-pofepilu-tih,pofepilu,,2581.7
5cf10c50968101001aee96c9,5e2ecf8ad5947f490c9d0f08,24,receiver,normal,coffee,coffee-normal,,normal,2404.7
5cf10c50968101001aee96c9,5e2ecf8ad5947f490c9d0f08,25,sender,school,normal,tezalipu-saqotiwe-wuk-haq-teliqulo-zah-nidaweli-hix-pofepilu-tih,nidaweli,,6481.6
5cf10c50968101001aee96c9,5e2ecf8ad5947f490c9d0f08,26,receiver,market,garden,garden-market,,garden,7841.9
5cf10c50968101001aee96c9,5e2ecf8ad5947f490c9d0f08,27,sender,normal,branch,tezalipu-saqotiwe-wuk-haq-teliqulo-zah-nidaweli-hix-pofepilu-tih,wuk,,2601.4
5cf10c50968101001aee96c9,5e2ecf8ad5947f490c9d0f08,28,receiver,garden,normal,normal-garden,,garden,14024.4
5cf10c50968101001aee96c9,5e2ecf8ad5947f490c9d0f08,29,sender,handle,market,tezalipu-saqotiwe-wuk-haq-teliqulo-zah-nidaweli-hix-pofepilu-tih,teliqulo,,13504.3
5cf10c50968101001aee96c9,5e2ecf8ad5947f490c9d0f08,30,receiver,branch,coffee,branch-coffee,,coffee,3371
5cf10c50968101001aee96c9,5e2ecf8ad5947f490c9d0f08,31,sender,health,school,tezalipu-saqotiwe-wuk-haq-teliqulo-zah-nidaweli-hix-pofepilu-tih,pofepilu,,8000.9
5cf10c50968101001aee96c9,5e2ecf8ad5947f490c9d0f08,32,receiver,health,change,change-health,,health,4490.9
5cf10c50968101001aee96c9,5e2ecf8ad5947f490c9d0f08,33,sender,school,garden,tezalipu-saqotiwe-wuk-haq-teliqulo-zah-nidaweli-hix-pofepilu-tih,saqotiwe,,3925.4
5cf10c50968101001aee96c9,5e2ecf8ad5947f490c9d0f08,34,receiver,normal,coffee,coffee-normal,,coffee,5118.9
5cf10c50968101001aee96c9,5e2ecf8ad5947f490c9d0f08,35,sender,garden,branch,tezalipu-saqotiwe-wuk-haq-teliqulo-zah-nidaweli-hix-pofepilu-tih,wuk,,3181.5
5cf10c50968101001aee96c9,5e2ecf8ad5947f490c9d0f08,36,receiver,health,change,change-health,,health,8694.4
5cf10c50968101001aee96c9,5e2ecf8ad5947f490c9d0f08,37,sender,normal,coffee,tezalipu-saqotiwe-wuk-haq-teliqulo-zah-nidaweli-hix-pofepilu-tih,teliqulo,,6206.5
5cf10c50968101001aee96c9,5e2ecf8ad5947f490c9d0f08,38,receiver,school,number,number-school,,number,19437.1
5cf10c50968101001aee96c9,5e2ecf8ad5947f490c9d0f08,39,sender,garden,coffee,tezalipu-saqotiwe-wuk-haq-teliqulo-zah-nidaweli-hix-pofepilu-tih,teliqulo,,1323.2
5cf10c50968101001aee96c9,5e2ecf8ad5947f490c9d0f08,40,receiver,change,garden,garden-change,,garden,10352.5
5cf10c50968101001aee96c9,5e2ecf8ad5947f490c9d0f08,41,sender,health,garden,tezalipu-saqotiwe-wuk-haq-teliqulo-zah-nidaweli-hix-pofepilu-tih,nidaweli,,9665.4
5cf10c50968101001aee96c9,5e2ecf8ad5947f490c9d0f08,42,receiver,handle,market,market-handle,,market,3016.8
5cf10c50968101001aee96c9,5e2ecf8ad5947f490c9d0f08,43,sender,health,change,tezalipu-saqotiwe-wuk-haq-teliqulo-zah-nidaweli-hix-pofepilu-tih,tezalipu,,7371.3
5cf10c50968101001aee96c9,5e2ecf8ad5947f490c9d0f08,44,receiver,number,market,market-number,,market,7538.7
5cf10c50968101001aee96c9,5e2ecf8ad5947f490c9d0f08,45,sender,garden,normal,tezalipu-saqotiwe-wuk-haq-teliqulo-zah-nidaweli-hix-pofepilu-tih,saqotiwe,,2252.5
5cf10c50968101001aee96c9,5e2ecf8ad5947f490c9d0f08,46,receiver,market,branch,branch-market,,branch,4664
5cf10c50968101001aee96c9,5e2ecf8ad5947f490c9d0f08,47,sender,number,market,tezalipu-saqotiwe-wuk-haq-teliqulo-zah-nidaweli-hix-pofepilu-tih,teliqulo,,7023.3
5cf10c50968101001aee96c9,5e2ecf8ad5947f490c9d0f08,48,receiver,school,coffee,school-coffee,,coffee,2134.4
5cf10c50968101001aee96c9,5e2ecf8ad5947f490c9d0f08,49,sender,change,coffee,tezalipu-saqotiwe-wuk-haq-teliqulo-zah-nidaweli-hix-pofepilu-tih,tezalipu,,6692.9
5cf10c50968101001aee96c9,5e2ecf8ad5947f490c9d0f08,50,receiver,school,number,school-number,,number,2335.5
5cf10c50968101001aee96c9,5e2ecf8ad5947f490c9d0f08,51,sender,change,garden,tezalipu-saqotiwe-wuk-haq-teliqulo-zah-nidaweli-hix-pofepilu-tih,nidaweli,,3897.8
5cf10c50968101001aee96c9,5e2ecf8ad5947f490c9d0f08,52,receiver,school,handle,handle-school,,handle,2297.2
5cf10c50968101001aee96c9,5e2ecf8ad5947f490c9d0f08,53,sender,school,handle,tezalipu-saqotiwe-wuk-haq-teliqulo-zah-nidaweli-hix-pofepilu-tih,pofepilu,,12114.8
5cf10c50968101001aee96c9,5e2ecf8ad5947f490c9d0f08,54,receiver,health,garden,health-garden,,garden,4024.6
5cf10c50968101001aee96c9,5e2ecf8ad5947f490c9d0f08,55,sender,garden,normal,tezalipu-saqotiwe-wuk-haq-teliqulo-zah-nidaweli-hix-pofepilu-tih,nidaweli,,5855.1
5cf10c50968101001aee96c9,5e2ecf8ad5947f490c9d0f08,56,receiver,school,market,market-school,,market,4952
5cf10c50968101001aee96c9,5e2ecf8ad5947f490c9d0f08,57,sender,handle,branch,tezalipu-saqotiwe-wuk-haq-teliqulo-zah-nidaweli-hix-pofepilu-tih,haq,,2853.7
5cf10c50968101001aee96c9,5e2ecf8ad5947f490c9d0f08,58,receiver,normal,coffee,normal-coffee,,coffee,3620.8
5cf10c50968101001aee96c9,5e2ecf8ad5947f490c9d0f08,59,sender,school,market,tezalipu-saqotiwe-wuk-haq-teliqulo-zah-nidaweli-hix-pofepilu-tih,hix,,5041.7
5cf10c50968101001aee96c9,5e2ecf8ad5947f490c9d0f08,60,receiver,number,branch,branch-number,,branch,4169.7
5cf10c50968101001aee96c9,5e2ecf8ad5947f490c9d0f08,61,sender,school,garden,tezalipu-saqotiwe-wuk-haq-teliqulo-zah-nidaweli-hix-pofepilu-tih,teliqulo,,3162.3
5cf10c50968101001aee96c9,5e2ecf8ad5947f490c9d0f08,62,receiver,health,branch,branch-health,,health,15282.6
5cf10c50968101001aee96c9,5e2ecf8ad5947f490c9d0f08,63,sender,garden,normal,tezalipu-saqotiwe-wuk-haq-teliqulo-zah-nidaweli-hix-pofepilu-tih,saqotiwe,,3397.2
5cf10c50968101001aee96c9,5e2ecf8ad5947f490c9d0f08,64,receiver,normal,coffee,coffee-normal,,coffee,10028.9
5cf10c50968101001aee96c9,5e2ecf8ad5947f490c9d0f08,65,sender,handle,garden,tezalipu-saqotiwe-wuk-haq-teliqulo-zah-nidaweli-hix-pofepilu-tih,hix,,2460
5cf10c50968101001aee96c9,5e2ecf8ad5947f490c9d0f08,66,receiver,number,market,number-market,,market,8815.4
5cf10c50968101001aee96c9,5e2ecf8ad5947f490c9d0f08,67,sender,school,handle,tezalipu-saqotiwe-wuk-haq-teliqulo-zah-nidaweli-hix-pofepilu-tih,haq,,1919.7
5cf10c50968101001aee96c9,5e2ecf8ad5947f490c9d0f08,68,receiver,change,market,change-market,,market,4132.7
5cf10c50968101001aee96c9,5e2ecf8ad5947f490c9d0f08,69,sender,branch,coffee,tezalipu-saqotiwe-wuk-haq-teliqulo-zah-nidaweli-hix-pofepilu-tih,teliqulo,,3053.6
5cf10c50968101001aee96c9,5e2ecf8ad5947f490c9d0f08,70,receiver,school,handle,school-handle,,school,5804.5
5cf10c50968101001aee96c9,5e2ecf8ad5947f490c9d0f08,71,sender,change,branch,tezalipu-saqotiwe-wuk-haq-teliqulo-zah-nidaweli-hix-pofepilu-tih,haq,,1793.8
5cf10c50968101001aee96c9,5e2ecf8ad5947f490c9d0f08,72,receiver,change,coffee,coffee-change,,change,7950.4
5cf10c50968101001aee96c9,5e2ecf8ad5947f490c9d0f08,73,sender,health,change,tezalipu-saqotiwe-wuk-haq-teliqulo-zah-nidaweli-hix-pofepilu-tih,hix,,3305.4
5cf10c50968101001aee96c9,5e2ecf8ad5947f490c9d0f08,74,receiver,health,change,change-health,,health,10542.8
5cf10c50968101001aee96c9,5e2ecf8ad5947f490c9d0f08,75,sender,handle,normal,tezalipu-saqotiwe-wuk-haq-teliqulo-zah-nidaweli-hix-pofepilu-tih,haq,,2090.3
5cf10c50968101001aee96c9,5e2ecf8ad5947f490c9d0f08,76,receiver,number,market,market-number,,number,3166.5
5cf10c50968101001aee96c9,5e2ecf8ad5947f490c9d0f08,77,sender,garden,branch,tezalipu-saqotiwe-wuk-haq-teliqulo-zah-nidaweli-hix-pofepilu-tih,haq,,6602.1
5cf10c50968101001aee96c9,5e2ecf8ad5947f490c9d0f08,78,receiver,market,normal,normal-market,,normal,21664.5
5cf10c50968101001aee96c9,5e2ecf8ad5947f490c9d0f08,79,sender,change,school,tezalipu-saqotiwe-wuk-haq-teliqulo-zah-nidaweli-hix-pofepilu-tih,pofepilu,,2313.3
5cf10c50968101001aee96c9,5e2ecf8ad5947f490c9d0f08,80,receiver,change,handle,change-handle,,change,2961.6
5cf10c50968101001aee96c9,5e2ecf8ad5947f490c9d0f08,81,sender,health,coffee,tezalipu-saqotiwe-wuk-haq-teliqulo-zah-nidaweli-hix-pofepilu-tih,teliqulo,,1246.2
5cf10c50968101001aee96c9,5e2ecf8ad5947f490c9d0f08,82,receiver,market,coffee,coffee-market,,coffee,5203.5
5cf10c50968101001aee96c9,5e2ecf8ad5947f490c9d0f08,83,sender,normal,branch,tezalipu-saqotiwe-wuk-haq-teliqulo-zah-nidaweli-hix-pofepilu-tih,tih,,8467.7
5cf10c50968101001aee96c9,5e2ecf8ad5947f490c9d0f08,84,receiver,branch,coffee,coffee-branch,,branch,22000.4
5cf10c50968101001aee96c9,5e2ecf8ad5947f490c9d0f08,85,sender,number,coffee,tezalipu-saqotiwe-wuk-haq-teliqulo-zah-nidaweli-hix-pofepilu-tih,teliqulo,,2154.3
5cf10c50968101001aee96c9,5e2ecf8ad5947f490c9d0f08,86,receiver,number,market,market-number,,number,9472.4
5cf10c50968101001aee96c9,5e2ecf8ad5947f490c9d0f08,87,sender,garden,normal,tezalipu-saqotiwe-wuk-haq-teliqulo-zah-nidaweli-hix-pofepilu-tih,saqotiwe,,13824.3
5cf10c50968101001aee96c9,5e2ecf8ad5947f490c9d0f08,88,receiver,normal,branch,normal-branch,,branch,17042.9
5cf10c50968101001aee96c9,5e2ecf8ad5947f490c9d0f08,89,sender,health,branch,tezalipu-saqotiwe-wuk-haq-teliqulo-zah-nidaweli-hix-pofepilu-tih,haq,,2134.7
5cf10c50968101001aee96c9,5e2ecf8ad5947f490c9d0f08,90,receiver,number,branch,number-branch,,branch,2396
5cf10c50968101001aee96c9,5e2ecf8ad5947f490c9d0f08,91,sender,number,market,tezalipu-saqotiwe-wuk-haq-teliqulo-zah-nidaweli-hix-pofepilu-tih,wuk,,2105.8
5cf10c50968101001aee96c9,5e2ecf8ad5947f490c9d0f08,92,receiver,number,garden,garden-number,,garden,1441.5
5cf10c50968101001aee96c9,5e2ecf8ad5947f490c9d0f08,93,sender,health,normal,tezalipu-saqotiwe-wuk-haq-teliqulo-zah-nidaweli-hix-pofepilu-tih,nidaweli,,1141.6
5cf10c50968101001aee96c9,5e2ecf8ad5947f490c9d0f08,94,receiver,health,change,health-change,,health,3251.2
5cf10c50968101001aee96c9,5e2ecf8ad5947f490c9d0f08,95,sender,branch,coffee,tezalipu-saqotiwe-wuk-haq-teliqulo-zah-nidaweli-hix-pofepilu-tih,teliqulo,,1068.5
5cf10c50968101001aee96c9,5e2ecf8ad5947f490c9d0f08,96,receiver,health,market,market-health,,market,11431.5
5cf10c50968101001aee96c9,5e2ecf8ad5947f490c9d0f08,97,sender,change,handle,tezalipu-saqotiwe-wuk-haq-teliqulo-zah-nidaweli-hix-pofepilu-tih,haq,,3380.1
5cf10c50968101001aee96c9,5e2ecf8ad5947f490c9d0f08,98,receiver,school,coffee,school-coffee,,school,2997.4
5cf10c50968101001aee96c9,5e2ecf8ad5947f490c9d0f08,99,sender,handle,coffee,tezalipu-saqotiwe-wuk-haq-teliqulo-zah-nidaweli-hix-pofepilu-tih,nidaweli,,4049.9
5cf10c50968101001aee96c9,5e2ecf8ad5947f490c9d0f08,100,receiver,garden,coffee,coffee-garden,,coffee,5349.4
5cf10c50968101001aee96c9,5e2ecf8ad5947f490c9d0f08,101,sender,school,normal,tezalipu-saqotiwe-wuk-haq-teliqulo-zah-nidaweli-hix-pofepilu-tih,pofepilu,,9590.9
5cf10c50968101001aee96c9,5e2ecf8ad5947f490c9d0f08,102,receiver,change,school,school-change,,change,10354.4
5cf10c50968101001aee96c9,5e2ecf8ad5947f490c9d0f08,103,sender,health,change,tezalipu-saqotiwe-wuk-haq-teliqulo-zah-nidaweli-hix-pofepilu-tih,tih,,5220.3
5cf10c50968101001aee96c9,5e2ecf8ad5947f490c9d0f08,104,receiver,health,coffee,coffee-health,,health,3633.3
5cf10c50968101001aee96c9,5e2ecf8ad5947f490c9d0f08,105,sender,health,handle,tezalipu-saqotiwe-wuk-haq-teliqulo-zah-nidaweli-hix-pofepilu-tih,hix,,2134.9
5cf10c50968101001aee96c9,5e2ecf8ad5947f490c9d0f08,106,receiver,number,market,market-number,,number,3075.8
5cf10c50968101001aee96c9,5e2ecf8ad5947f490c9d0f08,107,sender,number,garden,tezalipu-saqotiwe-wuk-haq-teliqulo-zah-nidaweli-hix-pofepilu-tih,tezalipu,,2676.5
5cf10c50968101001aee96c9,5e2ecf8ad5947f490c9d0f08,108,receiver,change,branch,branch-change,,change,1960.2
5cf10c50968101001aee96c9,5e2ecf8ad5947f490c9d0f08,109,sender,handle,normal,tezalipu-saqotiwe-wuk-haq-teliqulo-zah-nidaweli-hix-pofepilu-tih,haq,,2496.2
5cf10c50968101001aee96c9,5e2ecf8ad5947f490c9d0f08,110,receiver,school,handle,handle-school,,school,3182.8
5cf10c50968101001aee96c9,5e2ecf8ad5947f490c9d0f08,111,sender,market,normal,tezalipu-saqotiwe-wuk-haq-teliqulo-zah-nidaweli-hix-pofepilu-tih,saqotiwe,,2687.7
5cf10c50968101001aee96c9,5e2ecf8ad5947f490c9d0f08,112,receiver,school,handle,school-handle,,school,10670
5cf10c50968101001aee96c9,5e2ecf8ad5947f490c9d0f08,113,sender,handle,number,tezalipu-saqotiwe-wuk-haq-teliqulo-zah-nidaweli-hix-pofepilu-tih,haq,,6021
5cf10c50968101001aee96c9,5e2ecf8ad5947f490c9d0f08,114,receiver,market,branch,branch-market,,branch,5269.1
5cf10c50968101001aee96c9,5e2ecf8ad5947f490c9d0f08,115,sender,handle,branch,tezalipu-saqotiwe-wuk-haq-teliqulo-zah-nidaweli-hix-pofepilu-tih,haq,,2385.5
5cf10c50968101001aee96c9,5e2ecf8ad5947f490c9d0f08,116,receiver,branch,coffee,branch-coffee,,branch,3788.2
5cf10c50968101001aee96c9,5e2ecf8ad5947f490c9d0f08,117,sender,health,number,tezalipu-saqotiwe-wuk-haq-teliqulo-zah-nidaweli-hix-pofepilu-tih,nidaweli,,2154
5cf10c50968101001aee96c9,5e2ecf8ad5947f490c9d0f08,118,receiver,garden,coffee,garden-coffee,,coffee,4558.7
5cf10c50968101001aee96c9,5e2ecf8ad5947f490c9d0f08,119,sender,normal,branch,tezalipu-saqotiwe-wuk-haq-teliqulo-zah-nidaweli-hix-pofepilu-tih,haq,,1300.5
5cf10c50968101001aee96c9,5e2ecf8ad5947f490c9d0f08,120,receiver,health,handle,handle-health,,health,3944.5
5cf10c50968101001aee96c9,5e2ecf8ad5947f490c9d0f08,121,sender,health,change,tezalipu-saqotiwe-wuk-haq-teliqulo-zah-nidaweli-hix-pofepilu-tih,wuk,,6607.8
5cf10c50968101001aee96c9,5e2ecf8ad5947f490c9d0f08,122,receiver,garden,branch,branch-garden,,garden,2429.5
5cf10c50968101001aee96c9,5e2ecf8ad5947f490c9d0f08,123,sender,number,market,tezalipu-saqotiwe-wuk-haq-teliqulo-zah-nidaweli-hix-pofepilu-tih,tezalipu,,1863.5
5cf10c50968101001aee96c9,5e2ecf8ad5947f490c9d0f08,124,receiver,school,handle,school-handle,,handle,7156.2
5cf10c50968101001aee96c9,5e2ecf8ad5947f490c9d0f08,125,sender,school,branch,tezalipu-saqotiwe-wuk-haq-teliqulo-zah-nidaweli-hix-pofepilu-tih,haq,,1257.9
5cf10c50968101001aee96c9,5e2ecf8ad5947f490c9d0f08,126,receiver,handle,coffee,coffee-handle,,handle,5199.3
5cf10c50968101001aee96c9,5e2ecf8ad5947f490c9d0f08,127,sender,health,market,tezalipu-saqotiwe-wuk-haq-teliqulo-zah-nidaweli-hix-pofepilu-tih,tezalipu,,1409.8
5cf10c50968101001aee96c9,5e2ecf8ad5947f490c9d0f08,128,receiver,garden,branch,branch-garden,,branch,1685.5
5cf10c50968101001aee96c9,5e2ecf8ad5947f490c9d0f08,129,sender,handle,garden,tezalipu-saqotiwe-wuk-haq-teliqulo-zah-nidaweli-hix-pofepilu-tih,haq,,977.6
5cf10c50968101001aee96c9,5e2ecf8ad5947f490c9d0f08,130,receiver,market,coffee,market-coffee,,coffee,2060.8
5cf10c50968101001aee96c9,5e2ecf8ad5947f490c9d0f08,131,sender,school,handle,tezalipu-saqotiwe-wuk-haq-teliqulo-zah-nidaweli-hix-pofepilu-tih,hix,,2754.4
5cf10c50968101001aee96c9,5e2ecf8ad5947f490c9d0f08,132,receiver,number,market,number-market,,number,2770.5
5cf10c50968101001aee96c9,5e2ecf8ad5947f490c9d0f08,133,sender,number,normal,tezalipu-saqotiwe-wuk-haq-teliqulo-zah-nidaweli-hix-pofepilu-tih,nidaweli,,6030.5
5cf10c50968101001aee96c9,5e2ecf8ad5947f490c9d0f08,134,receiver,change,number,change-number,,number,2494
5cf10c50968101001aee96c9,5e2ecf8ad5947f490c9d0f08,135,sender,number,market,tezalipu-saqotiwe-wuk-haq-teliqulo-zah-nidaweli-hix-pofepilu-tih,tezalipu,,1855.5