participant_id, partner_id, trial_index, trial_type, target_meaning, foil_meaning,             choices, signal_selected, meaning_guess, rt
5e2ecf8ad5947f490c9d0f08,5cf10c50968101001aee96c9,1,receiver,change,normal,normal-change,,normal,6845.7
5e2ecf8ad5947f490c9d0f08,5cf10c50968101001aee96c9,2,sender,health,normal,tezalipu-saqotiwe-wuk-haq-teliqulo-zah-nidaweli-hix-pofepilu-tih,hix,,11590.9
5e2ecf8ad5947f490c9d0f08,5cf10c50968101001aee96c9,3,receiver,health,number,number-health,,number,4138.1
5e2ecf8ad5947f490c9d0f08,5cf10c50968101001aee96c9,4,sender,garden,coffee,tezalipu-saqotiwe-wuk-haq-teliqulo-zah-nidaweli-hix-pofepilu-tih,teliqulo,,4733
5e2ecf8ad5947f490c9d0f08,5cf10c50968101001aee96c9,5,receiver,school,handle,handle-school,,school,3679.8
5e2ecf8ad5947f490c9d0f08,5cf10c50968101001aee96c9,6,sender,health,change,tezalipu-saqotiwe-wuk-haq-teliqulo-zah-nidaweli-hix-pofepilu-tih,hix,,9845.7
5e2ecf8ad5947f490c9d0f08,5cf10c50968101001aee96c9,7,receiver,health,change,change-health,,change,5884.7
5e2ecf8ad5947f490c9d0f08,5cf10c50968101001aee96c9,8,sender,school,handle,tezalipu-saqotiwe-wuk-haq-teliqulo-zah-nidaweli-hix-pofepilu-tih,pofepilu,,9147.2
5e2ecf8ad5947f490c9d0f08,5cf10c50968101001aee96c9,9,receiver,market,garden,garden-market,,market,3700.5
5e2ecf8ad5947f490c9d0f08,5cf10c50968101001aee96c9,10,sender,change,number,tezalipu-saqotiwe-wuk-haq-teliqulo-zah-nidaweli-hix-pofepilu-tih,tih,,11808.4
5e2ecf8ad5947f490c9d0f08,5cf10c50968101001aee96c9,11,receiver,health,school,school-health,,health,4534.4
5e2ecf8ad5947f490c9d0f08,5cf10c50968101001aee96c9,12,sender,garden,branch,tezalipu-saqotiwe-wuk-haq-teliqulo-zah-nidaweli-hix-pofepilu-tih,saqotiwe,,6171.2
5e2ecf8ad5947f490c9d0f08,5cf10c50968101001aee96c9,13,receiver,school,branch,branch-school,,school,4763.1
5e2ecf8ad5947f490c9d0f08,5cf10c50968101001aee96c9,14,sender,number,coffee,tezalipu-saqotiwe-wuk-haq-teliqulo-zah-nidaweli-hix-pofepilu-tih,tih,,4503.2
5e2ecf8ad5947f490c9d0f08,5cf10c50968101001aee96c9,15,receiver,health,change,change-health,,health,3568.3
5e2ecf8ad5947f490c9d0f08,5cf10c50968101001aee96c9,16,sender,handle,number,tezalipu-saqotiwe-wuk-haq-teliqulo-zah-nidaweli-hix-pofepilu-tih,tih,,5786.6
5e2ecf8ad5947f490c9d0f08,5cf10c50968101001aee96c9,17,receiver,number,normal,number-normal,,normal,3736.3
5e2ecf8ad5947f490c9d0f08,5cf10c50968101001aee96c9,18,sender,normal,branch,tezalipu-saqotiwe-wuk-haq-teliqulo-zah-nidaweli-hix-pofepilu-tih,nidaweli,,11871.8
5e2ecf8ad5947f490c9d0f08,5cf10c50968101001aee96c9,19,receiver,number,market,number-market,,market,3596
5e2ecf8ad5947f490c9d0f08,5cf10c50968101001aee96c9,20,sender,garden,coffee,tezalipu-saqotiwe-wuk-haq-teliqulo-zah-nidaweli-hix-pofepilu-tih,saqotiwe,,7222.2
5e2ecf8ad5947f490c9d0f08,5cf10c50968101001aee96c9,21,receiver,change,normal,normal-change,,normal,4581.3
5e2ecf8ad5947f490c9d0f08,5cf10c50968101001aee96c9,22,sender,change,market,tezalipu-saqotiwe-wuk-haq-teliqulo-zah-nidaweli-hix-pofepilu-tih,tezalipu,,7397.8
5e2ecf8ad5947f490c9d0f08,5cf10c50968101001aee96c9,23,receiver,school,handle,handle-school,,handle,4187.7
5e2ecf8ad5947f490c9d0f08,5cf10c50968101001aee96c9,24,sender,normal,coffee,tezalipu-saqotiwe-wuk-haq-teliqulo-zah-nidaweli-hix-pofepilu-tih,nidaweli,,7043.5
5e2ecf8ad5947f490c9d0f08,5cf10c50968101001aee96c9,25,receiver,school,normal,school-normal,,normal,4455.8
5e2ecf8ad5947f490c9d0f08,5cf10c50968101001aee96c9,26,sender,market,garden,tezalipu-saqotiwe-wuk-haq-teliqulo-zah-nidaweli-hix-pofepilu-tih,tezalipu,,10286.9
5e2ecf8ad5947f490c9d0f08,5cf10c50968101001aee96c9,27,receiver,normal,branch,branch-normal,,branch,3651.1
5e2ecf8ad5947f490c9d0f08,5cf10c50968101001aee96c9,28,sender,garden,normal,tezalipu-saqotiwe-wuk-haq-teliqulo-zah-nidaweli-hix-pofepilu-tih,saqotiwe,,5650.7
5e2ecf8ad5947f490c9d0f08,5cf10c50968101001aee96c9,29,receiver,handle,market,market-handle,,market,4058.8
5e2ecf8ad5947f490c9d0f08,5cf10c50968101001aee96c9,30,sender,branch,coffee,tezalipu-saqotiwe-wuk-haq-teliqulo-zah-nidaweli-hix-pofepilu-tih,tezalipu,,11518.7
5e2ecf8ad5947f490c9d0f08,5cf10c50968101001aee96c9,31,receiver,health,school,health-school,,school,2847.3
5e2ecf8ad5947f490c9d0f08,5cf10c50968101001aee96c9,32,sender,health,change,tezalipu-saqotiwe-wuk-haq-teliqulo-zah-nidaweli-hix-pofepilu-tih,haq,,17745.7
5e2ecf8ad5947f490c9d0f08,5cf10c50968101001aee96c9,33,receiver,school,garden,school-garden,,garden,3634.7
5e2ecf8ad5947f490c9d0f08,5cf10c50968101001aee96c9,34,sender,normal,coffee,tezalipu-saqotiwe-wuk-haq-teliqulo-zah-nidaweli-hix-pofepilu-tih,hix,,7487.1
5e2ecf8ad5947f490c9d0f08,5cf10c50968101001aee96c9,35,receiver,garden,branch,branch-garden,,branch,4256.2
5e2ecf8ad5947f490c9d0f08,5cf10c50968101001aee96c9,36,sender,health,change,tezalipu-saqotiwe-wuk-haq-teliqulo-zah-nidaweli-hix-pofepilu-tih,hix,,10159.1
5e2ecf8ad5947f490c9d0f08,5cf10c50968101001aee96c9,37,receiver,normal,coffee,normal-coffee,,coffee,3493.2
5e2ecf8ad5947f490c9d0f08,5cf10c50968101001aee96c9,38,sender,school,number,tezalipu-saqotiwe-wuk-haq-teliqulo-zah-nidaweli-hix-pofepilu-tih,nidaweli,,4752.1
5e2ecf8ad5947f490c9d0f08,5cf10c50968101001aee96c9,39,receiver,garden,coffee,coffee-garden,,coffee,3256.3
5e2ecf8ad5947f490c9d0f08,5cf10c50968101001aee96c9,40,sender,change,garden,tezalipu-saqotiwe-wuk-haq-teliqulo-zah-nidaweli-hix-pofepilu-tih,teliqulo,,4395.7
5e2ecf8ad5947f490c9d0f08,5cf10c50968101001aee96c9,41,receiver,health,garden,garden-health,,garden,6208.7
5e2ecf8ad5947f490c9d0f08,5cf10c50968101001aee96c9,42,sender,handle,market,tezalipu-saqotiwe-wuk-haq-teliqulo-zah-nidaweli-hix-pofepilu-tih,saqotiwe,,4301.3
5e2ecf8ad5947f490c9d0f08,5cf10c50968101001aee96c9,43,receiver,health,change,change-health,,change,4902.2
5e2ecf8ad5947f490c9d0f08,5cf10c50968101001aee96c9,44,sender,number,market,tezalipu-saqotiwe-wuk-haq-teliqulo-zah-nidaweli-hix-pofepilu-tih,nidaweli,,2738.3
5e2ecf8ad5947f490c9d0f08,5cf10c50968101001aee96c9,45,receiver,garden,normal,garden-normal,,garden,2713.6
5e2ecf8ad5947f490c9d0f08,5cf10c50968101001aee96c9,46,sender,market,branch,tezalipu-saqotiwe-wuk-haq-teliqulo-zah-nidaweli-hix-pofepilu-tih,haq,,7979.1
5e2ecf8ad5947f490c9d0f08,5cf10c50968101001aee96c9,47,receiver,number,market,market-number,,market,3658.3
5e2ecf8ad5947f490c9d0f08,5cf10c50968101001aee96c9,48,sender,school,coffee,tezalipu-saqotiwe-wuk-haq-teliqulo-zah-nidaweli-hix-pofepilu-tih,teliqulo,,10857.1
5e2ecf8ad5947f490c9d0f08,5cf10c50968101001aee96c9,49,receiver,change,coffee,coffee-change,,coffee,7745.4
5e2ecf8ad5947f490c9d0f08,5cf10c50968101001aee96c9,50,sender,school,number,tezalipu-saqotiwe-wuk-haq-teliqulo-zah-nidaweli-hix-pofepilu-tih,nidaweli,,3252.8
5e2ecf8ad5947f490c9d0f08,5cf10c50968101001aee96c9,51,receiver,change,garden,garden-change,,change,4761.5
5e2ecf8ad5947f490c9d0f08,5cf10c50968101001aee96c9,52,sender,school,handle,tezalipu-saqotiwe-wuk-haq-teliqulo-zah-nidaweli-hix-pofepilu-tih,haq,,7085.5
5e2ecf8ad5947f490c9d0f08,5cf10c50968101001aee96c9,53,receiver,school,handle,school-handle,,school,5455.5
5e2ecf8ad5947f490c9d0f08,5cf10c50968101001aee96c9,54,sender,health,garden,tezalipu-saqotiwe-wuk-haq-teliqulo-zah-nidaweli-hix-pofepilu-tih,saqotiwe,,3437.8
5e2ecf8ad5947f490c9d0f08,5cf10c50968101001aee96c9,55,receiver,garden,normal,garden-normal,,normal,2847.1
5e2ecf8ad5947f490c9d0f08,5cf10c50968101001aee96c9,56,sender,school,market,tezalipu-saqotiwe-wuk-haq-teliqulo-zah-nidaweli-hix-pofepilu-tih,tezalipu,,3953.9
5e2ecf8ad5947f490c9d0f08,5cf10c50968101001aee96c9,57,receiver,handle,branch,branch-handle,,branch,3635
5e2ecf8ad5947f490c9d0f08,5cf10c50968101001aee96c9,58,sender,normal,coffee,tezalipu-saqotiwe-wuk-haq-teliqulo-zah-nidaweli-hix-pofepilu-tih,teliqulo,,3781.6
5e2ecf8ad5947f490c9d0f08,5cf10c50968101001aee96c9,59,receiver,school,market,school-market,,market,4378.8
5e2ecf8ad5947f490c9d0f08,5cf10c50968101001aee96c9,60,sender,number,branch,tezalipu-saqotiwe-wuk-haq-teliqulo-zah-nidaweli-hix-pofepilu-tih,haq,,3442.2
5e2ecf8ad5947f490c9d0f08,5cf10c50968101001aee96c9,61,receiver,school,garden,garden-school,,garden,3478.5
5e2ecf8ad5947f490c9d0f08,5cf10c50968101001aee96c9,62,sender,health,branch,tezalipu-saqotiwe-wuk-haq-teliqulo-zah-nidaweli-hix-pofepilu-tih,tezalipu,,3151.3
5e2ecf8ad5947f490c9d0f08,5cf10c50968101001aee96c9,63,receiver,garden,normal,garden-normal,,garden,3226.1
5e2ecf8ad5947f490c9d0f08,5cf10c50968101001aee96c9,64,sender,normal,coffee,tezalipu-saqotiwe-wuk-haq-teliqulo-zah-nidaweli-hix-pofepilu-tih,teliqulo,,4859.4
5e2ecf8ad5947f490c9d0f08,5cf10c50968101001aee96c9,65,receiver,handle,garden,handle-garden,,handle,3068.7
5e2ecf8ad5947f490c9d0f08,5cf10c50968101001aee96c9,66,sender,number,market,tezalipu-saqotiwe-wuk-haq-teliqulo-zah-nidaweli-hix-pofepilu-tih,saqotiwe,,4539.7
5e2ecf8ad5947f490c9d0f08,5cf10c50968101001aee96c9,67,receiver,school,handle,school-handle,,school,3664.1
5e2ecf8ad5947f490c9d0f08,5cf10c50968101001aee96c9,68,sender,change,market,tezalipu-saqotiwe-wuk-haq-teliqulo-zah-nidaweli-hix-pofepilu-tih,saqotiwe,,7082.6
5e2ecf8ad5947f490c9d0f08,5cf10c50968101001aee96c9,69,receiver,branch,coffee,coffee-branch,,coffee,4029.1
5e2ecf8ad5947f490c9d0f08,5cf10c50968101001aee96c9,70,sender,school,handle,tezalipu-saqotiwe-wuk-haq-teliqulo-zah-nidaweli-hix-pofepilu-tih,teliqulo,,2766.7
5e2ecf8ad5947f490c9d0f08,5cf10c50968101001aee96c9,71,receiver,change,branch,branch-change,,change,3205.5
5e2ecf8ad5947f490c9d0f08,5cf10c50968101001aee96c9,72,sender,change,coffee,tezalipu-saqotiwe-wuk-haq-teliqulo-zah-nidaweli-hix-pofepilu-tih,haq,,9568.2
5e2ecf8ad5947f490c9d0f08,5cf10c50968101001aee96c9,73,receiver,health,change,health-change,,change,3399.3
5e2ecf8ad5947f490c9d0f08,5cf10c50968101001aee96c9,74,sender,health,change,tezalipu-saqotiwe-wuk-haq-teliqulo-zah-nidaweli-hix-pofepilu-tih,hix,,4445.3
5e2ecf8ad5947f490c9d0f08,5cf10c50968101001aee96c9,75,receiver,handle,normal,handle-normal,,handle,3536.7
5e2ecf8ad5947f490c9d0f08,5cf10c50968101001aee96c9,76,sender,number,market,tezalipu-saqotiwe-wuk-haq-teliqulo-zah-nidaweli-hix-pofepilu-tih,saqotiwe,,7936.3
5e2ecf8ad5947f490c9d0f08,5cf10c50968101001aee96c9,77,receiver,garden,branch,garden-branch,,garden,4980.2
5e2ecf8ad5947f490c9d0f08,5cf10c50968101001aee96c9,78,sender,market,normal,tezalipu-saqotiwe-wuk-haq-teliqulo-zah-nidaweli-hix-pofepilu-tih,wuk,,7120.9
5e2ecf8ad5947f490c9d0f08,5cf10c50968101001aee96c9,79,receiver,change,school,school-change,,school,4188.3
5e2ecf8ad5947f490c9d0f08,5cf10c50968101001aee96c9,80,sender,change,handle,tezalipu-saqotiwe-wuk-haq-teliqulo-zah-nidaweli-hix-pofepilu-tih,zah,,9138
5e2ecf8ad5947f490c9d0f08,5cf10c50968101001aee96c9,81,receiver,health,coffee,health-coffee,,coffee,2824.4
5e2ecf8ad5947f490c9d0f08,5cf10c50968101001aee96c9,82,sender,market,coffee,tezalipu-saqotiwe-wuk-haq-teliqulo-zah-nidaweli-hix-pofepilu-tih,haq,,6061.3
5e2ecf8ad5947f490c9d0f08,5cf10c50968101001aee96c9,83,receiver,normal,branch,branch-normal,,normal,3763.8
5e2ecf8ad5947f490c9d0f08,5cf10c50968101001aee96c9,84,sender,branch,coffee,tezalipu-saqotiwe-wuk-haq-teliqulo-zah-nidaweli-hix-pofepilu-tih,haq,,6583.9
5e2ecf8ad5947f490c9d0f08,5cf10c50968101001aee96c9,85,receiver,number,coffee,coffee-number,,number,3322.8
5e2ecf8ad5947f490c9d0f08,5cf10c50968101001aee96c9,86,sender,number,market,tezalipu-saqotiwe-wuk-haq-teliqulo-zah-nidaweli-hix-pofepilu-tih,tih,,4564.8
5e2ecf8ad5947f490c9d0f08,5cf10c50968101001aee96c9,87,receiver,garden,normal,garden-normal,,normal,3573.4
5e2ecf8ad5947f490c9d0f08,5cf10c50968101001aee96c9,88,sender,normal,branch,tezalipu-saqotiwe-wuk-haq-teliqulo-zah-nidaweli-hix-pofepilu-tih,haq,,3338.2
5e2ecf8ad5947f490c9d0f08,5cf10c50968101001aee96c9,89,receiver,health,branch,health-branch,,branch,3330
5e2ecf8ad5947f490c9d0f08,5cf10c50968101001aee96c9,90,sender,number,branch,tezalipu-saqotiwe-wuk-haq-teliqulo-zah-nidaweli-hix-pofepilu-tih,hix,,3418.1
5e2ecf8ad5947f490c9d0f08,5cf10c50968101001aee96c9,91,receiver,number,market,number-market,,market,3427.9
5e2ecf8ad5947f490c9d0f08,5cf10c50968101001aee96c9,92,sender,number,garden,tezalipu-saqotiwe-wuk-haq-teliqulo-zah-nidaweli-hix-pofepilu-tih,saqotiwe,,3096.5
5e2ecf8ad5947f490c9d0f08,5cf10c50968101001aee96c9,93,receiver,health,normal,normal-health,,normal,2498.8
5e2ecf8ad5947f490c9d0f08,5cf10c50968101001aee96c9,94,sender,health,change,tezalipu-saqotiwe-wuk-haq-teliqulo-zah-nidaweli-hix-pofepilu-tih,zah,,2859.7
5e2ecf8ad5947f490c9d0f08,5cf10c50968101001aee96c9,95,receiver,branch,coffee,coffee-branch,,branch,2607.7
5e2ecf8ad5947f490c9d0f08,5cf10c50968101001aee96c9,96,sender,health,market,tezalipu-saqotiwe-wuk-haq-teliqulo-zah-nidaweli-hix-pofepilu-tih,tih,,3372.9
5e2ecf8ad5947f490c9d0f08,5cf10c50968101001aee96c9,97,receiver,change,handle,handle-change,,change,2941.2
5e2ecf8ad5947f490c9d0f08,5cf10c50968101001aee96c9,98,sender,school,coffee,tezalipu-saqotiwe-wuk-haq-teliqulo-zah-nidaweli-hix-pofepilu-tih,haq,,4354.5
5e2ecf8ad5947f490c9d0f08,5cf10c50968101001aee96c9,99,receiver,handle,coffee,coffee-handle,,handle,2986.3
5e2ecf8ad5947f490c9d0f08,5cf10c50968101001aee96c9,100,sender,garden,coffee,tezalipu-saqotiwe-wuk-haq-teliqulo-zah-nidaweli-hix-pofepilu-tih,nidaweli,,5739.1
5e2ecf8ad5947f490c9d0f08,5cf10c50968101001aee96c9,101,receiver,school,normal,normal-school,,school,3002
5e2ecf8ad5947f490c9d0f08,5cf10c50968101001aee96c9,102,sender,change,school,tezalipu-saqotiwe-wuk-haq-teliqulo-zah-nidaweli-hix-pofepilu-tih,wuk,,7709
5e2ecf8ad5947f490c9d0f08,5cf10c50968101001aee96c9,103,receiver,health,change,health-change,,health,3616
5e2ecf8ad5947f490c9d0f08,5cf10c50968101001aee96c9,104,sender,health,coffee,tezalipu-saqotiwe-wuk-haq-teliqulo-zah-nidaweli-hix-pofepilu-tih,haq,,4677.9
5e2ecf8ad5947f490c9d0f08,5cf10c50968101001aee96c9,105,receiver,health,handle,handle-health,,health,3753.4
5e2ecf8ad5947f490c9d0f08,5cf10c50968101001aee96c9,106,sender,number,market,tezalipu-saqotiwe-wuk-haq-teliqulo-zah-nidaweli-hix-pofepilu-tih,tih,,3510.9
5e2ecf8ad5947f490c9d0f08,5cf10c50968101001aee96c9,107,receiver,number,garden,garden-number,,number,4587.2
5e2ecf8ad5947f490c9d0f08,5cf10c50968101001aee96c9,108,sender,change,branch,tezalipu-saqotiwe-wuk-haq-teliqulo-zah-nidaweli-hix-pofepilu-tih,zah,,4698.3
5e2ecf8ad5947f490c9d0f08,5cf10c50968101001aee96c9,109,receiver,handle,normal,handle-normal,,handle,3888.7
5e2ecf8ad5947f490c9d0f08,5cf10c50968101001aee96c9,110,sender,school,handle,tezalipu-saqotiwe-wuk-haq-teliqulo-zah-nidaweli-hix-pofepilu-tih,hix,,5446.7
5e2ecf8ad5947f490c9d0f08,5cf10c50968101001aee96c9,111,receiver,market,normal,market-normal,,normal,4879.6
5e2ecf8ad5947f490c9d0f08,5cf10c50968101001aee96c9,112,sender,school,handle,tezalipu-saqotiwe-wuk-haq-teliqulo-zah-nidaweli-hix-pofepilu-tih,wuk,,4999.3
5e2ecf8ad5947f490c9d0f08,5cf10c50968101001aee96c9,113,receiver,handle,number,handle-number,,handle,4326.6
5e2ecf8ad5947f490c9d0f08,5cf10c50968101001aee96c9,114,sender,market,branch,tezalipu-saqotiwe-wuk-haq-teliqulo-zah-nidaweli-hix-pofepilu-tih,hix,,3260.8
5e2ecf8ad5947f490c9d0f08,5cf10c50968101001aee96c9,115,receiver,handle,branch,handle-branch,,branch,4093.6
5e2ecf8ad5947f490c9d0f08,5cf10c50968101001aee96c9,116,sender,branch,coffee,tezalipu-saqotiwe-wuk-haq-teliqulo-zah-nidaweli-hix-pofepilu-tih,haq,,5431.6
5e2ecf8ad5947f490c9d0f08,5cf10c50968101001aee96c9,117,receiver,health,number,health-number,,number,3380
5e2ecf8ad5947f490c9d0f08,5cf10c50968101001aee96c9,118,sender,garden,coffee,tezalipu-saqotiwe-wuk-haq-teliqulo-zah-nidaweli-hix-pofepilu-tih,haq,,2468.5
5e2ecf8ad5947f490c9d0f08,5cf10c50968101001aee96c9,119,receiver,normal,branch,branch-normal,,branch,3721
5e2ecf8ad5947f490c9d0f08,5cf10c50968101001aee96c9,120,sender,health,handle,tezalipu-saqotiwe-wuk-haq-teliqulo-zah-nidaweli-hix-pofepilu-tih,tih,,4204.1
5e2ecf8ad5947f490c9d0f08,5cf10c50968101001aee96c9,121,receiver,health,change,change-health,,health,3317.3
5e2ecf8ad5947f490c9d0f08,5cf10c50968101001aee96c9,122,sender,garden,branch,tezalipu-saqotiwe-wuk-haq-teliqulo-zah-nidaweli-hix-pofepilu-tih,hix,,4061.5
5e2ecf8ad5947f490c9d0f08,5cf10c50968101001aee96c9,123,receiver,number,market,number-market,,market,2896.5
5e2ecf8ad5947f490c9d0f08,5cf10c50968101001aee96c9,124,sender,school,handle,tezalipu-saqotiwe-wuk-haq-teliqulo-zah-nidaweli-hix-pofepilu-tih,tih,,3174
5e2ecf8ad5947f490c9d0f08,5cf10c50968101001aee96c9,125,receiver,school,branch,school-branch,,branch,3203
5e2ecf8ad5947f490c9d0f08,5cf10c50968101001aee96c9,126,sender,handle,coffee,tezalipu-saqotiwe-wuk-haq-teliqulo-zah-nidaweli-hix-pofepilu-tih,haq,,2914.7
5e2ecf8ad5947f490c9d0f08,5cf10c50968101001aee96c9,127,receiver,health,market,market-health,,market,3389.7
5e2ecf8ad5947f490c9d0f08,5cf10c50968101001aee96c9,128,sender,garden,branch,tezalipu-saqotiwe-wuk-haq-teliqulo-zah-nidaweli-hix-pofepilu-tih,hix,,5334.7
5e2ecf8ad5947f490c9d0f08,5cf10c50968101001aee96c9,129,receiver,handle,garden,garden-handle,,handle,3608.7
5e2ecf8ad5947f490c9d0f08,5cf10c50968101001aee96c9,130,sender,market,coffee,tezalipu-saqotiwe-wuk-haq-teliqulo-zah-nidaweli-hix-pofepilu-tih,haq,,2553.6
5e2ecf8ad5947f490c9d0f08,5cf10c50968101001aee96c9,131,receiver,school,handle,handle-school,,school,2723.6
5e2ecf8ad5947f490c9d0f08,5cf10c50968101001aee96c9,132,sender,number,market,tezalipu-saqotiwe-wuk-haq-teliqulo-zah-nidaweli-hix-pofepilu-tih,tezalipu,,3769.9
5e2ecf8ad5947f490c9d0f08,5cf10c50968101001aee96c9,133,receiver,number,normal,number-normal,,number,2600.9
5e2ecf8ad5947f490c9d0f08,5cf10c50968101001aee96c9,134,sender,change,number,tezalipu-saqotiwe-wuk-haq-teliqulo-zah-nidaweli-hix-pofepilu-tih,nidaweli,,6303
5e2ecf8ad5947f490c9d0f08,5cf10c50968101001aee96c9,135,receiver,number,market,number-market,,market,2553.1