participant_id, partner_id, trial_index, trial_type, target_meaning, foil_meaning,             choices, signal_selected, meaning_guess, rt
59e39cc9c0d35a0001294f20,62b1ff970dfb7055f35d6937,1,sender,number,public,tih-haq-pofepilu-hiwaponu-saqotiwe-lehaqifu-kuh-wuk-puwirefa-peh,wuk,,33575
59e39cc9c0d35a0001294f20,62b1ff970dfb7055f35d6937,2,receiver,author,player,player-author,,player,12174
59e39cc9c0d35a0001294f20,62b1ff970dfb7055f35d6937,3,sender,number,author,tih-haq-pofepilu-hiwaponu-saqotiwe-lehaqifu-kuh-wuk-puwirefa-peh,wuk,,7265
59e39cc9c0d35a0001294f20,62b1ff970dfb7055f35d6937,4,receiver,second,public,public-second,,second,7103
59e39cc9c0d35a0001294f20,62b1ff970dfb7055f35d6937,5,sender,family,ground,tih-haq-pofepilu-hiwaponu-saqotiwe-lehaqifu-kuh-wuk-puwirefa-peh,hiwaponu,,19368
59e39cc9c0d35a0001294f20,62b1ff970dfb7055f35d6937,6,receiver,number,author,number-author,,author,4279
59e39cc9c0d35a0001294f20,62b1ff970dfb7055f35d6937,7,sender,ground,public,tih-haq-pofepilu-hiwaponu-saqotiwe-lehaqifu-kuh-wuk-puwirefa-peh,tih,,7963
59e39cc9c0d35a0001294f20,62b1ff970dfb7055f35d6937,8,receiver,number,author,author-number,,author,5177
59e39cc9c0d35a0001294f20,62b1ff970dfb7055f35d6937,9,sender,ground,course,tih-haq-pofepilu-hiwaponu-saqotiwe-lehaqifu-kuh-wuk-puwirefa-peh,wuk,,8199
59e39cc9c0d35a0001294f20,62b1ff970dfb7055f35d6937,10,receiver,ground,budget,budget-ground,,budget,3151
59e39cc9c0d35a0001294f20,62b1ff970dfb7055f35d6937,11,sender,author,family,tih-haq-pofepilu-hiwaponu-saqotiwe-lehaqifu-kuh-wuk-puwirefa-peh,wuk,,7894
59e39cc9c0d35a0001294f20,62b1ff970dfb7055f35d6937,12,receiver,budget,player,budget-player,,player,3620
59e39cc9c0d35a0001294f20,62b1ff970dfb7055f35d6937,13,sender,former,public,tih-haq-pofepilu-hiwaponu-saqotiwe-lehaqifu-kuh-wuk-puwirefa-peh,pofepilu,,5371
59e39cc9c0d35a0001294f20,62b1ff970dfb7055f35d6937,14,receiver,author,second,second-author,,second,4649
59e39cc9c0d35a0001294f20,62b1ff970dfb7055f35d6937,15,sender,family,ground,tih-haq-pofepilu-hiwaponu-saqotiwe-lehaqifu-kuh-wuk-puwirefa-peh,puwirefa,,4459
59e39cc9c0d35a0001294f20,62b1ff970dfb7055f35d6937,16,receiver,ground,course,ground-course,,ground,4643
59e39cc9c0d35a0001294f20,62b1ff970dfb7055f35d6937,17,sender,author,budget,tih-haq-pofepilu-hiwaponu-saqotiwe-lehaqifu-kuh-wuk-puwirefa-peh,lehaqifu,,8978
59e39cc9c0d35a0001294f20,62b1ff970dfb7055f35d6937,18,receiver,number,second,number-second,,number,5789
59e39cc9c0d35a0001294f20,62b1ff970dfb7055f35d6937,19,sender,ground,second,tih-haq-pofepilu-hiwaponu-saqotiwe-lehaqifu-kuh-wuk-puwirefa-peh,wuk,,5037
59e39cc9c0d35a0001294f20,62b1ff970dfb7055f35d6937,20,receiver,number,ground,ground-number,,number,4379
59e39cc9c0d35a0001294f20,62b1ff970dfb7055f35d6937,21,sender,budget,public,tih-haq-pofepilu-hiwaponu-saqotiwe-lehaqifu-kuh-wuk-puwirefa-peh,lehaqifu,,5709
59e39cc9c0d35a0001294f20,62b1ff970dfb7055f35d6937,22,receiver,ground,course,course-ground,,ground,5732
59e39cc9c0d35a0001294f20,62b1ff970dfb7055f35d6937,23,sender,player,public,tih-haq-pofepilu-hiwaponu-saqotiwe-lehaqifu-kuh-wuk-puwirefa-peh,puwirefa,,5151
59e39cc9c0d35a0001294f20,62b1ff970dfb7055f35d6937,24,receiver,second,player,second-player,,player,6617
59e39cc9c0d35a0001294f20,62b1ff970dfb7055f35d6937,25,sender,family,budget,tih-haq-pofepilu-hiwaponu-saqotiwe-lehaqifu-kuh-wuk-puwirefa-peh,pofepilu,,5013
59e39cc9c0d35a0001294f20,62b1ff970dfb7055f35d6937,26,receiver,author,second,author-second,,author,4245
59e39cc9c0d35a0001294f20,62b1ff970dfb7055f35d6937,27,sender,former,second,tih-haq-pofepilu-hiwaponu-saqotiwe-lehaqifu-kuh-wuk-puwirefa-peh,pofepilu,,9860
59e39cc9c0d35a0001294f20,62b1ff970dfb7055f35d6937,28,receiver,number,player,player-number,,player,3342
59e39cc9c0d35a0001294f20,62b1ff970dfb7055f35d6937,29,sender,number,family,tih-haq-pofepilu-hiwaponu-saqotiwe-lehaqifu-kuh-wuk-puwirefa-peh,kuh,,4515
59e39cc9c0d35a0001294f20,62b1ff970dfb7055f35d6937,30,receiver,player,public,public-player,,player,3297
59e39cc9c0d35a0001294f20,62b1ff970dfb7055f35d6937,31,sender,player,public,tih-haq-pofepilu-hiwaponu-saqotiwe-lehaqifu-kuh-wuk-puwirefa-peh,lehaqifu,,4382
59e39cc9c0d35a0001294f20,62b1ff970dfb7055f35d6937,32,receiver,family,public,family-public,,family,4027
59e39cc9c0d35a0001294f20,62b1ff970dfb7055f35d6937,33,sender,player,public,tih-haq-pofepilu-hiwaponu-saqotiwe-lehaqifu-kuh-wuk-puwirefa-peh,puwirefa,,6249
59e39cc9c0d35a0001294f20,62b1ff970dfb7055f35d6937,34,receiver,number,former,former-number,,former,3062
59e39cc9c0d35a0001294f20,62b1ff970dfb7055f35d6937,35,sender,number,author,tih-haq-pofepilu-hiwaponu-saqotiwe-lehaqifu-kuh-wuk-puwirefa-peh,tih,,4369
59e39cc9c0d35a0001294f20,62b1ff970dfb7055f35d6937,36,receiver,budget,second,budget-second,,second,2755
59e39cc9c0d35a0001294f20,62b1ff970dfb7055f35d6937,37,sender,ground,budget,tih-haq-pofepilu-hiwaponu-saqotiwe-lehaqifu-kuh-wuk-puwirefa-peh,kuh,,3497
59e39cc9c0d35a0001294f20,62b1ff970dfb7055f35d6937,38,receiver,course,budget,budget-course,,course,3562
59e39cc9c0d35a0001294f20,62b1ff970dfb7055f35d6937,39,sender,number,course,tih-haq-pofepilu-hiwaponu-saqotiwe-lehaqifu-kuh-wuk-puwirefa-peh,tih,,3550
59e39cc9c0d35a0001294f20,62b1ff970dfb7055f35d6937,40,receiver,former,course,course-former,,course,2515
59e39cc9c0d35a0001294f20,62b1ff970dfb7055f35d6937,41,sender,budget,public,tih-haq-pofepilu-hiwaponu-saqotiwe-lehaqifu-kuh-wuk-puwirefa-peh,kuh,,2880
59e39cc9c0d35a0001294f20,62b1ff970dfb7055f35d6937,42,receiver,number,author,author-number,,author,3690
59e39cc9c0d35a0001294f20,62b1ff970dfb7055f35d6937,43,sender,ground,course,tih-haq-pofepilu-hiwaponu-saqotiwe-lehaqifu-kuh-wuk-puwirefa-peh,lehaqifu,,4319
59e39cc9c0d35a0001294f20,62b1ff970dfb7055f35d6937,44,receiver,family,former,former-family,,family,3528
59e39cc9c0d35a0001294f20,62b1ff970dfb7055f35d6937,45,sender,number,player,tih-haq-pofepilu-hiwaponu-saqotiwe-lehaqifu-kuh-wuk-puwirefa-peh,tih,,6547
59e39cc9c0d35a0001294f20,62b1ff970dfb7055f35d6937,46,receiver,author,public,author-public,,public,3709
59e39cc9c0d35a0001294f20,62b1ff970dfb7055f35d6937,47,sender,family,former,tih-haq-pofepilu-hiwaponu-saqotiwe-lehaqifu-kuh-wuk-puwirefa-peh,puwirefa,,3934
59e39cc9c0d35a0001294f20,62b1ff970dfb7055f35d6937,48,receiver,family,former,family-former,,family,2314
59e39cc9c0d35a0001294f20,62b1ff970dfb7055f35d6937,49,sender,family,budget,tih-haq-pofepilu-hiwaponu-saqotiwe-lehaqifu-kuh-wuk-puwirefa-peh,pofepilu,,3462
59e39cc9c0d35a0001294f20,62b1ff970dfb7055f35d6937,50,receiver,author,budget,budget-author,,author,3403
59e39cc9c0d35a0001294f20,62b1ff970dfb7055f35d6937,51,sender,player,public,tih-haq-pofepilu-hiwaponu-saqotiwe-lehaqifu-kuh-wuk-puwirefa-peh,lehaqifu,,6988
59e39cc9c0d35a0001294f20,62b1ff970dfb7055f35d6937,52,receiver,course,player,player-course,,player,2832
59e39cc9c0d35a0001294f20,62b1ff970dfb7055f35d6937,53,sender,number,author,tih-haq-pofepilu-hiwaponu-saqotiwe-lehaqifu-kuh-wuk-puwirefa-peh,tih,,3033
59e39cc9c0d35a0001294f20,62b1ff970dfb7055f35d6937,54,receiver,second,player,second-player,,player,3496
59e39cc9c0d35a0001294f20,62b1ff970dfb7055f35d6937,55,sender,budget,second,tih-haq-pofepilu-hiwaponu-saqotiwe-lehaqifu-kuh-wuk-puwirefa-peh,wuk,,3246
59e39cc9c0d35a0001294f20,62b1ff970dfb7055f35d6937,56,receiver,ground,public,public-ground,,public,2658
59e39cc9c0d35a0001294f20,62b1ff970dfb7055f35d6937,57,sender,ground,course,tih-haq-pofepilu-hiwaponu-saqotiwe-lehaqifu-kuh-wuk-puwirefa-peh,haq,,3622
59e39cc9c0d35a0001294f20,62b1ff970dfb7055f35d6937,58,receiver,course,second,second-course,,second,2394
59e39cc9c0d35a0001294f20,62b1ff970dfb7055f35d6937,59,sender,family,course,tih-haq-pofepilu-hiwaponu-saqotiwe-lehaqifu-kuh-wuk-puwirefa-peh,lehaqifu,,2648
59e39cc9c0d35a0001294f20,62b1ff970dfb7055f35d6937,60,receiver,number,author,number-author,,number,4937
59e39cc9c0d35a0001294f20,62b1ff970dfb7055f35d6937,61,sender,second,player,tih-haq-pofepilu-hiwaponu-saqotiwe-lehaqifu-kuh-wuk-puwirefa-peh,peh,,3871
59e39cc9c0d35a0001294f20,62b1ff970dfb7055f35d6937,62,receiver,number,former,number-former,,former,2229
59e39cc9c0d35a0001294f20,62b1ff970dfb7055f35d6937,63,sender,number,family,tih-haq-pofepilu-hiwaponu-saqotiwe-lehaqifu-kuh-wuk-puwirefa-peh,peh,,2566
59e39cc9c0d35a0001294f20,62b1ff970dfb7055f35d6937,64,receiver,family,public,public-family,,public,5142
59e39cc9c0d35a0001294f20,62b1ff970dfb7055f35d6937,65,sender,second,public,tih-haq-pofepilu-hiwaponu-saqotiwe-lehaqifu-kuh-wuk-puwirefa-peh,peh,,3246
59e39cc9c0d35a0001294f20,62b1ff970dfb7055f35d6937,66,receiver,number,public,number-public,,public,3556
59e39cc9c0d35a0001294f20,62b1ff970dfb7055f35d6937,67,sender,former,budget,tih-haq-pofepilu-hiwaponu-saqotiwe-lehaqifu-kuh-wuk-puwirefa-peh,lehaqifu,,2334
59e39cc9c0d35a0001294f20,62b1ff970dfb7055f35d6937,68,receiver,budget,second,second-budget,,budget,2868
59e39cc9c0d35a0001294f20,62b1ff970dfb7055f35d6937,69,sender,course,public,tih-haq-pofepilu-hiwaponu-saqotiwe-lehaqifu-kuh-wuk-puwirefa-peh,kuh,,3397
59e39cc9c0d35a0001294f20,62b1ff970dfb7055f35d6937,70,receiver,family,player,player-family,,family,6611
59e39cc9c0d35a0001294f20,62b1ff970dfb7055f35d6937,71,sender,ground,course,tih-haq-pofepilu-hiwaponu-saqotiwe-lehaqifu-kuh-wuk-puwirefa-peh,hiwaponu,,9416
59e39cc9c0d35a0001294f20,62b1ff970dfb7055f35d6937,72,receiver,author,former,author-former,,former,5151
59e39cc9c0d35a0001294f20,62b1ff970dfb7055f35d6937,73,sender,family,former,tih-haq-pofepilu-hiwaponu-saqotiwe-lehaqifu-kuh-wuk-puwirefa-peh,lehaqifu,,2378
59e39cc9c0d35a0001294f20,62b1ff970dfb7055f35d6937,74,receiver,author,family,author-family,,family,3224
59e39cc9c0d35a0001294f20,62b1ff970dfb7055f35d6937,75,sender,number,author,tih-haq-pofepilu-hiwaponu-saqotiwe-lehaqifu-kuh-wuk-puwirefa-peh,tih,,4130
59e39cc9c0d35a0001294f20,62b1ff970dfb7055f35d6937,76,receiver,number,budget,number-budget,,number,3040
59e39cc9c0d35a0001294f20,62b1ff970dfb7055f35d6937,77,sender,former,ground,tih-haq-pofepilu-hiwaponu-saqotiwe-lehaqifu-kuh-wuk-puwirefa-peh,wuk,,3964
59e39cc9c0d35a0001294f20,62b1ff970dfb7055f35d6937,78,receiver,number,author,number-author,,author,4019
59e39cc9c0d35a0001294f20,62b1ff970dfb7055f35d6937,79,sender,former,ground,tih-haq-pofepilu-hiwaponu-saqotiwe-lehaqifu-kuh-wuk-puwirefa-peh,kuh,,3711
59e39cc9c0d35a0001294f20,62b1ff970dfb7055f35d6937,80,receiver,number,ground,ground-number,,ground,3011
59e39cc9c0d35a0001294f20,62b1ff970dfb7055f35d6937,81,sender,family,player,tih-haq-pofepilu-hiwaponu-saqotiwe-lehaqifu-kuh-wuk-puwirefa-peh,lehaqifu,,2177
59e39cc9c0d35a0001294f20,62b1ff970dfb7055f35d6937,82,receiver,budget,public,budget-public,,public,4163
59e39cc9c0d35a0001294f20,62b1ff970dfb7055f35d6937,83,sender,budget,player,tih-haq-pofepilu-hiwaponu-saqotiwe-lehaqifu-kuh-wuk-puwirefa-peh,haq,,5189
59e39cc9c0d35a0001294f20,62b1ff970dfb7055f35d6937,84,receiver,second,player,second-player,,player,3924
59e39cc9c0d35a0001294f20,62b1ff970dfb7055f35d6937,85,sender,family,former,tih-haq-pofepilu-hiwaponu-saqotiwe-lehaqifu-kuh-wuk-puwirefa-peh,lehaqifu,,2326
59e39cc9c0d35a0001294f20,62b1ff970dfb7055f35d6937,86,receiver,budget,second,second-budget,,second,2523
59e39cc9c0d35a0001294f20,62b1ff970dfb7055f35d6937,87,sender,ground,course,tih-haq-pofepilu-hiwaponu-saqotiwe-lehaqifu-kuh-wuk-puwirefa-peh,wuk,,3295
59e39cc9c0d35a0001294f20,62b1ff970dfb7055f35d6937,88,receiver,course,public,public-course,,public,2835
59e39cc9c0d35a0001294f20,62b1ff970dfb7055f35d6937,89,sender,ground,second,tih-haq-pofepilu-hiwaponu-saqotiwe-lehaqifu-kuh-wuk-puwirefa-peh,pofepilu,,4732
59e39cc9c0d35a0001294f20,62b1ff970dfb7055f35d6937,90,receiver,budget,second,budget-second,,budget,4494
59e39cc9c0d35a0001294f20,62b1ff970dfb7055f35d6937,91,sender,budget,player,tih-haq-pofepilu-hiwaponu-saqotiwe-lehaqifu-kuh-wuk-puwirefa-peh,saqotiwe,,2810
59e39cc9c0d35a0001294f20,62b1ff970dfb7055f35d6937,92,receiver,family,second,family-second,,family,3611
59e39cc9c0d35a0001294f20,62b1ff970dfb7055f35d6937,93,sender,budget,public,tih-haq-pofepilu-hiwaponu-saqotiwe-lehaqifu-kuh-wuk-puwirefa-peh,pofepilu,,4946
59e39cc9c0d35a0001294f20,62b1ff970dfb7055f35d6937,94,receiver,course,budget,course-budget,,budget,3935
59e39cc9c0d35a0001294f20,62b1ff970dfb7055f35d6937,95,sender,author,former,tih-haq-pofepilu-hiwaponu-saqotiwe-lehaqifu-kuh-wuk-puwirefa-peh,haq,,4777
59e39cc9c0d35a0001294f20,62b1ff970dfb7055f35d6937,96,receiver,author,player,author-player,,player,2992
59e39cc9c0d35a0001294f20,62b1ff970dfb7055f35d6937,97,sender,former,second,tih-haq-pofepilu-hiwaponu-saqotiwe-lehaqifu-kuh-wuk-puwirefa-peh,puwirefa,,4165
59e39cc9c0d35a0001294f20,62b1ff970dfb7055f35d6937,98,receiver,former,course,course-former,,former,3760
59e39cc9c0d35a0001294f20,62b1ff970dfb7055f35d6937,99,sender,course,player,tih-haq-pofepilu-hiwaponu-saqotiwe-lehaqifu-kuh-wuk-puwirefa-peh,hiwaponu,,5061
59e39cc9c0d35a0001294f20,62b1ff970dfb7055f35d6937,100,receiver,former,player,former-player,,player,3927
59e39cc9c0d35a0001294f20,62b1ff970dfb7055f35d6937,101,sender,author,course,tih-haq-pofepilu-hiwaponu-saqotiwe-lehaqifu-kuh-wuk-puwirefa-peh,haq,,2716
59e39cc9c0d35a0001294f20,62b1ff970dfb7055f35d6937,102,receiver,family,former,former-family,,family,2852
59e39cc9c0d35a0001294f20,62b1ff970dfb7055f35d6937,103,sender,family,former,tih-haq-pofepilu-hiwaponu-saqotiwe-lehaqifu-kuh-wuk-puwirefa-peh,saqotiwe,,5235
59e39cc9c0d35a0001294f20,62b1ff970dfb7055f35d6937,104,receiver,ground,course,course-ground,,course,4632
59e39cc9c0d35a0001294f20,62b1ff970dfb7055f35d6937,105,sender,family,course,tih-haq-pofepilu-hiwaponu-saqotiwe-lehaqifu-kuh-wuk-puwirefa-peh,lehaqifu,,2596
59e39cc9c0d35a0001294f20,62b1ff970dfb7055f35d6937,106,receiver,budget,player,player-budget,,player,5240
59e39cc9c0d35a0001294f20,62b1ff970dfb7055f35d6937,107,sender,number,author,tih-haq-pofepilu-hiwaponu-saqotiwe-lehaqifu-kuh-wuk-puwirefa-peh,tih,,2963
59e39cc9c0d35a0001294f20,62b1ff970dfb7055f35d6937,108,receiver,ground,player,ground-player,,player,3190
59e39cc9c0d35a0001294f20,62b1ff970dfb7055f35d6937,109,sender,second,public,tih-haq-pofepilu-hiwaponu-saqotiwe-lehaqifu-kuh-wuk-puwirefa-peh,peh,,4705
59e39cc9c0d35a0001294f20,62b1ff970dfb7055f35d6937,110,receiver,course,second,second-course,,second,3225
59e39cc9c0d35a0001294f20,62b1ff970dfb7055f35d6937,111,sender,author,public,tih-haq-pofepilu-hiwaponu-saqotiwe-lehaqifu-kuh-wuk-puwirefa-peh,haq,,2826
59e39cc9c0d35a0001294f20,62b1ff970dfb7055f35d6937,112,receiver,number,author,number-author,,number,2582
59e39cc9c0d35a0001294f20,62b1ff970dfb7055f35d6937,113,sender,ground,player,tih-haq-pofepilu-hiwaponu-saqotiwe-lehaqifu-kuh-wuk-puwirefa-peh,lehaqifu,,2588
59e39cc9c0d35a0001294f20,62b1ff970dfb7055f35d6937,114,receiver,ground,course,course-ground,,course,2657
59e39cc9c0d35a0001294f20,62b1ff970dfb7055f35d6937,115,sender,second,public,tih-haq-pofepilu-hiwaponu-saqotiwe-lehaqifu-kuh-wuk-puwirefa-peh,peh,,4547
59e39cc9c0d35a0001294f20,62b1ff970dfb7055f35d6937,116,receiver,ground,course,course-ground,,ground,4212
59e39cc9c0d35a0001294f20,62b1ff970dfb7055f35d6937,117,sender,author,course,tih-haq-pofepilu-hiwaponu-saqotiwe-lehaqifu-kuh-wuk-puwirefa-peh,haq,,2486
59e39cc9c0d35a0001294f20,62b1ff970dfb7055f35d6937,118,receiver,family,former,family-former,,former,4767
59e39cc9c0d35a0001294f20,62b1ff970dfb7055f35d6937,119,sender,family,former,tih-haq-pofepilu-hiwaponu-saqotiwe-lehaqifu-kuh-wuk-puwirefa-peh,wuk,,2130
59e39cc9c0d35a0001294f20,62b1ff970dfb7055f35d6937,120,receiver,author,ground,author-ground,,ground,3176
59e39cc9c0d35a0001294f20,62b1ff970dfb7055f35d6937,121,sender,second,player,tih-haq-pofepilu-hiwaponu-saqotiwe-lehaqifu-kuh-wuk-puwirefa-peh,peh,,2346
59e39cc9c0d35a0001294f20,62b1ff970dfb7055f35d6937,122,receiver,family,second,second-family,,family,2459
59e39cc9c0d35a0001294f20,62b1ff970dfb7055f35d6937,123,sender,budget,public,tih-haq-pofepilu-hiwaponu-saqotiwe-lehaqifu-kuh-wuk-puwirefa-peh,hiwaponu,,2703
59e39cc9c0d35a0001294f20,62b1ff970dfb7055f35d6937,124,receiver,former,player,player-former,,player,3882
59e39cc9c0d35a0001294f20,62b1ff970dfb7055f35d6937,125,sender,second,public,tih-haq-pofepilu-hiwaponu-saqotiwe-lehaqifu-kuh-wuk-puwirefa-peh,peh,,1957
59e39cc9c0d35a0001294f20,62b1ff970dfb7055f35d6937,126,receiver,number,course,course-number,,course,6090
59e39cc9c0d35a0001294f20,62b1ff970dfb7055f35d6937,127,sender,author,ground,tih-haq-pofepilu-hiwaponu-saqotiwe-lehaqifu-kuh-wuk-puwirefa-peh,haq,,2527
59e39cc9c0d35a0001294f20,62b1ff970dfb7055f35d6937,128,receiver,family,former,family-former,,family,3851
59e39cc9c0d35a0001294f20,62b1ff970dfb7055f35d6937,129,sender,family,former,tih-haq-pofepilu-hiwaponu-saqotiwe-lehaqifu-kuh-wuk-puwirefa-peh,saqotiwe,,2182
59e39cc9c0d35a0001294f20,62b1ff970dfb7055f35d6937,130,receiver,budget,player,budget-player,,player,3346
59e39cc9c0d35a0001294f20,62b1ff970dfb7055f35d6937,131,sender,former,public,tih-haq-pofepilu-hiwaponu-saqotiwe-lehaqifu-kuh-wuk-puwirefa-peh,kuh,,2582
59e39cc9c0d35a0001294f20,62b1ff970dfb7055f35d6937,132,receiver,former,budget,budget-former,,former,6391
59e39cc9c0d35a0001294f20,62b1ff970dfb7055f35d6937,133,sender,number,second,tih-haq-pofepilu-hiwaponu-saqotiwe-lehaqifu-kuh-wuk-puwirefa-peh,tih,,3325
59e39cc9c0d35a0001294f20,62b1ff970dfb7055f35d6937,134,receiver,number,budget,number-budget,,budget,3794
59e39cc9c0d35a0001294f20,62b1ff970dfb7055f35d6937,135,sender,ground,course,tih-haq-pofepilu-hiwaponu-saqotiwe-lehaqifu-kuh-wuk-puwirefa-peh,lehaqifu,,2175