participant_id, partner_id, trial_index, trial_type, target_meaning, foil_meaning,             choices, signal_selected, meaning_guess, rt
62b1ff970dfb7055f35d6937,59e39cc9c0d35a0001294f20,1,receiver,number,public,number-public,,public,5198.5
62b1ff970dfb7055f35d6937,59e39cc9c0d35a0001294f20,2,sender,author,player,tih-haq-pofepilu-hiwaponu-saqotiwe-lehaqifu-kuh-wuk-puwirefa-peh,wuk,,12021.2
62b1ff970dfb7055f35d6937,59e39cc9c0d35a0001294f20,3,receiver,number,author,author-number,,author,6008.5
62b1ff970dfb7055f35d6937,59e39cc9c0d35a0001294f20,4,sender,second,public,tih-haq-pofepilu-hiwaponu-saqotiwe-lehaqifu-kuh-wuk-puwirefa-peh,haq,,12031.2
62b1ff970dfb7055f35d6937,59e39cc9c0d35a0001294f20,5,receiver,family,ground,ground-family,,ground,7424.3
62b1ff970dfb7055f35d6937,59e39cc9c0d35a0001294f20,6,sender,number,author,tih-haq-pofepilu-hiwaponu-saqotiwe-lehaqifu-kuh-wuk-puwirefa-peh,hiwaponu,,13306.6
62b1ff970dfb7055f35d6937,59e39cc9c0d35a0001294f20,7,receiver,ground,public,ground-public,,public,5342
62b1ff970dfb7055f35d6937,59e39cc9c0d35a0001294f20,8,sender,number,author,tih-haq-pofepilu-hiwaponu-saqotiwe-lehaqifu-kuh-wuk-puwirefa-peh,hiwaponu,,7445.9
62b1ff970dfb7055f35d6937,59e39cc9c0d35a0001294f20,9,receiver,ground,course,course-ground,,course,2082.6
62b1ff970dfb7055f35d6937,59e39cc9c0d35a0001294f20,10,sender,ground,budget,tih-haq-pofepilu-hiwaponu-saqotiwe-lehaqifu-kuh-wuk-puwirefa-peh,wuk,,5231
62b1ff970dfb7055f35d6937,59e39cc9c0d35a0001294f20,11,receiver,author,family,author-family,,family,1759.9
62b1ff970dfb7055f35d6937,59e39cc9c0d35a0001294f20,12,sender,budget,player,tih-haq-pofepilu-hiwaponu-saqotiwe-lehaqifu-kuh-wuk-puwirefa-peh,lehaqifu,,2485.2
62b1ff970dfb7055f35d6937,59e39cc9c0d35a0001294f20,13,receiver,former,public,former-public,,former,2184
62b1ff970dfb7055f35d6937,59e39cc9c0d35a0001294f20,14,sender,author,second,tih-haq-pofepilu-hiwaponu-saqotiwe-lehaqifu-kuh-wuk-puwirefa-peh,haq,,2896.7
62b1ff970dfb7055f35d6937,59e39cc9c0d35a0001294f20,15,receiver,family,ground,family-ground,,family,1645.6
62b1ff970dfb7055f35d6937,59e39cc9c0d35a0001294f20,16,sender,ground,course,tih-haq-pofepilu-hiwaponu-saqotiwe-lehaqifu-kuh-wuk-puwirefa-peh,peh,,2968
62b1ff970dfb7055f35d6937,59e39cc9c0d35a0001294f20,17,receiver,author,budget,author-budget,,author,2233.4
62b1ff970dfb7055f35d6937,59e39cc9c0d35a0001294f20,18,sender,number,second,tih-haq-pofepilu-hiwaponu-saqotiwe-lehaqifu-kuh-wuk-puwirefa-peh,hiwaponu,,3901.5
62b1ff970dfb7055f35d6937,59e39cc9c0d35a0001294f20,19,receiver,ground,second,second-ground,,ground,2314.3
62b1ff970dfb7055f35d6937,59e39cc9c0d35a0001294f20,20,sender,number,ground,tih-haq-pofepilu-hiwaponu-saqotiwe-lehaqifu-kuh-wuk-puwirefa-peh,tih,,4000.4
62b1ff970dfb7055f35d6937,59e39cc9c0d35a0001294f20,21,receiver,budget,public,public-budget,,public,2439.2
62b1ff970dfb7055f35d6937,59e39cc9c0d35a0001294f20,22,sender,ground,course,tih-haq-pofepilu-hiwaponu-saqotiwe-lehaqifu-kuh-wuk-puwirefa-peh,tih,,3316.6
62b1ff970dfb7055f35d6937,59e39cc9c0d35a0001294f20,23,receiver,player,public,player-public,,public,2149
62b1ff970dfb7055f35d6937,59e39cc9c0d35a0001294f20,24,sender,second,player,tih-haq-pofepilu-hiwaponu-saqotiwe-lehaqifu-kuh-wuk-puwirefa-peh,haq,,7561.5
62b1ff970dfb7055f35d6937,59e39cc9c0d35a0001294f20,25,receiver,family,budget,family-budget,,family,3151.9
62b1ff970dfb7055f35d6937,59e39cc9c0d35a0001294f20,26,sender,author,second,tih-haq-pofepilu-hiwaponu-saqotiwe-lehaqifu-kuh-wuk-puwirefa-peh,peh,,4400.9
62b1ff970dfb7055f35d6937,59e39cc9c0d35a0001294f20,27,receiver,former,second,second-former,,second,2915.5
62b1ff970dfb7055f35d6937,59e39cc9c0d35a0001294f20,28,sender,number,player,tih-haq-pofepilu-hiwaponu-saqotiwe-lehaqifu-kuh-wuk-puwirefa-peh,kuh,,2799.5
62b1ff970dfb7055f35d6937,59e39cc9c0d35a0001294f20,29,receiver,number,family,family-number,,number,2954.8
62b1ff970dfb7055f35d6937,59e39cc9c0d35a0001294f20,30,sender,player,public,tih-haq-pofepilu-hiwaponu-saqotiwe-lehaqifu-kuh-wuk-puwirefa-peh,lehaqifu,,5814.7
62b1ff970dfb7055f35d6937,59e39cc9c0d35a0001294f20,31,receiver,player,public,player-public,,public,4833.7
62b1ff970dfb7055f35d6937,59e39cc9c0d35a0001294f20,32,sender,family,public,tih-haq-pofepilu-hiwaponu-saqotiwe-lehaqifu-kuh-wuk-puwirefa-peh,pofepilu,,4148.8
62b1ff970dfb7055f35d6937,59e39cc9c0d35a0001294f20,33,receiver,player,public,public-player,,public,2159
62b1ff970dfb7055f35d6937,59e39cc9c0d35a0001294f20,34,sender,number,former,tih-haq-pofepilu-hiwaponu-saqotiwe-lehaqifu-kuh-wuk-puwirefa-peh,saqotiwe,,1133.3
62b1ff970dfb7055f35d6937,59e39cc9c0d35a0001294f20,35,receiver,number,author,author-number,,number,813.8
62b1ff970dfb7055f35d6937,59e39cc9c0d35a0001294f20,36,sender,budget,second,tih-haq-pofepilu-hiwaponu-saqotiwe-lehaqifu-kuh-wuk-puwirefa-peh,peh,,2674.9
62b1ff970dfb7055f35d6937,59e39cc9c0d35a0001294f20,37,receiver,ground,budget,ground-budget,,ground,1493.5
62b1ff970dfb7055f35d6937,59e39cc9c0d35a0001294f20,38,sender,course,budget,tih-haq-pofepilu-hiwaponu-saqotiwe-lehaqifu-kuh-wuk-puwirefa-peh,hiwaponu,,4155.8
62b1ff970dfb7055f35d6937,59e39cc9c0d35a0001294f20,39,receiver,number,course,number-course,,course,1103.4
62b1ff970dfb7055f35d6937,59e39cc9c0d35a0001294f20,40,sender,former,course,tih-haq-pofepilu-hiwaponu-saqotiwe-lehaqifu-kuh-wuk-puwirefa-peh,puwirefa,,4267.8
62b1ff970dfb7055f35d6937,59e39cc9c0d35a0001294f20,41,receiver,budget,public,budget-public,,public,1269.8
62b1ff970dfb7055f35d6937,59e39cc9c0d35a0001294f20,42,sender,number,author,tih-haq-pofepilu-hiwaponu-saqotiwe-lehaqifu-kuh-wuk-puwirefa-peh,wuk,,4971.7
62b1ff970dfb7055f35d6937,59e39cc9c0d35a0001294f20,43,receiver,ground,course,ground-course,,ground,4708.8
62b1ff970dfb7055f35d6937,59e39cc9c0d35a0001294f20,44,sender,family,former,tih-haq-pofepilu-hiwaponu-saqotiwe-lehaqifu-kuh-wuk-puwirefa-peh,saqotiwe,,7048.1
62b1ff970dfb7055f35d6937,59e39cc9c0d35a0001294f20,45,receiver,number,player,number-player,,number,1977.9
62b1ff970dfb7055f35d6937,59e39cc9c0d35a0001294f20,46,sender,author,public,tih-haq-pofepilu-hiwaponu-saqotiwe-lehaqifu-kuh-wuk-puwirefa-peh,puwirefa,,2884.2
62b1ff970dfb7055f35d6937,59e39cc9c0d35a0001294f20,47,receiver,family,former,former-family,,family,1226
62b1ff970dfb7055f35d6937,59e39cc9c0d35a0001294f20,48,sender,family,former,tih-haq-pofepilu-hiwaponu-saqotiwe-lehaqifu-kuh-wuk-puwirefa-peh,pofepilu,,2677.2
62b1ff970dfb7055f35d6937,59e39cc9c0d35a0001294f20,49,receiver,family,budget,budget-family,,family,5205.4
62b1ff970dfb7055f35d6937,59e39cc9c0d35a0001294f20,50,sender,author,budget,tih-haq-pofepilu-hiwaponu-saqotiwe-lehaqifu-kuh-wuk-puwirefa-peh,haq,,4684.4
62b1ff970dfb7055f35d6937,59e39cc9c0d35a0001294f20,51,receiver,player,public,player-public,,public,1546.6
62b1ff970dfb7055f35d6937,59e39cc9c0d35a0001294f20,52,sender,course,player,tih-haq-pofepilu-hiwaponu-saqotiwe-lehaqifu-kuh-wuk-puwirefa-peh,pofepilu,,3755.8
62b1ff970dfb7055f35d6937,59e39cc9c0d35a0001294f20,53,receiver,number,author,author-number,,number,1560.8
62b1ff970dfb7055f35d6937,59e39cc9c0d35a0001294f20,54,sender,second,player,tih-haq-pofepilu-hiwaponu-saqotiwe-lehaqifu-kuh-wuk-puwirefa-peh,haq,,1804.4
62b1ff970dfb7055f35d6937,59e39cc9c0d35a0001294f20,55,receiver,budget,second,second-budget,,second,10609
62b1ff970dfb7055f35d6937,59e39cc9c0d35a0001294f20,56,sender,ground,public,tih-haq-pofepilu-hiwaponu-saqotiwe-lehaqifu-kuh-wuk-puwirefa-peh,haq,,1699.5
62b1ff970dfb7055f35d6937,59e39cc9c0d35a0001294f20,57,receiver,ground,course,course-ground,,ground,1008.6
62b1ff970dfb7055f35d6937,59e39cc9c0d35a0001294f20,58,sender,course,second,tih-haq-pofepilu-hiwaponu-saqotiwe-lehaqifu-kuh-wuk-puwirefa-peh,hiwaponu,,2598
62b1ff970dfb7055f35d6937,59e39cc9c0d35a0001294f20,59,receiver,family,course,course-family,,family,1994.6
62b1ff970dfb7055f35d6937,59e39cc9c0d35a0001294f20,60,sender,number,author,tih-haq-pofepilu-hiwaponu-saqotiwe-lehaqifu-kuh-wuk-puwirefa-peh,wuk,,3524.5
62b1ff970dfb7055f35d6937,59e39cc9c0d35a0001294f20,61,receiver,second,player,second-player,,second,1108
62b1ff970dfb7055f35d6937,59e39cc9c0d35a0001294f20,62,sender,number,former,tih-haq-pofepilu-hiwaponu-saqotiwe-lehaqifu-kuh-wuk-puwirefa-peh,lehaqifu,,2378.1
62b1ff970dfb7055f35d6937,59e39cc9c0d35a0001294f20,63,receiver,number,family,family-number,,family,1458.8
62b1ff970dfb7055f35d6937,59e39cc9c0d35a0001294f20,64,sender,family,public,tih-haq-pofepilu-hiwaponu-saqotiwe-lehaqifu-kuh-wuk-puwirefa-peh,peh,,3414
62b1ff970dfb7055f35d6937,59e39cc9c0d35a0001294f20,65,receiver,second,public,public-second,,second,2857.2
62b1ff970dfb7055f35d6937,59e39cc9c0d35a0001294f20,66,sender,number,public,tih-haq-pofepilu-hiwaponu-saqotiwe-lehaqifu-kuh-wuk-puwirefa-peh,wuk,,3963.9
62b1ff970dfb7055f35d6937,59e39cc9c0d35a0001294f20,67,receiver,former,budget,budget-former,,former,1577.1
62b1ff970dfb7055f35d6937,59e39cc9c0d35a0001294f20,68,sender,budget,second,tih-haq-pofepilu-hiwaponu-saqotiwe-lehaqifu-kuh-wuk-puwirefa-peh,lehaqifu,,3077
62b1ff970dfb7055f35d6937,59e39cc9c0d35a0001294f20,69,receiver,course,public,public-course,,course,1582.6
62b1ff970dfb7055f35d6937,59e39cc9c0d35a0001294f20,70,sender,family,player,tih-haq-pofepilu-hiwaponu-saqotiwe-lehaqifu-kuh-wuk-puwirefa-peh,saqotiwe,,4931.2
62b1ff970dfb7055f35d6937,59e39cc9c0d35a0001294f20,71,receiver,ground,course,course-ground,,course,2161.2
62b1ff970dfb7055f35d6937,59e39cc9c0d35a0001294f20,72,sender,author,former,tih-haq-pofepilu-hiwaponu-saqotiwe-lehaqifu-kuh-wuk-puwirefa-peh,pofepilu,,5355.5
62b1ff970dfb7055f35d6937,59e39cc9c0d35a0001294f20,73,receiver,family,former,former-family,,family,3389.6
62b1ff970dfb7055f35d6937,59e39cc9c0d35a0001294f20,74,sender,author,family,tih-haq-pofepilu-hiwaponu-saqotiwe-lehaqifu-kuh-wuk-puwirefa-peh,hiwaponu,,4569.1
62b1ff970dfb7055f35d6937,59e39cc9c0d35a0001294f20,75,receiver,number,author,author-number,,author,3419.7
62b1ff970dfb7055f35d6937,59e39cc9c0d35a0001294f20,76,sender,number,budget,tih-haq-pofepilu-hiwaponu-saqotiwe-lehaqifu-kuh-wuk-puwirefa-peh,peh,,4254.2
62b1ff970dfb7055f35d6937,59e39cc9c0d35a0001294f20,77,receiver,former,ground,ground-former,,former,1323.2
62b1ff970dfb7055f35d6937,59e39cc9c0d35a0001294f20,78,sender,number,author,tih-haq-pofepilu-hiwaponu-saqotiwe-lehaqifu-kuh-wuk-puwirefa-peh,puwirefa,,5104.7
62b1ff970dfb7055f35d6937,59e39cc9c0d35a0001294f20,79,receiver,former,ground,former-ground,,former,1239.4
62b1ff970dfb7055f35d6937,59e39cc9c0d35a0001294f20,80,sender,number,ground,tih-haq-pofepilu-hiwaponu-saqotiwe-lehaqifu-kuh-wuk-puwirefa-peh,wuk,,1857.9
62b1ff970dfb7055f35d6937,59e39cc9c0d35a0001294f20,81,receiver,family,player,player-family,,player,745.1
62b1ff970dfb7055f35d6937,59e39cc9c0d35a0001294f20,82,sender,budget,public,tih-haq-pofepilu-hiwaponu-saqotiwe-lehaqifu-kuh-wuk-puwirefa-peh,haq,,3748.7
62b1ff970dfb7055f35d6937,59e39cc9c0d35a0001294f20,83,receiver,budget,player,player-budget,,player,2192.3
62b1ff970dfb7055f35d6937,59e39cc9c0d35a0001294f20,84,sender,second,player,tih-haq-pofepilu-hiwaponu-saqotiwe-lehaqifu-kuh-wuk-puwirefa-peh,puwirefa,,2047.9
62b1ff970dfb7055f35d6937,59e39cc9c0d35a0001294f20,85,receiver,family,former,former-family,,family,2195.5
62b1ff970dfb7055f35d6937,59e39cc9c0d35a0001294f20,86,sender,budget,second,tih-haq-pofepilu-hiwaponu-saqotiwe-lehaqifu-kuh-wuk-puwirefa-peh,wuk,,8431
62b1ff970dfb7055f35d6937,59e39cc9c0d35a0001294f20,87,receiver,ground,course,ground-course,,course,3705.2
62b1ff970dfb7055f35d6937,59e39cc9c0d35a0001294f20,88,sender,course,public,tih-haq-pofepilu-hiwaponu-saqotiwe-lehaqifu-kuh-wuk-puwirefa-peh,hiwaponu,,6561.3
62b1ff970dfb7055f35d6937,59e39cc9c0d35a0001294f20,89,receiver,ground,second,ground-second,,second,1247.3
62b1ff970dfb7055f35d6937,59e39cc9c0d35a0001294f20,90,sender,budget,second,tih-haq-pofepilu-hiwaponu-saqotiwe-lehaqifu-kuh-wuk-puwirefa-peh,saqotiwe,,5416.1
62b1ff970dfb7055f35d6937,59e39cc9c0d35a0001294f20,91,receiver,budget,player,player-budget,,player,1198
62b1ff970dfb7055f35d6937,59e39cc9c0d35a0001294f20,92,sender,family,second,tih-haq-pofepilu-hiwaponu-saqotiwe-lehaqifu-kuh-wuk-puwirefa-peh,saqotiwe,,3782.4
62b1ff970dfb7055f35d6937,59e39cc9c0d35a0001294f20,93,receiver,budget,public,budget-public,,public,2761.8
62b1ff970dfb7055f35d6937,59e39cc9c0d35a0001294f20,94,sender,course,budget,tih-haq-pofepilu-hiwaponu-saqotiwe-lehaqifu-kuh-wuk-puwirefa-peh,puwirefa,,4318.7
62b1ff970dfb7055f35d6937,59e39cc9c0d35a0001294f20,95,receiver,author,former,author-former,,author,1141.5
62b1ff970dfb7055f35d6937,59e39cc9c0d35a0001294f20,96,sender,author,player,tih-haq-pofepilu-hiwaponu-saqotiwe-lehaqifu-kuh-wuk-puwirefa-peh,peh,,9194.3
62b1ff970dfb7055f35d6937,59e39cc9c0d35a0001294f20,97,receiver,former,second,second-former,,second,1161
62b1ff970dfb7055f35d6937,59e39cc9c0d35a0001294f20,98,sender,former,course,tih-haq-pofepilu-hiwaponu-saqotiwe-lehaqifu-kuh-wuk-puwirefa-peh,pofepilu,,7970.1
62b1ff970dfb7055f35d6937,59e39cc9c0d35a0001294f20,99,receiver,course,player,player-course,,player,3572.5
62b1ff970dfb7055f35d6937,59e39cc9c0d35a0001294f20,100,sender,former,player,tih-haq-pofepilu-hiwaponu-saqotiwe-lehaqifu-kuh-wuk-puwirefa-peh,puwirefa,,4409.2
62b1ff970dfb7055f35d6937,59e39cc9c0d35a0001294f20,101,receiver,author,course,author-course,,course,3501.8
62b1ff970dfb7055f35d6937,59e39cc9c0d35a0001294f20,102,sender,family,former,tih-haq-pofepilu-hiwaponu-saqotiwe-lehaqifu-kuh-wuk-puwirefa-peh,saqotiwe,,2011.8
62b1ff970dfb7055f35d6937,59e39cc9c0d35a0001294f20,103,receiver,family,former,former-family,,family,2145.8
62b1ff970dfb7055f35d6937,59e39cc9c0d35a0001294f20,104,sender,ground,course,tih-haq-pofepilu-hiwaponu-saqotiwe-lehaqifu-kuh-wuk-puwirefa-peh,puwirefa,,7523.9
62b1ff970dfb7055f35d6937,59e39cc9c0d35a0001294f20,105,receiver,family,course,course-family,,family,2976
62b1ff970dfb7055f35d6937,59e39cc9c0d35a0001294f20,106,sender,budget,player,tih-haq-pofepilu-hiwaponu-saqotiwe-lehaqifu-kuh-wuk-puwirefa-peh,kuh,,5707.1
62b1ff970dfb7055f35d6937,59e39cc9c0d35a0001294f20,107,receiver,number,author,author-number,,number,1633.1
62b1ff970dfb7055f35d6937,59e39cc9c0d35a0001294f20,108,sender,ground,player,tih-haq-pofepilu-hiwaponu-saqotiwe-lehaqifu-kuh-wuk-puwirefa-peh,kuh,,3137.9
62b1ff970dfb7055f35d6937,59e39cc9c0d35a0001294f20,109,receiver,second,public,public-second,,public,1682.9
62b1ff970dfb7055f35d6937,59e39cc9c0d35a0001294f20,110,sender,course,second,tih-haq-pofepilu-hiwaponu-saqotiwe-lehaqifu-kuh-wuk-puwirefa-peh,pofepilu,,3313.6
62b1ff970dfb7055f35d6937,59e39cc9c0d35a0001294f20,111,receiver,author,public,public-author,,author,1930.4
62b1ff970dfb7055f35d6937,59e39cc9c0d35a0001294f20,112,sender,number,author,tih-haq-pofepilu-hiwaponu-saqotiwe-lehaqifu-kuh-wuk-puwirefa-peh,tih,,2310.8
62b1ff970dfb7055f35d6937,59e39cc9c0d35a0001294f20,113,receiver,ground,player,player-ground,,ground,2002.9
62b1ff970dfb7055f35d6937,59e39cc9c0d35a0001294f20,114,sender,ground,course,tih-haq-pofepilu-hiwaponu-saqotiwe-lehaqifu-kuh-wuk-puwirefa-peh,peh,,3702.8
62b1ff970dfb7055f35d6937,59e39cc9c0d35a0001294f20,115,receiver,second,public,public-second,,public,1397.7
62b1ff970dfb7055f35d6937,59e39cc9c0d35a0001294f20,116,sender,ground,course,tih-haq-pofepilu-hiwaponu-saqotiwe-lehaqifu-kuh-wuk-puwirefa-peh,haq,,4596.6
62b1ff970dfb7055f35d6937,59e39cc9c0d35a0001294f20,117,receiver,author,course,author-course,,course,1173.3
62b1ff970dfb7055f35d6937,59e39cc9c0d35a0001294f20,118,sender,family,former,tih-haq-pofepilu-hiwaponu-saqotiwe-lehaqifu-kuh-wuk-puwirefa-peh,wuk,,1692.8
62b1ff970dfb7055f35d6937,59e39cc9c0d35a0001294f20,119,receiver,family,former,family-former,,former,2154.5
62b1ff970dfb7055f35d6937,59e39cc9c0d35a0001294f20,120,sender,author,ground,tih-haq-pofepilu-hiwaponu-saqotiwe-lehaqifu-kuh-wuk-puwirefa-peh,pofepilu,,3840.2
62b1ff970dfb7055f35d6937,59e39cc9c0d35a0001294f20,121,receiver,second,player,player-second,,second,3362.5
62b1ff970dfb7055f35d6937,59e39cc9c0d35a0001294f20,122,sender,family,second,tih-haq-pofepilu-hiwaponu-saqotiwe-lehaqifu-kuh-wuk-puwirefa-peh,saqotiwe,,2345.5
62b1ff970dfb7055f35d6937,59e39cc9c0d35a0001294f20,123,receiver,budget,public,public-budget,,budget,3563.7
62b1ff970dfb7055f35d6937,59e39cc9c0d35a0001294f20,124,sender,former,player,tih-haq-pofepilu-hiwaponu-saqotiwe-lehaqifu-kuh-wuk-puwirefa-peh,wuk,,9923.1
62b1ff970dfb7055f35d6937,59e39cc9c0d35a0001294f20,125,receiver,second,public,public-second,,second,2829.1
62b1ff970dfb7055f35d6937,59e39cc9c0d35a0001294f20,126,sender,number,course,tih-haq-pofepilu-hiwaponu-saqotiwe-lehaqifu-kuh-wuk-puwirefa-peh,haq,,4108.5
62b1ff970dfb7055f35d6937,59e39cc9c0d35a0001294f20,127,receiver,author,ground,ground-author,,author,1896
62b1ff970dfb7055f35d6937,59e39cc9c0d35a0001294f20,128,sender,family,former,tih-haq-pofepilu-hiwaponu-saqotiwe-lehaqifu-kuh-wuk-puwirefa-peh,saqotiwe,,2839.2
62b1ff970dfb7055f35d6937,59e39cc9c0d35a0001294f20,129,receiver,family,former,former-family,,family,2551.9
62b1ff970dfb7055f35d6937,59e39cc9c0d35a0001294f20,130,sender,budget,player,tih-haq-pofepilu-hiwaponu-saqotiwe-lehaqifu-kuh-wuk-puwirefa-peh,puwirefa,,5223.9
62b1ff970dfb7055f35d6937,59e39cc9c0d35a0001294f20,131,receiver,former,public,public-former,,public,5051.7
62b1ff970dfb7055f35d6937,59e39cc9c0d35a0001294f20,132,sender,former,budget,tih-haq-pofepilu-hiwaponu-saqotiwe-lehaqifu-kuh-wuk-puwirefa-peh,peh,,4153.2
62b1ff970dfb7055f35d6937,59e39cc9c0d35a0001294f20,133,receiver,number,second,second-number,,second,2080.8
62b1ff970dfb7055f35d6937,59e39cc9c0d35a0001294f20,134,sender,number,budget,tih-haq-pofepilu-hiwaponu-saqotiwe-lehaqifu-kuh-wuk-puwirefa-peh,peh,,2282.7
62b1ff970dfb7055f35d6937,59e39cc9c0d35a0001294f20,135,receiver,ground,course,course-ground,,course,2534.3