participant_id, partner_id, trial_index, trial_type, target_meaning, foil_meaning,             choices, signal_selected, meaning_guess, rt
5e77b14e04b11505c0839c3f,5cbdda223f70420017ed59f3,1,sender,people,credit,ralonefi-tezalipu-haq-qux-teliqulo-zah-hiwaponu-tih-hix-pofepilu,pofepilu,,38225.2
5e77b14e04b11505c0839c3f,5cbdda223f70420017ed59f3,2,receiver,credit,travel,credit-travel,,travel,3622.2
5e77b14e04b11505c0839c3f,5cbdda223f70420017ed59f3,3,sender,people,window,ralonefi-tezalipu-haq-qux-teliqulo-zah-hiwaponu-tih-hix-pofepilu,pofepilu,,22746.2
5e77b14e04b11505c0839c3f,5cbdda223f70420017ed59f3,4,receiver,credit,review,credit-review,,credit,4338
5e77b14e04b11505c0839c3f,5cbdda223f70420017ed59f3,5,sender,change,design,ralonefi-tezalipu-haq-qux-teliqulo-zah-hiwaponu-tih-hix-pofepilu,tih,,16844.4
5e77b14e04b11505c0839c3f,5cbdda223f70420017ed59f3,6,receiver,review,design,review-design,,design,4129.8
5e77b14e04b11505c0839c3f,5cbdda223f70420017ed59f3,7,sender,online,window,ralonefi-tezalipu-haq-qux-teliqulo-zah-hiwaponu-tih-hix-pofepilu,qux,,23099.4
5e77b14e04b11505c0839c3f,5cbdda223f70420017ed59f3,8,receiver,system,design,design-system,,system,3391.6
5e77b14e04b11505c0839c3f,5cbdda223f70420017ed59f3,9,sender,window,design,ralonefi-tezalipu-haq-qux-teliqulo-zah-hiwaponu-tih-hix-pofepilu,ralonefi,,11853.9
5e77b14e04b11505c0839c3f,5cbdda223f70420017ed59f3,10,receiver,market,online,online-market,,market,2825.1
5e77b14e04b11505c0839c3f,5cbdda223f70420017ed59f3,11,sender,credit,system,ralonefi-tezalipu-haq-qux-teliqulo-zah-hiwaponu-tih-hix-pofepilu,hix,,15740
5e77b14e04b11505c0839c3f,5cbdda223f70420017ed59f3,12,receiver,online,system,online-system,,online,5079.2
5e77b14e04b11505c0839c3f,5cbdda223f70420017ed59f3,13,sender,travel,review,ralonefi-tezalipu-haq-qux-teliqulo-zah-hiwaponu-tih-hix-pofepilu,teliqulo,,12577.9
5e77b14e04b11505c0839c3f,5cbdda223f70420017ed59f3,14,receiver,online,review,review-online,,online,3498.8
5e77b14e04b11505c0839c3f,5cbdda223f70420017ed59f3,15,sender,people,change,ralonefi-tezalipu-haq-qux-teliqulo-zah-hiwaponu-tih-hix-pofepilu,pofepilu,,7223.9
5e77b14e04b11505c0839c3f,5cbdda223f70420017ed59f3,16,receiver,people,review,review-people,,people,3955.8
5e77b14e04b11505c0839c3f,5cbdda223f70420017ed59f3,17,sender,window,design,ralonefi-tezalipu-haq-qux-teliqulo-zah-hiwaponu-tih-hix-pofepilu,ralonefi,,4283.7
5e77b14e04b11505c0839c3f,5cbdda223f70420017ed59f3,18,receiver,market,design,market-design,,design,2263.1
5e77b14e04b11505c0839c3f,5cbdda223f70420017ed59f3,19,sender,market,online,ralonefi-tezalipu-haq-qux-teliqulo-zah-hiwaponu-tih-hix-pofepilu,hiwaponu,,1923.4
5e77b14e04b11505c0839c3f,5cbdda223f70420017ed59f3,20,receiver,online,change,change-online,,online,5148.2
5e77b14e04b11505c0839c3f,5cbdda223f70420017ed59f3,21,sender,online,window,ralonefi-tezalipu-haq-qux-teliqulo-zah-hiwaponu-tih-hix-pofepilu,zah,,1533.6
5e77b14e04b11505c0839c3f,5cbdda223f70420017ed59f3,22,receiver,market,design,market-design,,market,3078.2
5e77b14e04b11505c0839c3f,5cbdda223f70420017ed59f3,23,sender,people,market,ralonefi-tezalipu-haq-qux-teliqulo-zah-hiwaponu-tih-hix-pofepilu,pofepilu,,2009.1
5e77b14e04b11505c0839c3f,5cbdda223f70420017ed59f3,24,receiver,online,credit,credit-online,,online,2358.8
5e77b14e04b11505c0839c3f,5cbdda223f70420017ed59f3,25,sender,market,travel,ralonefi-tezalipu-haq-qux-teliqulo-zah-hiwaponu-tih-hix-pofepilu,hiwaponu,,2294.3
5e77b14e04b11505c0839c3f,5cbdda223f70420017ed59f3,26,receiver,market,change,market-change,,market,2022.9
5e77b14e04b11505c0839c3f,5cbdda223f70420017ed59f3,27,sender,people,online,ralonefi-tezalipu-haq-qux-teliqulo-zah-hiwaponu-tih-hix-pofepilu,pofepilu,,2991.1
5e77b14e04b11505c0839c3f,5cbdda223f70420017ed59f3,28,receiver,online,system,system-online,,online,3038
5e77b14e04b11505c0839c3f,5cbdda223f70420017ed59f3,29,sender,online,travel,ralonefi-tezalipu-haq-qux-teliqulo-zah-hiwaponu-tih-hix-pofepilu,zah,,2742.8
5e77b14e04b11505c0839c3f,5cbdda223f70420017ed59f3,30,receiver,people,system,people-system,,people,1488.2
5e77b14e04b11505c0839c3f,5cbdda223f70420017ed59f3,31,sender,travel,window,ralonefi-tezalipu-haq-qux-teliqulo-zah-hiwaponu-tih-hix-pofepilu,teliqulo,,3908
5e77b14e04b11505c0839c3f,5cbdda223f70420017ed59f3,32,receiver,online,change,online-change,,online,1602.3
5e77b14e04b11505c0839c3f,5cbdda223f70420017ed59f3,33,sender,people,window,ralonefi-tezalipu-haq-qux-teliqulo-zah-hiwaponu-tih-hix-pofepilu,pofepilu,,1614.8
5e77b14e04b11505c0839c3f,5cbdda223f70420017ed59f3,34,receiver,market,change,change-market,,market,2258.9
5e77b14e04b11505c0839c3f,5cbdda223f70420017ed59f3,35,sender,window,design,ralonefi-tezalipu-haq-qux-teliqulo-zah-hiwaponu-tih-hix-pofepilu,ralonefi,,2255.4
5e77b14e04b11505c0839c3f,5cbdda223f70420017ed59f3,36,receiver,change,design,change-design,,change,3280.1
5e77b14e04b11505c0839c3f,5cbdda223f70420017ed59f3,37,sender,travel,change,ralonefi-tezalipu-haq-qux-teliqulo-zah-hiwaponu-tih-hix-pofepilu,teliqulo,,4686
5e77b14e04b11505c0839c3f,5cbdda223f70420017ed59f3,38,receiver,credit,design,design-credit,,credit,2895
5e77b14e04b11505c0839c3f,5cbdda223f70420017ed59f3,39,sender,review,change,ralonefi-tezalipu-haq-qux-teliqulo-zah-hiwaponu-tih-hix-pofepilu,qux,,14276.1
5e77b14e04b11505c0839c3f,5cbdda223f70420017ed59f3,40,receiver,window,change,change-window,,window,2203
5e77b14e04b11505c0839c3f,5cbdda223f70420017ed59f3,41,sender,market,design,ralonefi-tezalipu-haq-qux-teliqulo-zah-hiwaponu-tih-hix-pofepilu,hiwaponu,,1748.8
5e77b14e04b11505c0839c3f,5cbdda223f70420017ed59f3,42,receiver,travel,change,travel-change,,change,6127.9
5e77b14e04b11505c0839c3f,5cbdda223f70420017ed59f3,43,sender,online,design,ralonefi-tezalipu-haq-qux-teliqulo-zah-hiwaponu-tih-hix-pofepilu,zah,,2389.4
5e77b14e04b11505c0839c3f,5cbdda223f70420017ed59f3,44,receiver,credit,travel,travel-credit,,credit,2434.3
5e77b14e04b11505c0839c3f,5cbdda223f70420017ed59f3,45,sender,system,change,ralonefi-tezalipu-haq-qux-teliqulo-zah-hiwaponu-tih-hix-pofepilu,hix,,6851.7
5e77b14e04b11505c0839c3f,5cbdda223f70420017ed59f3,46,receiver,system,review,system-review,,system,2707
5e77b14e04b11505c0839c3f,5cbdda223f70420017ed59f3,47,sender,market,window,ralonefi-tezalipu-haq-qux-teliqulo-zah-hiwaponu-tih-hix-pofepilu,hiwaponu,,2259.4
5e77b14e04b11505c0839c3f,5cbdda223f70420017ed59f3,48,receiver,online,review,review-online,,online,1873.7
5e77b14e04b11505c0839c3f,5cbdda223f70420017ed59f3,49,sender,market,system,ralonefi-tezalipu-haq-qux-teliqulo-zah-hiwaponu-tih-hix-pofepilu,hiwaponu,,1453.6
5e77b14e04b11505c0839c3f,5cbdda223f70420017ed59f3,50,receiver,window,review,review-window,,window,2052.8
5e77b14e04b11505c0839c3f,5cbdda223f70420017ed59f3,51,sender,people,travel,ralonefi-tezalipu-haq-qux-teliqulo-zah-hiwaponu-tih-hix-pofepilu,pofepilu,,2285.9
5e77b14e04b11505c0839c3f,5cbdda223f70420017ed59f3,52,receiver,credit,design,design-credit,,credit,2833.1
5e77b14e04b11505c0839c3f,5cbdda223f70420017ed59f3,53,sender,window,review,ralonefi-tezalipu-haq-qux-teliqulo-zah-hiwaponu-tih-hix-pofepilu,ralonefi,,3259.5
5e77b14e04b11505c0839c3f,5cbdda223f70420017ed59f3,54,receiver,market,review,review-market,,market,2957.6
5e77b14e04b11505c0839c3f,5cbdda223f70420017ed59f3,55,sender,travel,review,ralonefi-tezalipu-haq-qux-teliqulo-zah-hiwaponu-tih-hix-pofepilu,tezalipu,,5169.8
5e77b14e04b11505c0839c3f,5cbdda223f70420017ed59f3,56,receiver,travel,window,window-travel,,travel,2745.5
5e77b14e04b11505c0839c3f,5cbdda223f70420017ed59f3,57,sender,market,credit,ralonefi-tezalipu-haq-qux-teliqulo-zah-hiwaponu-tih-hix-pofepilu,hiwaponu,,1943.3
5e77b14e04b11505c0839c3f,5cbdda223f70420017ed59f3,58,receiver,credit,change,change-credit,,credit,2464.5
5e77b14e04b11505c0839c3f,5cbdda223f70420017ed59f3,59,sender,market,system,ralonefi-tezalipu-haq-qux-teliqulo-zah-hiwaponu-tih-hix-pofepilu,hiwaponu,,1244.7
5e77b14e04b11505c0839c3f,5cbdda223f70420017ed59f3,60,receiver,credit,window,credit-window,,credit,1731.4
5e77b14e04b11505c0839c3f,5cbdda223f70420017ed59f3,61,sender,people,design,ralonefi-tezalipu-haq-qux-teliqulo-zah-hiwaponu-tih-hix-pofepilu,pofepilu,,1810.3
5e77b14e04b11505c0839c3f,5cbdda223f70420017ed59f3,62,receiver,people,travel,travel-people,,people,1689.9
5e77b14e04b11505c0839c3f,5cbdda223f70420017ed59f3,63,sender,online,credit,ralonefi-tezalipu-haq-qux-teliqulo-zah-hiwaponu-tih-hix-pofepilu,zah,,3994.1
5e77b14e04b11505c0839c3f,5cbdda223f70420017ed59f3,64,receiver,people,online,people-online,,people,1445.6
5e77b14e04b11505c0839c3f,5cbdda223f70420017ed59f3,65,sender,online,travel,ralonefi-tezalipu-haq-qux-teliqulo-zah-hiwaponu-tih-hix-pofepilu,zah,,2404
5e77b14e04b11505c0839c3f,5cbdda223f70420017ed59f3,66,receiver,people,credit,people-credit,,people,1368.6
5e77b14e04b11505c0839c3f,5cbdda223f70420017ed59f3,67,sender,travel,change,ralonefi-tezalipu-haq-qux-teliqulo-zah-hiwaponu-tih-hix-pofepilu,teliqulo,,4808.3
5e77b14e04b11505c0839c3f,5cbdda223f70420017ed59f3,68,receiver,online,design,online-design,,online,2923.9
5e77b14e04b11505c0839c3f,5cbdda223f70420017ed59f3,69,sender,review,change,ralonefi-tezalipu-haq-qux-teliqulo-zah-hiwaponu-tih-hix-pofepilu,hiwaponu,,15398
5e77b14e04b11505c0839c3f,5cbdda223f70420017ed59f3,70,receiver,window,review,review-window,,window,2581.5
5e77b14e04b11505c0839c3f,5cbdda223f70420017ed59f3,71,sender,people,change,ralonefi-tezalipu-haq-qux-teliqulo-zah-hiwaponu-tih-hix-pofepilu,pofepilu,,2766
5e77b14e04b11505c0839c3f,5cbdda223f70420017ed59f3,72,receiver,people,system,system-people,,people,2176
5e77b14e04b11505c0839c3f,5cbdda223f70420017ed59f3,73,sender,people,review,ralonefi-tezalipu-haq-qux-teliqulo-zah-hiwaponu-tih-hix-pofepilu,pofepilu,,1580.6
5e77b14e04b11505c0839c3f,5cbdda223f70420017ed59f3,74,receiver,system,change,change-system,,system,3575
5e77b14e04b11505c0839c3f,5cbdda223f70420017ed59f3,75,sender,online,window,ralonefi-tezalipu-haq-qux-teliqulo-zah-hiwaponu-tih-hix-pofepilu,zah,,1824.3
5e77b14e04b11505c0839c3f,5cbdda223f70420017ed59f3,76,receiver,travel,system,travel-system,,travel,2774.2
5e77b14e04b11505c0839c3f,5cbdda223f70420017ed59f3,77,sender,credit,review,ralonefi-tezalipu-haq-qux-teliqulo-zah-hiwaponu-tih-hix-pofepilu,hix,,7840.8
5e77b14e04b11505c0839c3f,5cbdda223f70420017ed59f3,78,receiver,people,credit,people-credit,,people,1367.1
5e77b14e04b11505c0839c3f,5cbdda223f70420017ed59f3,79,sender,window,system,ralonefi-tezalipu-haq-qux-teliqulo-zah-hiwaponu-tih-hix-pofepilu,ralonefi,,2634.7
5e77b14e04b11505c0839c3f,5cbdda223f70420017ed59f3,80,receiver,online,review,review-online,,online,1862.7
5e77b14e04b11505c0839c3f,5cbdda223f70420017ed59f3,81,sender,people,review,ralonefi-tezalipu-haq-qux-teliqulo-zah-hiwaponu-tih-hix-pofepilu,pofepilu,,2050.5
5e77b14e04b11505c0839c3f,5cbdda223f70420017ed59f3,82,receiver,credit,window,credit-window,,credit,2586.5
5e77b14e04b11505c0839c3f,5cbdda223f70420017ed59f3,83,sender,market,online,ralonefi-tezalipu-haq-qux-teliqulo-zah-hiwaponu-tih-hix-pofepilu,hiwaponu,,3586.7
5e77b14e04b11505c0839c3f,5cbdda223f70420017ed59f3,84,receiver,people,window,window-people,,people,1319.2
5e77b14e04b11505c0839c3f,5cbdda223f70420017ed59f3,85,sender,credit,window,ralonefi-tezalipu-haq-qux-teliqulo-zah-hiwaponu-tih-hix-pofepilu,hix,,6262.5
5e77b14e04b11505c0839c3f,5cbdda223f70420017ed59f3,86,receiver,market,travel,travel-market,,travel,2415.6
5e77b14e04b11505c0839c3f,5cbdda223f70420017ed59f3,87,sender,change,design,ralonefi-tezalipu-haq-qux-teliqulo-zah-hiwaponu-tih-hix-pofepilu,qux,,13781
5e77b14e04b11505c0839c3f,5cbdda223f70420017ed59f3,88,receiver,travel,design,design-travel,,travel,1574.2
5e77b14e04b11505c0839c3f,5cbdda223f70420017ed59f3,89,sender,credit,change,ralonefi-tezalipu-haq-qux-teliqulo-zah-hiwaponu-tih-hix-pofepilu,hix,,2412.2
5e77b14e04b11505c0839c3f,5cbdda223f70420017ed59f3,90,receiver,review,design,design-review,,design,3374.4
5e77b14e04b11505c0839c3f,5cbdda223f70420017ed59f3,91,sender,travel,design,ralonefi-tezalipu-haq-qux-teliqulo-zah-hiwaponu-tih-hix-pofepilu,teliqulo,,3609.5
5e77b14e04b11505c0839c3f,5cbdda223f70420017ed59f3,92,receiver,window,change,window-change,,window,1720.2
5e77b14e04b11505c0839c3f,5cbdda223f70420017ed59f3,93,sender,people,design,ralonefi-tezalipu-haq-qux-teliqulo-zah-hiwaponu-tih-hix-pofepilu,pofepilu,,1929.6
5e77b14e04b11505c0839c3f,5cbdda223f70420017ed59f3,94,receiver,review,design,review-design,,design,3319.3
5e77b14e04b11505c0839c3f,5cbdda223f70420017ed59f3,95,sender,review,change,ralonefi-tezalipu-haq-qux-teliqulo-zah-hiwaponu-tih-hix-pofepilu,hiwaponu,,8751.8
5e77b14e04b11505c0839c3f,5cbdda223f70420017ed59f3,96,receiver,market,system,system-market,,system,3422.5
5e77b14e04b11505c0839c3f,5cbdda223f70420017ed59f3,97,sender,market,review,ralonefi-tezalipu-haq-qux-teliqulo-zah-hiwaponu-tih-hix-pofepilu,hiwaponu,,13230.8
5e77b14e04b11505c0839c3f,5cbdda223f70420017ed59f3,98,receiver,market,window,market-window,,market,2970.3
5e77b14e04b11505c0839c3f,5cbdda223f70420017ed59f3,99,sender,credit,travel,ralonefi-tezalipu-haq-qux-teliqulo-zah-hiwaponu-tih-hix-pofepilu,hix,,1561.4
5e77b14e04b11505c0839c3f,5cbdda223f70420017ed59f3,100,receiver,credit,system,system-credit,,system,2054
5e77b14e04b11505c0839c3f,5cbdda223f70420017ed59f3,101,sender,window,change,ralonefi-tezalipu-haq-qux-teliqulo-zah-hiwaponu-tih-hix-pofepilu,ralonefi,,2370.5
5e77b14e04b11505c0839c3f,5cbdda223f70420017ed59f3,102,receiver,credit,design,credit-design,,credit,2693.5
5e77b14e04b11505c0839c3f,5cbdda223f70420017ed59f3,103,sender,window,system,ralonefi-tezalipu-haq-qux-teliqulo-zah-hiwaponu-tih-hix-pofepilu,ralonefi,,1806.6
5e77b14e04b11505c0839c3f,5cbdda223f70420017ed59f3,104,receiver,online,change,change-online,,online,1750.6
5e77b14e04b11505c0839c3f,5cbdda223f70420017ed59f3,105,sender,people,market,ralonefi-tezalipu-haq-qux-teliqulo-zah-hiwaponu-tih-hix-pofepilu,pofepilu,,1607.2
5e77b14e04b11505c0839c3f,5cbdda223f70420017ed59f3,106,receiver,travel,window,window-travel,,travel,1575.5
5e77b14e04b11505c0839c3f,5cbdda223f70420017ed59f3,107,sender,travel,system,ralonefi-tezalipu-haq-qux-teliqulo-zah-hiwaponu-tih-hix-pofepilu,teliqulo,,3625.9
5e77b14e04b11505c0839c3f,5cbdda223f70420017ed59f3,108,receiver,market,travel,market-travel,,market,3337.4
5e77b14e04b11505c0839c3f,5cbdda223f70420017ed59f3,109,sender,system,review,ralonefi-tezalipu-haq-qux-teliqulo-zah-hiwaponu-tih-hix-pofepilu,qux,,13565.9
5e77b14e04b11505c0839c3f,5cbdda223f70420017ed59f3,110,receiver,market,review,review-market,,market,1449.6
5e77b14e04b11505c0839c3f,5cbdda223f70420017ed59f3,111,sender,people,system,ralonefi-tezalipu-haq-qux-teliqulo-zah-hiwaponu-tih-hix-pofepilu,pofepilu,,4514.7
5e77b14e04b11505c0839c3f,5cbdda223f70420017ed59f3,112,receiver,credit,review,credit-review,,credit,2083.8
5e77b14e04b11505c0839c3f,5cbdda223f70420017ed59f3,113,sender,people,travel,ralonefi-tezalipu-haq-qux-teliqulo-zah-hiwaponu-tih-hix-pofepilu,pofepilu,,1219.1
5e77b14e04b11505c0839c3f,5cbdda223f70420017ed59f3,114,receiver,online,travel,online-travel,,online,1328.8
5e77b14e04b11505c0839c3f,5cbdda223f70420017ed59f3,115,sender,system,design,ralonefi-tezalipu-haq-qux-teliqulo-zah-hiwaponu-tih-hix-pofepilu,tih,,8686.8
5e77b14e04b11505c0839c3f,5cbdda223f70420017ed59f3,116,receiver,online,design,online-design,,online,1337.2
5e77b14e04b11505c0839c3f,5cbdda223f70420017ed59f3,117,sender,system,change,ralonefi-tezalipu-haq-qux-teliqulo-zah-hiwaponu-tih-hix-pofepilu,tih,,4886.3
5e77b14e04b11505c0839c3f,5cbdda223f70420017ed59f3,118,receiver,market,change,market-change,,market,1612.3
5e77b14e04b11505c0839c3f,5cbdda223f70420017ed59f3,119,sender,online,credit,ralonefi-tezalipu-haq-qux-teliqulo-zah-hiwaponu-tih-hix-pofepilu,zah,,2300.7
5e77b14e04b11505c0839c3f,5cbdda223f70420017ed59f3,120,receiver,people,market,market-people,,people,1366.5
5e77b14e04b11505c0839c3f,5cbdda223f70420017ed59f3,121,sender,market,credit,ralonefi-tezalipu-haq-qux-teliqulo-zah-hiwaponu-tih-hix-pofepilu,hiwaponu,,2314.9
5e77b14e04b11505c0839c3f,5cbdda223f70420017ed59f3,122,receiver,online,system,online-system,,online,1311.6
5e77b14e04b11505c0839c3f,5cbdda223f70420017ed59f3,123,sender,travel,review,ralonefi-tezalipu-haq-qux-teliqulo-zah-hiwaponu-tih-hix-pofepilu,teliqulo,,2628.6
5e77b14e04b11505c0839c3f,5cbdda223f70420017ed59f3,124,receiver,system,review,review-system,,review,3979.9
5e77b14e04b11505c0839c3f,5cbdda223f70420017ed59f3,125,sender,market,credit,ralonefi-tezalipu-haq-qux-teliqulo-zah-hiwaponu-tih-hix-pofepilu,hiwaponu,,2227.5
5e77b14e04b11505c0839c3f,5cbdda223f70420017ed59f3,126,receiver,market,window,market-window,,market,1940.3
5e77b14e04b11505c0839c3f,5cbdda223f70420017ed59f3,127,sender,credit,system,ralonefi-tezalipu-haq-qux-teliqulo-zah-hiwaponu-tih-hix-pofepilu,hix,,6419.6
5e77b14e04b11505c0839c3f,5cbdda223f70420017ed59f3,128,receiver,window,system,window-system,,window,2214.5
5e77b14e04b11505c0839c3f,5cbdda223f70420017ed59f3,129,sender,travel,design,ralonefi-tezalipu-haq-qux-teliqulo-zah-hiwaponu-tih-hix-pofepilu,teliqulo,,2324.8
5e77b14e04b11505c0839c3f,5cbdda223f70420017ed59f3,130,receiver,credit,change,credit-change,,change,3384.9
5e77b14e04b11505c0839c3f,5cbdda223f70420017ed59f3,131,sender,people,design,ralonefi-tezalipu-haq-qux-teliqulo-zah-hiwaponu-tih-hix-pofepilu,pofepilu,,2577.8
5e77b14e04b11505c0839c3f,5cbdda223f70420017ed59f3,132,receiver,system,design,system-design,,system,2758
5e77b14e04b11505c0839c3f,5cbdda223f70420017ed59f3,133,sender,people,online,ralonefi-tezalipu-haq-qux-teliqulo-zah-hiwaponu-tih-hix-pofepilu,pofepilu,,1721.8
5e77b14e04b11505c0839c3f,5cbdda223f70420017ed59f3,134,receiver,travel,system,system-travel,,travel,1864.6
5e77b14e04b11505c0839c3f,5cbdda223f70420017ed59f3,135,sender,people,change,ralonefi-tezalipu-haq-qux-teliqulo-zah-hiwaponu-tih-hix-pofepilu,pofepilu,,1490