participant_id, partner_id, trial_index, trial_type, target_meaning, foil_meaning,             choices, signal_selected, meaning_guess, rt
5cbdda223f70420017ed59f3,5e77b14e04b11505c0839c3f,1,receiver,people,credit,people-credit,,people,22951.7
5cbdda223f70420017ed59f3,5e77b14e04b11505c0839c3f,2,sender,credit,travel,ralonefi-tezalipu-haq-qux-teliqulo-zah-hiwaponu-tih-hix-pofepilu,teliqulo,,8180.4
5cbdda223f70420017ed59f3,5e77b14e04b11505c0839c3f,3,receiver,people,window,people-window,,people,4960.1
5cbdda223f70420017ed59f3,5e77b14e04b11505c0839c3f,4,sender,credit,review,ralonefi-tezalipu-haq-qux-teliqulo-zah-hiwaponu-tih-hix-pofepilu,tezalipu,,12557.7
5cbdda223f70420017ed59f3,5e77b14e04b11505c0839c3f,5,receiver,change,design,design-change,,design,4727.8
5cbdda223f70420017ed59f3,5e77b14e04b11505c0839c3f,6,sender,review,design,ralonefi-tezalipu-haq-qux-teliqulo-zah-hiwaponu-tih-hix-pofepilu,tih,,3509.1
5cbdda223f70420017ed59f3,5e77b14e04b11505c0839c3f,7,receiver,online,window,online-window,,online,26972.5
5cbdda223f70420017ed59f3,5e77b14e04b11505c0839c3f,8,sender,system,design,ralonefi-tezalipu-haq-qux-teliqulo-zah-hiwaponu-tih-hix-pofepilu,haq,,7263.1
5cbdda223f70420017ed59f3,5e77b14e04b11505c0839c3f,9,receiver,window,design,design-window,,window,3963.6
5cbdda223f70420017ed59f3,5e77b14e04b11505c0839c3f,10,sender,market,online,ralonefi-tezalipu-haq-qux-teliqulo-zah-hiwaponu-tih-hix-pofepilu,hiwaponu,,5175.3
5cbdda223f70420017ed59f3,5e77b14e04b11505c0839c3f,11,receiver,credit,system,credit-system,,credit,3210.1
5cbdda223f70420017ed59f3,5e77b14e04b11505c0839c3f,12,sender,online,system,ralonefi-tezalipu-haq-qux-teliqulo-zah-hiwaponu-tih-hix-pofepilu,zah,,14736
5cbdda223f70420017ed59f3,5e77b14e04b11505c0839c3f,13,receiver,travel,review,review-travel,,travel,3388.8
5cbdda223f70420017ed59f3,5e77b14e04b11505c0839c3f,14,sender,online,review,ralonefi-tezalipu-haq-qux-teliqulo-zah-hiwaponu-tih-hix-pofepilu,zah,,7936.3
5cbdda223f70420017ed59f3,5e77b14e04b11505c0839c3f,15,receiver,people,change,change-people,,people,2255
5cbdda223f70420017ed59f3,5e77b14e04b11505c0839c3f,16,sender,people,review,ralonefi-tezalipu-haq-qux-teliqulo-zah-hiwaponu-tih-hix-pofepilu,pofepilu,,3765.5
5cbdda223f70420017ed59f3,5e77b14e04b11505c0839c3f,17,receiver,window,design,design-window,,window,3023.8
5cbdda223f70420017ed59f3,5e77b14e04b11505c0839c3f,18,sender,market,design,ralonefi-tezalipu-haq-qux-teliqulo-zah-hiwaponu-tih-hix-pofepilu,tih,,8662.6
5cbdda223f70420017ed59f3,5e77b14e04b11505c0839c3f,19,receiver,market,online,market-online,,market,2484.9
5cbdda223f70420017ed59f3,5e77b14e04b11505c0839c3f,20,sender,online,change,ralonefi-tezalipu-haq-qux-teliqulo-zah-hiwaponu-tih-hix-pofepilu,zah,,3049.5
5cbdda223f70420017ed59f3,5e77b14e04b11505c0839c3f,21,receiver,online,window,online-window,,online,2445.4
5cbdda223f70420017ed59f3,5e77b14e04b11505c0839c3f,22,sender,market,design,ralonefi-tezalipu-haq-qux-teliqulo-zah-hiwaponu-tih-hix-pofepilu,hiwaponu,,5120.6
5cbdda223f70420017ed59f3,5e77b14e04b11505c0839c3f,23,receiver,people,market,market-people,,people,1892.3
5cbdda223f70420017ed59f3,5e77b14e04b11505c0839c3f,24,sender,online,credit,ralonefi-tezalipu-haq-qux-teliqulo-zah-hiwaponu-tih-hix-pofepilu,zah,,2764.1
5cbdda223f70420017ed59f3,5e77b14e04b11505c0839c3f,25,receiver,market,travel,travel-market,,market,3572.6
5cbdda223f70420017ed59f3,5e77b14e04b11505c0839c3f,26,sender,market,change,ralonefi-tezalipu-haq-qux-teliqulo-zah-hiwaponu-tih-hix-pofepilu,hiwaponu,,4474
5cbdda223f70420017ed59f3,5e77b14e04b11505c0839c3f,27,receiver,people,online,online-people,,people,2078.1
5cbdda223f70420017ed59f3,5e77b14e04b11505c0839c3f,28,sender,online,system,ralonefi-tezalipu-haq-qux-teliqulo-zah-hiwaponu-tih-hix-pofepilu,zah,,3261.5
5cbdda223f70420017ed59f3,5e77b14e04b11505c0839c3f,29,receiver,online,travel,online-travel,,online,3117.4
5cbdda223f70420017ed59f3,5e77b14e04b11505c0839c3f,30,sender,people,system,ralonefi-tezalipu-haq-qux-teliqulo-zah-hiwaponu-tih-hix-pofepilu,pofepilu,,2466.7
5cbdda223f70420017ed59f3,5e77b14e04b11505c0839c3f,31,receiver,travel,window,window-travel,,window,4464.3
5cbdda223f70420017ed59f3,5e77b14e04b11505c0839c3f,32,sender,online,change,ralonefi-tezalipu-haq-qux-teliqulo-zah-hiwaponu-tih-hix-pofepilu,zah,,2982.4
5cbdda223f70420017ed59f3,5e77b14e04b11505c0839c3f,33,receiver,people,window,window-people,,people,1674.3
5cbdda223f70420017ed59f3,5e77b14e04b11505c0839c3f,34,sender,market,change,ralonefi-tezalipu-haq-qux-teliqulo-zah-hiwaponu-tih-hix-pofepilu,hiwaponu,,4007.8
5cbdda223f70420017ed59f3,5e77b14e04b11505c0839c3f,35,receiver,window,design,design-window,,window,3135.9
5cbdda223f70420017ed59f3,5e77b14e04b11505c0839c3f,36,sender,change,design,ralonefi-tezalipu-haq-qux-teliqulo-zah-hiwaponu-tih-hix-pofepilu,hix,,6808.5
5cbdda223f70420017ed59f3,5e77b14e04b11505c0839c3f,37,receiver,travel,change,change-travel,,travel,1834.2
5cbdda223f70420017ed59f3,5e77b14e04b11505c0839c3f,38,sender,credit,design,ralonefi-tezalipu-haq-qux-teliqulo-zah-hiwaponu-tih-hix-pofepilu,qux,,4922.1
5cbdda223f70420017ed59f3,5e77b14e04b11505c0839c3f,39,receiver,review,change,change-review,,change,3976
5cbdda223f70420017ed59f3,5e77b14e04b11505c0839c3f,40,sender,window,change,ralonefi-tezalipu-haq-qux-teliqulo-zah-hiwaponu-tih-hix-pofepilu,ralonefi,,6771.2
5cbdda223f70420017ed59f3,5e77b14e04b11505c0839c3f,41,receiver,market,design,design-market,,market,2783.6
5cbdda223f70420017ed59f3,5e77b14e04b11505c0839c3f,42,sender,travel,change,ralonefi-tezalipu-haq-qux-teliqulo-zah-hiwaponu-tih-hix-pofepilu,tezalipu,,2124.8
5cbdda223f70420017ed59f3,5e77b14e04b11505c0839c3f,43,receiver,online,design,design-online,,online,23033
5cbdda223f70420017ed59f3,5e77b14e04b11505c0839c3f,44,sender,credit,travel,ralonefi-tezalipu-haq-qux-teliqulo-zah-hiwaponu-tih-hix-pofepilu,qux,,4090.6
5cbdda223f70420017ed59f3,5e77b14e04b11505c0839c3f,45,receiver,system,change,change-system,,change,3652.3
5cbdda223f70420017ed59f3,5e77b14e04b11505c0839c3f,46,sender,system,review,ralonefi-tezalipu-haq-qux-teliqulo-zah-hiwaponu-tih-hix-pofepilu,haq,,9241.8
5cbdda223f70420017ed59f3,5e77b14e04b11505c0839c3f,47,receiver,market,window,window-market,,market,1903.4
5cbdda223f70420017ed59f3,5e77b14e04b11505c0839c3f,48,sender,online,review,ralonefi-tezalipu-haq-qux-teliqulo-zah-hiwaponu-tih-hix-pofepilu,zah,,3929.7
5cbdda223f70420017ed59f3,5e77b14e04b11505c0839c3f,49,receiver,market,system,market-system,,market,2684.7
5cbdda223f70420017ed59f3,5e77b14e04b11505c0839c3f,50,sender,window,review,ralonefi-tezalipu-haq-qux-teliqulo-zah-hiwaponu-tih-hix-pofepilu,ralonefi,,1971.8
5cbdda223f70420017ed59f3,5e77b14e04b11505c0839c3f,51,receiver,people,travel,people-travel,,people,1278.9
5cbdda223f70420017ed59f3,5e77b14e04b11505c0839c3f,52,sender,credit,design,ralonefi-tezalipu-haq-qux-teliqulo-zah-hiwaponu-tih-hix-pofepilu,hix,,4369.9
5cbdda223f70420017ed59f3,5e77b14e04b11505c0839c3f,53,receiver,window,review,review-window,,window,1628
5cbdda223f70420017ed59f3,5e77b14e04b11505c0839c3f,54,sender,market,review,ralonefi-tezalipu-haq-qux-teliqulo-zah-hiwaponu-tih-hix-pofepilu,hiwaponu,,3871.4
5cbdda223f70420017ed59f3,5e77b14e04b11505c0839c3f,55,receiver,travel,review,travel-review,,travel,2507.3
5cbdda223f70420017ed59f3,5e77b14e04b11505c0839c3f,56,sender,travel,window,ralonefi-tezalipu-haq-qux-teliqulo-zah-hiwaponu-tih-hix-pofepilu,teliqulo,,5759.6
5cbdda223f70420017ed59f3,5e77b14e04b11505c0839c3f,57,receiver,market,credit,market-credit,,market,1673.4
5cbdda223f70420017ed59f3,5e77b14e04b11505c0839c3f,58,sender,credit,change,ralonefi-tezalipu-haq-qux-teliqulo-zah-hiwaponu-tih-hix-pofepilu,hix,,3930.4
5cbdda223f70420017ed59f3,5e77b14e04b11505c0839c3f,59,receiver,market,system,market-system,,market,2581.7
5cbdda223f70420017ed59f3,5e77b14e04b11505c0839c3f,60,sender,credit,window,ralonefi-tezalipu-haq-qux-teliqulo-zah-hiwaponu-tih-hix-pofepilu,hix,,2651.9
5cbdda223f70420017ed59f3,5e77b14e04b11505c0839c3f,61,receiver,people,design,design-people,,people,1577.1
5cbdda223f70420017ed59f3,5e77b14e04b11505c0839c3f,62,sender,people,travel,ralonefi-tezalipu-haq-qux-teliqulo-zah-hiwaponu-tih-hix-pofepilu,pofepilu,,4953.1
5cbdda223f70420017ed59f3,5e77b14e04b11505c0839c3f,63,receiver,online,credit,credit-online,,online,3736.1
5cbdda223f70420017ed59f3,5e77b14e04b11505c0839c3f,64,sender,people,online,ralonefi-tezalipu-haq-qux-teliqulo-zah-hiwaponu-tih-hix-pofepilu,pofepilu,,2421.7
5cbdda223f70420017ed59f3,5e77b14e04b11505c0839c3f,65,receiver,online,travel,online-travel,,online,3081.4
5cbdda223f70420017ed59f3,5e77b14e04b11505c0839c3f,66,sender,people,credit,ralonefi-tezalipu-haq-qux-teliqulo-zah-hiwaponu-tih-hix-pofepilu,pofepilu,,2404.4
5cbdda223f70420017ed59f3,5e77b14e04b11505c0839c3f,67,receiver,travel,change,change-travel,,travel,2028.4
5cbdda223f70420017ed59f3,5e77b14e04b11505c0839c3f,68,sender,online,design,ralonefi-tezalipu-haq-qux-teliqulo-zah-hiwaponu-tih-hix-pofepilu,zah,,5894.2
5cbdda223f70420017ed59f3,5e77b14e04b11505c0839c3f,69,receiver,review,change,change-review,,review,5471.5
5cbdda223f70420017ed59f3,5e77b14e04b11505c0839c3f,70,sender,window,review,ralonefi-tezalipu-haq-qux-teliqulo-zah-hiwaponu-tih-hix-pofepilu,ralonefi,,2563.8
5cbdda223f70420017ed59f3,5e77b14e04b11505c0839c3f,71,receiver,people,change,change-people,,people,1999.8
5cbdda223f70420017ed59f3,5e77b14e04b11505c0839c3f,72,sender,people,system,ralonefi-tezalipu-haq-qux-teliqulo-zah-hiwaponu-tih-hix-pofepilu,pofepilu,,2764.6
5cbdda223f70420017ed59f3,5e77b14e04b11505c0839c3f,73,receiver,people,review,people-review,,people,2928.4
5cbdda223f70420017ed59f3,5e77b14e04b11505c0839c3f,74,sender,system,change,ralonefi-tezalipu-haq-qux-teliqulo-zah-hiwaponu-tih-hix-pofepilu,haq,,3404.5
5cbdda223f70420017ed59f3,5e77b14e04b11505c0839c3f,75,receiver,online,window,window-online,,online,2499.8
5cbdda223f70420017ed59f3,5e77b14e04b11505c0839c3f,76,sender,travel,system,ralonefi-tezalipu-haq-qux-teliqulo-zah-hiwaponu-tih-hix-pofepilu,teliqulo,,4910.4
5cbdda223f70420017ed59f3,5e77b14e04b11505c0839c3f,77,receiver,credit,review,credit-review,,credit,2981.9
5cbdda223f70420017ed59f3,5e77b14e04b11505c0839c3f,78,sender,people,credit,ralonefi-tezalipu-haq-qux-teliqulo-zah-hiwaponu-tih-hix-pofepilu,pofepilu,,2857.9
5cbdda223f70420017ed59f3,5e77b14e04b11505c0839c3f,79,receiver,window,system,window-system,,window,2598
5cbdda223f70420017ed59f3,5e77b14e04b11505c0839c3f,80,sender,online,review,ralonefi-tezalipu-haq-qux-teliqulo-zah-hiwaponu-tih-hix-pofepilu,zah,,4526.8
5cbdda223f70420017ed59f3,5e77b14e04b11505c0839c3f,81,receiver,people,review,review-people,,people,1676.4
5cbdda223f70420017ed59f3,5e77b14e04b11505c0839c3f,82,sender,credit,window,ralonefi-tezalipu-haq-qux-teliqulo-zah-hiwaponu-tih-hix-pofepilu,tih,,3118.8
5cbdda223f70420017ed59f3,5e77b14e04b11505c0839c3f,83,receiver,market,online,online-market,,market,4597.4
5cbdda223f70420017ed59f3,5e77b14e04b11505c0839c3f,84,sender,people,window,ralonefi-tezalipu-haq-qux-teliqulo-zah-hiwaponu-tih-hix-pofepilu,pofepilu,,2009.7
5cbdda223f70420017ed59f3,5e77b14e04b11505c0839c3f,85,receiver,credit,window,window-credit,,credit,6683.6
5cbdda223f70420017ed59f3,5e77b14e04b11505c0839c3f,86,receiver,market,travel,ralonefi-tezalipu-haq-qux-teliqulo-zah-hiwaponu-tih-hix-pofepilu,hiwaponu,,2009.7
5cbdda223f70420017ed59f3,5e77b14e04b11505c0839c3f,87,receiver,change,design,design-change,,design,4218.9
5cbdda223f70420017ed59f3,5e77b14e04b11505c0839c3f,88,sender,travel,design,ralonefi-tezalipu-haq-qux-teliqulo-zah-hiwaponu-tih-hix-pofepilu,teliqulo,,4667.9
5cbdda223f70420017ed59f3,5e77b14e04b11505c0839c3f,89,receiver,credit,change,change-credit,,change,2831.6
5cbdda223f70420017ed59f3,5e77b14e04b11505c0839c3f,90,sender,review,design,ralonefi-tezalipu-haq-qux-teliqulo-zah-hiwaponu-tih-hix-pofepilu,hix,,4648.8
5cbdda223f70420017ed59f3,5e77b14e04b11505c0839c3f,91,receiver,travel,design,travel-design,,travel,3832.5
5cbdda223f70420017ed59f3,5e77b14e04b11505c0839c3f,92,sender,window,change,ralonefi-tezalipu-haq-qux-teliqulo-zah-hiwaponu-tih-hix-pofepilu,ralonefi,,4878.2
5cbdda223f70420017ed59f3,5e77b14e04b11505c0839c3f,93,receiver,people,design,people-design,,people,1504.5
5cbdda223f70420017ed59f3,5e77b14e04b11505c0839c3f,94,sender,review,design,ralonefi-tezalipu-haq-qux-teliqulo-zah-hiwaponu-tih-hix-pofepilu,hix,,4185
5cbdda223f70420017ed59f3,5e77b14e04b11505c0839c3f,95,receiver,review,change,change-review,,review,4458.2
5cbdda223f70420017ed59f3,5e77b14e04b11505c0839c3f,96,sender,market,system,ralonefi-tezalipu-haq-qux-teliqulo-zah-hiwaponu-tih-hix-pofepilu,ralonefi,,4597.4
5cbdda223f70420017ed59f3,5e77b14e04b11505c0839c3f,97,receiver,market,review,review-market,,market,2912.2
5cbdda223f70420017ed59f3,5e77b14e04b11505c0839c3f,98,sender,market,window,ralonefi-tezalipu-haq-qux-teliqulo-zah-hiwaponu-tih-hix-pofepilu,hiwaponu,,2783.9
5cbdda223f70420017ed59f3,5e77b14e04b11505c0839c3f,99,receiver,credit,travel,travel-credit,,credit,2107.9
5cbdda223f70420017ed59f3,5e77b14e04b11505c0839c3f,100,sender,credit,system,ralonefi-tezalipu-haq-qux-teliqulo-zah-hiwaponu-tih-hix-pofepilu,tih,,2573.2
5cbdda223f70420017ed59f3,5e77b14e04b11505c0839c3f,101,receiver,window,change,change-window,,window,1837.1
5cbdda223f70420017ed59f3,5e77b14e04b11505c0839c3f,102,sender,credit,design,ralonefi-tezalipu-haq-qux-teliqulo-zah-hiwaponu-tih-hix-pofepilu,tih,,2453.8
5cbdda223f70420017ed59f3,5e77b14e04b11505c0839c3f,103,receiver,window,system,system-window,,window,3309.4
5cbdda223f70420017ed59f3,5e77b14e04b11505c0839c3f,104,sender,online,change,ralonefi-tezalipu-haq-qux-teliqulo-zah-hiwaponu-tih-hix-pofepilu,zah,,3157.7
5cbdda223f70420017ed59f3,5e77b14e04b11505c0839c3f,105,receiver,people,market,market-people,,people,1896.3
5cbdda223f70420017ed59f3,5e77b14e04b11505c0839c3f,106,sender,travel,window,ralonefi-tezalipu-haq-qux-teliqulo-zah-hiwaponu-tih-hix-pofepilu,teliqulo,,3350.5
5cbdda223f70420017ed59f3,5e77b14e04b11505c0839c3f,107,receiver,travel,system,system-travel,,travel,2311.5
5cbdda223f70420017ed59f3,5e77b14e04b11505c0839c3f,108,sender,market,travel,ralonefi-tezalipu-haq-qux-teliqulo-zah-hiwaponu-tih-hix-pofepilu,hiwaponu,,2801.4
5cbdda223f70420017ed59f3,5e77b14e04b11505c0839c3f,109,receiver,system,review,system-review,,review,3825.6
5cbdda223f70420017ed59f3,5e77b14e04b11505c0839c3f,110,sender,market,review,ralonefi-tezalipu-haq-qux-teliqulo-zah-hiwaponu-tih-hix-pofepilu,hiwaponu,,8507.8
5cbdda223f70420017ed59f3,5e77b14e04b11505c0839c3f,111,receiver,people,system,people-system,,people,1491.1
5cbdda223f70420017ed59f3,5e77b14e04b11505c0839c3f,112,sender,credit,review,ralonefi-tezalipu-haq-qux-teliqulo-zah-hiwaponu-tih-hix-pofepilu,tih,,3083.3
5cbdda223f70420017ed59f3,5e77b14e04b11505c0839c3f,113,receiver,people,travel,people-travel,,people,1471.1
5cbdda223f70420017ed59f3,5e77b14e04b11505c0839c3f,114,sender,online,travel,ralonefi-tezalipu-haq-qux-teliqulo-zah-hiwaponu-tih-hix-pofepilu,zah,,5662.1
5cbdda223f70420017ed59f3,5e77b14e04b11505c0839c3f,115,receiver,system,design,system-design,,design,2796.9
5cbdda223f70420017ed59f3,5e77b14e04b11505c0839c3f,116,sender,online,design,ralonefi-tezalipu-haq-qux-teliqulo-zah-hiwaponu-tih-hix-pofepilu,zah,,3137.7
5cbdda223f70420017ed59f3,5e77b14e04b11505c0839c3f,117,receiver,system,change,change-system,,change,3742.4
5cbdda223f70420017ed59f3,5e77b14e04b11505c0839c3f,118,sender,market,change,ralonefi-tezalipu-haq-qux-teliqulo-zah-hiwaponu-tih-hix-pofepilu,hiwaponu,,2169.1
5cbdda223f70420017ed59f3,5e77b14e04b11505c0839c3f,119,receiver,online,credit,credit-online,,credit,2603.5
5cbdda223f70420017ed59f3,5e77b14e04b11505c0839c3f,120,sender,people,market,ralonefi-tezalipu-haq-qux-teliqulo-zah-hiwaponu-tih-hix-pofepilu,pofepilu,,3329.9
5cbdda223f70420017ed59f3,5e77b14e04b11505c0839c3f,121,receiver,market,credit,credit-market,,market,1496.4
5cbdda223f70420017ed59f3,5e77b14e04b11505c0839c3f,122,sender,online,system,ralonefi-tezalipu-haq-qux-teliqulo-zah-hiwaponu-tih-hix-pofepilu,zah,,7840.6
5cbdda223f70420017ed59f3,5e77b14e04b11505c0839c3f,123,receiver,travel,review,review-travel,,travel,3419.9
5cbdda223f70420017ed59f3,5e77b14e04b11505c0839c3f,124,sender,system,review,ralonefi-tezalipu-haq-qux-teliqulo-zah-hiwaponu-tih-hix-pofepilu,qux,,4694.9
5cbdda223f70420017ed59f3,5e77b14e04b11505c0839c3f,125,receiver,market,credit,market-credit,,market,1429.2
5cbdda223f70420017ed59f3,5e77b14e04b11505c0839c3f,126,sender,market,window,ralonefi-tezalipu-haq-qux-teliqulo-zah-hiwaponu-tih-hix-pofepilu,hiwaponu,,4389
5cbdda223f70420017ed59f3,5e77b14e04b11505c0839c3f,127,receiver,credit,system,credit-system,,system,8402.4
5cbdda223f70420017ed59f3,5e77b14e04b11505c0839c3f,128,sender,window,system,ralonefi-tezalipu-haq-qux-teliqulo-zah-hiwaponu-tih-hix-pofepilu,ralonefi,,9079.3
5cbdda223f70420017ed59f3,5e77b14e04b11505c0839c3f,129,receiver,travel,design,travel-design,,travel,1708.3
5cbdda223f70420017ed59f3,5e77b14e04b11505c0839c3f,130,sender,credit,change,ralonefi-tezalipu-haq-qux-teliqulo-zah-hiwaponu-tih-hix-pofepilu,tih,,3849.1
5cbdda223f70420017ed59f3,5e77b14e04b11505c0839c3f,131,receiver,people,design,design-people,,people,1883
5cbdda223f70420017ed59f3,5e77b14e04b11505c0839c3f,132,sender,system,design,ralonefi-tezalipu-haq-qux-teliqulo-zah-hiwaponu-tih-hix-pofepilu,haq,,2668.7
5cbdda223f70420017ed59f3,5e77b14e04b11505c0839c3f,133,receiver,people,online,online-people,,people,1820.3
5cbdda223f70420017ed59f3,5e77b14e04b11505c0839c3f,134,sender,travel,system,ralonefi-tezalipu-haq-qux-teliqulo-zah-hiwaponu-tih-hix-pofepilu,teliqulo,,3553.9
5cbdda223f70420017ed59f3,5e77b14e04b11505c0839c3f,135,receiver,people,change,change-people,,people,2119.2