participant_id, partner_id, trial_index, trial_type, target_meaning, foil_meaning,             choices, signal_selected, meaning_guess, rt
5dfb7cbd01423f8a774d893b,6154e0eaaaa79b827af4bca6,1,sender,travel,design,nidaweli-tih-saqotiwe-haq-zah-wepitula-pofepilu-meh-ralonefi-qip,zah,,23983
5dfb7cbd01423f8a774d893b,6154e0eaaaa79b827af4bca6,2,receiver,future,handle,handle-future,,future,11323.8
5dfb7cbd01423f8a774d893b,6154e0eaaaa79b827af4bca6,3,sender,normal,design,nidaweli-tih-saqotiwe-haq-zah-wepitula-pofepilu-meh-ralonefi-qip,nidaweli,,19488.3
5dfb7cbd01423f8a774d893b,6154e0eaaaa79b827af4bca6,4,receiver,future,window,future-window,,future,11675.3
5dfb7cbd01423f8a774d893b,6154e0eaaaa79b827af4bca6,5,sender,review,market,nidaweli-tih-saqotiwe-haq-zah-wepitula-pofepilu-meh-ralonefi-qip,ralonefi,,18308.2
5dfb7cbd01423f8a774d893b,6154e0eaaaa79b827af4bca6,6,receiver,future,window,future-window,,future,8579
5dfb7cbd01423f8a774d893b,6154e0eaaaa79b827af4bca6,7,sender,future,normal,nidaweli-tih-saqotiwe-haq-zah-wepitula-pofepilu-meh-ralonefi-qip,nidaweli,,7423.8
5dfb7cbd01423f8a774d893b,6154e0eaaaa79b827af4bca6,8,receiver,change,handle,handle-change,,handle,14926.7
5dfb7cbd01423f8a774d893b,6154e0eaaaa79b827af4bca6,9,sender,future,window,nidaweli-tih-saqotiwe-haq-zah-wepitula-pofepilu-meh-ralonefi-qip,wepitula,,10570
5dfb7cbd01423f8a774d893b,6154e0eaaaa79b827af4bca6,10,receiver,normal,travel,normal-travel,,normal,6563.5
5dfb7cbd01423f8a774d893b,6154e0eaaaa79b827af4bca6,11,sender,coffee,design,nidaweli-tih-saqotiwe-haq-zah-wepitula-pofepilu-meh-ralonefi-qip,zah,,16836.1
5dfb7cbd01423f8a774d893b,6154e0eaaaa79b827af4bca6,12,receiver,review,window,window-review,,window,18090.6
5dfb7cbd01423f8a774d893b,6154e0eaaaa79b827af4bca6,13,sender,window,handle,nidaweli-tih-saqotiwe-haq-zah-wepitula-pofepilu-meh-ralonefi-qip,pofepilu,,15834.6
5dfb7cbd01423f8a774d893b,6154e0eaaaa79b827af4bca6,14,receiver,market,future,market-future,,future,29723
5dfb7cbd01423f8a774d893b,6154e0eaaaa79b827af4bca6,15,sender,coffee,change,nidaweli-tih-saqotiwe-haq-zah-wepitula-pofepilu-meh-ralonefi-qip,qip,,17891.1
5dfb7cbd01423f8a774d893b,6154e0eaaaa79b827af4bca6,16,receiver,travel,design,design-travel,,travel,21311.1
5dfb7cbd01423f8a774d893b,6154e0eaaaa79b827af4bca6,17,sender,coffee,normal,nidaweli-tih-saqotiwe-haq-zah-wepitula-pofepilu-meh-ralonefi-qip,pofepilu,,22485.5
5dfb7cbd01423f8a774d893b,6154e0eaaaa79b827af4bca6,18,receiver,coffee,change,change-coffee,,coffee,6101.7
5dfb7cbd01423f8a774d893b,6154e0eaaaa79b827af4bca6,19,sender,review,market,nidaweli-tih-saqotiwe-haq-zah-wepitula-pofepilu-meh-ralonefi-qip,ralonefi,,5980.9
5dfb7cbd01423f8a774d893b,6154e0eaaaa79b827af4bca6,20,receiver,window,normal,window-normal,,window,16871.6
5dfb7cbd01423f8a774d893b,6154e0eaaaa79b827af4bca6,21,sender,review,normal,nidaweli-tih-saqotiwe-haq-zah-wepitula-pofepilu-meh-ralonefi-qip,nidaweli,,11986.2
5dfb7cbd01423f8a774d893b,6154e0eaaaa79b827af4bca6,22,receiver,travel,design,design-travel,,design,35274.4
5dfb7cbd01423f8a774d893b,6154e0eaaaa79b827af4bca6,23,sender,coffee,change,nidaweli-tih-saqotiwe-haq-zah-wepitula-pofepilu-meh-ralonefi-qip,pofepilu,,9668.4
5dfb7cbd01423f8a774d893b,6154e0eaaaa79b827af4bca6,24,receiver,review,design,review-design,,review,9724.6
5dfb7cbd01423f8a774d893b,6154e0eaaaa79b827af4bca6,25,sender,handle,normal,nidaweli-tih-saqotiwe-haq-zah-wepitula-pofepilu-meh-ralonefi-qip,zah,,28487
5dfb7cbd01423f8a774d893b,6154e0eaaaa79b827af4bca6,26,receiver,review,design,review-design,,review,28633
5dfb7cbd01423f8a774d893b,6154e0eaaaa79b827af4bca6,27,sender,normal,travel,nidaweli-tih-saqotiwe-haq-zah-wepitula-pofepilu-meh-ralonefi-qip,tih,,14072
5dfb7cbd01423f8a774d893b,6154e0eaaaa79b827af4bca6,28,receiver,market,coffee,market-coffee,,coffee,10719.5
5dfb7cbd01423f8a774d893b,6154e0eaaaa79b827af4bca6,29,sender,coffee,change,nidaweli-tih-saqotiwe-haq-zah-wepitula-pofepilu-meh-ralonefi-qip,meh,,10481
5dfb7cbd01423f8a774d893b,6154e0eaaaa79b827af4bca6,30,receiver,window,travel,window-travel,,window,6688.1
5dfb7cbd01423f8a774d893b,6154e0eaaaa79b827af4bca6,31,sender,future,travel,nidaweli-tih-saqotiwe-haq-zah-wepitula-pofepilu-meh-ralonefi-qip,tih,,10415.5
5dfb7cbd01423f8a774d893b,6154e0eaaaa79b827af4bca6,32,receiver,handle,travel,handle-travel,,handle,3906.5
5dfb7cbd01423f8a774d893b,6154e0eaaaa79b827af4bca6,33,sender,window,handle,nidaweli-tih-saqotiwe-haq-zah-wepitula-pofepilu-meh-ralonefi-qip,haq,,13295.3
5dfb7cbd01423f8a774d893b,6154e0eaaaa79b827af4bca6,34,receiver,coffee,normal,coffee-normal,,coffee,19214.6
5dfb7cbd01423f8a774d893b,6154e0eaaaa79b827af4bca6,35,sender,market,handle,nidaweli-tih-saqotiwe-haq-zah-wepitula-pofepilu-meh-ralonefi-qip,ralonefi,,12736.3
5dfb7cbd01423f8a774d893b,6154e0eaaaa79b827af4bca6,36,receiver,review,normal,review-normal,,normal,11570
5dfb7cbd01423f8a774d893b,6154e0eaaaa79b827af4bca6,37,sender,future,window,nidaweli-tih-saqotiwe-haq-zah-wepitula-pofepilu-meh-ralonefi-qip,nidaweli,,18950.4
5dfb7cbd01423f8a774d893b,6154e0eaaaa79b827af4bca6,38,receiver,coffee,travel,travel-coffee,,coffee,5235.6
5dfb7cbd01423f8a774d893b,6154e0eaaaa79b827af4bca6,39,sender,coffee,change,nidaweli-tih-saqotiwe-haq-zah-wepitula-pofepilu-meh-ralonefi-qip,meh,,8165.3
5dfb7cbd01423f8a774d893b,6154e0eaaaa79b827af4bca6,40,receiver,review,travel,travel-review,,review,16194.6
5dfb7cbd01423f8a774d893b,6154e0eaaaa79b827af4bca6,41,sender,review,handle,nidaweli-tih-saqotiwe-haq-zah-wepitula-pofepilu-meh-ralonefi-qip,zah,,17109.8
5dfb7cbd01423f8a774d893b,6154e0eaaaa79b827af4bca6,42,receiver,handle,normal,handle-normal,,handle,4504.9
5dfb7cbd01423f8a774d893b,6154e0eaaaa79b827af4bca6,43,sender,window,design,nidaweli-tih-saqotiwe-haq-zah-wepitula-pofepilu-meh-ralonefi-qip,haq,,10917.1
5dfb7cbd01423f8a774d893b,6154e0eaaaa79b827af4bca6,44,receiver,future,window,window-future,,future,12048
5dfb7cbd01423f8a774d893b,6154e0eaaaa79b827af4bca6,45,sender,change,design,nidaweli-tih-saqotiwe-haq-zah-wepitula-pofepilu-meh-ralonefi-qip,ralonefi,,14188.9
5dfb7cbd01423f8a774d893b,6154e0eaaaa79b827af4bca6,46,receiver,handle,design,design-handle,,handle,3395.4
5dfb7cbd01423f8a774d893b,6154e0eaaaa79b827af4bca6,47,sender,future,window,nidaweli-tih-saqotiwe-haq-zah-wepitula-pofepilu-meh-ralonefi-qip,wepitula,,9549.3
5dfb7cbd01423f8a774d893b,6154e0eaaaa79b827af4bca6,48,receiver,coffee,future,future-coffee,,coffee,13073.3
5dfb7cbd01423f8a774d893b,6154e0eaaaa79b827af4bca6,49,sender,market,design,nidaweli-tih-saqotiwe-haq-zah-wepitula-pofepilu-meh-ralonefi-qip,ralonefi,,12696.5
5dfb7cbd01423f8a774d893b,6154e0eaaaa79b827af4bca6,50,receiver,change,travel,travel-change,,travel,3902.5
5dfb7cbd01423f8a774d893b,6154e0eaaaa79b827af4bca6,51,sender,future,design,nidaweli-tih-saqotiwe-haq-zah-wepitula-pofepilu-meh-ralonefi-qip,wepitula,,8355
5dfb7cbd01423f8a774d893b,6154e0eaaaa79b827af4bca6,52,receiver,market,travel,travel-market,,market,7721.7
5dfb7cbd01423f8a774d893b,6154e0eaaaa79b827af4bca6,53,sender,travel,design,nidaweli-tih-saqotiwe-haq-zah-wepitula-pofepilu-meh-ralonefi-qip,ralonefi,,8549.1
5dfb7cbd01423f8a774d893b,6154e0eaaaa79b827af4bca6,54,receiver,handle,design,design-handle,,handle,4615
5dfb7cbd01423f8a774d893b,6154e0eaaaa79b827af4bca6,55,sender,change,travel,nidaweli-tih-saqotiwe-haq-zah-wepitula-pofepilu-meh-ralonefi-qip,tih,,22424.4
5dfb7cbd01423f8a774d893b,6154e0eaaaa79b827af4bca6,56,receiver,normal,design,design-normal,,normal,5910.1
5dfb7cbd01423f8a774d893b,6154e0eaaaa79b827af4bca6,57,sender,review,market,nidaweli-tih-saqotiwe-haq-zah-wepitula-pofepilu-meh-ralonefi-qip,ralonefi,,9496.7
5dfb7cbd01423f8a774d893b,6154e0eaaaa79b827af4bca6,58,receiver,future,window,future-window,,future,4951.4
5dfb7cbd01423f8a774d893b,6154e0eaaaa79b827af4bca6,59,sender,market,window,nidaweli-tih-saqotiwe-haq-zah-wepitula-pofepilu-meh-ralonefi-qip,ralonefi,,16727.1
5dfb7cbd01423f8a774d893b,6154e0eaaaa79b827af4bca6,60,receiver,change,future,change-future,,future,9400.9
5dfb7cbd01423f8a774d893b,6154e0eaaaa79b827af4bca6,61,sender,market,window,nidaweli-tih-saqotiwe-haq-zah-wepitula-pofepilu-meh-ralonefi-qip,saqotiwe,,16256.1
5dfb7cbd01423f8a774d893b,6154e0eaaaa79b827af4bca6,62,receiver,review,handle,review-handle,,review,23568
5dfb7cbd01423f8a774d893b,6154e0eaaaa79b827af4bca6,63,sender,review,change,nidaweli-tih-saqotiwe-haq-zah-wepitula-pofepilu-meh-ralonefi-qip,ralonefi,,22289.1
5dfb7cbd01423f8a774d893b,6154e0eaaaa79b827af4bca6,64,receiver,window,design,design-window,,window,6610.3
5dfb7cbd01423f8a774d893b,6154e0eaaaa79b827af4bca6,65,sender,handle,normal,nidaweli-tih-saqotiwe-haq-zah-wepitula-pofepilu-meh-ralonefi-qip,zah,,15324.6
5dfb7cbd01423f8a774d893b,6154e0eaaaa79b827af4bca6,66,receiver,future,travel,travel-future,,future,4914.3
5dfb7cbd01423f8a774d893b,6154e0eaaaa79b827af4bca6,67,sender,change,window,nidaweli-tih-saqotiwe-haq-zah-wepitula-pofepilu-meh-ralonefi-qip,meh,,9708.1
5dfb7cbd01423f8a774d893b,6154e0eaaaa79b827af4bca6,68,receiver,coffee,change,change-coffee,,coffee,7449.4
5dfb7cbd01423f8a774d893b,6154e0eaaaa79b827af4bca6,69,sender,change,normal,nidaweli-tih-saqotiwe-haq-zah-wepitula-pofepilu-meh-ralonefi-qip,nidaweli,,5448.5
5dfb7cbd01423f8a774d893b,6154e0eaaaa79b827af4bca6,70,receiver,future,window,window-future,,future,15519.6
5dfb7cbd01423f8a774d893b,6154e0eaaaa79b827af4bca6,71,sender,review,travel,nidaweli-tih-saqotiwe-haq-zah-wepitula-pofepilu-meh-ralonefi-qip,tih,,7312.2
5dfb7cbd01423f8a774d893b,6154e0eaaaa79b827af4bca6,72,receiver,coffee,change,coffee-change,,coffee,7223.9
5dfb7cbd01423f8a774d893b,6154e0eaaaa79b827af4bca6,73,sender,review,future,nidaweli-tih-saqotiwe-haq-zah-wepitula-pofepilu-meh-ralonefi-qip,wepitula,,19189.8
5dfb7cbd01423f8a774d893b,6154e0eaaaa79b827af4bca6,74,receiver,coffee,change,coffee-change,,coffee,8904.7
5dfb7cbd01423f8a774d893b,6154e0eaaaa79b827af4bca6,75,sender,future,window,nidaweli-tih-saqotiwe-haq-zah-wepitula-pofepilu-meh-ralonefi-qip,wepitula,,7090.2
5dfb7cbd01423f8a774d893b,6154e0eaaaa79b827af4bca6,76,receiver,review,market,review-market,,review,5592.3
5dfb7cbd01423f8a774d893b,6154e0eaaaa79b827af4bca6,77,sender,handle,travel,nidaweli-tih-saqotiwe-haq-zah-wepitula-pofepilu-meh-ralonefi-qip,tih,,6943.4
5dfb7cbd01423f8a774d893b,6154e0eaaaa79b827af4bca6,78,receiver,coffee,handle,coffee-handle,,coffee,12486.3
5dfb7cbd01423f8a774d893b,6154e0eaaaa79b827af4bca6,79,sender,future,window,nidaweli-tih-saqotiwe-haq-zah-wepitula-pofepilu-meh-ralonefi-qip,wepitula,,7553.9
5dfb7cbd01423f8a774d893b,6154e0eaaaa79b827af4bca6,80,receiver,travel,design,design-travel,,travel,6419.9
5dfb7cbd01423f8a774d893b,6154e0eaaaa79b827af4bca6,81,sender,handle,normal,nidaweli-tih-saqotiwe-haq-zah-wepitula-pofepilu-meh-ralonefi-qip,nidaweli,,4961.1
5dfb7cbd01423f8a774d893b,6154e0eaaaa79b827af4bca6,82,receiver,review,market,market-review,,review,4596.5
5dfb7cbd01423f8a774d893b,6154e0eaaaa79b827af4bca6,83,sender,future,window,nidaweli-tih-saqotiwe-haq-zah-wepitula-pofepilu-meh-ralonefi-qip,wepitula,,6149.1
5dfb7cbd01423f8a774d893b,6154e0eaaaa79b827af4bca6,84,receiver,future,design,design-future,,future,6086.6
5dfb7cbd01423f8a774d893b,6154e0eaaaa79b827af4bca6,85,sender,normal,design,nidaweli-tih-saqotiwe-haq-zah-wepitula-pofepilu-meh-ralonefi-qip,ralonefi,,14980.9
5dfb7cbd01423f8a774d893b,6154e0eaaaa79b827af4bca6,86,receiver,change,normal,normal-change,,change,10737.4
5dfb7cbd01423f8a774d893b,6154e0eaaaa79b827af4bca6,87,sender,normal,design,nidaweli-tih-saqotiwe-haq-zah-wepitula-pofepilu-meh-ralonefi-qip,ralonefi,,23863.6
5dfb7cbd01423f8a774d893b,6154e0eaaaa79b827af4bca6,88,receiver,review,coffee,review-coffee,,review,7687.1
5dfb7cbd01423f8a774d893b,6154e0eaaaa79b827af4bca6,89,sender,market,travel,nidaweli-tih-saqotiwe-haq-zah-wepitula-pofepilu-meh-ralonefi-qip,tih,,10333.3
5dfb7cbd01423f8a774d893b,6154e0eaaaa79b827af4bca6,90,receiver,handle,travel,handle-travel,,handle,7208.2
5dfb7cbd01423f8a774d893b,6154e0eaaaa79b827af4bca6,91,sender,review,market,nidaweli-tih-saqotiwe-haq-zah-wepitula-pofepilu-meh-ralonefi-qip,saqotiwe,,13714.2
5dfb7cbd01423f8a774d893b,6154e0eaaaa79b827af4bca6,92,receiver,review,future,review-future,,review,24946.4
5dfb7cbd01423f8a774d893b,6154e0eaaaa79b827af4bca6,93,sender,market,normal,nidaweli-tih-saqotiwe-haq-zah-wepitula-pofepilu-meh-ralonefi-qip,nidaweli,,14650.8
5dfb7cbd01423f8a774d893b,6154e0eaaaa79b827af4bca6,94,receiver,handle,travel,travel-handle,,handle,8275.9
5dfb7cbd01423f8a774d893b,6154e0eaaaa79b827af4bca6,95,sender,coffee,design,nidaweli-tih-saqotiwe-haq-zah-wepitula-pofepilu-meh-ralonefi-qip,pofepilu,,9133.1
5dfb7cbd01423f8a774d893b,6154e0eaaaa79b827af4bca6,96,receiver,coffee,change,coffee-change,,coffee,13426
5dfb7cbd01423f8a774d893b,6154e0eaaaa79b827af4bca6,97,sender,market,future,nidaweli-tih-saqotiwe-haq-zah-wepitula-pofepilu-meh-ralonefi-qip,ralonefi,,8586.2
5dfb7cbd01423f8a774d893b,6154e0eaaaa79b827af4bca6,98,receiver,market,coffee,market-coffee,,market,7745.8
5dfb7cbd01423f8a774d893b,6154e0eaaaa79b827af4bca6,99,sender,window,normal,nidaweli-tih-saqotiwe-haq-zah-wepitula-pofepilu-meh-ralonefi-qip,haq,,5366
5dfb7cbd01423f8a774d893b,6154e0eaaaa79b827af4bca6,100,receiver,market,design,market-design,,market,5713.5
5dfb7cbd01423f8a774d893b,6154e0eaaaa79b827af4bca6,101,sender,coffee,future,nidaweli-tih-saqotiwe-haq-zah-wepitula-pofepilu-meh-ralonefi-qip,pofepilu,,8387.8
5dfb7cbd01423f8a774d893b,6154e0eaaaa79b827af4bca6,102,receiver,handle,travel,handle-travel,,handle,3819.4
5dfb7cbd01423f8a774d893b,6154e0eaaaa79b827af4bca6,103,sender,review,market,nidaweli-tih-saqotiwe-haq-zah-wepitula-pofepilu-meh-ralonefi-qip,ralonefi,,6106.1
5dfb7cbd01423f8a774d893b,6154e0eaaaa79b827af4bca6,104,receiver,review,window,window-review,,review,5283.8
5dfb7cbd01423f8a774d893b,6154e0eaaaa79b827af4bca6,105,sender,change,design,nidaweli-tih-saqotiwe-haq-zah-wepitula-pofepilu-meh-ralonefi-qip,ralonefi,,20037.4
5dfb7cbd01423f8a774d893b,6154e0eaaaa79b827af4bca6,106,receiver,coffee,window,coffee-window,,coffee,12629.6
5dfb7cbd01423f8a774d893b,6154e0eaaaa79b827af4bca6,107,sender,review,market,nidaweli-tih-saqotiwe-haq-zah-wepitula-pofepilu-meh-ralonefi-qip,saqotiwe,,15986.1
5dfb7cbd01423f8a774d893b,6154e0eaaaa79b827af4bca6,108,receiver,normal,design,normal-design,,normal,5551.1
5dfb7cbd01423f8a774d893b,6154e0eaaaa79b827af4bca6,109,sender,review,coffee,nidaweli-tih-saqotiwe-haq-zah-wepitula-pofepilu-meh-ralonefi-qip,pofepilu,,7430
5dfb7cbd01423f8a774d893b,6154e0eaaaa79b827af4bca6,110,receiver,window,travel,window-travel,,window,14305.6
5dfb7cbd01423f8a774d893b,6154e0eaaaa79b827af4bca6,111,sender,change,future,nidaweli-tih-saqotiwe-haq-zah-wepitula-pofepilu-meh-ralonefi-qip,wepitula,,11442.4
5dfb7cbd01423f8a774d893b,6154e0eaaaa79b827af4bca6,112,receiver,future,handle,future-handle,,future,4609.6
5dfb7cbd01423f8a774d893b,6154e0eaaaa79b827af4bca6,113,sender,normal,travel,nidaweli-tih-saqotiwe-haq-zah-wepitula-pofepilu-meh-ralonefi-qip,qip,,6867.5
5dfb7cbd01423f8a774d893b,6154e0eaaaa79b827af4bca6,114,receiver,market,change,market-change,,change,12971.7
5dfb7cbd01423f8a774d893b,6154e0eaaaa79b827af4bca6,115,sender,change,window,nidaweli-tih-saqotiwe-haq-zah-wepitula-pofepilu-meh-ralonefi-qip,haq,,17769.8
5dfb7cbd01423f8a774d893b,6154e0eaaaa79b827af4bca6,116,receiver,review,market,market-review,,review,5196.6
5dfb7cbd01423f8a774d893b,6154e0eaaaa79b827af4bca6,117,sender,review,market,nidaweli-tih-saqotiwe-haq-zah-wepitula-pofepilu-meh-ralonefi-qip,ralonefi,,14411.5
5dfb7cbd01423f8a774d893b,6154e0eaaaa79b827af4bca6,118,receiver,handle,design,handle-design,,handle,13847.9
5dfb7cbd01423f8a774d893b,6154e0eaaaa79b827af4bca6,119,sender,change,handle,nidaweli-tih-saqotiwe-haq-zah-wepitula-pofepilu-meh-ralonefi-qip,zah,,13788
5dfb7cbd01423f8a774d893b,6154e0eaaaa79b827af4bca6,120,receiver,coffee,handle,coffee-handle,,coffee,9876.4
5dfb7cbd01423f8a774d893b,6154e0eaaaa79b827af4bca6,121,sender,review,change,nidaweli-tih-saqotiwe-haq-zah-wepitula-pofepilu-meh-ralonefi-qip,ralonefi,,10556.7
5dfb7cbd01423f8a774d893b,6154e0eaaaa79b827af4bca6,122,receiver,coffee,travel,coffee-travel,,coffee,10442.6
5dfb7cbd01423f8a774d893b,6154e0eaaaa79b827af4bca6,123,sender,handle,design,nidaweli-tih-saqotiwe-haq-zah-wepitula-pofepilu-meh-ralonefi-qip,zah,,8285.5
5dfb7cbd01423f8a774d893b,6154e0eaaaa79b827af4bca6,124,receiver,normal,travel,travel-normal,,normal,7968.1
5dfb7cbd01423f8a774d893b,6154e0eaaaa79b827af4bca6,125,sender,normal,travel,nidaweli-tih-saqotiwe-haq-zah-wepitula-pofepilu-meh-ralonefi-qip,qip,,10213
5dfb7cbd01423f8a774d893b,6154e0eaaaa79b827af4bca6,126,receiver,market,handle,handle-market,,market,6285.6
5dfb7cbd01423f8a774d893b,6154e0eaaaa79b827af4bca6,127,sender,market,change,nidaweli-tih-saqotiwe-haq-zah-wepitula-pofepilu-meh-ralonefi-qip,qip,,11276.7
5dfb7cbd01423f8a774d893b,6154e0eaaaa79b827af4bca6,128,receiver,coffee,change,coffee-change,,coffee,14686.5
5dfb7cbd01423f8a774d893b,6154e0eaaaa79b827af4bca6,129,sender,coffee,window,nidaweli-tih-saqotiwe-haq-zah-wepitula-pofepilu-meh-ralonefi-qip,haq,,6989.3
5dfb7cbd01423f8a774d893b,6154e0eaaaa79b827af4bca6,130,receiver,coffee,change,coffee-change,,coffee,9070.8
5dfb7cbd01423f8a774d893b,6154e0eaaaa79b827af4bca6,131,sender,review,market,nidaweli-tih-saqotiwe-haq-zah-wepitula-pofepilu-meh-ralonefi-qip,qip,,8546.8
5dfb7cbd01423f8a774d893b,6154e0eaaaa79b827af4bca6,132,receiver,future,normal,normal-future,,future,7326.8
5dfb7cbd01423f8a774d893b,6154e0eaaaa79b827af4bca6,133,sender,handle,normal,nidaweli-tih-saqotiwe-haq-zah-wepitula-pofepilu-meh-ralonefi-qip,nidaweli,,13633.8
5dfb7cbd01423f8a774d893b,6154e0eaaaa79b827af4bca6,134,receiver,market,normal,market-normal,,market,5789.7
5dfb7cbd01423f8a774d893b,6154e0eaaaa79b827af4bca6,135,sender,handle,design,nidaweli-tih-saqotiwe-haq-zah-wepitula-pofepilu-meh-ralonefi-qip,zah,,12212.1