participant_id, partner_id, trial_index, trial_type, target_meaning, foil_meaning,             choices, signal_selected, meaning_guess, rt
6154e0eaaaa79b827af4bca6,5dfb7cbd01423f8a774d893b,1,receiver,travel,design,design-travel,,design,9149.6
6154e0eaaaa79b827af4bca6,5dfb7cbd01423f8a774d893b,2,sender,future,handle,nidaweli-tih-saqotiwe-haq-zah-wepitula-pofepilu-meh-ralonefi-qip,wepitula,,20306.6
6154e0eaaaa79b827af4bca6,5dfb7cbd01423f8a774d893b,3,receiver,normal,design,normal-design,,normal,5824.7
6154e0eaaaa79b827af4bca6,5dfb7cbd01423f8a774d893b,4,sender,future,window,nidaweli-tih-saqotiwe-haq-zah-wepitula-pofepilu-meh-ralonefi-qip,wepitula,,7827.3
6154e0eaaaa79b827af4bca6,5dfb7cbd01423f8a774d893b,5,receiver,review,market,review-market,,review,5175.8
6154e0eaaaa79b827af4bca6,5dfb7cbd01423f8a774d893b,6,sender,future,window,nidaweli-tih-saqotiwe-haq-zah-wepitula-pofepilu-meh-ralonefi-qip,wepitula,,9406.6
6154e0eaaaa79b827af4bca6,5dfb7cbd01423f8a774d893b,7,receiver,future,normal,future-normal,,normal,4305.4
6154e0eaaaa79b827af4bca6,5dfb7cbd01423f8a774d893b,8,sender,change,handle,nidaweli-tih-saqotiwe-haq-zah-wepitula-pofepilu-meh-ralonefi-qip,meh,,16234.2
6154e0eaaaa79b827af4bca6,5dfb7cbd01423f8a774d893b,9,receiver,future,window,window-future,,future,3451.7
6154e0eaaaa79b827af4bca6,5dfb7cbd01423f8a774d893b,10,sender,normal,travel,nidaweli-tih-saqotiwe-haq-zah-wepitula-pofepilu-meh-ralonefi-qip,nidaweli,,7056.8
6154e0eaaaa79b827af4bca6,5dfb7cbd01423f8a774d893b,11,receiver,coffee,design,design-coffee,,coffee,4429.8
6154e0eaaaa79b827af4bca6,5dfb7cbd01423f8a774d893b,12,sender,review,window,nidaweli-tih-saqotiwe-haq-zah-wepitula-pofepilu-meh-ralonefi-qip,tih,,24959.3
6154e0eaaaa79b827af4bca6,5dfb7cbd01423f8a774d893b,13,receiver,window,handle,handle-window,,handle,8073.1
6154e0eaaaa79b827af4bca6,5dfb7cbd01423f8a774d893b,14,sender,market,future,nidaweli-tih-saqotiwe-haq-zah-wepitula-pofepilu-meh-ralonefi-qip,saqotiwe,,9587.4
6154e0eaaaa79b827af4bca6,5dfb7cbd01423f8a774d893b,15,receiver,coffee,change,coffee-change,,change,3795
6154e0eaaaa79b827af4bca6,5dfb7cbd01423f8a774d893b,16,sender,travel,design,nidaweli-tih-saqotiwe-haq-zah-wepitula-pofepilu-meh-ralonefi-qip,tih,,13066.6
6154e0eaaaa79b827af4bca6,5dfb7cbd01423f8a774d893b,17,receiver,coffee,normal,normal-coffee,,coffee,8372.8
6154e0eaaaa79b827af4bca6,5dfb7cbd01423f8a774d893b,18,sender,coffee,change,nidaweli-tih-saqotiwe-haq-zah-wepitula-pofepilu-meh-ralonefi-qip,pofepilu,,4897.2
6154e0eaaaa79b827af4bca6,5dfb7cbd01423f8a774d893b,19,receiver,review,market,market-review,,review,14390.5
6154e0eaaaa79b827af4bca6,5dfb7cbd01423f8a774d893b,20,sender,window,normal,nidaweli-tih-saqotiwe-haq-zah-wepitula-pofepilu-meh-ralonefi-qip,haq,,26084.6
6154e0eaaaa79b827af4bca6,5dfb7cbd01423f8a774d893b,21,receiver,review,normal,review-normal,,normal,2930.3
6154e0eaaaa79b827af4bca6,5dfb7cbd01423f8a774d893b,22,sender,travel,design,nidaweli-tih-saqotiwe-haq-zah-wepitula-pofepilu-meh-ralonefi-qip,qip,,17364.5
6154e0eaaaa79b827af4bca6,5dfb7cbd01423f8a774d893b,23,receiver,coffee,change,change-coffee,,coffee,7012.3
6154e0eaaaa79b827af4bca6,5dfb7cbd01423f8a774d893b,24,sender,review,design,nidaweli-tih-saqotiwe-haq-zah-wepitula-pofepilu-meh-ralonefi-qip,ralonefi,,4906.2
6154e0eaaaa79b827af4bca6,5dfb7cbd01423f8a774d893b,25,receiver,handle,normal,normal-handle,,handle,4528.7
6154e0eaaaa79b827af4bca6,5dfb7cbd01423f8a774d893b,26,sender,review,design,nidaweli-tih-saqotiwe-haq-zah-wepitula-pofepilu-meh-ralonefi-qip,ralonefi,,3440.7
6154e0eaaaa79b827af4bca6,5dfb7cbd01423f8a774d893b,27,receiver,normal,travel,travel-normal,,travel,6667.1
6154e0eaaaa79b827af4bca6,5dfb7cbd01423f8a774d893b,28,sender,market,coffee,nidaweli-tih-saqotiwe-haq-zah-wepitula-pofepilu-meh-ralonefi-qip,meh,,7367.2
6154e0eaaaa79b827af4bca6,5dfb7cbd01423f8a774d893b,29,receiver,coffee,change,change-coffee,,change,3559.9
6154e0eaaaa79b827af4bca6,5dfb7cbd01423f8a774d893b,30,sender,window,travel,nidaweli-tih-saqotiwe-haq-zah-wepitula-pofepilu-meh-ralonefi-qip,haq,,9192.9
6154e0eaaaa79b827af4bca6,5dfb7cbd01423f8a774d893b,31,receiver,future,travel,travel-future,,travel,5015.6
6154e0eaaaa79b827af4bca6,5dfb7cbd01423f8a774d893b,32,sender,handle,travel,nidaweli-tih-saqotiwe-haq-zah-wepitula-pofepilu-meh-ralonefi-qip,zah,,3326
6154e0eaaaa79b827af4bca6,5dfb7cbd01423f8a774d893b,33,receiver,window,handle,handle-window,,window,1915.8
6154e0eaaaa79b827af4bca6,5dfb7cbd01423f8a774d893b,34,sender,coffee,normal,nidaweli-tih-saqotiwe-haq-zah-wepitula-pofepilu-meh-ralonefi-qip,meh,,14513.9
6154e0eaaaa79b827af4bca6,5dfb7cbd01423f8a774d893b,35,receiver,market,handle,market-handle,,market,9490.5
6154e0eaaaa79b827af4bca6,5dfb7cbd01423f8a774d893b,36,sender,review,normal,nidaweli-tih-saqotiwe-haq-zah-wepitula-pofepilu-meh-ralonefi-qip,pofepilu,,13081.3
6154e0eaaaa79b827af4bca6,5dfb7cbd01423f8a774d893b,37,receiver,future,window,window-future,,window,10725.2
6154e0eaaaa79b827af4bca6,5dfb7cbd01423f8a774d893b,38,sender,coffee,travel,nidaweli-tih-saqotiwe-haq-zah-wepitula-pofepilu-meh-ralonefi-qip,pofepilu,,324.5
6154e0eaaaa79b827af4bca6,5dfb7cbd01423f8a774d893b,39,receiver,coffee,change,coffee-change,,change,4244.7
6154e0eaaaa79b827af4bca6,5dfb7cbd01423f8a774d893b,40,sender,review,travel,nidaweli-tih-saqotiwe-haq-zah-wepitula-pofepilu-meh-ralonefi-qip,ralonefi,,7421
6154e0eaaaa79b827af4bca6,5dfb7cbd01423f8a774d893b,41,receiver,review,handle,handle-review,,handle,5814.6
6154e0eaaaa79b827af4bca6,5dfb7cbd01423f8a774d893b,42,sender,handle,normal,nidaweli-tih-saqotiwe-haq-zah-wepitula-pofepilu-meh-ralonefi-qip,zah,,7293.1
6154e0eaaaa79b827af4bca6,5dfb7cbd01423f8a774d893b,43,receiver,window,design,window-design,,window,5868.2
6154e0eaaaa79b827af4bca6,5dfb7cbd01423f8a774d893b,44,sender,future,window,nidaweli-tih-saqotiwe-haq-zah-wepitula-pofepilu-meh-ralonefi-qip,wepitula,,11768.1
6154e0eaaaa79b827af4bca6,5dfb7cbd01423f8a774d893b,45,receiver,change,design,change-design,,change,11483.3
6154e0eaaaa79b827af4bca6,5dfb7cbd01423f8a774d893b,46,sender,handle,design,nidaweli-tih-saqotiwe-haq-zah-wepitula-pofepilu-meh-ralonefi-qip,zah,,7270
6154e0eaaaa79b827af4bca6,5dfb7cbd01423f8a774d893b,47,receiver,future,window,window-future,,future,2579.8
6154e0eaaaa79b827af4bca6,5dfb7cbd01423f8a774d893b,48,sender,coffee,future,nidaweli-tih-saqotiwe-haq-zah-wepitula-pofepilu-meh-ralonefi-qip,meh,,8455.4
6154e0eaaaa79b827af4bca6,5dfb7cbd01423f8a774d893b,49,receiver,market,design,design-market,,market,11944.1
6154e0eaaaa79b827af4bca6,5dfb7cbd01423f8a774d893b,50,sender,change,travel,nidaweli-tih-saqotiwe-haq-zah-wepitula-pofepilu-meh-ralonefi-qip,qip,,21437.7
6154e0eaaaa79b827af4bca6,5dfb7cbd01423f8a774d893b,51,receiver,future,design,design-future,,future,3877.3
6154e0eaaaa79b827af4bca6,5dfb7cbd01423f8a774d893b,52,sender,market,travel,nidaweli-tih-saqotiwe-haq-zah-wepitula-pofepilu-meh-ralonefi-qip,ralonefi,,2485.6
6154e0eaaaa79b827af4bca6,5dfb7cbd01423f8a774d893b,53,receiver,travel,design,design-travel,,design,12868.1
6154e0eaaaa79b827af4bca6,5dfb7cbd01423f8a774d893b,54,sender,handle,design,nidaweli-tih-saqotiwe-haq-zah-wepitula-pofepilu-meh-ralonefi-qip,zah,,6591.7
6154e0eaaaa79b827af4bca6,5dfb7cbd01423f8a774d893b,55,receiver,change,travel,change-travel,,travel,9980.1
6154e0eaaaa79b827af4bca6,5dfb7cbd01423f8a774d893b,56,sender,normal,design,nidaweli-tih-saqotiwe-haq-zah-wepitula-pofepilu-meh-ralonefi-qip,nidaweli,,8915.5
6154e0eaaaa79b827af4bca6,5dfb7cbd01423f8a774d893b,57,receiver,review,market,market-review,,market,5474.4
6154e0eaaaa79b827af4bca6,5dfb7cbd01423f8a774d893b,58,sender,future,window,nidaweli-tih-saqotiwe-haq-zah-wepitula-pofepilu-meh-ralonefi-qip,wepitula,,1977
6154e0eaaaa79b827af4bca6,5dfb7cbd01423f8a774d893b,59,receiver,market,window,market-window,,market,5196.5
6154e0eaaaa79b827af4bca6,5dfb7cbd01423f8a774d893b,60,sender,change,future,nidaweli-tih-saqotiwe-haq-zah-wepitula-pofepilu-meh-ralonefi-qip,qip,,17074.1
6154e0eaaaa79b827af4bca6,5dfb7cbd01423f8a774d893b,61,receiver,market,window,window-market,,window,7219
6154e0eaaaa79b827af4bca6,5dfb7cbd01423f8a774d893b,62,sender,review,handle,nidaweli-tih-saqotiwe-haq-zah-wepitula-pofepilu-meh-ralonefi-qip,tih,,26934.5
6154e0eaaaa79b827af4bca6,5dfb7cbd01423f8a774d893b,63,receiver,review,change,change-review,,review,5311.3
6154e0eaaaa79b827af4bca6,5dfb7cbd01423f8a774d893b,64,sender,window,design,nidaweli-tih-saqotiwe-haq-zah-wepitula-pofepilu-meh-ralonefi-qip,haq,,8820.9
6154e0eaaaa79b827af4bca6,5dfb7cbd01423f8a774d893b,65,receiver,handle,normal,normal-handle,,handle,3703
6154e0eaaaa79b827af4bca6,5dfb7cbd01423f8a774d893b,66,sender,future,travel,nidaweli-tih-saqotiwe-haq-zah-wepitula-pofepilu-meh-ralonefi-qip,wepitula,,3209.8
6154e0eaaaa79b827af4bca6,5dfb7cbd01423f8a774d893b,67,receiver,change,window,change-window,,change,5171.4
6154e0eaaaa79b827af4bca6,5dfb7cbd01423f8a774d893b,68,sender,coffee,change,nidaweli-tih-saqotiwe-haq-zah-wepitula-pofepilu-meh-ralonefi-qip,pofepilu,,10817
6154e0eaaaa79b827af4bca6,5dfb7cbd01423f8a774d893b,69,receiver,change,normal,normal-change,,normal,2266.4
6154e0eaaaa79b827af4bca6,5dfb7cbd01423f8a774d893b,70,sender,future,window,nidaweli-tih-saqotiwe-haq-zah-wepitula-pofepilu-meh-ralonefi-qip,wepitula,,2712.9
6154e0eaaaa79b827af4bca6,5dfb7cbd01423f8a774d893b,71,receiver,review,travel,review-travel,,travel,4683.2
6154e0eaaaa79b827af4bca6,5dfb7cbd01423f8a774d893b,72,sender,coffee,change,nidaweli-tih-saqotiwe-haq-zah-wepitula-pofepilu-meh-ralonefi-qip,pofepilu,,2012.1
6154e0eaaaa79b827af4bca6,5dfb7cbd01423f8a774d893b,73,receiver,review,future,review-future,,future,1824.2
6154e0eaaaa79b827af4bca6,5dfb7cbd01423f8a774d893b,74,sender,coffee,change,nidaweli-tih-saqotiwe-haq-zah-wepitula-pofepilu-meh-ralonefi-qip,pofepilu,,14101.6
6154e0eaaaa79b827af4bca6,5dfb7cbd01423f8a774d893b,75,receiver,future,window,window-future,,future,4602.7
6154e0eaaaa79b827af4bca6,5dfb7cbd01423f8a774d893b,76,sender,review,market,nidaweli-tih-saqotiwe-haq-zah-wepitula-pofepilu-meh-ralonefi-qip,tih,,17833.6
6154e0eaaaa79b827af4bca6,5dfb7cbd01423f8a774d893b,77,receiver,handle,travel,travel-handle,,travel,8614.9
6154e0eaaaa79b827af4bca6,5dfb7cbd01423f8a774d893b,78,sender,coffee,handle,nidaweli-tih-saqotiwe-haq-zah-wepitula-pofepilu-meh-ralonefi-qip,pofepilu,,3213.6
6154e0eaaaa79b827af4bca6,5dfb7cbd01423f8a774d893b,79,receiver,future,window,future-window,,future,2642.5
6154e0eaaaa79b827af4bca6,5dfb7cbd01423f8a774d893b,80,sender,travel,design,nidaweli-tih-saqotiwe-haq-zah-wepitula-pofepilu-meh-ralonefi-qip,tih,,20269.8
6154e0eaaaa79b827af4bca6,5dfb7cbd01423f8a774d893b,81,receiver,handle,normal,normal-handle,,normal,3121.8
6154e0eaaaa79b827af4bca6,5dfb7cbd01423f8a774d893b,82,sender,review,market,nidaweli-tih-saqotiwe-haq-zah-wepitula-pofepilu-meh-ralonefi-qip,tih,,14913.4
6154e0eaaaa79b827af4bca6,5dfb7cbd01423f8a774d893b,83,receiver,future,window,future-window,,future,1951.6
6154e0eaaaa79b827af4bca6,5dfb7cbd01423f8a774d893b,84,sender,future,design,nidaweli-tih-saqotiwe-haq-zah-wepitula-pofepilu-meh-ralonefi-qip,wepitula,,2565.1
6154e0eaaaa79b827af4bca6,5dfb7cbd01423f8a774d893b,85,receiver,normal,design,normal-design,,design,5913.3
6154e0eaaaa79b827af4bca6,5dfb7cbd01423f8a774d893b,86,sender,change,normal,nidaweli-tih-saqotiwe-haq-zah-wepitula-pofepilu-meh-ralonefi-qip,meh,,10816.5
6154e0eaaaa79b827af4bca6,5dfb7cbd01423f8a774d893b,87,receiver,normal,design,normal-design,,design,6796
6154e0eaaaa79b827af4bca6,5dfb7cbd01423f8a774d893b,88,sender,review,coffee,nidaweli-tih-saqotiwe-haq-zah-wepitula-pofepilu-meh-ralonefi-qip,tih,,2535.7
6154e0eaaaa79b827af4bca6,5dfb7cbd01423f8a774d893b,89,receiver,market,travel,market-travel,,travel,3828.7
6154e0eaaaa79b827af4bca6,5dfb7cbd01423f8a774d893b,90,sender,handle,travel,nidaweli-tih-saqotiwe-haq-zah-wepitula-pofepilu-meh-ralonefi-qip,zah,,2912.7
6154e0eaaaa79b827af4bca6,5dfb7cbd01423f8a774d893b,91,receiver,review,market,review-market,,market,4538.6
6154e0eaaaa79b827af4bca6,5dfb7cbd01423f8a774d893b,92,sender,review,future,nidaweli-tih-saqotiwe-haq-zah-wepitula-pofepilu-meh-ralonefi-qip,saqotiwe,,7732.4
6154e0eaaaa79b827af4bca6,5dfb7cbd01423f8a774d893b,93,receiver,market,normal,market-normal,,normal,6085.8
6154e0eaaaa79b827af4bca6,5dfb7cbd01423f8a774d893b,94,sender,handle,travel,nidaweli-tih-saqotiwe-haq-zah-wepitula-pofepilu-meh-ralonefi-qip,zah,,1970.4
6154e0eaaaa79b827af4bca6,5dfb7cbd01423f8a774d893b,95,receiver,coffee,design,coffee-design,,coffee,1985.7
6154e0eaaaa79b827af4bca6,5dfb7cbd01423f8a774d893b,96,sender,coffee,change,nidaweli-tih-saqotiwe-haq-zah-wepitula-pofepilu-meh-ralonefi-qip,pofepilu,,1738.7
6154e0eaaaa79b827af4bca6,5dfb7cbd01423f8a774d893b,97,receiver,market,future,future-market,,market,3823.1
6154e0eaaaa79b827af4bca6,5dfb7cbd01423f8a774d893b,98,sender,market,coffee,nidaweli-tih-saqotiwe-haq-zah-wepitula-pofepilu-meh-ralonefi-qip,ralonefi,,3535.2
6154e0eaaaa79b827af4bca6,5dfb7cbd01423f8a774d893b,99,receiver,window,normal,window-normal,,window,2250.5
6154e0eaaaa79b827af4bca6,5dfb7cbd01423f8a774d893b,100,sender,market,design,nidaweli-tih-saqotiwe-haq-zah-wepitula-pofepilu-meh-ralonefi-qip,ralonefi,,5992.5
6154e0eaaaa79b827af4bca6,5dfb7cbd01423f8a774d893b,101,receiver,coffee,future,future-coffee,,coffee,2483.2
6154e0eaaaa79b827af4bca6,5dfb7cbd01423f8a774d893b,102,sender,handle,travel,nidaweli-tih-saqotiwe-haq-zah-wepitula-pofepilu-meh-ralonefi-qip,zah,,4678.2
6154e0eaaaa79b827af4bca6,5dfb7cbd01423f8a774d893b,103,receiver,review,market,review-market,,market,2413.3
6154e0eaaaa79b827af4bca6,5dfb7cbd01423f8a774d893b,104,sender,review,window,nidaweli-tih-saqotiwe-haq-zah-wepitula-pofepilu-meh-ralonefi-qip,tih,,5906
6154e0eaaaa79b827af4bca6,5dfb7cbd01423f8a774d893b,105,receiver,change,design,design-change,,change,5721.9
6154e0eaaaa79b827af4bca6,5dfb7cbd01423f8a774d893b,106,sender,coffee,window,nidaweli-tih-saqotiwe-haq-zah-wepitula-pofepilu-meh-ralonefi-qip,pofepilu,,3218.3
6154e0eaaaa79b827af4bca6,5dfb7cbd01423f8a774d893b,107,receiver,review,market,market-review,,market,4788
6154e0eaaaa79b827af4bca6,5dfb7cbd01423f8a774d893b,108,sender,normal,design,nidaweli-tih-saqotiwe-haq-zah-wepitula-pofepilu-meh-ralonefi-qip,nidaweli,,7182.7
6154e0eaaaa79b827af4bca6,5dfb7cbd01423f8a774d893b,109,receiver,review,coffee,review-coffee,,coffee,2970.8
6154e0eaaaa79b827af4bca6,5dfb7cbd01423f8a774d893b,110,sender,window,travel,nidaweli-tih-saqotiwe-haq-zah-wepitula-pofepilu-meh-ralonefi-qip,haq,,3415.6
6154e0eaaaa79b827af4bca6,5dfb7cbd01423f8a774d893b,111,receiver,change,future,change-future,,future,2322.1
6154e0eaaaa79b827af4bca6,5dfb7cbd01423f8a774d893b,112,sender,future,handle,nidaweli-tih-saqotiwe-haq-zah-wepitula-pofepilu-meh-ralonefi-qip,wepitula,,1620.8
6154e0eaaaa79b827af4bca6,5dfb7cbd01423f8a774d893b,113,receiver,normal,travel,normal-travel,,travel,4111.3
6154e0eaaaa79b827af4bca6,5dfb7cbd01423f8a774d893b,114,sender,market,change,nidaweli-tih-saqotiwe-haq-zah-wepitula-pofepilu-meh-ralonefi-qip,qip,,10970.5
6154e0eaaaa79b827af4bca6,5dfb7cbd01423f8a774d893b,115,receiver,change,window,change-window,,window,5843.5
6154e0eaaaa79b827af4bca6,5dfb7cbd01423f8a774d893b,116,sender,review,market,nidaweli-tih-saqotiwe-haq-zah-wepitula-pofepilu-meh-ralonefi-qip,tih,,4980.8
6154e0eaaaa79b827af4bca6,5dfb7cbd01423f8a774d893b,117,receiver,review,market,review-market,,market,9861.8
6154e0eaaaa79b827af4bca6,5dfb7cbd01423f8a774d893b,118,sender,handle,design,nidaweli-tih-saqotiwe-haq-zah-wepitula-pofepilu-meh-ralonefi-qip,zah,,2705.2
6154e0eaaaa79b827af4bca6,5dfb7cbd01423f8a774d893b,119,receiver,change,handle,change-handle,,handle,2508.9
6154e0eaaaa79b827af4bca6,5dfb7cbd01423f8a774d893b,120,sender,coffee,handle,nidaweli-tih-saqotiwe-haq-zah-wepitula-pofepilu-meh-ralonefi-qip,pofepilu,,1614.4
6154e0eaaaa79b827af4bca6,5dfb7cbd01423f8a774d893b,121,receiver,review,change,review-change,,change,5117.6
6154e0eaaaa79b827af4bca6,5dfb7cbd01423f8a774d893b,122,sender,coffee,travel,nidaweli-tih-saqotiwe-haq-zah-wepitula-pofepilu-meh-ralonefi-qip,pofepilu,,1944.7
6154e0eaaaa79b827af4bca6,5dfb7cbd01423f8a774d893b,123,receiver,handle,design,design-handle,,handle,9914.1
6154e0eaaaa79b827af4bca6,5dfb7cbd01423f8a774d893b,124,sender,normal,travel,nidaweli-tih-saqotiwe-haq-zah-wepitula-pofepilu-meh-ralonefi-qip,nidaweli,,2450.2
6154e0eaaaa79b827af4bca6,5dfb7cbd01423f8a774d893b,125,receiver,normal,travel,normal-travel,,travel,2797.9
6154e0eaaaa79b827af4bca6,5dfb7cbd01423f8a774d893b,126,sender,market,handle,nidaweli-tih-saqotiwe-haq-zah-wepitula-pofepilu-meh-ralonefi-qip,saqotiwe,,16310.7
6154e0eaaaa79b827af4bca6,5dfb7cbd01423f8a774d893b,127,receiver,market,change,market-change,,market,6944.6
6154e0eaaaa79b827af4bca6,5dfb7cbd01423f8a774d893b,128,sender,coffee,change,nidaweli-tih-saqotiwe-haq-zah-wepitula-pofepilu-meh-ralonefi-qip,pofepilu,,1520
6154e0eaaaa79b827af4bca6,5dfb7cbd01423f8a774d893b,129,receiver,coffee,window,window-coffee,,window,3866.8
6154e0eaaaa79b827af4bca6,5dfb7cbd01423f8a774d893b,130,sender,coffee,change,nidaweli-tih-saqotiwe-haq-zah-wepitula-pofepilu-meh-ralonefi-qip,pofepilu,,2318
6154e0eaaaa79b827af4bca6,5dfb7cbd01423f8a774d893b,131,receiver,review,market,market-review,,market,4452.7
6154e0eaaaa79b827af4bca6,5dfb7cbd01423f8a774d893b,132,sender,future,normal,nidaweli-tih-saqotiwe-haq-zah-wepitula-pofepilu-meh-ralonefi-qip,wepitula,,2784.4
6154e0eaaaa79b827af4bca6,5dfb7cbd01423f8a774d893b,133,receiver,handle,normal,handle-normal,,normal,2599.1
6154e0eaaaa79b827af4bca6,5dfb7cbd01423f8a774d893b,134,sender,market,normal,nidaweli-tih-saqotiwe-haq-zah-wepitula-pofepilu-meh-ralonefi-qip,saqotiwe,,8448.8
6154e0eaaaa79b827af4bca6,5dfb7cbd01423f8a774d893b,135,receiver,handle,design,design-handle,,handle,7662.1