participant_id, partner_id, trial_index, trial_type, target_meaning, foil_meaning,             choices, signal_selected, meaning_guess, rt
5d6141608a11df001a477fbe,5e89ba09ec9b3364b1fc0bd1,1,receiver,credit,ground,ground-credit,,credit,5643.3
5d6141608a11df001a477fbe,5e89ba09ec9b3364b1fc0bd1,2,sender,design,review,pofepilu-hiwaponu-meh-kuh-qux-hix-tezalipu-tih-teliqulo-puwirefa,hiwaponu,,12708
5d6141608a11df001a477fbe,5e89ba09ec9b3364b1fc0bd1,3,receiver,course,future,future-course,,course,5893.3
5d6141608a11df001a477fbe,5e89ba09ec9b3364b1fc0bd1,4,sender,market,travel,pofepilu-hiwaponu-meh-kuh-qux-hix-tezalipu-tih-teliqulo-puwirefa,meh,,12621.4
5d6141608a11df001a477fbe,5e89ba09ec9b3364b1fc0bd1,5,receiver,change,market,change-market,,market,5273.4
5d6141608a11df001a477fbe,5e89ba09ec9b3364b1fc0bd1,6,sender,design,market,pofepilu-hiwaponu-meh-kuh-qux-hix-tezalipu-tih-teliqulo-puwirefa,teliqulo,,6413.5
5d6141608a11df001a477fbe,5e89ba09ec9b3364b1fc0bd1,7,receiver,change,design,design-change,,change,5402.1
5d6141608a11df001a477fbe,5e89ba09ec9b3364b1fc0bd1,8,sender,ground,number,pofepilu-hiwaponu-meh-kuh-qux-hix-tezalipu-tih-teliqulo-puwirefa,puwirefa,,15310
5d6141608a11df001a477fbe,5e89ba09ec9b3364b1fc0bd1,9,receiver,design,review,design-review,,design,15695.2
5d6141608a11df001a477fbe,5e89ba09ec9b3364b1fc0bd1,10,sender,ground,review,pofepilu-hiwaponu-meh-kuh-qux-hix-tezalipu-tih-teliqulo-puwirefa,pofepilu,,7085.5
5d6141608a11df001a477fbe,5e89ba09ec9b3364b1fc0bd1,11,receiver,credit,future,future-credit,,future,4614.9
5d6141608a11df001a477fbe,5e89ba09ec9b3364b1fc0bd1,12,sender,credit,review,pofepilu-hiwaponu-meh-kuh-qux-hix-tezalipu-tih-teliqulo-puwirefa,tih,,14739.9
5d6141608a11df001a477fbe,5e89ba09ec9b3364b1fc0bd1,13,receiver,credit,design,design-credit,,design,5370.5
5d6141608a11df001a477fbe,5e89ba09ec9b3364b1fc0bd1,14,sender,future,travel,pofepilu-hiwaponu-meh-kuh-qux-hix-tezalipu-tih-teliqulo-puwirefa,qux,,8570.6
5d6141608a11df001a477fbe,5e89ba09ec9b3364b1fc0bd1,15,receiver,credit,number,credit-number,,number,4455.2
5d6141608a11df001a477fbe,5e89ba09ec9b3364b1fc0bd1,16,sender,ground,number,pofepilu-hiwaponu-meh-kuh-qux-hix-tezalipu-tih-teliqulo-puwirefa,tezalipu,,5717.2
5d6141608a11df001a477fbe,5e89ba09ec9b3364b1fc0bd1,17,receiver,future,number,future-number,,number,5618.5
5d6141608a11df001a477fbe,5e89ba09ec9b3364b1fc0bd1,18,sender,ground,travel,pofepilu-hiwaponu-meh-kuh-qux-hix-tezalipu-tih-teliqulo-puwirefa,pofepilu,,12933.7
5d6141608a11df001a477fbe,5e89ba09ec9b3364b1fc0bd1,19,receiver,future,ground,ground-future,,ground,3598.2
5d6141608a11df001a477fbe,5e89ba09ec9b3364b1fc0bd1,20,sender,design,future,pofepilu-hiwaponu-meh-kuh-qux-hix-tezalipu-tih-teliqulo-puwirefa,tezalipu,,8611.4
5d6141608a11df001a477fbe,5e89ba09ec9b3364b1fc0bd1,21,receiver,change,course,course-change,,course,3815.5
5d6141608a11df001a477fbe,5e89ba09ec9b3364b1fc0bd1,22,sender,course,credit,pofepilu-hiwaponu-meh-kuh-qux-hix-tezalipu-tih-teliqulo-puwirefa,hix,,7424
5d6141608a11df001a477fbe,5e89ba09ec9b3364b1fc0bd1,23,receiver,change,course,change-course,,course,11039.8
5d6141608a11df001a477fbe,5e89ba09ec9b3364b1fc0bd1,24,sender,course,market,pofepilu-hiwaponu-meh-kuh-qux-hix-tezalipu-tih-teliqulo-puwirefa,meh,,4851.4
5d6141608a11df001a477fbe,5e89ba09ec9b3364b1fc0bd1,25,receiver,market,review,market-review,,review,3400.9
5d6141608a11df001a477fbe,5e89ba09ec9b3364b1fc0bd1,26,sender,ground,review,pofepilu-hiwaponu-meh-kuh-qux-hix-tezalipu-tih-teliqulo-puwirefa,tezalipu,,3598.2
5d6141608a11df001a477fbe,5e89ba09ec9b3364b1fc0bd1,27,receiver,future,review,future-review,,future,5346.9
5d6141608a11df001a477fbe,5e89ba09ec9b3364b1fc0bd1,28,sender,credit,future,pofepilu-hiwaponu-meh-kuh-qux-hix-tezalipu-tih-teliqulo-puwirefa,kuh,,13274.6
5d6141608a11df001a477fbe,5e89ba09ec9b3364b1fc0bd1,29,receiver,design,ground,design-ground,,ground,6717.8
5d6141608a11df001a477fbe,5e89ba09ec9b3364b1fc0bd1,30,sender,change,number,pofepilu-hiwaponu-meh-kuh-qux-hix-tezalipu-tih-teliqulo-puwirefa,hix,,17762.2
5d6141608a11df001a477fbe,5e89ba09ec9b3364b1fc0bd1,31,receiver,future,number,future-number,,future,5186.2
5d6141608a11df001a477fbe,5e89ba09ec9b3364b1fc0bd1,32,sender,credit,market,pofepilu-hiwaponu-meh-kuh-qux-hix-tezalipu-tih-teliqulo-puwirefa,kuh,,4908
5d6141608a11df001a477fbe,5e89ba09ec9b3364b1fc0bd1,33,receiver,future,review,review-future,,future,4489
5d6141608a11df001a477fbe,5e89ba09ec9b3364b1fc0bd1,34,sender,course,market,pofepilu-hiwaponu-meh-kuh-qux-hix-tezalipu-tih-teliqulo-puwirefa,tih,,4945.8
5d6141608a11df001a477fbe,5e89ba09ec9b3364b1fc0bd1,35,receiver,change,review,review-change,,review,10326.2
5d6141608a11df001a477fbe,5e89ba09ec9b3364b1fc0bd1,36,sender,review,travel,pofepilu-hiwaponu-meh-kuh-qux-hix-tezalipu-tih-teliqulo-puwirefa,hix,,6086.7
5d6141608a11df001a477fbe,5e89ba09ec9b3364b1fc0bd1,37,receiver,future,travel,travel-future,,future,4379.2
5d6141608a11df001a477fbe,5e89ba09ec9b3364b1fc0bd1,38,sender,design,future,pofepilu-hiwaponu-meh-kuh-qux-hix-tezalipu-tih-teliqulo-puwirefa,teliqulo,,3361.5
5d6141608a11df001a477fbe,5e89ba09ec9b3364b1fc0bd1,39,receiver,design,future,design-future,,design,3476.7
5d6141608a11df001a477fbe,5e89ba09ec9b3364b1fc0bd1,40,sender,ground,travel,pofepilu-hiwaponu-meh-kuh-qux-hix-tezalipu-tih-teliqulo-puwirefa,puwirefa,,6193.9
5d6141608a11df001a477fbe,5e89ba09ec9b3364b1fc0bd1,41,receiver,change,market,market-change,,change,3492
5d6141608a11df001a477fbe,5e89ba09ec9b3364b1fc0bd1,42,sender,market,number,pofepilu-hiwaponu-meh-kuh-qux-hix-tezalipu-tih-teliqulo-puwirefa,meh,,4330.5
5d6141608a11df001a477fbe,5e89ba09ec9b3364b1fc0bd1,43,receiver,design,market,market-design,,design,3125.4
5d6141608a11df001a477fbe,5e89ba09ec9b3364b1fc0bd1,44,sender,course,review,pofepilu-hiwaponu-meh-kuh-qux-hix-tezalipu-tih-teliqulo-puwirefa,tezalipu,,6369.6
5d6141608a11df001a477fbe,5e89ba09ec9b3364b1fc0bd1,45,receiver,future,review,review-future,,future,3873.2
5d6141608a11df001a477fbe,5e89ba09ec9b3364b1fc0bd1,46,sender,credit,market,pofepilu-hiwaponu-meh-kuh-qux-hix-tezalipu-tih-teliqulo-puwirefa,hix,,2381.3
5d6141608a11df001a477fbe,5e89ba09ec9b3364b1fc0bd1,47,receiver,course,credit,credit-course,,course,3510.7
5d6141608a11df001a477fbe,5e89ba09ec9b3364b1fc0bd1,48,sender,change,credit,pofepilu-hiwaponu-meh-kuh-qux-hix-tezalipu-tih-teliqulo-puwirefa,hiwaponu,,14900.3
5d6141608a11df001a477fbe,5e89ba09ec9b3364b1fc0bd1,49,receiver,credit,number,number-credit,,number,5002.1
5d6141608a11df001a477fbe,5e89ba09ec9b3364b1fc0bd1,50,sender,course,ground,pofepilu-hiwaponu-meh-kuh-qux-hix-tezalipu-tih-teliqulo-puwirefa,qux,,8830.2
5d6141608a11df001a477fbe,5e89ba09ec9b3364b1fc0bd1,51,receiver,change,ground,change-ground,,change,4572.3
5d6141608a11df001a477fbe,5e89ba09ec9b3364b1fc0bd1,52,sender,change,travel,pofepilu-hiwaponu-meh-kuh-qux-hix-tezalipu-tih-teliqulo-puwirefa,tih,,5484.5
5d6141608a11df001a477fbe,5e89ba09ec9b3364b1fc0bd1,53,receiver,course,market,course-market,,course,2957.8
5d6141608a11df001a477fbe,5e89ba09ec9b3364b1fc0bd1,54,sender,design,ground,pofepilu-hiwaponu-meh-kuh-qux-hix-tezalipu-tih-teliqulo-puwirefa,puwirefa,,8035.6
5d6141608a11df001a477fbe,5e89ba09ec9b3364b1fc0bd1,55,receiver,change,ground,ground-change,,change,2549.9
5d6141608a11df001a477fbe,5e89ba09ec9b3364b1fc0bd1,56,sender,ground,market,pofepilu-hiwaponu-meh-kuh-qux-hix-tezalipu-tih-teliqulo-puwirefa,puwirefa,,3726.1
5d6141608a11df001a477fbe,5e89ba09ec9b3364b1fc0bd1,57,receiver,future,market,market-future,,future,3983.5
5d6141608a11df001a477fbe,5e89ba09ec9b3364b1fc0bd1,58,sender,change,future,pofepilu-hiwaponu-meh-kuh-qux-hix-tezalipu-tih-teliqulo-puwirefa,tezalipu,,9660.9
5d6141608a11df001a477fbe,5e89ba09ec9b3364b1fc0bd1,59,receiver,change,future,change-future,,change,3181.8
5d6141608a11df001a477fbe,5e89ba09ec9b3364b1fc0bd1,60,sender,change,design,pofepilu-hiwaponu-meh-kuh-qux-hix-tezalipu-tih-teliqulo-puwirefa,hix,,2440.2
5d6141608a11df001a477fbe,5e89ba09ec9b3364b1fc0bd1,61,receiver,review,travel,review-travel,,travel,6120.3
5d6141608a11df001a477fbe,5e89ba09ec9b3364b1fc0bd1,62,sender,course,ground,pofepilu-hiwaponu-meh-kuh-qux-hix-tezalipu-tih-teliqulo-puwirefa,qux,,2404.5
5d6141608a11df001a477fbe,5e89ba09ec9b3364b1fc0bd1,63,receiver,market,number,market-number,,market,3034.5
5d6141608a11df001a477fbe,5e89ba09ec9b3364b1fc0bd1,64,sender,design,travel,pofepilu-hiwaponu-meh-kuh-qux-hix-tezalipu-tih-teliqulo-puwirefa,teliqulo,,4498.5
5d6141608a11df001a477fbe,5e89ba09ec9b3364b1fc0bd1,65,receiver,change,review,change-review,,change,2815.4
5d6141608a11df001a477fbe,5e89ba09ec9b3364b1fc0bd1,66,sender,course,design,pofepilu-hiwaponu-meh-kuh-qux-hix-tezalipu-tih-teliqulo-puwirefa,tezalipu,,4710.3
5d6141608a11df001a477fbe,5e89ba09ec9b3364b1fc0bd1,67,receiver,course,review,review-course,,course,2292.7
5d6141608a11df001a477fbe,5e89ba09ec9b3364b1fc0bd1,68,sender,credit,ground,pofepilu-hiwaponu-meh-kuh-qux-hix-tezalipu-tih-teliqulo-puwirefa,hix,,2947.8
5d6141608a11df001a477fbe,5e89ba09ec9b3364b1fc0bd1,69,receiver,market,review,market-review,,market,2212.4
5d6141608a11df001a477fbe,5e89ba09ec9b3364b1fc0bd1,70,sender,credit,future,pofepilu-hiwaponu-meh-kuh-qux-hix-tezalipu-tih-teliqulo-puwirefa,hix,,4702.1
5d6141608a11df001a477fbe,5e89ba09ec9b3364b1fc0bd1,71,receiver,credit,number,credit-number,,credit,4158.1
5d6141608a11df001a477fbe,5e89ba09ec9b3364b1fc0bd1,72,sender,course,credit,pofepilu-hiwaponu-meh-kuh-qux-hix-tezalipu-tih-teliqulo-puwirefa,qux,,3184.1
5d6141608a11df001a477fbe,5e89ba09ec9b3364b1fc0bd1,73,receiver,number,review,review-number,,number,2599.5
5d6141608a11df001a477fbe,5e89ba09ec9b3364b1fc0bd1,74,sender,course,travel,pofepilu-hiwaponu-meh-kuh-qux-hix-tezalipu-tih-teliqulo-puwirefa,qux,,2059.5
5d6141608a11df001a477fbe,5e89ba09ec9b3364b1fc0bd1,75,receiver,future,ground,ground-future,,future,2855.6
5d6141608a11df001a477fbe,5e89ba09ec9b3364b1fc0bd1,76,sender,design,number,pofepilu-hiwaponu-meh-kuh-qux-hix-tezalipu-tih-teliqulo-puwirefa,pofepilu,,3710.9
5d6141608a11df001a477fbe,5e89ba09ec9b3364b1fc0bd1,77,receiver,course,travel,travel-course,,course,1953
5d6141608a11df001a477fbe,5e89ba09ec9b3364b1fc0bd1,78,sender,future,market,pofepilu-hiwaponu-meh-kuh-qux-hix-tezalipu-tih-teliqulo-puwirefa,tezalipu,,11793.1
5d6141608a11df001a477fbe,5e89ba09ec9b3364b1fc0bd1,79,receiver,number,review,number-review,,number,3037.4
5d6141608a11df001a477fbe,5e89ba09ec9b3364b1fc0bd1,80,sender,change,market,pofepilu-hiwaponu-meh-kuh-qux-hix-tezalipu-tih-teliqulo-puwirefa,hix,,8989.8
5d6141608a11df001a477fbe,5e89ba09ec9b3364b1fc0bd1,81,receiver,design,review,design-review,,design,4042.3
5d6141608a11df001a477fbe,5e89ba09ec9b3364b1fc0bd1,82,sender,course,review,pofepilu-hiwaponu-meh-kuh-qux-hix-tezalipu-tih-teliqulo-puwirefa,qux,,2338.9
5d6141608a11df001a477fbe,5e89ba09ec9b3364b1fc0bd1,83,receiver,course,number,course-number,,course,2662.1
5d6141608a11df001a477fbe,5e89ba09ec9b3364b1fc0bd1,84,sender,ground,review,pofepilu-hiwaponu-meh-kuh-qux-hix-tezalipu-tih-teliqulo-puwirefa,puwirefa,,3628.9
5d6141608a11df001a477fbe,5e89ba09ec9b3364b1fc0bd1,85,receiver,change,travel,travel-change,,travel,3114.4
5d6141608a11df001a477fbe,5e89ba09ec9b3364b1fc0bd1,86,sender,design,market,pofepilu-hiwaponu-meh-kuh-qux-hix-tezalipu-tih-teliqulo-puwirefa,teliqulo,,7958.6
5d6141608a11df001a477fbe,5e89ba09ec9b3364b1fc0bd1,87,receiver,credit,travel,credit-travel,,travel,2416.5
5d6141608a11df001a477fbe,5e89ba09ec9b3364b1fc0bd1,88,sender,change,number,pofepilu-hiwaponu-meh-kuh-qux-hix-tezalipu-tih-teliqulo-puwirefa,hix,,5224.7
5d6141608a11df001a477fbe,5e89ba09ec9b3364b1fc0bd1,89,receiver,number,travel,number-travel,,number,3062.1
5d6141608a11df001a477fbe,5e89ba09ec9b3364b1fc0bd1,90,sender,future,travel,pofepilu-hiwaponu-meh-kuh-qux-hix-tezalipu-tih-teliqulo-puwirefa,hix,,3366.7
5d6141608a11df001a477fbe,5e89ba09ec9b3364b1fc0bd1,91,receiver,credit,market,credit-market,,credit,2389.9
5d6141608a11df001a477fbe,5e89ba09ec9b3364b1fc0bd1,92,sender,change,design,pofepilu-hiwaponu-meh-kuh-qux-hix-tezalipu-tih-teliqulo-puwirefa,hix,,2276.6
5d6141608a11df001a477fbe,5e89ba09ec9b3364b1fc0bd1,93,receiver,future,ground,future-ground,,future,4218.5
5d6141608a11df001a477fbe,5e89ba09ec9b3364b1fc0bd1,94,sender,market,travel,pofepilu-hiwaponu-meh-kuh-qux-hix-tezalipu-tih-teliqulo-puwirefa,meh,,2381.2
5d6141608a11df001a477fbe,5e89ba09ec9b3364b1fc0bd1,95,receiver,market,review,review-market,,market,1694.4
5d6141608a11df001a477fbe,5e89ba09ec9b3364b1fc0bd1,96,sender,design,number,pofepilu-hiwaponu-meh-kuh-qux-hix-tezalipu-tih-teliqulo-puwirefa,teliqulo,,2808.2
5d6141608a11df001a477fbe,5e89ba09ec9b3364b1fc0bd1,97,receiver,design,number,number-design,,number,2478
5d6141608a11df001a477fbe,5e89ba09ec9b3364b1fc0bd1,98,sender,credit,design,pofepilu-hiwaponu-meh-kuh-qux-hix-tezalipu-tih-teliqulo-puwirefa,kuh,,2386.5
5d6141608a11df001a477fbe,5e89ba09ec9b3364b1fc0bd1,99,receiver,change,future,change-future,,change,2205.7
5d6141608a11df001a477fbe,5e89ba09ec9b3364b1fc0bd1,100,sender,credit,review,pofepilu-hiwaponu-meh-kuh-qux-hix-tezalipu-tih-teliqulo-puwirefa,kuh,,2651.8
5d6141608a11df001a477fbe,5e89ba09ec9b3364b1fc0bd1,101,receiver,design,travel,design-travel,,travel,4633.7
5d6141608a11df001a477fbe,5e89ba09ec9b3364b1fc0bd1,102,sender,change,course,pofepilu-hiwaponu-meh-kuh-qux-hix-tezalipu-tih-teliqulo-puwirefa,hix,,2234.2
5d6141608a11df001a477fbe,5e89ba09ec9b3364b1fc0bd1,103,receiver,market,travel,market-travel,,market,1697.1
5d6141608a11df001a477fbe,5e89ba09ec9b3364b1fc0bd1,104,sender,course,number,pofepilu-hiwaponu-meh-kuh-qux-hix-tezalipu-tih-teliqulo-puwirefa,qux,,6123.6
5d6141608a11df001a477fbe,5e89ba09ec9b3364b1fc0bd1,105,receiver,course,design,course-design,,course,1625.5
5d6141608a11df001a477fbe,5e89ba09ec9b3364b1fc0bd1,106,sender,change,travel,pofepilu-hiwaponu-meh-kuh-qux-hix-tezalipu-tih-teliqulo-puwirefa,hix,,2242.1
5d6141608a11df001a477fbe,5e89ba09ec9b3364b1fc0bd1,107,receiver,market,number,number-market,,market,1382.8
5d6141608a11df001a477fbe,5e89ba09ec9b3364b1fc0bd1,108,sender,course,design,pofepilu-hiwaponu-meh-kuh-qux-hix-tezalipu-tih-teliqulo-puwirefa,qux,,2955.9
5d6141608a11df001a477fbe,5e89ba09ec9b3364b1fc0bd1,109,receiver,credit,travel,travel-credit,,credit,1767.7
5d6141608a11df001a477fbe,5e89ba09ec9b3364b1fc0bd1,110,sender,ground,market,pofepilu-hiwaponu-meh-kuh-qux-hix-tezalipu-tih-teliqulo-puwirefa,puwirefa,,2746.9
5d6141608a11df001a477fbe,5e89ba09ec9b3364b1fc0bd1,111,receiver,course,travel,course-travel,,course,1636.9
5d6141608a11df001a477fbe,5e89ba09ec9b3364b1fc0bd1,112,sender,change,ground,pofepilu-hiwaponu-meh-kuh-qux-hix-tezalipu-tih-teliqulo-puwirefa,hix,,1756.4
5d6141608a11df001a477fbe,5e89ba09ec9b3364b1fc0bd1,113,receiver,change,review,change-review,,change,2172.2
5d6141608a11df001a477fbe,5e89ba09ec9b3364b1fc0bd1,114,sender,credit,review,pofepilu-hiwaponu-meh-kuh-qux-hix-tezalipu-tih-teliqulo-puwirefa,kuh,,2195.8
5d6141608a11df001a477fbe,5e89ba09ec9b3364b1fc0bd1,115,receiver,course,future,future-course,,course,2110.4
5d6141608a11df001a477fbe,5e89ba09ec9b3364b1fc0bd1,116,sender,course,future,pofepilu-hiwaponu-meh-kuh-qux-hix-tezalipu-tih-teliqulo-puwirefa,qux,,2061.3
5d6141608a11df001a477fbe,5e89ba09ec9b3364b1fc0bd1,117,receiver,design,travel,design-travel,,design,4513.5
5d6141608a11df001a477fbe,5e89ba09ec9b3364b1fc0bd1,118,sender,number,travel,pofepilu-hiwaponu-meh-kuh-qux-hix-tezalipu-tih-teliqulo-puwirefa,pofepilu,,5674.4
5d6141608a11df001a477fbe,5e89ba09ec9b3364b1fc0bd1,119,receiver,number,travel,travel-number,,number,1849.1
5d6141608a11df001a477fbe,5e89ba09ec9b3364b1fc0bd1,120,sender,course,number,pofepilu-hiwaponu-meh-kuh-qux-hix-tezalipu-tih-teliqulo-puwirefa,qux,,2993.8
5d6141608a11df001a477fbe,5e89ba09ec9b3364b1fc0bd1,121,receiver,number,review,number-review,,number,3331.2
5d6141608a11df001a477fbe,5e89ba09ec9b3364b1fc0bd1,122,sender,future,market,pofepilu-hiwaponu-meh-kuh-qux-hix-tezalipu-tih-teliqulo-puwirefa,tezalipu,,8681.3
5d6141608a11df001a477fbe,5e89ba09ec9b3364b1fc0bd1,123,receiver,credit,travel,credit-travel,,credit,1987
5d6141608a11df001a477fbe,5e89ba09ec9b3364b1fc0bd1,124,sender,credit,design,pofepilu-hiwaponu-meh-kuh-qux-hix-tezalipu-tih-teliqulo-puwirefa,kuh,,2012.6
5d6141608a11df001a477fbe,5e89ba09ec9b3364b1fc0bd1,125,receiver,ground,travel,travel-ground,,ground,2667.2
5d6141608a11df001a477fbe,5e89ba09ec9b3364b1fc0bd1,126,sender,change,credit,pofepilu-hiwaponu-meh-kuh-qux-hix-tezalipu-tih-teliqulo-puwirefa,hix,,2157.3
5d6141608a11df001a477fbe,5e89ba09ec9b3364b1fc0bd1,127,receiver,ground,market,market-ground,,ground,1703.8
5d6141608a11df001a477fbe,5e89ba09ec9b3364b1fc0bd1,128,sender,review,travel,pofepilu-hiwaponu-meh-kuh-qux-hix-tezalipu-tih-teliqulo-puwirefa,teliqulo,,6662.1
5d6141608a11df001a477fbe,5e89ba09ec9b3364b1fc0bd1,129,receiver,future,number,future-number,,future,3534.8
5d6141608a11df001a477fbe,5e89ba09ec9b3364b1fc0bd1,130,sender,credit,ground,pofepilu-hiwaponu-meh-kuh-qux-hix-tezalipu-tih-teliqulo-puwirefa,kuh,,2115.7
5d6141608a11df001a477fbe,5e89ba09ec9b3364b1fc0bd1,131,receiver,change,number,number-change,,change,1992.7
5d6141608a11df001a477fbe,5e89ba09ec9b3364b1fc0bd1,132,sender,course,ground,pofepilu-hiwaponu-meh-kuh-qux-hix-tezalipu-tih-teliqulo-puwirefa,qux,,2086.3
5d6141608a11df001a477fbe,5e89ba09ec9b3364b1fc0bd1,133,receiver,design,ground,design-ground,,design,3341
5d6141608a11df001a477fbe,5e89ba09ec9b3364b1fc0bd1,134,sender,ground,number,pofepilu-hiwaponu-meh-kuh-qux-hix-tezalipu-tih-teliqulo-puwirefa,puwirefa,,2628.6
5d6141608a11df001a477fbe,5e89ba09ec9b3364b1fc0bd1,135,receiver,change,credit,credit-change,,change,1794.7