participant_id, partner_id, trial_index, trial_type, target_meaning, foil_meaning,             choices, signal_selected, meaning_guess, rt
5e89ba09ec9b3364b1fc0bd1,5d6141608a11df001a477fbe,1,sender,credit,ground,pofepilu-hiwaponu-meh-kuh-qux-hix-tezalipu-tih-teliqulo-puwirefa,teliqulo,,7170.4
5e89ba09ec9b3364b1fc0bd1,5d6141608a11df001a477fbe,2,receiver,design,review,review-design,,review,5917.9
5e89ba09ec9b3364b1fc0bd1,5d6141608a11df001a477fbe,3,sender,course,future,pofepilu-hiwaponu-meh-kuh-qux-hix-tezalipu-tih-teliqulo-puwirefa,hiwaponu,,5432.8
5e89ba09ec9b3364b1fc0bd1,5d6141608a11df001a477fbe,4,receiver,market,travel,travel-market,,market,3668.2
5e89ba09ec9b3364b1fc0bd1,5d6141608a11df001a477fbe,5,sender,change,market,pofepilu-hiwaponu-meh-kuh-qux-hix-tezalipu-tih-teliqulo-puwirefa,meh,,8198.3
5e89ba09ec9b3364b1fc0bd1,5d6141608a11df001a477fbe,6,receiver,design,market,market-design,,design,6123.9
5e89ba09ec9b3364b1fc0bd1,5d6141608a11df001a477fbe,7,sender,change,design,pofepilu-hiwaponu-meh-kuh-qux-hix-tezalipu-tih-teliqulo-puwirefa,pofepilu,,11139.4
5e89ba09ec9b3364b1fc0bd1,5d6141608a11df001a477fbe,8,receiver,ground,number,number-ground,,number,5015.8
5e89ba09ec9b3364b1fc0bd1,5d6141608a11df001a477fbe,9,sender,design,review,pofepilu-hiwaponu-meh-kuh-qux-hix-tezalipu-tih-teliqulo-puwirefa,hiwaponu,,7119.4
5e89ba09ec9b3364b1fc0bd1,5d6141608a11df001a477fbe,10,receiver,ground,review,ground-review,,review,6283.3
5e89ba09ec9b3364b1fc0bd1,5d6141608a11df001a477fbe,11,sender,credit,future,pofepilu-hiwaponu-meh-kuh-qux-hix-tezalipu-tih-teliqulo-puwirefa,hix,,9333
5e89ba09ec9b3364b1fc0bd1,5d6141608a11df001a477fbe,12,receiver,credit,review,review-credit,,review,4575.2
5e89ba09ec9b3364b1fc0bd1,5d6141608a11df001a477fbe,13,sender,credit,design,pofepilu-hiwaponu-meh-kuh-qux-hix-tezalipu-tih-teliqulo-puwirefa,puwirefa,,12973.5
5e89ba09ec9b3364b1fc0bd1,5d6141608a11df001a477fbe,14,receiver,future,travel,future-travel,,travel,7429
5e89ba09ec9b3364b1fc0bd1,5d6141608a11df001a477fbe,15,sender,credit,number,pofepilu-hiwaponu-meh-kuh-qux-hix-tezalipu-tih-teliqulo-puwirefa,hiwaponu,,16317.1
5e89ba09ec9b3364b1fc0bd1,5d6141608a11df001a477fbe,16,receiver,ground,number,number-ground,,ground,4927.1
5e89ba09ec9b3364b1fc0bd1,5d6141608a11df001a477fbe,17,sender,future,number,pofepilu-hiwaponu-meh-kuh-qux-hix-tezalipu-tih-teliqulo-puwirefa,qux,,10901.2
5e89ba09ec9b3364b1fc0bd1,5d6141608a11df001a477fbe,18,receiver,ground,travel,travel-ground,,travel,5844.2
5e89ba09ec9b3364b1fc0bd1,5d6141608a11df001a477fbe,19,sender,future,ground,pofepilu-hiwaponu-meh-kuh-qux-hix-tezalipu-tih-teliqulo-puwirefa,qux,,6349.1
5e89ba09ec9b3364b1fc0bd1,5d6141608a11df001a477fbe,20,receiver,design,future,design-future,,design,11168.8
5e89ba09ec9b3364b1fc0bd1,5d6141608a11df001a477fbe,21,sender,change,course,pofepilu-hiwaponu-meh-kuh-qux-hix-tezalipu-tih-teliqulo-puwirefa,qux,,13950.3
5e89ba09ec9b3364b1fc0bd1,5d6141608a11df001a477fbe,22,receiver,course,credit,course-credit,,credit,4538.7
5e89ba09ec9b3364b1fc0bd1,5d6141608a11df001a477fbe,23,sender,change,course,pofepilu-hiwaponu-meh-kuh-qux-hix-tezalipu-tih-teliqulo-puwirefa,pofepilu,,11335.2
5e89ba09ec9b3364b1fc0bd1,5d6141608a11df001a477fbe,24,receiver,course,market,market-course,,course,4534.4
5e89ba09ec9b3364b1fc0bd1,5d6141608a11df001a477fbe,25,sender,market,review,pofepilu-hiwaponu-meh-kuh-qux-hix-tezalipu-tih-teliqulo-puwirefa,tih,,7950.3
5e89ba09ec9b3364b1fc0bd1,5d6141608a11df001a477fbe,26,receiver,ground,review,ground-review,,ground,5281.8
5e89ba09ec9b3364b1fc0bd1,5d6141608a11df001a477fbe,27,sender,future,review,pofepilu-hiwaponu-meh-kuh-qux-hix-tezalipu-tih-teliqulo-puwirefa,qux,,16640.4
5e89ba09ec9b3364b1fc0bd1,5d6141608a11df001a477fbe,28,receiver,credit,future,future-credit,,credit,5477
5e89ba09ec9b3364b1fc0bd1,5d6141608a11df001a477fbe,29,sender,design,ground,pofepilu-hiwaponu-meh-kuh-qux-hix-tezalipu-tih-teliqulo-puwirefa,puwirefa,,25022.8
5e89ba09ec9b3364b1fc0bd1,5d6141608a11df001a477fbe,30,receiver,change,number,change-number,,number,9365.5
5e89ba09ec9b3364b1fc0bd1,5d6141608a11df001a477fbe,31,sender,future,number,pofepilu-hiwaponu-meh-kuh-qux-hix-tezalipu-tih-teliqulo-puwirefa,qux,,8392.2
5e89ba09ec9b3364b1fc0bd1,5d6141608a11df001a477fbe,32,receiver,credit,market,market-credit,,credit,7373.8
5e89ba09ec9b3364b1fc0bd1,5d6141608a11df001a477fbe,33,sender,future,review,pofepilu-hiwaponu-meh-kuh-qux-hix-tezalipu-tih-teliqulo-puwirefa,qux,,3196.8
5e89ba09ec9b3364b1fc0bd1,5d6141608a11df001a477fbe,34,receiver,course,market,market-course,,market,11356.5
5e89ba09ec9b3364b1fc0bd1,5d6141608a11df001a477fbe,35,sender,change,review,pofepilu-hiwaponu-meh-kuh-qux-hix-tezalipu-tih-teliqulo-puwirefa,tezalipu,,21988.5
5e89ba09ec9b3364b1fc0bd1,5d6141608a11df001a477fbe,36,receiver,review,travel,travel-review,,travel,8359.2
5e89ba09ec9b3364b1fc0bd1,5d6141608a11df001a477fbe,37,sender,future,travel,pofepilu-hiwaponu-meh-kuh-qux-hix-tezalipu-tih-teliqulo-puwirefa,qux,,15566.7
5e89ba09ec9b3364b1fc0bd1,5d6141608a11df001a477fbe,38,receiver,design,future,design-future,,future,8791.8
5e89ba09ec9b3364b1fc0bd1,5d6141608a11df001a477fbe,39,sender,design,future,pofepilu-hiwaponu-meh-kuh-qux-hix-tezalipu-tih-teliqulo-puwirefa,teliqulo,,14642.7
5e89ba09ec9b3364b1fc0bd1,5d6141608a11df001a477fbe,40,receiver,ground,travel,travel-ground,,travel,24347.8
5e89ba09ec9b3364b1fc0bd1,5d6141608a11df001a477fbe,41,sender,change,market,pofepilu-hiwaponu-meh-kuh-qux-hix-tezalipu-tih-teliqulo-puwirefa,hiwaponu,,17274.4
5e89ba09ec9b3364b1fc0bd1,5d6141608a11df001a477fbe,42,receiver,market,number,number-market,,number,8252.2
5e89ba09ec9b3364b1fc0bd1,5d6141608a11df001a477fbe,43,sender,design,market,pofepilu-hiwaponu-meh-kuh-qux-hix-tezalipu-tih-teliqulo-puwirefa,teliqulo,,10844.5
5e89ba09ec9b3364b1fc0bd1,5d6141608a11df001a477fbe,44,receiver,course,review,review-course,,review,10407
5e89ba09ec9b3364b1fc0bd1,5d6141608a11df001a477fbe,45,sender,future,review,pofepilu-hiwaponu-meh-kuh-qux-hix-tezalipu-tih-teliqulo-puwirefa,tih,,7858.3
5e89ba09ec9b3364b1fc0bd1,5d6141608a11df001a477fbe,46,receiver,credit,market,credit-market,,market,6552.1
5e89ba09ec9b3364b1fc0bd1,5d6141608a11df001a477fbe,47,sender,course,credit,pofepilu-hiwaponu-meh-kuh-qux-hix-tezalipu-tih-teliqulo-puwirefa,hix,,7526.7
5e89ba09ec9b3364b1fc0bd1,5d6141608a11df001a477fbe,48,receiver,change,credit,credit-change,,change,23014.6
5e89ba09ec9b3364b1fc0bd1,5d6141608a11df001a477fbe,49,sender,credit,number,pofepilu-hiwaponu-meh-kuh-qux-hix-tezalipu-tih-teliqulo-puwirefa,kuh,,19262.1
5e89ba09ec9b3364b1fc0bd1,5d6141608a11df001a477fbe,50,receiver,course,ground,course-ground,,course,8650.2
5e89ba09ec9b3364b1fc0bd1,5d6141608a11df001a477fbe,51,sender,change,ground,pofepilu-hiwaponu-meh-kuh-qux-hix-tezalipu-tih-teliqulo-puwirefa,hiwaponu,,11120.3
5e89ba09ec9b3364b1fc0bd1,5d6141608a11df001a477fbe,52,receiver,change,travel,travel-change,,travel,7815.2
5e89ba09ec9b3364b1fc0bd1,5d6141608a11df001a477fbe,53,sender,course,market,pofepilu-hiwaponu-meh-kuh-qux-hix-tezalipu-tih-teliqulo-puwirefa,qux,,4688
5e89ba09ec9b3364b1fc0bd1,5d6141608a11df001a477fbe,54,receiver,design,ground,design-ground,,ground,4824.2
5e89ba09ec9b3364b1fc0bd1,5d6141608a11df001a477fbe,55,sender,change,ground,pofepilu-hiwaponu-meh-kuh-qux-hix-tezalipu-tih-teliqulo-puwirefa,hiwaponu,,5158
5e89ba09ec9b3364b1fc0bd1,5d6141608a11df001a477fbe,56,receiver,ground,market,market-ground,,ground,4624.5
5e89ba09ec9b3364b1fc0bd1,5d6141608a11df001a477fbe,57,sender,future,market,pofepilu-hiwaponu-meh-kuh-qux-hix-tezalipu-tih-teliqulo-puwirefa,hix,,12898.3
5e89ba09ec9b3364b1fc0bd1,5d6141608a11df001a477fbe,58,receiver,change,future,change-future,,change,8499
5e89ba09ec9b3364b1fc0bd1,5d6141608a11df001a477fbe,59,sender,change,future,pofepilu-hiwaponu-meh-kuh-qux-hix-tezalipu-tih-teliqulo-puwirefa,tezalipu,,12113.3
5e89ba09ec9b3364b1fc0bd1,5d6141608a11df001a477fbe,60,receiver,change,design,change-design,,design,16368.7
5e89ba09ec9b3364b1fc0bd1,5d6141608a11df001a477fbe,61,sender,review,travel,pofepilu-hiwaponu-meh-kuh-qux-hix-tezalipu-tih-teliqulo-puwirefa,tih,,6770.5
5e89ba09ec9b3364b1fc0bd1,5d6141608a11df001a477fbe,62,receiver,course,ground,ground-course,,course,3964.9
5e89ba09ec9b3364b1fc0bd1,5d6141608a11df001a477fbe,63,sender,market,number,pofepilu-hiwaponu-meh-kuh-qux-hix-tezalipu-tih-teliqulo-puwirefa,meh,,7811.5
5e89ba09ec9b3364b1fc0bd1,5d6141608a11df001a477fbe,64,receiver,design,travel,travel-design,,design,3379.7
5e89ba09ec9b3364b1fc0bd1,5d6141608a11df001a477fbe,65,sender,change,review,pofepilu-hiwaponu-meh-kuh-qux-hix-tezalipu-tih-teliqulo-puwirefa,tezalipu,,5649.7
5e89ba09ec9b3364b1fc0bd1,5d6141608a11df001a477fbe,66,receiver,course,design,course-design,,design,13576
5e89ba09ec9b3364b1fc0bd1,5d6141608a11df001a477fbe,67,sender,course,review,pofepilu-hiwaponu-meh-kuh-qux-hix-tezalipu-tih-teliqulo-puwirefa,qux,,5467.5
5e89ba09ec9b3364b1fc0bd1,5d6141608a11df001a477fbe,68,receiver,credit,ground,credit-ground,,credit,12628.9
5e89ba09ec9b3364b1fc0bd1,5d6141608a11df001a477fbe,69,sender,market,review,pofepilu-hiwaponu-meh-kuh-qux-hix-tezalipu-tih-teliqulo-puwirefa,meh,,5301.6
5e89ba09ec9b3364b1fc0bd1,5d6141608a11df001a477fbe,70,receiver,credit,future,credit-future,,future,3661.6
5e89ba09ec9b3364b1fc0bd1,5d6141608a11df001a477fbe,71,sender,credit,number,pofepilu-hiwaponu-meh-kuh-qux-hix-tezalipu-tih-teliqulo-puwirefa,kuh,,4654.7
5e89ba09ec9b3364b1fc0bd1,5d6141608a11df001a477fbe,72,receiver,course,credit,credit-course,,course,7107.4
5e89ba09ec9b3364b1fc0bd1,5d6141608a11df001a477fbe,73,sender,number,review,pofepilu-hiwaponu-meh-kuh-qux-hix-tezalipu-tih-teliqulo-puwirefa,pofepilu,,24952.5
5e89ba09ec9b3364b1fc0bd1,5d6141608a11df001a477fbe,74,receiver,course,travel,course-travel,,course,8030.1
5e89ba09ec9b3364b1fc0bd1,5d6141608a11df001a477fbe,75,sender,future,ground,pofepilu-hiwaponu-meh-kuh-qux-hix-tezalipu-tih-teliqulo-puwirefa,hix,,4679.6
5e89ba09ec9b3364b1fc0bd1,5d6141608a11df001a477fbe,76,receiver,design,number,design-number,,number,5044.7
5e89ba09ec9b3364b1fc0bd1,5d6141608a11df001a477fbe,77,sender,course,travel,pofepilu-hiwaponu-meh-kuh-qux-hix-tezalipu-tih-teliqulo-puwirefa,qux,,5834.3
5e89ba09ec9b3364b1fc0bd1,5d6141608a11df001a477fbe,78,receiver,future,market,future-market,,future,27482.2
5e89ba09ec9b3364b1fc0bd1,5d6141608a11df001a477fbe,79,sender,number,review,pofepilu-hiwaponu-meh-kuh-qux-hix-tezalipu-tih-teliqulo-puwirefa,pofepilu,,9720.8
5e89ba09ec9b3364b1fc0bd1,5d6141608a11df001a477fbe,80,receiver,change,market,market-change,,market,5324.7
5e89ba09ec9b3364b1fc0bd1,5d6141608a11df001a477fbe,81,sender,design,review,pofepilu-hiwaponu-meh-kuh-qux-hix-tezalipu-tih-teliqulo-puwirefa,teliqulo,,7803.7
5e89ba09ec9b3364b1fc0bd1,5d6141608a11df001a477fbe,82,receiver,course,review,review-course,,course,5660.2
5e89ba09ec9b3364b1fc0bd1,5d6141608a11df001a477fbe,83,sender,course,number,pofepilu-hiwaponu-meh-kuh-qux-hix-tezalipu-tih-teliqulo-puwirefa,qux,,3903.2
5e89ba09ec9b3364b1fc0bd1,5d6141608a11df001a477fbe,84,receiver,ground,review,review-ground,,ground,4263.7
5e89ba09ec9b3364b1fc0bd1,5d6141608a11df001a477fbe,85,sender,change,travel,pofepilu-hiwaponu-meh-kuh-qux-hix-tezalipu-tih-teliqulo-puwirefa,tezalipu,,21224.7
5e89ba09ec9b3364b1fc0bd1,5d6141608a11df001a477fbe,86,receiver,design,market,design-market,,design,5678.9
5e89ba09ec9b3364b1fc0bd1,5d6141608a11df001a477fbe,87,sender,credit,travel,pofepilu-hiwaponu-meh-kuh-qux-hix-tezalipu-tih-teliqulo-puwirefa,kuh,,5724
5e89ba09ec9b3364b1fc0bd1,5d6141608a11df001a477fbe,88,receiver,change,number,number-change,,change,8843.6
5e89ba09ec9b3364b1fc0bd1,5d6141608a11df001a477fbe,89,sender,number,travel,pofepilu-hiwaponu-meh-kuh-qux-hix-tezalipu-tih-teliqulo-puwirefa,pofepilu,,23113.5
5e89ba09ec9b3364b1fc0bd1,5d6141608a11df001a477fbe,90,receiver,future,travel,future-travel,,travel,12071
5e89ba09ec9b3364b1fc0bd1,5d6141608a11df001a477fbe,91,sender,credit,market,pofepilu-hiwaponu-meh-kuh-qux-hix-tezalipu-tih-teliqulo-puwirefa,kuh,,9397.7
5e89ba09ec9b3364b1fc0bd1,5d6141608a11df001a477fbe,92,receiver,change,design,design-change,,change,7328
5e89ba09ec9b3364b1fc0bd1,5d6141608a11df001a477fbe,93,sender,future,ground,pofepilu-hiwaponu-meh-kuh-qux-hix-tezalipu-tih-teliqulo-puwirefa,tezalipu,,6368.5
5e89ba09ec9b3364b1fc0bd1,5d6141608a11df001a477fbe,94,receiver,market,travel,market-travel,,market,3186.9
5e89ba09ec9b3364b1fc0bd1,5d6141608a11df001a477fbe,95,sender,market,review,pofepilu-hiwaponu-meh-kuh-qux-hix-tezalipu-tih-teliqulo-puwirefa,meh,,4406.6
5e89ba09ec9b3364b1fc0bd1,5d6141608a11df001a477fbe,96,receiver,design,number,design-number,,design,3752.3
5e89ba09ec9b3364b1fc0bd1,5d6141608a11df001a477fbe,97,sender,design,number,pofepilu-hiwaponu-meh-kuh-qux-hix-tezalipu-tih-teliqulo-puwirefa,teliqulo,,5043.9
5e89ba09ec9b3364b1fc0bd1,5d6141608a11df001a477fbe,98,receiver,credit,design,credit-design,,credit,6095.2
5e89ba09ec9b3364b1fc0bd1,5d6141608a11df001a477fbe,99,sender,change,future,pofepilu-hiwaponu-meh-kuh-qux-hix-tezalipu-tih-teliqulo-puwirefa,hix,,4201.9
5e89ba09ec9b3364b1fc0bd1,5d6141608a11df001a477fbe,100,receiver,credit,review,review-credit,,credit,3862.7
5e89ba09ec9b3364b1fc0bd1,5d6141608a11df001a477fbe,101,sender,design,travel,pofepilu-hiwaponu-meh-kuh-qux-hix-tezalipu-tih-teliqulo-puwirefa,teliqulo,,4458.4
5e89ba09ec9b3364b1fc0bd1,5d6141608a11df001a477fbe,102,receiver,change,course,course-change,,change,2462.5
5e89ba09ec9b3364b1fc0bd1,5d6141608a11df001a477fbe,103,sender,market,travel,pofepilu-hiwaponu-meh-kuh-qux-hix-tezalipu-tih-teliqulo-puwirefa,meh,,6258.1
5e89ba09ec9b3364b1fc0bd1,5d6141608a11df001a477fbe,104,receiver,course,number,number-course,,course,3113.6
5e89ba09ec9b3364b1fc0bd1,5d6141608a11df001a477fbe,105,sender,course,design,pofepilu-hiwaponu-meh-kuh-qux-hix-tezalipu-tih-teliqulo-puwirefa,qux,,5296.6
5e89ba09ec9b3364b1fc0bd1,5d6141608a11df001a477fbe,106,receiver,change,travel,travel-change,,change,2453.8
5e89ba09ec9b3364b1fc0bd1,5d6141608a11df001a477fbe,107,sender,market,number,pofepilu-hiwaponu-meh-kuh-qux-hix-tezalipu-tih-teliqulo-puwirefa,meh,,3483.6
5e89ba09ec9b3364b1fc0bd1,5d6141608a11df001a477fbe,108,receiver,course,design,course-design,,course,3539.6
5e89ba09ec9b3364b1fc0bd1,5d6141608a11df001a477fbe,109,sender,credit,travel,pofepilu-hiwaponu-meh-kuh-qux-hix-tezalipu-tih-teliqulo-puwirefa,kuh,,3542
5e89ba09ec9b3364b1fc0bd1,5d6141608a11df001a477fbe,110,receiver,ground,market,ground-market,,ground,3931.1
5e89ba09ec9b3364b1fc0bd1,5d6141608a11df001a477fbe,111,sender,course,travel,pofepilu-hiwaponu-meh-kuh-qux-hix-tezalipu-tih-teliqulo-puwirefa,qux,,5065.4
5e89ba09ec9b3364b1fc0bd1,5d6141608a11df001a477fbe,112,receiver,change,ground,ground-change,,change,2572.9
5e89ba09ec9b3364b1fc0bd1,5d6141608a11df001a477fbe,113,sender,change,review,pofepilu-hiwaponu-meh-kuh-qux-hix-tezalipu-tih-teliqulo-puwirefa,hix,,3199.6
5e89ba09ec9b3364b1fc0bd1,5d6141608a11df001a477fbe,114,receiver,credit,review,review-credit,,credit,3579.1
5e89ba09ec9b3364b1fc0bd1,5d6141608a11df001a477fbe,115,sender,course,future,pofepilu-hiwaponu-meh-kuh-qux-hix-tezalipu-tih-teliqulo-puwirefa,qux,,3364.7
5e89ba09ec9b3364b1fc0bd1,5d6141608a11df001a477fbe,116,receiver,course,future,course-future,,course,4933.5
5e89ba09ec9b3364b1fc0bd1,5d6141608a11df001a477fbe,117,sender,design,travel,pofepilu-hiwaponu-meh-kuh-qux-hix-tezalipu-tih-teliqulo-puwirefa,teliqulo,,5298.4
5e89ba09ec9b3364b1fc0bd1,5d6141608a11df001a477fbe,118,receiver,number,travel,travel-number,,number,3361
5e89ba09ec9b3364b1fc0bd1,5d6141608a11df001a477fbe,119,sender,number,travel,pofepilu-hiwaponu-meh-kuh-qux-hix-tezalipu-tih-teliqulo-puwirefa,pofepilu,,2572
5e89ba09ec9b3364b1fc0bd1,5d6141608a11df001a477fbe,120,receiver,course,number,number-course,,course,2982.4
5e89ba09ec9b3364b1fc0bd1,5d6141608a11df001a477fbe,121,sender,number,review,pofepilu-hiwaponu-meh-kuh-qux-hix-tezalipu-tih-teliqulo-puwirefa,pofepilu,,8429.3
5e89ba09ec9b3364b1fc0bd1,5d6141608a11df001a477fbe,122,receiver,future,market,market-future,,future,5478.8
5e89ba09ec9b3364b1fc0bd1,5d6141608a11df001a477fbe,123,sender,credit,travel,pofepilu-hiwaponu-meh-kuh-qux-hix-tezalipu-tih-teliqulo-puwirefa,kuh,,3952.4
5e89ba09ec9b3364b1fc0bd1,5d6141608a11df001a477fbe,124,receiver,credit,design,credit-design,,credit,4452.8
5e89ba09ec9b3364b1fc0bd1,5d6141608a11df001a477fbe,125,sender,ground,travel,pofepilu-hiwaponu-meh-kuh-qux-hix-tezalipu-tih-teliqulo-puwirefa,puwirefa,,5588.3
5e89ba09ec9b3364b1fc0bd1,5d6141608a11df001a477fbe,126,receiver,change,credit,credit-change,,change,3078.6
5e89ba09ec9b3364b1fc0bd1,5d6141608a11df001a477fbe,127,sender,ground,market,pofepilu-hiwaponu-meh-kuh-qux-hix-tezalipu-tih-teliqulo-puwirefa,puwirefa,,11653
5e89ba09ec9b3364b1fc0bd1,5d6141608a11df001a477fbe,128,receiver,review,travel,travel-review,,travel,15815.6
5e89ba09ec9b3364b1fc0bd1,5d6141608a11df001a477fbe,129,sender,future,number,pofepilu-hiwaponu-meh-kuh-qux-hix-tezalipu-tih-teliqulo-puwirefa,tezalipu,,14229.2
5e89ba09ec9b3364b1fc0bd1,5d6141608a11df001a477fbe,130,receiver,credit,ground,credit-ground,,credit,3828.4
5e89ba09ec9b3364b1fc0bd1,5d6141608a11df001a477fbe,131,sender,change,number,pofepilu-hiwaponu-meh-kuh-qux-hix-tezalipu-tih-teliqulo-puwirefa,hix,,8328.3
5e89ba09ec9b3364b1fc0bd1,5d6141608a11df001a477fbe,132,receiver,course,ground,ground-course,,course,3916.1
5e89ba09ec9b3364b1fc0bd1,5d6141608a11df001a477fbe,133,sender,design,ground,pofepilu-hiwaponu-meh-kuh-qux-hix-tezalipu-tih-teliqulo-puwirefa,tih,,10583.6
5e89ba09ec9b3364b1fc0bd1,5d6141608a11df001a477fbe,134,receiver,ground,number,number-ground,,ground,4590.6
5e89ba09ec9b3364b1fc0bd1,5d6141608a11df001a477fbe,135,sender,change,credit,pofepilu-hiwaponu-meh-kuh-qux-hix-tezalipu-tih-teliqulo-puwirefa,hix,,14353.5