participant_id, partner_id, trial_index, trial_type, target_meaning, foil_meaning,             choices, signal_selected, meaning_guess, rt
5fecdbad0b1a449e3288b07b,590203d0fb96b90001dddae0,1,sender,weight,number,qip-tezalipu-lehaqifu-hix-haq-tih-kuh-wepitula-teliqulo-saqotiwe,saqotiwe,,22685.1
5fecdbad0b1a449e3288b07b,590203d0fb96b90001dddae0,2,receiver,credit,number,credit-number,,number,5295.8
5fecdbad0b1a449e3288b07b,590203d0fb96b90001dddae0,3,sender,ground,people,qip-tezalipu-lehaqifu-hix-haq-tih-kuh-wepitula-teliqulo-saqotiwe,tih,,10447.9
5fecdbad0b1a449e3288b07b,590203d0fb96b90001dddae0,4,receiver,window,people,people-window,,window,4929.6
5fecdbad0b1a449e3288b07b,590203d0fb96b90001dddae0,5,sender,ground,window,qip-tezalipu-lehaqifu-hix-haq-tih-kuh-wepitula-teliqulo-saqotiwe,tezalipu,,4809.3
5fecdbad0b1a449e3288b07b,590203d0fb96b90001dddae0,6,receiver,credit,people,credit-people,,people,3624.7
5fecdbad0b1a449e3288b07b,590203d0fb96b90001dddae0,7,sender,number,system,qip-tezalipu-lehaqifu-hix-haq-tih-kuh-wepitula-teliqulo-saqotiwe,kuh,,3007.6
5fecdbad0b1a449e3288b07b,590203d0fb96b90001dddae0,8,receiver,future,coffee,future-coffee,,coffee,3420.8
5fecdbad0b1a449e3288b07b,590203d0fb96b90001dddae0,9,sender,window,coffee,qip-tezalipu-lehaqifu-hix-haq-tih-kuh-wepitula-teliqulo-saqotiwe,tih,,10261
5fecdbad0b1a449e3288b07b,590203d0fb96b90001dddae0,10,receiver,future,window,window-future,,future,3025.9
5fecdbad0b1a449e3288b07b,590203d0fb96b90001dddae0,11,sender,ground,system,qip-tezalipu-lehaqifu-hix-haq-tih-kuh-wepitula-teliqulo-saqotiwe,kuh,,3833.5
5fecdbad0b1a449e3288b07b,590203d0fb96b90001dddae0,12,receiver,credit,ground,credit-ground,,credit,3877.7
5fecdbad0b1a449e3288b07b,590203d0fb96b90001dddae0,13,sender,system,market,qip-tezalipu-lehaqifu-hix-haq-tih-kuh-wepitula-teliqulo-saqotiwe,lehaqifu,,27461.2
5fecdbad0b1a449e3288b07b,590203d0fb96b90001dddae0,14,receiver,system,market,market-system,,system,2618.9
5fecdbad0b1a449e3288b07b,590203d0fb96b90001dddae0,15,sender,credit,ground,qip-tezalipu-lehaqifu-hix-haq-tih-kuh-wepitula-teliqulo-saqotiwe,hix,,4608
5fecdbad0b1a449e3288b07b,590203d0fb96b90001dddae0,16,receiver,future,coffee,future-coffee,,future,2663.6
5fecdbad0b1a449e3288b07b,590203d0fb96b90001dddae0,17,sender,credit,system,qip-tezalipu-lehaqifu-hix-haq-tih-kuh-wepitula-teliqulo-saqotiwe,kuh,,2112.8
5fecdbad0b1a449e3288b07b,590203d0fb96b90001dddae0,18,receiver,credit,window,window-credit,,credit,4653
5fecdbad0b1a449e3288b07b,590203d0fb96b90001dddae0,19,sender,credit,number,qip-tezalipu-lehaqifu-hix-haq-tih-kuh-wepitula-teliqulo-saqotiwe,kuh,,5510.7
5fecdbad0b1a449e3288b07b,590203d0fb96b90001dddae0,20,receiver,future,window,window-future,,future,4068.9
5fecdbad0b1a449e3288b07b,590203d0fb96b90001dddae0,21,sender,ground,market,qip-tezalipu-lehaqifu-hix-haq-tih-kuh-wepitula-teliqulo-saqotiwe,saqotiwe,,8383.8
5fecdbad0b1a449e3288b07b,590203d0fb96b90001dddae0,22,receiver,future,coffee,coffee-future,,future,4817.4
5fecdbad0b1a449e3288b07b,590203d0fb96b90001dddae0,23,sender,ground,people,qip-tezalipu-lehaqifu-hix-haq-tih-kuh-wepitula-teliqulo-saqotiwe,lehaqifu,,18781.3
5fecdbad0b1a449e3288b07b,590203d0fb96b90001dddae0,24,receiver,credit,weight,weight-credit,,credit,7633.8
5fecdbad0b1a449e3288b07b,590203d0fb96b90001dddae0,25,sender,window,people,qip-tezalipu-lehaqifu-hix-haq-tih-kuh-wepitula-teliqulo-saqotiwe,lehaqifu,,7349
5fecdbad0b1a449e3288b07b,590203d0fb96b90001dddae0,26,receiver,credit,market,market-credit,,credit,2168
5fecdbad0b1a449e3288b07b,590203d0fb96b90001dddae0,27,sender,window,people,qip-tezalipu-lehaqifu-hix-haq-tih-kuh-wepitula-teliqulo-saqotiwe,lehaqifu,,2353.1
5fecdbad0b1a449e3288b07b,590203d0fb96b90001dddae0,28,receiver,credit,ground,credit-ground,,credit,1883.7
5fecdbad0b1a449e3288b07b,590203d0fb96b90001dddae0,29,sender,weight,number,qip-tezalipu-lehaqifu-hix-haq-tih-kuh-wepitula-teliqulo-saqotiwe,kuh,,6920.2
5fecdbad0b1a449e3288b07b,590203d0fb96b90001dddae0,30,receiver,system,market,market-system,,system,3219.7
5fecdbad0b1a449e3288b07b,590203d0fb96b90001dddae0,31,sender,system,market,qip-tezalipu-lehaqifu-hix-haq-tih-kuh-wepitula-teliqulo-saqotiwe,tezalipu,,17692.7
5fecdbad0b1a449e3288b07b,590203d0fb96b90001dddae0,32,receiver,weight,number,weight-number,,weight,3787
5fecdbad0b1a449e3288b07b,590203d0fb96b90001dddae0,33,sender,weight,number,qip-tezalipu-lehaqifu-hix-haq-tih-kuh-wepitula-teliqulo-saqotiwe,kuh,,6221.3
5fecdbad0b1a449e3288b07b,590203d0fb96b90001dddae0,34,receiver,window,people,window-people,,people,6591.3
5fecdbad0b1a449e3288b07b,590203d0fb96b90001dddae0,35,sender,credit,window,qip-tezalipu-lehaqifu-hix-haq-tih-kuh-wepitula-teliqulo-saqotiwe,wepitula,,7139.3
5fecdbad0b1a449e3288b07b,590203d0fb96b90001dddae0,36,receiver,future,coffee,coffee-future,,future,3474.1
5fecdbad0b1a449e3288b07b,590203d0fb96b90001dddae0,37,sender,number,market,qip-tezalipu-lehaqifu-hix-haq-tih-kuh-wepitula-teliqulo-saqotiwe,tezalipu,,38683.8
5fecdbad0b1a449e3288b07b,590203d0fb96b90001dddae0,38,receiver,weight,future,weight-future,,weight,3821.6
5fecdbad0b1a449e3288b07b,590203d0fb96b90001dddae0,39,sender,weight,market,qip-tezalipu-lehaqifu-hix-haq-tih-kuh-wepitula-teliqulo-saqotiwe,tezalipu,,3854.2
5fecdbad0b1a449e3288b07b,590203d0fb96b90001dddae0,40,receiver,credit,people,people-credit,,credit,3247.9
5fecdbad0b1a449e3288b07b,590203d0fb96b90001dddae0,41,sender,coffee,people,qip-tezalipu-lehaqifu-hix-haq-tih-kuh-wepitula-teliqulo-saqotiwe,lehaqifu,,4065.9
5fecdbad0b1a449e3288b07b,590203d0fb96b90001dddae0,42,receiver,system,future,future-system,,system,2427.3
5fecdbad0b1a449e3288b07b,590203d0fb96b90001dddae0,43,sender,number,people,qip-tezalipu-lehaqifu-hix-haq-tih-kuh-wepitula-teliqulo-saqotiwe,lehaqifu,,6608.5
5fecdbad0b1a449e3288b07b,590203d0fb96b90001dddae0,44,receiver,number,market,number-market,,market,3058.3
5fecdbad0b1a449e3288b07b,590203d0fb96b90001dddae0,45,sender,system,market,qip-tezalipu-lehaqifu-hix-haq-tih-kuh-wepitula-teliqulo-saqotiwe,wepitula,,2776
5fecdbad0b1a449e3288b07b,590203d0fb96b90001dddae0,46,receiver,system,window,window-system,,system,3170.4
5fecdbad0b1a449e3288b07b,590203d0fb96b90001dddae0,47,sender,system,coffee,qip-tezalipu-lehaqifu-hix-haq-tih-kuh-wepitula-teliqulo-saqotiwe,hix,,4936.9
5fecdbad0b1a449e3288b07b,590203d0fb96b90001dddae0,48,receiver,coffee,people,people-coffee,,coffee,2091.4
5fecdbad0b1a449e3288b07b,590203d0fb96b90001dddae0,49,sender,credit,coffee,qip-tezalipu-lehaqifu-hix-haq-tih-kuh-wepitula-teliqulo-saqotiwe,qip,,9622.2
5fecdbad0b1a449e3288b07b,590203d0fb96b90001dddae0,50,receiver,weight,system,weight-system,,weight,4478.3
5fecdbad0b1a449e3288b07b,590203d0fb96b90001dddae0,51,sender,ground,future,qip-tezalipu-lehaqifu-hix-haq-tih-kuh-wepitula-teliqulo-saqotiwe,teliqulo,,13251.5
5fecdbad0b1a449e3288b07b,590203d0fb96b90001dddae0,52,receiver,ground,market,ground-market,,market,3697.5
5fecdbad0b1a449e3288b07b,590203d0fb96b90001dddae0,53,sender,future,people,qip-tezalipu-lehaqifu-hix-haq-tih-kuh-wepitula-teliqulo-saqotiwe,lehaqifu,,2570.6
5fecdbad0b1a449e3288b07b,590203d0fb96b90001dddae0,54,receiver,ground,coffee,coffee-ground,,ground,2285.5
5fecdbad0b1a449e3288b07b,590203d0fb96b90001dddae0,55,sender,weight,number,qip-tezalipu-lehaqifu-hix-haq-tih-kuh-wepitula-teliqulo-saqotiwe,kuh,,2079.1
5fecdbad0b1a449e3288b07b,590203d0fb96b90001dddae0,56,receiver,system,market,system-market,,system,3309.1
5fecdbad0b1a449e3288b07b,590203d0fb96b90001dddae0,57,sender,market,window,qip-tezalipu-lehaqifu-hix-haq-tih-kuh-wepitula-teliqulo-saqotiwe,wepitula,,6797.2
5fecdbad0b1a449e3288b07b,590203d0fb96b90001dddae0,58,receiver,credit,ground,ground-credit,,credit,2290.2
5fecdbad0b1a449e3288b07b,590203d0fb96b90001dddae0,59,sender,credit,ground,qip-tezalipu-lehaqifu-hix-haq-tih-kuh-wepitula-teliqulo-saqotiwe,kuh,,3710.9
5fecdbad0b1a449e3288b07b,590203d0fb96b90001dddae0,60,receiver,future,people,future-people,,future,6791.1
5fecdbad0b1a449e3288b07b,590203d0fb96b90001dddae0,61,sender,market,future,qip-tezalipu-lehaqifu-hix-haq-tih-kuh-wepitula-teliqulo-saqotiwe,teliqulo,,1774.4
5fecdbad0b1a449e3288b07b,590203d0fb96b90001dddae0,62,receiver,ground,coffee,coffee-ground,,ground,2011.7
5fecdbad0b1a449e3288b07b,590203d0fb96b90001dddae0,63,sender,weight,number,qip-tezalipu-lehaqifu-hix-haq-tih-kuh-wepitula-teliqulo-saqotiwe,kuh,,1204.5
5fecdbad0b1a449e3288b07b,590203d0fb96b90001dddae0,64,receiver,future,people,people-future,,future,1119.2
5fecdbad0b1a449e3288b07b,590203d0fb96b90001dddae0,65,sender,weight,future,qip-tezalipu-lehaqifu-hix-haq-tih-kuh-wepitula-teliqulo-saqotiwe,teliqulo,,3582.6
5fecdbad0b1a449e3288b07b,590203d0fb96b90001dddae0,66,receiver,future,people,future-people,,future,1561.5
5fecdbad0b1a449e3288b07b,590203d0fb96b90001dddae0,67,sender,coffee,people,qip-tezalipu-lehaqifu-hix-haq-tih-kuh-wepitula-teliqulo-saqotiwe,lehaqifu,,8834.4
5fecdbad0b1a449e3288b07b,590203d0fb96b90001dddae0,68,receiver,market,people,market-people,,people,4762.4
5fecdbad0b1a449e3288b07b,590203d0fb96b90001dddae0,69,sender,number,people,qip-tezalipu-lehaqifu-hix-haq-tih-kuh-wepitula-teliqulo-saqotiwe,lehaqifu,,4643.1
5fecdbad0b1a449e3288b07b,590203d0fb96b90001dddae0,70,receiver,system,market,market-system,,system,1503.9
5fecdbad0b1a449e3288b07b,590203d0fb96b90001dddae0,71,sender,credit,ground,qip-tezalipu-lehaqifu-hix-haq-tih-kuh-wepitula-teliqulo-saqotiwe,haq,,2946.8
5fecdbad0b1a449e3288b07b,590203d0fb96b90001dddae0,72,receiver,number,coffee,coffee-number,,coffee,2576.5
5fecdbad0b1a449e3288b07b,590203d0fb96b90001dddae0,73,sender,weight,people,qip-tezalipu-lehaqifu-hix-haq-tih-kuh-wepitula-teliqulo-saqotiwe,lehaqifu,,18843.8
5fecdbad0b1a449e3288b07b,590203d0fb96b90001dddae0,74,receiver,weight,people,people-weight,,weight,3434.5
5fecdbad0b1a449e3288b07b,590203d0fb96b90001dddae0,75,sender,credit,ground,qip-tezalipu-lehaqifu-hix-haq-tih-kuh-wepitula-teliqulo-saqotiwe,tih,,1831.8
5fecdbad0b1a449e3288b07b,590203d0fb96b90001dddae0,76,receiver,window,coffee,window-coffee,,coffee,1964.3
5fecdbad0b1a449e3288b07b,590203d0fb96b90001dddae0,77,sender,system,window,qip-tezalipu-lehaqifu-hix-haq-tih-kuh-wepitula-teliqulo-saqotiwe,wepitula,,1814.4
5fecdbad0b1a449e3288b07b,590203d0fb96b90001dddae0,78,receiver,future,window,window-future,,window,2742.1
5fecdbad0b1a449e3288b07b,590203d0fb96b90001dddae0,79,sender,number,coffee,qip-tezalipu-lehaqifu-hix-haq-tih-kuh-wepitula-teliqulo-saqotiwe,tih,,6342.7
5fecdbad0b1a449e3288b07b,590203d0fb96b90001dddae0,80,receiver,number,system,system-number,,number,3621.7
5fecdbad0b1a449e3288b07b,590203d0fb96b90001dddae0,81,sender,credit,system,qip-tezalipu-lehaqifu-hix-haq-tih-kuh-wepitula-teliqulo-saqotiwe,saqotiwe,,5969.7
5fecdbad0b1a449e3288b07b,590203d0fb96b90001dddae0,82,receiver,market,people,people-market,,people,2846.8
5fecdbad0b1a449e3288b07b,590203d0fb96b90001dddae0,83,sender,window,coffee,qip-tezalipu-lehaqifu-hix-haq-tih-kuh-wepitula-teliqulo-saqotiwe,tih,,2669.5
5fecdbad0b1a449e3288b07b,590203d0fb96b90001dddae0,84,receiver,weight,window,weight-window,,weight,2804
5fecdbad0b1a449e3288b07b,590203d0fb96b90001dddae0,85,sender,market,coffee,qip-tezalipu-lehaqifu-hix-haq-tih-kuh-wepitula-teliqulo-saqotiwe,tih,,20391.6
5fecdbad0b1a449e3288b07b,590203d0fb96b90001dddae0,86,receiver,weight,coffee,weight-coffee,,weight,2386.2
5fecdbad0b1a449e3288b07b,590203d0fb96b90001dddae0,87,sender,future,window,qip-tezalipu-lehaqifu-hix-haq-tih-kuh-wepitula-teliqulo-saqotiwe,wepitula,,7093.8
5fecdbad0b1a449e3288b07b,590203d0fb96b90001dddae0,88,receiver,number,window,number-window,,number,2101
5fecdbad0b1a449e3288b07b,590203d0fb96b90001dddae0,89,sender,weight,number,qip-tezalipu-lehaqifu-hix-haq-tih-kuh-wepitula-teliqulo-saqotiwe,kuh,,8839.4
5fecdbad0b1a449e3288b07b,590203d0fb96b90001dddae0,90,receiver,market,window,market-window,,market,2091.5
5fecdbad0b1a449e3288b07b,590203d0fb96b90001dddae0,91,sender,system,market,qip-tezalipu-lehaqifu-hix-haq-tih-kuh-wepitula-teliqulo-saqotiwe,kuh,,2523.7
5fecdbad0b1a449e3288b07b,590203d0fb96b90001dddae0,92,receiver,window,coffee,window-coffee,,window,4377.8
5fecdbad0b1a449e3288b07b,590203d0fb96b90001dddae0,93,sender,market,future,qip-tezalipu-lehaqifu-hix-haq-tih-kuh-wepitula-teliqulo-saqotiwe,teliqulo,,2439
5fecdbad0b1a449e3288b07b,590203d0fb96b90001dddae0,94,receiver,coffee,people,coffee-people,,coffee,3107.8
5fecdbad0b1a449e3288b07b,590203d0fb96b90001dddae0,95,sender,window,coffee,qip-tezalipu-lehaqifu-hix-haq-tih-kuh-wepitula-teliqulo-saqotiwe,haq,,4016.8
5fecdbad0b1a449e3288b07b,590203d0fb96b90001dddae0,96,receiver,credit,ground,credit-ground,,ground,7035.4
5fecdbad0b1a449e3288b07b,590203d0fb96b90001dddae0,97,sender,number,future,qip-tezalipu-lehaqifu-hix-haq-tih-kuh-wepitula-teliqulo-saqotiwe,teliqulo,,7105
5fecdbad0b1a449e3288b07b,590203d0fb96b90001dddae0,98,receiver,weight,window,weight-window,,weight,12336.6
5fecdbad0b1a449e3288b07b,590203d0fb96b90001dddae0,99,sender,ground,weight,qip-tezalipu-lehaqifu-hix-haq-tih-kuh-wepitula-teliqulo-saqotiwe,wepitula,,18439.4
5fecdbad0b1a449e3288b07b,590203d0fb96b90001dddae0,100,receiver,ground,system,ground-system,,ground,2621.6
5fecdbad0b1a449e3288b07b,590203d0fb96b90001dddae0,101,sender,system,coffee,qip-tezalipu-lehaqifu-hix-haq-tih-kuh-wepitula-teliqulo-saqotiwe,haq,,5742.7
5fecdbad0b1a449e3288b07b,590203d0fb96b90001dddae0,102,receiver,system,people,people-system,,system,14927.3
5fecdbad0b1a449e3288b07b,590203d0fb96b90001dddae0,103,sender,weight,number,qip-tezalipu-lehaqifu-hix-haq-tih-kuh-wepitula-teliqulo-saqotiwe,kuh,,2485.8
5fecdbad0b1a449e3288b07b,590203d0fb96b90001dddae0,104,receiver,ground,number,number-ground,,ground,18114.5
5fecdbad0b1a449e3288b07b,590203d0fb96b90001dddae0,105,sender,credit,weight,qip-tezalipu-lehaqifu-hix-haq-tih-kuh-wepitula-teliqulo-saqotiwe,wepitula,,2501.1
5fecdbad0b1a449e3288b07b,590203d0fb96b90001dddae0,106,receiver,credit,ground,credit-ground,,ground,2611.6
5fecdbad0b1a449e3288b07b,590203d0fb96b90001dddae0,107,sender,ground,future,qip-tezalipu-lehaqifu-hix-haq-tih-kuh-wepitula-teliqulo-saqotiwe,teliqulo,,15877.6
5fecdbad0b1a449e3288b07b,590203d0fb96b90001dddae0,108,receiver,credit,ground,credit-ground,,credit,6050.3
5fecdbad0b1a449e3288b07b,590203d0fb96b90001dddae0,109,sender,ground,weight,qip-tezalipu-lehaqifu-hix-haq-tih-kuh-wepitula-teliqulo-saqotiwe,wepitula,,11637
5fecdbad0b1a449e3288b07b,590203d0fb96b90001dddae0,110,receiver,system,market,system-market,,market,2939.9
5fecdbad0b1a449e3288b07b,590203d0fb96b90001dddae0,111,sender,window,people,qip-tezalipu-lehaqifu-hix-haq-tih-kuh-wepitula-teliqulo-saqotiwe,lehaqifu,,1651
5fecdbad0b1a449e3288b07b,590203d0fb96b90001dddae0,112,receiver,number,window,window-number,,number,6700.4
5fecdbad0b1a449e3288b07b,590203d0fb96b90001dddae0,113,sender,system,market,qip-tezalipu-lehaqifu-hix-haq-tih-kuh-wepitula-teliqulo-saqotiwe,tezalipu,,5900.7
5fecdbad0b1a449e3288b07b,590203d0fb96b90001dddae0,114,receiver,market,coffee,market-coffee,,coffee,4270.5
5fecdbad0b1a449e3288b07b,590203d0fb96b90001dddae0,115,sender,credit,coffee,qip-tezalipu-lehaqifu-hix-haq-tih-kuh-wepitula-teliqulo-saqotiwe,tih,,8560
5fecdbad0b1a449e3288b07b,590203d0fb96b90001dddae0,116,receiver,future,window,window-future,,future,4841.3
5fecdbad0b1a449e3288b07b,590203d0fb96b90001dddae0,117,sender,credit,future,qip-tezalipu-lehaqifu-hix-haq-tih-kuh-wepitula-teliqulo-saqotiwe,teliqulo,,7477.6
5fecdbad0b1a449e3288b07b,590203d0fb96b90001dddae0,118,receiver,system,market,market-system,,market,6261.5
5fecdbad0b1a449e3288b07b,590203d0fb96b90001dddae0,119,sender,number,future,qip-tezalipu-lehaqifu-hix-haq-tih-kuh-wepitula-teliqulo-saqotiwe,teliqulo,,14752.5
5fecdbad0b1a449e3288b07b,590203d0fb96b90001dddae0,120,receiver,future,coffee,future-coffee,,future,1782.7
5fecdbad0b1a449e3288b07b,590203d0fb96b90001dddae0,121,sender,weight,number,qip-tezalipu-lehaqifu-hix-haq-tih-kuh-wepitula-teliqulo-saqotiwe,kuh,,2406.4
5fecdbad0b1a449e3288b07b,590203d0fb96b90001dddae0,122,receiver,weight,number,number-weight,,number,1471.6
5fecdbad0b1a449e3288b07b,590203d0fb96b90001dddae0,123,sender,ground,window,qip-tezalipu-lehaqifu-hix-haq-tih-kuh-wepitula-teliqulo-saqotiwe,saqotiwe,,5065.8
5fecdbad0b1a449e3288b07b,590203d0fb96b90001dddae0,124,receiver,credit,ground,credit-ground,,ground,11323.9
5fecdbad0b1a449e3288b07b,590203d0fb96b90001dddae0,125,sender,coffee,people,qip-tezalipu-lehaqifu-hix-haq-tih-kuh-wepitula-teliqulo-saqotiwe,lehaqifu,,10819.2
5fecdbad0b1a449e3288b07b,590203d0fb96b90001dddae0,126,receiver,system,future,system-future,,system,6232.1
5fecdbad0b1a449e3288b07b,590203d0fb96b90001dddae0,127,sender,future,people,qip-tezalipu-lehaqifu-hix-haq-tih-kuh-wepitula-teliqulo-saqotiwe,lehaqifu,,8519.3
5fecdbad0b1a449e3288b07b,590203d0fb96b90001dddae0,128,receiver,system,people,system-people,,system,10204.2
5fecdbad0b1a449e3288b07b,590203d0fb96b90001dddae0,129,sender,credit,market,qip-tezalipu-lehaqifu-hix-haq-tih-kuh-wepitula-teliqulo-saqotiwe,tih,,2075.1
5fecdbad0b1a449e3288b07b,590203d0fb96b90001dddae0,130,receiver,ground,number,number-ground,,ground,6340.1
5fecdbad0b1a449e3288b07b,590203d0fb96b90001dddae0,131,sender,weight,coffee,qip-tezalipu-lehaqifu-hix-haq-tih-kuh-wepitula-teliqulo-saqotiwe,tih,,5054.4
5fecdbad0b1a449e3288b07b,590203d0fb96b90001dddae0,132,receiver,weight,market,weight-market,,weight,10359.8
5fecdbad0b1a449e3288b07b,590203d0fb96b90001dddae0,133,sender,weight,system,qip-tezalipu-lehaqifu-hix-haq-tih-kuh-wepitula-teliqulo-saqotiwe,saqotiwe,,7836.7
5fecdbad0b1a449e3288b07b,590203d0fb96b90001dddae0,134,receiver,credit,future,future-credit,,credit,7875
5fecdbad0b1a449e3288b07b,590203d0fb96b90001dddae0,135,sender,weight,number,qip-tezalipu-lehaqifu-hix-haq-tih-kuh-wepitula-teliqulo-saqotiwe,tih,,7476.1