participant_id, partner_id, trial_index, trial_type, target_meaning, foil_meaning,             choices, signal_selected, meaning_guess, rt
590203d0fb96b90001dddae0,5fecdbad0b1a449e3288b07b,1,receiver,weight,number,weight-number,,weight,22814.7
590203d0fb96b90001dddae0,5fecdbad0b1a449e3288b07b,2,sender,credit,number,qip-tezalipu-lehaqifu-hix-haq-tih-kuh-wepitula-teliqulo-saqotiwe,kuh,,18636.6
590203d0fb96b90001dddae0,5fecdbad0b1a449e3288b07b,3,receiver,ground,people,ground-people,,people,32516.6
590203d0fb96b90001dddae0,5fecdbad0b1a449e3288b07b,4,sender,window,people,qip-tezalipu-lehaqifu-hix-haq-tih-kuh-wepitula-teliqulo-saqotiwe,tezalipu,,21699.9
590203d0fb96b90001dddae0,5fecdbad0b1a449e3288b07b,5,receiver,ground,window,window-ground,,window,8386.4
590203d0fb96b90001dddae0,5fecdbad0b1a449e3288b07b,6,sender,credit,people,qip-tezalipu-lehaqifu-hix-haq-tih-kuh-wepitula-teliqulo-saqotiwe,tezalipu,,13493.2
590203d0fb96b90001dddae0,5fecdbad0b1a449e3288b07b,7,receiver,number,system,system-number,,number,2244.5
590203d0fb96b90001dddae0,5fecdbad0b1a449e3288b07b,8,sender,future,coffee,qip-tezalipu-lehaqifu-hix-haq-tih-kuh-wepitula-teliqulo-saqotiwe,teliqulo,,18749.6
590203d0fb96b90001dddae0,5fecdbad0b1a449e3288b07b,9,receiver,window,coffee,coffee-window,,coffee,13568
590203d0fb96b90001dddae0,5fecdbad0b1a449e3288b07b,10,sender,future,window,qip-tezalipu-lehaqifu-hix-haq-tih-kuh-wepitula-teliqulo-saqotiwe,teliqulo,,4007.7
590203d0fb96b90001dddae0,5fecdbad0b1a449e3288b07b,11,receiver,ground,system,system-ground,,ground,3467
590203d0fb96b90001dddae0,5fecdbad0b1a449e3288b07b,12,sender,credit,ground,qip-tezalipu-lehaqifu-hix-haq-tih-kuh-wepitula-teliqulo-saqotiwe,hix,,20415.3
590203d0fb96b90001dddae0,5fecdbad0b1a449e3288b07b,13,receiver,system,market,system-market,,market,3081.7
590203d0fb96b90001dddae0,5fecdbad0b1a449e3288b07b,14,sender,system,market,qip-tezalipu-lehaqifu-hix-haq-tih-kuh-wepitula-teliqulo-saqotiwe,saqotiwe,,25439.4
590203d0fb96b90001dddae0,5fecdbad0b1a449e3288b07b,15,receiver,credit,ground,credit-ground,,credit,8606.7
590203d0fb96b90001dddae0,5fecdbad0b1a449e3288b07b,16,sender,future,coffee,qip-tezalipu-lehaqifu-hix-haq-tih-kuh-wepitula-teliqulo-saqotiwe,teliqulo,,28405.5
590203d0fb96b90001dddae0,5fecdbad0b1a449e3288b07b,17,receiver,credit,system,system-credit,,credit,14127.2
590203d0fb96b90001dddae0,5fecdbad0b1a449e3288b07b,18,sender,credit,window,qip-tezalipu-lehaqifu-hix-haq-tih-kuh-wepitula-teliqulo-saqotiwe,kuh,,8108.7
590203d0fb96b90001dddae0,5fecdbad0b1a449e3288b07b,19,receiver,credit,number,credit-number,,credit,4853.4
590203d0fb96b90001dddae0,5fecdbad0b1a449e3288b07b,20,sender,future,window,qip-tezalipu-lehaqifu-hix-haq-tih-kuh-wepitula-teliqulo-saqotiwe,teliqulo,,2425.4
590203d0fb96b90001dddae0,5fecdbad0b1a449e3288b07b,21,receiver,ground,market,market-ground,,market,48129.3
590203d0fb96b90001dddae0,5fecdbad0b1a449e3288b07b,22,sender,future,coffee,qip-tezalipu-lehaqifu-hix-haq-tih-kuh-wepitula-teliqulo-saqotiwe,teliqulo,,11237.1
590203d0fb96b90001dddae0,5fecdbad0b1a449e3288b07b,23,receiver,ground,people,people-ground,,people,5864
590203d0fb96b90001dddae0,5fecdbad0b1a449e3288b07b,24,sender,credit,weight,qip-tezalipu-lehaqifu-hix-haq-tih-kuh-wepitula-teliqulo-saqotiwe,hix,,13539.4
590203d0fb96b90001dddae0,5fecdbad0b1a449e3288b07b,25,receiver,window,people,window-people,,people,12605.5
590203d0fb96b90001dddae0,5fecdbad0b1a449e3288b07b,26,sender,credit,market,qip-tezalipu-lehaqifu-hix-haq-tih-kuh-wepitula-teliqulo-saqotiwe,kuh,,3291
590203d0fb96b90001dddae0,5fecdbad0b1a449e3288b07b,27,receiver,window,people,people-window,,window,15723.9
590203d0fb96b90001dddae0,5fecdbad0b1a449e3288b07b,28,sender,credit,ground,qip-tezalipu-lehaqifu-hix-haq-tih-kuh-wepitula-teliqulo-saqotiwe,kuh,,2387.3
590203d0fb96b90001dddae0,5fecdbad0b1a449e3288b07b,29,receiver,weight,number,number-weight,,number,8044.8
590203d0fb96b90001dddae0,5fecdbad0b1a449e3288b07b,30,sender,system,market,qip-tezalipu-lehaqifu-hix-haq-tih-kuh-wepitula-teliqulo-saqotiwe,saqotiwe,,4296.4
590203d0fb96b90001dddae0,5fecdbad0b1a449e3288b07b,31,receiver,system,market,market-system,,system,19939.4
590203d0fb96b90001dddae0,5fecdbad0b1a449e3288b07b,32,sender,weight,number,qip-tezalipu-lehaqifu-hix-haq-tih-kuh-wepitula-teliqulo-saqotiwe,wepitula,,8988.4
590203d0fb96b90001dddae0,5fecdbad0b1a449e3288b07b,33,receiver,weight,number,weight-number,,number,8152
590203d0fb96b90001dddae0,5fecdbad0b1a449e3288b07b,34,sender,window,people,qip-tezalipu-lehaqifu-hix-haq-tih-kuh-wepitula-teliqulo-saqotiwe,wepitula,,4298.6
590203d0fb96b90001dddae0,5fecdbad0b1a449e3288b07b,35,receiver,credit,window,window-credit,,window,1498.2
590203d0fb96b90001dddae0,5fecdbad0b1a449e3288b07b,36,sender,future,coffee,qip-tezalipu-lehaqifu-hix-haq-tih-kuh-wepitula-teliqulo-saqotiwe,teliqulo,,30734.2
590203d0fb96b90001dddae0,5fecdbad0b1a449e3288b07b,37,receiver,number,market,number-market,,market,4016.9
590203d0fb96b90001dddae0,5fecdbad0b1a449e3288b07b,38,sender,weight,future,qip-tezalipu-lehaqifu-hix-haq-tih-kuh-wepitula-teliqulo-saqotiwe,hix,,2006.2
590203d0fb96b90001dddae0,5fecdbad0b1a449e3288b07b,39,receiver,weight,market,weight-market,,weight,16720.1
590203d0fb96b90001dddae0,5fecdbad0b1a449e3288b07b,40,sender,credit,people,qip-tezalipu-lehaqifu-hix-haq-tih-kuh-wepitula-teliqulo-saqotiwe,kuh,,4222.9
590203d0fb96b90001dddae0,5fecdbad0b1a449e3288b07b,41,receiver,coffee,people,coffee-people,,coffee,51330.9
590203d0fb96b90001dddae0,5fecdbad0b1a449e3288b07b,42,sender,system,future,qip-tezalipu-lehaqifu-hix-haq-tih-kuh-wepitula-teliqulo-saqotiwe,saqotiwe,,6602.6
590203d0fb96b90001dddae0,5fecdbad0b1a449e3288b07b,43,receiver,number,people,people-number,,people,13042.6
590203d0fb96b90001dddae0,5fecdbad0b1a449e3288b07b,44,sender,number,market,qip-tezalipu-lehaqifu-hix-haq-tih-kuh-wepitula-teliqulo-saqotiwe,wepitula,,4526.2
590203d0fb96b90001dddae0,5fecdbad0b1a449e3288b07b,45,receiver,system,market,market-system,,system,12831.7
590203d0fb96b90001dddae0,5fecdbad0b1a449e3288b07b,46,sender,system,window,qip-tezalipu-lehaqifu-hix-haq-tih-kuh-wepitula-teliqulo-saqotiwe,saqotiwe,,4731.8
590203d0fb96b90001dddae0,5fecdbad0b1a449e3288b07b,47,receiver,system,coffee,coffee-system,,system,6522.3
590203d0fb96b90001dddae0,5fecdbad0b1a449e3288b07b,48,sender,coffee,people,qip-tezalipu-lehaqifu-hix-haq-tih-kuh-wepitula-teliqulo-saqotiwe,qip,,22477.3
590203d0fb96b90001dddae0,5fecdbad0b1a449e3288b07b,49,receiver,credit,coffee,coffee-credit,,credit,15419.4
590203d0fb96b90001dddae0,5fecdbad0b1a449e3288b07b,50,sender,weight,system,qip-tezalipu-lehaqifu-hix-haq-tih-kuh-wepitula-teliqulo-saqotiwe,wepitula,,10394
590203d0fb96b90001dddae0,5fecdbad0b1a449e3288b07b,51,receiver,ground,future,ground-future,,future,5103.9
590203d0fb96b90001dddae0,5fecdbad0b1a449e3288b07b,52,sender,ground,market,qip-tezalipu-lehaqifu-hix-haq-tih-kuh-wepitula-teliqulo-saqotiwe,tezalipu,,9273.3
590203d0fb96b90001dddae0,5fecdbad0b1a449e3288b07b,53,receiver,future,people,future-people,,future,9238.9
590203d0fb96b90001dddae0,5fecdbad0b1a449e3288b07b,54,sender,ground,coffee,qip-tezalipu-lehaqifu-hix-haq-tih-kuh-wepitula-teliqulo-saqotiwe,tih,,4524.1
590203d0fb96b90001dddae0,5fecdbad0b1a449e3288b07b,55,receiver,weight,number,weight-number,,number,8585.3
590203d0fb96b90001dddae0,5fecdbad0b1a449e3288b07b,56,sender,system,market,qip-tezalipu-lehaqifu-hix-haq-tih-kuh-wepitula-teliqulo-saqotiwe,saqotiwe,,3902.6
590203d0fb96b90001dddae0,5fecdbad0b1a449e3288b07b,57,receiver,market,window,market-window,,window,2087.3
590203d0fb96b90001dddae0,5fecdbad0b1a449e3288b07b,58,sender,credit,ground,qip-tezalipu-lehaqifu-hix-haq-tih-kuh-wepitula-teliqulo-saqotiwe,kuh,,2760.9
590203d0fb96b90001dddae0,5fecdbad0b1a449e3288b07b,59,receiver,credit,ground,credit-ground,,credit,9244.7
590203d0fb96b90001dddae0,5fecdbad0b1a449e3288b07b,60,sender,future,people,qip-tezalipu-lehaqifu-hix-haq-tih-kuh-wepitula-teliqulo-saqotiwe,teliqulo,,3705.1
590203d0fb96b90001dddae0,5fecdbad0b1a449e3288b07b,61,receiver,market,future,market-future,,future,6444.6
590203d0fb96b90001dddae0,5fecdbad0b1a449e3288b07b,62,sender,ground,coffee,qip-tezalipu-lehaqifu-hix-haq-tih-kuh-wepitula-teliqulo-saqotiwe,haq,,2774
590203d0fb96b90001dddae0,5fecdbad0b1a449e3288b07b,63,receiver,weight,number,number-weight,,number,2340.2
590203d0fb96b90001dddae0,5fecdbad0b1a449e3288b07b,64,sender,future,people,qip-tezalipu-lehaqifu-hix-haq-tih-kuh-wepitula-teliqulo-saqotiwe,teliqulo,,1629.9
590203d0fb96b90001dddae0,5fecdbad0b1a449e3288b07b,65,receiver,weight,future,future-weight,,future,4094.9
590203d0fb96b90001dddae0,5fecdbad0b1a449e3288b07b,66,sender,future,people,qip-tezalipu-lehaqifu-hix-haq-tih-kuh-wepitula-teliqulo-saqotiwe,teliqulo,,1868.7
590203d0fb96b90001dddae0,5fecdbad0b1a449e3288b07b,67,receiver,coffee,people,coffee-people,,coffee,1803.9
590203d0fb96b90001dddae0,5fecdbad0b1a449e3288b07b,68,sender,market,people,qip-tezalipu-lehaqifu-hix-haq-tih-kuh-wepitula-teliqulo-saqotiwe,wepitula,,2849.6
590203d0fb96b90001dddae0,5fecdbad0b1a449e3288b07b,69,receiver,number,people,number-people,,people,4427.8
590203d0fb96b90001dddae0,5fecdbad0b1a449e3288b07b,70,sender,system,market,qip-tezalipu-lehaqifu-hix-haq-tih-kuh-wepitula-teliqulo-saqotiwe,saqotiwe,,5837
590203d0fb96b90001dddae0,5fecdbad0b1a449e3288b07b,71,receiver,credit,ground,credit-ground,,ground,11869.5
590203d0fb96b90001dddae0,5fecdbad0b1a449e3288b07b,72,sender,number,coffee,qip-tezalipu-lehaqifu-hix-haq-tih-kuh-wepitula-teliqulo-saqotiwe,hix,,7415.5
590203d0fb96b90001dddae0,5fecdbad0b1a449e3288b07b,73,receiver,weight,people,people-weight,,weight,2929.5
590203d0fb96b90001dddae0,5fecdbad0b1a449e3288b07b,74,sender,weight,people,qip-tezalipu-lehaqifu-hix-haq-tih-kuh-wepitula-teliqulo-saqotiwe,wepitula,,4848.9
590203d0fb96b90001dddae0,5fecdbad0b1a449e3288b07b,75,receiver,credit,ground,credit-ground,,ground,2937.9
590203d0fb96b90001dddae0,5fecdbad0b1a449e3288b07b,76,sender,window,coffee,qip-tezalipu-lehaqifu-hix-haq-tih-kuh-wepitula-teliqulo-saqotiwe,wepitula,,3282.8
590203d0fb96b90001dddae0,5fecdbad0b1a449e3288b07b,77,receiver,system,window,window-system,,window,2764.7
590203d0fb96b90001dddae0,5fecdbad0b1a449e3288b07b,78,sender,future,window,qip-tezalipu-lehaqifu-hix-haq-tih-kuh-wepitula-teliqulo-saqotiwe,saqotiwe,,2232
590203d0fb96b90001dddae0,5fecdbad0b1a449e3288b07b,79,receiver,number,coffee,number-coffee,,number,10949
590203d0fb96b90001dddae0,5fecdbad0b1a449e3288b07b,80,sender,number,system,qip-tezalipu-lehaqifu-hix-haq-tih-kuh-wepitula-teliqulo-saqotiwe,tih,,2012.5
590203d0fb96b90001dddae0,5fecdbad0b1a449e3288b07b,81,receiver,credit,system,credit-system,,system,11643.1
590203d0fb96b90001dddae0,5fecdbad0b1a449e3288b07b,82,sender,market,people,qip-tezalipu-lehaqifu-hix-haq-tih-kuh-wepitula-teliqulo-saqotiwe,wepitula,,3200.1
590203d0fb96b90001dddae0,5fecdbad0b1a449e3288b07b,83,receiver,window,coffee,window-coffee,,coffee,2664
590203d0fb96b90001dddae0,5fecdbad0b1a449e3288b07b,84,sender,weight,window,qip-tezalipu-lehaqifu-hix-haq-tih-kuh-wepitula-teliqulo-saqotiwe,wepitula,,8170
590203d0fb96b90001dddae0,5fecdbad0b1a449e3288b07b,85,receiver,market,coffee,coffee-market,,coffee,25334.4
590203d0fb96b90001dddae0,5fecdbad0b1a449e3288b07b,86,sender,weight,coffee,qip-tezalipu-lehaqifu-hix-haq-tih-kuh-wepitula-teliqulo-saqotiwe,wepitula,,16618.7
590203d0fb96b90001dddae0,5fecdbad0b1a449e3288b07b,87,receiver,future,window,window-future,,window,31912.3
590203d0fb96b90001dddae0,5fecdbad0b1a449e3288b07b,88,sender,number,window,qip-tezalipu-lehaqifu-hix-haq-tih-kuh-wepitula-teliqulo-saqotiwe,haq,,38642.4
590203d0fb96b90001dddae0,5fecdbad0b1a449e3288b07b,89,receiver,weight,number,weight-number,,number,4337.7
590203d0fb96b90001dddae0,5fecdbad0b1a449e3288b07b,90,sender,market,window,qip-tezalipu-lehaqifu-hix-haq-tih-kuh-wepitula-teliqulo-saqotiwe,kuh,,11306.7
590203d0fb96b90001dddae0,5fecdbad0b1a449e3288b07b,91,receiver,system,market,system-market,,market,4628.2
590203d0fb96b90001dddae0,5fecdbad0b1a449e3288b07b,92,sender,window,coffee,qip-tezalipu-lehaqifu-hix-haq-tih-kuh-wepitula-teliqulo-saqotiwe,wepitula,,11886.4
590203d0fb96b90001dddae0,5fecdbad0b1a449e3288b07b,93,receiver,market,future,future-market,,market,150769.2
590203d0fb96b90001dddae0,5fecdbad0b1a449e3288b07b,94,sender,coffee,people,qip-tezalipu-lehaqifu-hix-haq-tih-kuh-wepitula-teliqulo-saqotiwe,haq,,68764
590203d0fb96b90001dddae0,5fecdbad0b1a449e3288b07b,95,receiver,window,coffee,window-coffee,,coffee,22355
590203d0fb96b90001dddae0,5fecdbad0b1a449e3288b07b,96,sender,credit,ground,qip-tezalipu-lehaqifu-hix-haq-tih-kuh-wepitula-teliqulo-saqotiwe,haq,,20312.4
590203d0fb96b90001dddae0,5fecdbad0b1a449e3288b07b,97,receiver,number,future,future-number,,number,21677.6
590203d0fb96b90001dddae0,5fecdbad0b1a449e3288b07b,98,sender,weight,window,qip-tezalipu-lehaqifu-hix-haq-tih-kuh-wepitula-teliqulo-saqotiwe,wepitula,,67238.4
590203d0fb96b90001dddae0,5fecdbad0b1a449e3288b07b,99,receiver,ground,weight,ground-weight,,weight,8400.4
590203d0fb96b90001dddae0,5fecdbad0b1a449e3288b07b,100,sender,ground,system,qip-tezalipu-lehaqifu-hix-haq-tih-kuh-wepitula-teliqulo-saqotiwe,kuh,,33978.4
590203d0fb96b90001dddae0,5fecdbad0b1a449e3288b07b,101,receiver,system,coffee,coffee-system,,system,11264.2
590203d0fb96b90001dddae0,5fecdbad0b1a449e3288b07b,102,sender,system,people,qip-tezalipu-lehaqifu-hix-haq-tih-kuh-wepitula-teliqulo-saqotiwe,saqotiwe,,11242.9
590203d0fb96b90001dddae0,5fecdbad0b1a449e3288b07b,103,receiver,weight,number,number-weight,,weight,14908
590203d0fb96b90001dddae0,5fecdbad0b1a449e3288b07b,104,sender,ground,number,qip-tezalipu-lehaqifu-hix-haq-tih-kuh-wepitula-teliqulo-saqotiwe,haq,,27066.8
590203d0fb96b90001dddae0,5fecdbad0b1a449e3288b07b,105,receiver,credit,weight,credit-weight,,weight,23901.5
590203d0fb96b90001dddae0,5fecdbad0b1a449e3288b07b,106,sender,credit,ground,qip-tezalipu-lehaqifu-hix-haq-tih-kuh-wepitula-teliqulo-saqotiwe,kuh,,11097.3
590203d0fb96b90001dddae0,5fecdbad0b1a449e3288b07b,107,receiver,ground,future,future-ground,,future,14667.7
590203d0fb96b90001dddae0,5fecdbad0b1a449e3288b07b,108,sender,credit,ground,qip-tezalipu-lehaqifu-hix-haq-tih-kuh-wepitula-teliqulo-saqotiwe,kuh,,5574.2
590203d0fb96b90001dddae0,5fecdbad0b1a449e3288b07b,109,receiver,ground,weight,ground-weight,,weight,3773.8
590203d0fb96b90001dddae0,5fecdbad0b1a449e3288b07b,110,sender,system,market,qip-tezalipu-lehaqifu-hix-haq-tih-kuh-wepitula-teliqulo-saqotiwe,haq,,23012.5
590203d0fb96b90001dddae0,5fecdbad0b1a449e3288b07b,111,receiver,window,people,people-window,,people,7987.2
590203d0fb96b90001dddae0,5fecdbad0b1a449e3288b07b,112,sender,number,window,qip-tezalipu-lehaqifu-hix-haq-tih-kuh-wepitula-teliqulo-saqotiwe,hix,,23291.3
590203d0fb96b90001dddae0,5fecdbad0b1a449e3288b07b,113,receiver,system,market,system-market,,system,16944
590203d0fb96b90001dddae0,5fecdbad0b1a449e3288b07b,114,sender,market,coffee,qip-tezalipu-lehaqifu-hix-haq-tih-kuh-wepitula-teliqulo-saqotiwe,teliqulo,,12841.9
590203d0fb96b90001dddae0,5fecdbad0b1a449e3288b07b,115,receiver,credit,coffee,coffee-credit,,credit,3515.4
590203d0fb96b90001dddae0,5fecdbad0b1a449e3288b07b,116,sender,future,window,qip-tezalipu-lehaqifu-hix-haq-tih-kuh-wepitula-teliqulo-saqotiwe,teliqulo,,7773.9
590203d0fb96b90001dddae0,5fecdbad0b1a449e3288b07b,117,receiver,credit,future,future-credit,,future,10677.7
590203d0fb96b90001dddae0,5fecdbad0b1a449e3288b07b,118,sender,system,market,qip-tezalipu-lehaqifu-hix-haq-tih-kuh-wepitula-teliqulo-saqotiwe,teliqulo,,5764.3
590203d0fb96b90001dddae0,5fecdbad0b1a449e3288b07b,119,receiver,number,future,number-future,,future,2231.1
590203d0fb96b90001dddae0,5fecdbad0b1a449e3288b07b,120,sender,future,coffee,qip-tezalipu-lehaqifu-hix-haq-tih-kuh-wepitula-teliqulo-saqotiwe,teliqulo,,3388.2
590203d0fb96b90001dddae0,5fecdbad0b1a449e3288b07b,121,receiver,weight,number,weight-number,,number,2329.3
590203d0fb96b90001dddae0,5fecdbad0b1a449e3288b07b,122,sender,weight,number,qip-tezalipu-lehaqifu-hix-haq-tih-kuh-wepitula-teliqulo-saqotiwe,tih,,11126.1
590203d0fb96b90001dddae0,5fecdbad0b1a449e3288b07b,123,receiver,ground,window,window-ground,,window,2214.8
590203d0fb96b90001dddae0,5fecdbad0b1a449e3288b07b,124,sender,credit,ground,qip-tezalipu-lehaqifu-hix-haq-tih-kuh-wepitula-teliqulo-saqotiwe,hix,,3928.7
590203d0fb96b90001dddae0,5fecdbad0b1a449e3288b07b,125,receiver,coffee,people,coffee-people,,coffee,22107
590203d0fb96b90001dddae0,5fecdbad0b1a449e3288b07b,126,sender,system,future,qip-tezalipu-lehaqifu-hix-haq-tih-kuh-wepitula-teliqulo-saqotiwe,saqotiwe,,23859.7
590203d0fb96b90001dddae0,5fecdbad0b1a449e3288b07b,127,receiver,future,people,future-people,,future,20412
590203d0fb96b90001dddae0,5fecdbad0b1a449e3288b07b,128,sender,system,people,qip-tezalipu-lehaqifu-hix-haq-tih-kuh-wepitula-teliqulo-saqotiwe,saqotiwe,,38131.5
590203d0fb96b90001dddae0,5fecdbad0b1a449e3288b07b,129,receiver,credit,market,credit-market,,credit,12047.4
590203d0fb96b90001dddae0,5fecdbad0b1a449e3288b07b,130,sender,ground,number,qip-tezalipu-lehaqifu-hix-haq-tih-kuh-wepitula-teliqulo-saqotiwe,tezalipu,,5695.9
590203d0fb96b90001dddae0,5fecdbad0b1a449e3288b07b,131,receiver,weight,coffee,weight-coffee,,weight,2575.1
590203d0fb96b90001dddae0,5fecdbad0b1a449e3288b07b,132,sender,weight,market,qip-tezalipu-lehaqifu-hix-haq-tih-kuh-wepitula-teliqulo-saqotiwe,wepitula,,7659.6
590203d0fb96b90001dddae0,5fecdbad0b1a449e3288b07b,133,receiver,weight,system,system-weight,,weight,15879.3
590203d0fb96b90001dddae0,5fecdbad0b1a449e3288b07b,134,sender,credit,future,qip-tezalipu-lehaqifu-hix-haq-tih-kuh-wepitula-teliqulo-saqotiwe,haq,,10204.9
590203d0fb96b90001dddae0,5fecdbad0b1a449e3288b07b,135,receiver,weight,number,number-weight,,weight,18226.8