participant_id, partner_id, trial_index, trial_type, target_meaning, foil_meaning,             choices, signal_selected, meaning_guess, rt
5c180a3ac59c17000167491e,60ff06fccbecd2bbabc457bd,1,sender,signal,silver,ralonefi-wuk-peh-kuh-haq-puwirefa-lehaqifu-qip-pofepilu-wepitula,ralonefi,,15398.1
5c180a3ac59c17000167491e,60ff06fccbecd2bbabc457bd,2,receiver,online,silver,silver-online,,silver,5653.4
5c180a3ac59c17000167491e,60ff06fccbecd2bbabc457bd,3,sender,market,memory,ralonefi-wuk-peh-kuh-haq-puwirefa-lehaqifu-qip-pofepilu-wepitula,puwirefa,,18050.5
5c180a3ac59c17000167491e,60ff06fccbecd2bbabc457bd,4,receiver,signal,handle,signal-handle,,handle,3432.1
5c180a3ac59c17000167491e,60ff06fccbecd2bbabc457bd,5,sender,silver,ground,ralonefi-wuk-peh-kuh-haq-puwirefa-lehaqifu-qip-pofepilu-wepitula,ralonefi,,7493.6
5c180a3ac59c17000167491e,60ff06fccbecd2bbabc457bd,6,receiver,market,course,market-course,,market,5343.2
5c180a3ac59c17000167491e,60ff06fccbecd2bbabc457bd,7,sender,online,silver,ralonefi-wuk-peh-kuh-haq-puwirefa-lehaqifu-qip-pofepilu-wepitula,pofepilu,,6540.9
5c180a3ac59c17000167491e,60ff06fccbecd2bbabc457bd,8,receiver,market,signal,market-signal,,market,3718.3
5c180a3ac59c17000167491e,60ff06fccbecd2bbabc457bd,9,sender,memory,people,ralonefi-wuk-peh-kuh-haq-puwirefa-lehaqifu-qip-pofepilu-wepitula,wepitula,,5623.7
5c180a3ac59c17000167491e,60ff06fccbecd2bbabc457bd,10,receiver,handle,ground,ground-handle,,ground,4119.5
5c180a3ac59c17000167491e,60ff06fccbecd2bbabc457bd,11,sender,police,ground,ralonefi-wuk-peh-kuh-haq-puwirefa-lehaqifu-qip-pofepilu-wepitula,wuk,,6088
5c180a3ac59c17000167491e,60ff06fccbecd2bbabc457bd,12,receiver,course,police,police-course,,police,2356.4
5c180a3ac59c17000167491e,60ff06fccbecd2bbabc457bd,13,sender,market,signal,ralonefi-wuk-peh-kuh-haq-puwirefa-lehaqifu-qip-pofepilu-wepitula,wepitula,,6238.5
5c180a3ac59c17000167491e,60ff06fccbecd2bbabc457bd,14,receiver,online,silver,online-silver,,silver,2457.2
5c180a3ac59c17000167491e,60ff06fccbecd2bbabc457bd,15,sender,online,silver,ralonefi-wuk-peh-kuh-haq-puwirefa-lehaqifu-qip-pofepilu-wepitula,ralonefi,,5448.1
5c180a3ac59c17000167491e,60ff06fccbecd2bbabc457bd,16,receiver,market,signal,market-signal,,market,2786
5c180a3ac59c17000167491e,60ff06fccbecd2bbabc457bd,17,sender,handle,ground,ralonefi-wuk-peh-kuh-haq-puwirefa-lehaqifu-qip-pofepilu-wepitula,lehaqifu,,3343.3
5c180a3ac59c17000167491e,60ff06fccbecd2bbabc457bd,18,receiver,signal,online,online-signal,,signal,4327.4
5c180a3ac59c17000167491e,60ff06fccbecd2bbabc457bd,19,sender,silver,police,ralonefi-wuk-peh-kuh-haq-puwirefa-lehaqifu-qip-pofepilu-wepitula,ralonefi,,8019
5c180a3ac59c17000167491e,60ff06fccbecd2bbabc457bd,20,receiver,market,online,online-market,,market,2757.6
5c180a3ac59c17000167491e,60ff06fccbecd2bbabc457bd,21,sender,police,handle,ralonefi-wuk-peh-kuh-haq-puwirefa-lehaqifu-qip-pofepilu-wepitula,wuk,,3461.2
5c180a3ac59c17000167491e,60ff06fccbecd2bbabc457bd,22,receiver,memory,people,memory-people,,memory,3504.6
5c180a3ac59c17000167491e,60ff06fccbecd2bbabc457bd,23,sender,memory,people,ralonefi-wuk-peh-kuh-haq-puwirefa-lehaqifu-qip-pofepilu-wepitula,kuh,,2581.4
5c180a3ac59c17000167491e,60ff06fccbecd2bbabc457bd,24,receiver,market,signal,signal-market,,signal,3248.7
5c180a3ac59c17000167491e,60ff06fccbecd2bbabc457bd,25,sender,online,course,ralonefi-wuk-peh-kuh-haq-puwirefa-lehaqifu-qip-pofepilu-wepitula,lehaqifu,,7723.9
5c180a3ac59c17000167491e,60ff06fccbecd2bbabc457bd,26,receiver,online,police,police-online,,online,2382.6
5c180a3ac59c17000167491e,60ff06fccbecd2bbabc457bd,27,sender,memory,online,ralonefi-wuk-peh-kuh-haq-puwirefa-lehaqifu-qip-pofepilu-wepitula,wepitula,,3729.9
5c180a3ac59c17000167491e,60ff06fccbecd2bbabc457bd,28,receiver,police,ground,police-ground,,police,8684.1
5c180a3ac59c17000167491e,60ff06fccbecd2bbabc457bd,29,sender,handle,ground,ralonefi-wuk-peh-kuh-haq-puwirefa-lehaqifu-qip-pofepilu-wepitula,wepitula,,9005.2
5c180a3ac59c17000167491e,60ff06fccbecd2bbabc457bd,30,receiver,signal,police,signal-police,,police,3850.7
5c180a3ac59c17000167491e,60ff06fccbecd2bbabc457bd,31,sender,handle,ground,ralonefi-wuk-peh-kuh-haq-puwirefa-lehaqifu-qip-pofepilu-wepitula,wepitula,,4867
5c180a3ac59c17000167491e,60ff06fccbecd2bbabc457bd,32,receiver,signal,police,signal-police,,police,2919.9
5c180a3ac59c17000167491e,60ff06fccbecd2bbabc457bd,33,sender,market,police,ralonefi-wuk-peh-kuh-haq-puwirefa-lehaqifu-qip-pofepilu-wepitula,wepitula,,3442.2
5c180a3ac59c17000167491e,60ff06fccbecd2bbabc457bd,34,receiver,silver,course,silver-course,,course,3202.5
5c180a3ac59c17000167491e,60ff06fccbecd2bbabc457bd,35,sender,signal,ground,ralonefi-wuk-peh-kuh-haq-puwirefa-lehaqifu-qip-pofepilu-wepitula,haq,,8911.6
5c180a3ac59c17000167491e,60ff06fccbecd2bbabc457bd,36,receiver,memory,people,people-memory,,memory,2767.2
5c180a3ac59c17000167491e,60ff06fccbecd2bbabc457bd,37,sender,market,course,ralonefi-wuk-peh-kuh-haq-puwirefa-lehaqifu-qip-pofepilu-wepitula,wepitula,,5659.7
5c180a3ac59c17000167491e,60ff06fccbecd2bbabc457bd,38,receiver,memory,people,memory-people,,memory,8887.7
5c180a3ac59c17000167491e,60ff06fccbecd2bbabc457bd,39,sender,people,online,ralonefi-wuk-peh-kuh-haq-puwirefa-lehaqifu-qip-pofepilu-wepitula,pofepilu,,3673.8
5c180a3ac59c17000167491e,60ff06fccbecd2bbabc457bd,40,receiver,signal,memory,signal-memory,,memory,3150.1
5c180a3ac59c17000167491e,60ff06fccbecd2bbabc457bd,41,sender,people,course,ralonefi-wuk-peh-kuh-haq-puwirefa-lehaqifu-qip-pofepilu-wepitula,pofepilu,,4601.1
5c180a3ac59c17000167491e,60ff06fccbecd2bbabc457bd,42,receiver,market,handle,market-handle,,market,2415.4
5c180a3ac59c17000167491e,60ff06fccbecd2bbabc457bd,43,sender,market,signal,ralonefi-wuk-peh-kuh-haq-puwirefa-lehaqifu-qip-pofepilu-wepitula,wepitula,,2949.2
5c180a3ac59c17000167491e,60ff06fccbecd2bbabc457bd,44,receiver,signal,people,people-signal,,people,3041.7
5c180a3ac59c17000167491e,60ff06fccbecd2bbabc457bd,45,sender,memory,people,ralonefi-wuk-peh-kuh-haq-puwirefa-lehaqifu-qip-pofepilu-wepitula,kuh,,3924.2
5c180a3ac59c17000167491e,60ff06fccbecd2bbabc457bd,46,receiver,memory,people,memory-people,,people,2588.9
5c180a3ac59c17000167491e,60ff06fccbecd2bbabc457bd,47,sender,signal,online,ralonefi-wuk-peh-kuh-haq-puwirefa-lehaqifu-qip-pofepilu-wepitula,qip,,4287.2
5c180a3ac59c17000167491e,60ff06fccbecd2bbabc457bd,48,receiver,people,silver,people-silver,,silver,2444.2
5c180a3ac59c17000167491e,60ff06fccbecd2bbabc457bd,49,sender,handle,ground,ralonefi-wuk-peh-kuh-haq-puwirefa-lehaqifu-qip-pofepilu-wepitula,wepitula,,4963.5
5c180a3ac59c17000167491e,60ff06fccbecd2bbabc457bd,50,receiver,market,people,market-people,,market,4708.5
5c180a3ac59c17000167491e,60ff06fccbecd2bbabc457bd,51,sender,market,online,ralonefi-wuk-peh-kuh-haq-puwirefa-lehaqifu-qip-pofepilu-wepitula,wepitula,,2139.2
5c180a3ac59c17000167491e,60ff06fccbecd2bbabc457bd,52,receiver,market,signal,market-signal,,market,1761.6
5c180a3ac59c17000167491e,60ff06fccbecd2bbabc457bd,53,sender,online,silver,ralonefi-wuk-peh-kuh-haq-puwirefa-lehaqifu-qip-pofepilu-wepitula,haq,,5148.5
5c180a3ac59c17000167491e,60ff06fccbecd2bbabc457bd,54,receiver,silver,course,silver-course,,course,2336.7
5c180a3ac59c17000167491e,60ff06fccbecd2bbabc457bd,55,sender,course,police,ralonefi-wuk-peh-kuh-haq-puwirefa-lehaqifu-qip-pofepilu-wepitula,puwirefa,,2178.4
5c180a3ac59c17000167491e,60ff06fccbecd2bbabc457bd,56,receiver,course,police,course-police,,police,2821.1
5c180a3ac59c17000167491e,60ff06fccbecd2bbabc457bd,57,sender,market,signal,ralonefi-wuk-peh-kuh-haq-puwirefa-lehaqifu-qip-pofepilu-wepitula,wepitula,,3867
5c180a3ac59c17000167491e,60ff06fccbecd2bbabc457bd,58,receiver,silver,handle,silver-handle,,silver,2438.9
5c180a3ac59c17000167491e,60ff06fccbecd2bbabc457bd,59,sender,police,handle,ralonefi-wuk-peh-kuh-haq-puwirefa-lehaqifu-qip-pofepilu-wepitula,haq,,4723.8
5c180a3ac59c17000167491e,60ff06fccbecd2bbabc457bd,60,receiver,police,ground,police-ground,,police,2791.9
5c180a3ac59c17000167491e,60ff06fccbecd2bbabc457bd,61,sender,people,handle,ralonefi-wuk-peh-kuh-haq-puwirefa-lehaqifu-qip-pofepilu-wepitula,kuh,,4791.5
5c180a3ac59c17000167491e,60ff06fccbecd2bbabc457bd,62,receiver,online,ground,online-ground,,online,4924.1
5c180a3ac59c17000167491e,60ff06fccbecd2bbabc457bd,63,sender,course,handle,ralonefi-wuk-peh-kuh-haq-puwirefa-lehaqifu-qip-pofepilu-wepitula,pofepilu,,7994.4
5c180a3ac59c17000167491e,60ff06fccbecd2bbabc457bd,64,receiver,course,police,course-police,,course,2843.2
5c180a3ac59c17000167491e,60ff06fccbecd2bbabc457bd,65,sender,market,silver,ralonefi-wuk-peh-kuh-haq-puwirefa-lehaqifu-qip-pofepilu-wepitula,wepitula,,2790
5c180a3ac59c17000167491e,60ff06fccbecd2bbabc457bd,66,receiver,market,ground,market-ground,,market,6565
5c180a3ac59c17000167491e,60ff06fccbecd2bbabc457bd,67,sender,online,silver,ralonefi-wuk-peh-kuh-haq-puwirefa-lehaqifu-qip-pofepilu-wepitula,pofepilu,,2547.2
5c180a3ac59c17000167491e,60ff06fccbecd2bbabc457bd,68,receiver,course,police,police-course,,course,4251.1
5c180a3ac59c17000167491e,60ff06fccbecd2bbabc457bd,69,sender,signal,people,ralonefi-wuk-peh-kuh-haq-puwirefa-lehaqifu-qip-pofepilu-wepitula,puwirefa,,3830.8
5c180a3ac59c17000167491e,60ff06fccbecd2bbabc457bd,70,receiver,market,ground,ground-market,,ground,3351
5c180a3ac59c17000167491e,60ff06fccbecd2bbabc457bd,71,sender,course,handle,ralonefi-wuk-peh-kuh-haq-puwirefa-lehaqifu-qip-pofepilu-wepitula,lehaqifu,,7333.8
5c180a3ac59c17000167491e,60ff06fccbecd2bbabc457bd,72,receiver,memory,ground,memory-ground,,memory,3018.5
5c180a3ac59c17000167491e,60ff06fccbecd2bbabc457bd,73,sender,market,memory,ralonefi-wuk-peh-kuh-haq-puwirefa-lehaqifu-qip-pofepilu-wepitula,wepitula,,2852.1
5c180a3ac59c17000167491e,60ff06fccbecd2bbabc457bd,74,receiver,memory,course,memory-course,,memory,4128.2
5c180a3ac59c17000167491e,60ff06fccbecd2bbabc457bd,75,sender,online,course,ralonefi-wuk-peh-kuh-haq-puwirefa-lehaqifu-qip-pofepilu-wepitula,puwirefa,,3726.9
5c180a3ac59c17000167491e,60ff06fccbecd2bbabc457bd,76,receiver,market,handle,market-handle,,market,2144.8
5c180a3ac59c17000167491e,60ff06fccbecd2bbabc457bd,77,sender,online,silver,ralonefi-wuk-peh-kuh-haq-puwirefa-lehaqifu-qip-pofepilu-wepitula,puwirefa,,4835.8
5c180a3ac59c17000167491e,60ff06fccbecd2bbabc457bd,78,receiver,people,ground,people-ground,,people,2642.5
5c180a3ac59c17000167491e,60ff06fccbecd2bbabc457bd,79,sender,online,silver,ralonefi-wuk-peh-kuh-haq-puwirefa-lehaqifu-qip-pofepilu-wepitula,lehaqifu,,2649.7
5c180a3ac59c17000167491e,60ff06fccbecd2bbabc457bd,80,receiver,memory,people,people-memory,,memory,3294.9
5c180a3ac59c17000167491e,60ff06fccbecd2bbabc457bd,81,sender,signal,course,ralonefi-wuk-peh-kuh-haq-puwirefa-lehaqifu-qip-pofepilu-wepitula,haq,,2542.9
5c180a3ac59c17000167491e,60ff06fccbecd2bbabc457bd,82,receiver,memory,online,online-memory,,online,2340.9
5c180a3ac59c17000167491e,60ff06fccbecd2bbabc457bd,83,sender,online,ground,ralonefi-wuk-peh-kuh-haq-puwirefa-lehaqifu-qip-pofepilu-wepitula,haq,,2433.8
5c180a3ac59c17000167491e,60ff06fccbecd2bbabc457bd,84,receiver,market,signal,market-signal,,market,6630.8
5c180a3ac59c17000167491e,60ff06fccbecd2bbabc457bd,85,sender,signal,ground,ralonefi-wuk-peh-kuh-haq-puwirefa-lehaqifu-qip-pofepilu-wepitula,pofepilu,,6888.1
5c180a3ac59c17000167491e,60ff06fccbecd2bbabc457bd,86,receiver,people,handle,handle-people,,people,3664.6
5c180a3ac59c17000167491e,60ff06fccbecd2bbabc457bd,87,sender,market,people,ralonefi-wuk-peh-kuh-haq-puwirefa-lehaqifu-qip-pofepilu-wepitula,wepitula,,3434.8
5c180a3ac59c17000167491e,60ff06fccbecd2bbabc457bd,88,receiver,memory,ground,memory-ground,,memory,3969
5c180a3ac59c17000167491e,60ff06fccbecd2bbabc457bd,89,sender,people,course,ralonefi-wuk-peh-kuh-haq-puwirefa-lehaqifu-qip-pofepilu-wepitula,qip,,3712.1
5c180a3ac59c17000167491e,60ff06fccbecd2bbabc457bd,90,receiver,online,handle,online-handle,,online,2936.9
5c180a3ac59c17000167491e,60ff06fccbecd2bbabc457bd,91,sender,memory,people,ralonefi-wuk-peh-kuh-haq-puwirefa-lehaqifu-qip-pofepilu-wepitula,pofepilu,,2738.4
5c180a3ac59c17000167491e,60ff06fccbecd2bbabc457bd,92,receiver,signal,handle,signal-handle,,handle,5108.8
5c180a3ac59c17000167491e,60ff06fccbecd2bbabc457bd,93,sender,silver,ground,ralonefi-wuk-peh-kuh-haq-puwirefa-lehaqifu-qip-pofepilu-wepitula,haq,,5343.1
5c180a3ac59c17000167491e,60ff06fccbecd2bbabc457bd,94,receiver,police,handle,handle-police,,handle,2906.3
5c180a3ac59c17000167491e,60ff06fccbecd2bbabc457bd,95,sender,course,handle,ralonefi-wuk-peh-kuh-haq-puwirefa-lehaqifu-qip-pofepilu-wepitula,peh,,4794.4
5c180a3ac59c17000167491e,60ff06fccbecd2bbabc457bd,96,receiver,market,police,police-market,,police,1981.3
5c180a3ac59c17000167491e,60ff06fccbecd2bbabc457bd,97,sender,memory,silver,ralonefi-wuk-peh-kuh-haq-puwirefa-lehaqifu-qip-pofepilu-wepitula,wuk,,2662.6
5c180a3ac59c17000167491e,60ff06fccbecd2bbabc457bd,98,receiver,memory,police,police-memory,,police,2203.9
5c180a3ac59c17000167491e,60ff06fccbecd2bbabc457bd,99,sender,market,signal,ralonefi-wuk-peh-kuh-haq-puwirefa-lehaqifu-qip-pofepilu-wepitula,wepitula,,2468.7
5c180a3ac59c17000167491e,60ff06fccbecd2bbabc457bd,100,receiver,course,ground,course-ground,,course,1983.7
5c180a3ac59c17000167491e,60ff06fccbecd2bbabc457bd,101,sender,course,ground,ralonefi-wuk-peh-kuh-haq-puwirefa-lehaqifu-qip-pofepilu-wepitula,qip,,3115.4
5c180a3ac59c17000167491e,60ff06fccbecd2bbabc457bd,102,receiver,signal,course,course-signal,,signal,2377.9
5c180a3ac59c17000167491e,60ff06fccbecd2bbabc457bd,103,sender,course,ground,ralonefi-wuk-peh-kuh-haq-puwirefa-lehaqifu-qip-pofepilu-wepitula,qip,,1869.5
5c180a3ac59c17000167491e,60ff06fccbecd2bbabc457bd,104,receiver,market,signal,signal-market,,signal,3483.1
5c180a3ac59c17000167491e,60ff06fccbecd2bbabc457bd,105,sender,memory,silver,ralonefi-wuk-peh-kuh-haq-puwirefa-lehaqifu-qip-pofepilu-wepitula,wuk,,2194.7
5c180a3ac59c17000167491e,60ff06fccbecd2bbabc457bd,106,receiver,course,ground,ground-course,,course,2328.5
5c180a3ac59c17000167491e,60ff06fccbecd2bbabc457bd,107,sender,memory,people,ralonefi-wuk-peh-kuh-haq-puwirefa-lehaqifu-qip-pofepilu-wepitula,kuh,,3455.8
5c180a3ac59c17000167491e,60ff06fccbecd2bbabc457bd,108,receiver,online,silver,online-silver,,silver,2619.9
5c180a3ac59c17000167491e,60ff06fccbecd2bbabc457bd,109,sender,market,silver,ralonefi-wuk-peh-kuh-haq-puwirefa-lehaqifu-qip-pofepilu-wepitula,wepitula,,3549.7
5c180a3ac59c17000167491e,60ff06fccbecd2bbabc457bd,110,receiver,market,signal,signal-market,,signal,2048.2
5c180a3ac59c17000167491e,60ff06fccbecd2bbabc457bd,111,sender,signal,silver,ralonefi-wuk-peh-kuh-haq-puwirefa-lehaqifu-qip-pofepilu-wepitula,lehaqifu,,7580.9
5c180a3ac59c17000167491e,60ff06fccbecd2bbabc457bd,112,receiver,course,handle,handle-course,,handle,8522.6
5c180a3ac59c17000167491e,60ff06fccbecd2bbabc457bd,113,sender,silver,handle,ralonefi-wuk-peh-kuh-haq-puwirefa-lehaqifu-qip-pofepilu-wepitula,wuk,,3987.1
5c180a3ac59c17000167491e,60ff06fccbecd2bbabc457bd,114,receiver,silver,police,police-silver,,silver,3581.1
5c180a3ac59c17000167491e,60ff06fccbecd2bbabc457bd,115,sender,police,ground,ralonefi-wuk-peh-kuh-haq-puwirefa-lehaqifu-qip-pofepilu-wepitula,pofepilu,,4305.8
5c180a3ac59c17000167491e,60ff06fccbecd2bbabc457bd,116,receiver,people,silver,people-silver,,people,1683.5
5c180a3ac59c17000167491e,60ff06fccbecd2bbabc457bd,117,sender,people,police,ralonefi-wuk-peh-kuh-haq-puwirefa-lehaqifu-qip-pofepilu-wepitula,peh,,2975
5c180a3ac59c17000167491e,60ff06fccbecd2bbabc457bd,118,receiver,memory,people,memory-people,,people,1998.2
5c180a3ac59c17000167491e,60ff06fccbecd2bbabc457bd,119,sender,online,police,ralonefi-wuk-peh-kuh-haq-puwirefa-lehaqifu-qip-pofepilu-wepitula,lehaqifu,,3978.8
5c180a3ac59c17000167491e,60ff06fccbecd2bbabc457bd,120,receiver,signal,memory,memory-signal,,signal,2551.6
5c180a3ac59c17000167491e,60ff06fccbecd2bbabc457bd,121,sender,police,handle,ralonefi-wuk-peh-kuh-haq-puwirefa-lehaqifu-qip-pofepilu-wepitula,wuk,,2314.7
5c180a3ac59c17000167491e,60ff06fccbecd2bbabc457bd,122,receiver,memory,handle,memory-handle,,memory,2289.6
5c180a3ac59c17000167491e,60ff06fccbecd2bbabc457bd,123,sender,people,ground,ralonefi-wuk-peh-kuh-haq-puwirefa-lehaqifu-qip-pofepilu-wepitula,pofepilu,,3670.4
5c180a3ac59c17000167491e,60ff06fccbecd2bbabc457bd,124,receiver,police,handle,police-handle,,police,1950.1
5c180a3ac59c17000167491e,60ff06fccbecd2bbabc457bd,125,sender,people,police,ralonefi-wuk-peh-kuh-haq-puwirefa-lehaqifu-qip-pofepilu-wepitula,peh,,2408
5c180a3ac59c17000167491e,60ff06fccbecd2bbabc457bd,126,receiver,course,handle,handle-course,,handle,4545.1
5c180a3ac59c17000167491e,60ff06fccbecd2bbabc457bd,127,sender,online,silver,ralonefi-wuk-peh-kuh-haq-puwirefa-lehaqifu-qip-pofepilu-wepitula,peh,,2985.4
5c180a3ac59c17000167491e,60ff06fccbecd2bbabc457bd,128,receiver,online,handle,handle-online,,handle,2132.7
5c180a3ac59c17000167491e,60ff06fccbecd2bbabc457bd,129,sender,police,ground,ralonefi-wuk-peh-kuh-haq-puwirefa-lehaqifu-qip-pofepilu-wepitula,wuk,,3099.3
5c180a3ac59c17000167491e,60ff06fccbecd2bbabc457bd,130,receiver,memory,handle,handle-memory,,memory,3048
5c180a3ac59c17000167491e,60ff06fccbecd2bbabc457bd,131,sender,memory,police,ralonefi-wuk-peh-kuh-haq-puwirefa-lehaqifu-qip-pofepilu-wepitula,haq,,2490.9
5c180a3ac59c17000167491e,60ff06fccbecd2bbabc457bd,132,receiver,people,online,online-people,,people,2421.2
5c180a3ac59c17000167491e,60ff06fccbecd2bbabc457bd,133,sender,online,silver,ralonefi-wuk-peh-kuh-haq-puwirefa-lehaqifu-qip-pofepilu-wepitula,puwirefa,,2372.8
5c180a3ac59c17000167491e,60ff06fccbecd2bbabc457bd,134,receiver,memory,course,course-memory,,course,1738.7
5c180a3ac59c17000167491e,60ff06fccbecd2bbabc457bd,135,sender,course,ground,ralonefi-wuk-peh-kuh-haq-puwirefa-lehaqifu-qip-pofepilu-wepitula,qip,,1819.6