participant_id, partner_id, trial_index, trial_type, target_meaning, foil_meaning,             choices, signal_selected, meaning_guess, rt
60ff06fccbecd2bbabc457bd,5c180a3ac59c17000167491e,1,receiver,signal,silver,signal-silver,,silver,5789.4
60ff06fccbecd2bbabc457bd,5c180a3ac59c17000167491e,2,sender,online,silver,ralonefi-wuk-peh-kuh-haq-puwirefa-lehaqifu-qip-pofepilu-wepitula,ralonefi,,8712.2
60ff06fccbecd2bbabc457bd,5c180a3ac59c17000167491e,3,receiver,market,memory,market-memory,,memory,8969.9
60ff06fccbecd2bbabc457bd,5c180a3ac59c17000167491e,4,sender,signal,handle,ralonefi-wuk-peh-kuh-haq-puwirefa-lehaqifu-qip-pofepilu-wepitula,lehaqifu,,2997.4
60ff06fccbecd2bbabc457bd,5c180a3ac59c17000167491e,5,receiver,silver,ground,silver-ground,,silver,5733.1
60ff06fccbecd2bbabc457bd,5c180a3ac59c17000167491e,6,sender,market,course,ralonefi-wuk-peh-kuh-haq-puwirefa-lehaqifu-qip-pofepilu-wepitula,wepitula,,15493.5
60ff06fccbecd2bbabc457bd,5c180a3ac59c17000167491e,7,receiver,online,silver,online-silver,,online,12840.2
60ff06fccbecd2bbabc457bd,5c180a3ac59c17000167491e,8,sender,market,signal,ralonefi-wuk-peh-kuh-haq-puwirefa-lehaqifu-qip-pofepilu-wepitula,wepitula,,11462.4
60ff06fccbecd2bbabc457bd,5c180a3ac59c17000167491e,9,receiver,memory,people,people-memory,,people,10521.2
60ff06fccbecd2bbabc457bd,5c180a3ac59c17000167491e,10,sender,handle,ground,ralonefi-wuk-peh-kuh-haq-puwirefa-lehaqifu-qip-pofepilu-wepitula,pofepilu,,6340.1
60ff06fccbecd2bbabc457bd,5c180a3ac59c17000167491e,11,receiver,police,ground,police-ground,,police,4944.8
60ff06fccbecd2bbabc457bd,5c180a3ac59c17000167491e,12,sender,course,police,ralonefi-wuk-peh-kuh-haq-puwirefa-lehaqifu-qip-pofepilu-wepitula,wuk,,5999.7
60ff06fccbecd2bbabc457bd,5c180a3ac59c17000167491e,13,receiver,market,signal,signal-market,,market,3980.5
60ff06fccbecd2bbabc457bd,5c180a3ac59c17000167491e,14,sender,online,silver,ralonefi-wuk-peh-kuh-haq-puwirefa-lehaqifu-qip-pofepilu-wepitula,ralonefi,,3952.8
60ff06fccbecd2bbabc457bd,5c180a3ac59c17000167491e,15,receiver,online,silver,online-silver,,online,3824.3
60ff06fccbecd2bbabc457bd,5c180a3ac59c17000167491e,16,sender,market,signal,ralonefi-wuk-peh-kuh-haq-puwirefa-lehaqifu-qip-pofepilu-wepitula,lehaqifu,,9345.3
60ff06fccbecd2bbabc457bd,5c180a3ac59c17000167491e,17,receiver,handle,ground,handle-ground,,handle,7399.6
60ff06fccbecd2bbabc457bd,5c180a3ac59c17000167491e,18,sender,signal,online,ralonefi-wuk-peh-kuh-haq-puwirefa-lehaqifu-qip-pofepilu-wepitula,lehaqifu,,8726.3
60ff06fccbecd2bbabc457bd,5c180a3ac59c17000167491e,19,receiver,silver,police,silver-police,,police,4564.5
60ff06fccbecd2bbabc457bd,5c180a3ac59c17000167491e,20,sender,market,online,ralonefi-wuk-peh-kuh-haq-puwirefa-lehaqifu-qip-pofepilu-wepitula,wepitula,,5005.1
60ff06fccbecd2bbabc457bd,5c180a3ac59c17000167491e,21,receiver,police,handle,police-handle,,handle,4886.8
60ff06fccbecd2bbabc457bd,5c180a3ac59c17000167491e,22,sender,memory,people,ralonefi-wuk-peh-kuh-haq-puwirefa-lehaqifu-qip-pofepilu-wepitula,kuh,,3656.2
60ff06fccbecd2bbabc457bd,5c180a3ac59c17000167491e,23,receiver,memory,people,people-memory,,people,2073.6
60ff06fccbecd2bbabc457bd,5c180a3ac59c17000167491e,24,sender,market,signal,ralonefi-wuk-peh-kuh-haq-puwirefa-lehaqifu-qip-pofepilu-wepitula,lehaqifu,,11388.8
60ff06fccbecd2bbabc457bd,5c180a3ac59c17000167491e,25,receiver,online,course,online-course,,course,6702.3
60ff06fccbecd2bbabc457bd,5c180a3ac59c17000167491e,26,sender,online,police,ralonefi-wuk-peh-kuh-haq-puwirefa-lehaqifu-qip-pofepilu-wepitula,haq,,5753.5
60ff06fccbecd2bbabc457bd,5c180a3ac59c17000167491e,27,receiver,memory,online,online-memory,,online,6753.5
60ff06fccbecd2bbabc457bd,5c180a3ac59c17000167491e,28,sender,police,ground,ralonefi-wuk-peh-kuh-haq-puwirefa-lehaqifu-qip-pofepilu-wepitula,haq,,3721.3
60ff06fccbecd2bbabc457bd,5c180a3ac59c17000167491e,29,receiver,handle,ground,handle-ground,,handle,6580.6
60ff06fccbecd2bbabc457bd,5c180a3ac59c17000167491e,30,sender,signal,police,ralonefi-wuk-peh-kuh-haq-puwirefa-lehaqifu-qip-pofepilu-wepitula,lehaqifu,,11446.5
60ff06fccbecd2bbabc457bd,5c180a3ac59c17000167491e,31,receiver,handle,ground,handle-ground,,handle,4020.1
60ff06fccbecd2bbabc457bd,5c180a3ac59c17000167491e,32,sender,signal,police,ralonefi-wuk-peh-kuh-haq-puwirefa-lehaqifu-qip-pofepilu-wepitula,haq,,5688.5
60ff06fccbecd2bbabc457bd,5c180a3ac59c17000167491e,33,receiver,market,police,police-market,,market,4006.2
60ff06fccbecd2bbabc457bd,5c180a3ac59c17000167491e,34,sender,silver,course,ralonefi-wuk-peh-kuh-haq-puwirefa-lehaqifu-qip-pofepilu-wepitula,qip,,13717.7
60ff06fccbecd2bbabc457bd,5c180a3ac59c17000167491e,35,receiver,signal,ground,signal-ground,,ground,5097.8
60ff06fccbecd2bbabc457bd,5c180a3ac59c17000167491e,36,sender,memory,people,ralonefi-wuk-peh-kuh-haq-puwirefa-lehaqifu-qip-pofepilu-wepitula,kuh,,4674.7
60ff06fccbecd2bbabc457bd,5c180a3ac59c17000167491e,37,receiver,market,course,market-course,,market,3061
60ff06fccbecd2bbabc457bd,5c180a3ac59c17000167491e,38,sender,memory,people,ralonefi-wuk-peh-kuh-haq-puwirefa-lehaqifu-qip-pofepilu-wepitula,kuh,,5219.6
60ff06fccbecd2bbabc457bd,5c180a3ac59c17000167491e,39,receiver,people,online,people-online,,online,11034.7
60ff06fccbecd2bbabc457bd,5c180a3ac59c17000167491e,40,sender,signal,memory,ralonefi-wuk-peh-kuh-haq-puwirefa-lehaqifu-qip-pofepilu-wepitula,lehaqifu,,8056.7
60ff06fccbecd2bbabc457bd,5c180a3ac59c17000167491e,41,receiver,people,course,course-people,,course,8564.4
60ff06fccbecd2bbabc457bd,5c180a3ac59c17000167491e,42,sender,market,handle,ralonefi-wuk-peh-kuh-haq-puwirefa-lehaqifu-qip-pofepilu-wepitula,wepitula,,9053.1
60ff06fccbecd2bbabc457bd,5c180a3ac59c17000167491e,43,receiver,market,signal,signal-market,,market,4366.6
60ff06fccbecd2bbabc457bd,5c180a3ac59c17000167491e,44,sender,signal,people,ralonefi-wuk-peh-kuh-haq-puwirefa-lehaqifu-qip-pofepilu-wepitula,kuh,,4632.4
60ff06fccbecd2bbabc457bd,5c180a3ac59c17000167491e,45,receiver,memory,people,memory-people,,people,1924.4
60ff06fccbecd2bbabc457bd,5c180a3ac59c17000167491e,46,sender,memory,people,ralonefi-wuk-peh-kuh-haq-puwirefa-lehaqifu-qip-pofepilu-wepitula,peh,,6829.2
60ff06fccbecd2bbabc457bd,5c180a3ac59c17000167491e,47,receiver,signal,online,signal-online,,online,9406.4
60ff06fccbecd2bbabc457bd,5c180a3ac59c17000167491e,48,sender,people,silver,ralonefi-wuk-peh-kuh-haq-puwirefa-lehaqifu-qip-pofepilu-wepitula,lehaqifu,,5930.6
60ff06fccbecd2bbabc457bd,5c180a3ac59c17000167491e,49,receiver,handle,ground,handle-ground,,ground,6168.4
60ff06fccbecd2bbabc457bd,5c180a3ac59c17000167491e,50,sender,market,people,ralonefi-wuk-peh-kuh-haq-puwirefa-lehaqifu-qip-pofepilu-wepitula,wepitula,,3250.1
60ff06fccbecd2bbabc457bd,5c180a3ac59c17000167491e,51,receiver,market,online,market-online,,market,1659.6
60ff06fccbecd2bbabc457bd,5c180a3ac59c17000167491e,52,sender,market,signal,ralonefi-wuk-peh-kuh-haq-puwirefa-lehaqifu-qip-pofepilu-wepitula,wepitula,,3227.8
60ff06fccbecd2bbabc457bd,5c180a3ac59c17000167491e,53,receiver,online,silver,silver-online,,silver,9404.3
60ff06fccbecd2bbabc457bd,5c180a3ac59c17000167491e,54,sender,silver,course,ralonefi-wuk-peh-kuh-haq-puwirefa-lehaqifu-qip-pofepilu-wepitula,peh,,5144.8
60ff06fccbecd2bbabc457bd,5c180a3ac59c17000167491e,55,receiver,course,police,police-course,,course,10628.6
60ff06fccbecd2bbabc457bd,5c180a3ac59c17000167491e,56,sender,course,police,ralonefi-wuk-peh-kuh-haq-puwirefa-lehaqifu-qip-pofepilu-wepitula,puwirefa,,8537.6
60ff06fccbecd2bbabc457bd,5c180a3ac59c17000167491e,57,receiver,market,signal,market-signal,,market,3446.6
60ff06fccbecd2bbabc457bd,5c180a3ac59c17000167491e,58,sender,silver,handle,ralonefi-wuk-peh-kuh-haq-puwirefa-lehaqifu-qip-pofepilu-wepitula,wuk,,10948.6
60ff06fccbecd2bbabc457bd,5c180a3ac59c17000167491e,59,receiver,police,handle,handle-police,,police,3778.9
60ff06fccbecd2bbabc457bd,5c180a3ac59c17000167491e,60,sender,police,ground,ralonefi-wuk-peh-kuh-haq-puwirefa-lehaqifu-qip-pofepilu-wepitula,haq,,2955.7
60ff06fccbecd2bbabc457bd,5c180a3ac59c17000167491e,61,receiver,people,handle,people-handle,,people,10087.3
60ff06fccbecd2bbabc457bd,5c180a3ac59c17000167491e,62,sender,online,ground,ralonefi-wuk-peh-kuh-haq-puwirefa-lehaqifu-qip-pofepilu-wepitula,wuk,,20622
60ff06fccbecd2bbabc457bd,5c180a3ac59c17000167491e,63,receiver,course,handle,handle-course,,course,6101.8
60ff06fccbecd2bbabc457bd,5c180a3ac59c17000167491e,64,sender,course,police,ralonefi-wuk-peh-kuh-haq-puwirefa-lehaqifu-qip-pofepilu-wepitula,haq,,8849.2
60ff06fccbecd2bbabc457bd,5c180a3ac59c17000167491e,65,receiver,market,silver,market-silver,,market,7502.8
60ff06fccbecd2bbabc457bd,5c180a3ac59c17000167491e,66,sender,market,ground,ralonefi-wuk-peh-kuh-haq-puwirefa-lehaqifu-qip-pofepilu-wepitula,wepitula,,4011.1
60ff06fccbecd2bbabc457bd,5c180a3ac59c17000167491e,67,receiver,online,silver,online-silver,,online,1791.1
60ff06fccbecd2bbabc457bd,5c180a3ac59c17000167491e,68,sender,course,police,ralonefi-wuk-peh-kuh-haq-puwirefa-lehaqifu-qip-pofepilu-wepitula,haq,,3594.5
60ff06fccbecd2bbabc457bd,5c180a3ac59c17000167491e,69,receiver,signal,people,signal-people,,people,12481.9
60ff06fccbecd2bbabc457bd,5c180a3ac59c17000167491e,70,sender,market,ground,ralonefi-wuk-peh-kuh-haq-puwirefa-lehaqifu-qip-pofepilu-wepitula,wuk,,8408.1
60ff06fccbecd2bbabc457bd,5c180a3ac59c17000167491e,71,receiver,course,handle,handle-course,,handle,9550
60ff06fccbecd2bbabc457bd,5c180a3ac59c17000167491e,72,sender,memory,ground,ralonefi-wuk-peh-kuh-haq-puwirefa-lehaqifu-qip-pofepilu-wepitula,qip,,12341.9
60ff06fccbecd2bbabc457bd,5c180a3ac59c17000167491e,73,receiver,market,memory,memory-market,,market,4621.5
60ff06fccbecd2bbabc457bd,5c180a3ac59c17000167491e,74,sender,memory,course,ralonefi-wuk-peh-kuh-haq-puwirefa-lehaqifu-qip-pofepilu-wepitula,puwirefa,,5232.5
60ff06fccbecd2bbabc457bd,5c180a3ac59c17000167491e,75,receiver,online,course,online-course,,course,1778.5
60ff06fccbecd2bbabc457bd,5c180a3ac59c17000167491e,76,sender,market,handle,ralonefi-wuk-peh-kuh-haq-puwirefa-lehaqifu-qip-pofepilu-wepitula,wepitula,,7513.4
60ff06fccbecd2bbabc457bd,5c180a3ac59c17000167491e,77,receiver,online,silver,online-silver,,silver,9190
60ff06fccbecd2bbabc457bd,5c180a3ac59c17000167491e,78,sender,people,ground,ralonefi-wuk-peh-kuh-haq-puwirefa-lehaqifu-qip-pofepilu-wepitula,ralonefi,,9559.3
60ff06fccbecd2bbabc457bd,5c180a3ac59c17000167491e,79,receiver,online,silver,silver-online,,silver,7351.2
60ff06fccbecd2bbabc457bd,5c180a3ac59c17000167491e,80,sender,memory,people,ralonefi-wuk-peh-kuh-haq-puwirefa-lehaqifu-qip-pofepilu-wepitula,ralonefi,,4562.5
60ff06fccbecd2bbabc457bd,5c180a3ac59c17000167491e,81,receiver,signal,course,course-signal,,signal,7113.9
60ff06fccbecd2bbabc457bd,5c180a3ac59c17000167491e,82,sender,memory,online,ralonefi-wuk-peh-kuh-haq-puwirefa-lehaqifu-qip-pofepilu-wepitula,peh,,12744.6
60ff06fccbecd2bbabc457bd,5c180a3ac59c17000167491e,83,receiver,online,ground,ground-online,,ground,6784.7
60ff06fccbecd2bbabc457bd,5c180a3ac59c17000167491e,84,sender,market,signal,ralonefi-wuk-peh-kuh-haq-puwirefa-lehaqifu-qip-pofepilu-wepitula,haq,,3794.5
60ff06fccbecd2bbabc457bd,5c180a3ac59c17000167491e,85,receiver,signal,ground,ground-signal,,ground,10926.5
60ff06fccbecd2bbabc457bd,5c180a3ac59c17000167491e,86,sender,people,handle,ralonefi-wuk-peh-kuh-haq-puwirefa-lehaqifu-qip-pofepilu-wepitula,lehaqifu,,6916.4
60ff06fccbecd2bbabc457bd,5c180a3ac59c17000167491e,87,receiver,market,people,market-people,,market,3315
60ff06fccbecd2bbabc457bd,5c180a3ac59c17000167491e,88,sender,memory,ground,ralonefi-wuk-peh-kuh-haq-puwirefa-lehaqifu-qip-pofepilu-wepitula,qip,,5835.1
60ff06fccbecd2bbabc457bd,5c180a3ac59c17000167491e,89,receiver,people,course,people-course,,people,5697.4
60ff06fccbecd2bbabc457bd,5c180a3ac59c17000167491e,90,sender,online,handle,ralonefi-wuk-peh-kuh-haq-puwirefa-lehaqifu-qip-pofepilu-wepitula,lehaqifu,,10801.9
60ff06fccbecd2bbabc457bd,5c180a3ac59c17000167491e,91,receiver,memory,people,people-memory,,memory,11700
60ff06fccbecd2bbabc457bd,5c180a3ac59c17000167491e,92,sender,signal,handle,ralonefi-wuk-peh-kuh-haq-puwirefa-lehaqifu-qip-pofepilu-wepitula,lehaqifu,,8370.4
60ff06fccbecd2bbabc457bd,5c180a3ac59c17000167491e,93,receiver,silver,ground,silver-ground,,silver,4737.6
60ff06fccbecd2bbabc457bd,5c180a3ac59c17000167491e,94,sender,police,handle,ralonefi-wuk-peh-kuh-haq-puwirefa-lehaqifu-qip-pofepilu-wepitula,haq,,15558.9
60ff06fccbecd2bbabc457bd,5c180a3ac59c17000167491e,95,receiver,course,handle,course-handle,,handle,4320.1
60ff06fccbecd2bbabc457bd,5c180a3ac59c17000167491e,96,sender,market,police,ralonefi-wuk-peh-kuh-haq-puwirefa-lehaqifu-qip-pofepilu-wepitula,haq,,3834.7
60ff06fccbecd2bbabc457bd,5c180a3ac59c17000167491e,97,receiver,memory,silver,silver-memory,,silver,5691.8
60ff06fccbecd2bbabc457bd,5c180a3ac59c17000167491e,98,sender,memory,police,ralonefi-wuk-peh-kuh-haq-puwirefa-lehaqifu-qip-pofepilu-wepitula,haq,,9562.1
60ff06fccbecd2bbabc457bd,5c180a3ac59c17000167491e,99,receiver,market,signal,signal-market,,market,2311.6
60ff06fccbecd2bbabc457bd,5c180a3ac59c17000167491e,100,sender,course,ground,ralonefi-wuk-peh-kuh-haq-puwirefa-lehaqifu-qip-pofepilu-wepitula,qip,,12494.2
60ff06fccbecd2bbabc457bd,5c180a3ac59c17000167491e,101,receiver,course,ground,ground-course,,ground,1349.3
60ff06fccbecd2bbabc457bd,5c180a3ac59c17000167491e,102,sender,signal,course,ralonefi-wuk-peh-kuh-haq-puwirefa-lehaqifu-qip-pofepilu-wepitula,puwirefa,,6541.3
60ff06fccbecd2bbabc457bd,5c180a3ac59c17000167491e,103,receiver,course,ground,course-ground,,ground,2721.4
60ff06fccbecd2bbabc457bd,5c180a3ac59c17000167491e,104,sender,market,signal,ralonefi-wuk-peh-kuh-haq-puwirefa-lehaqifu-qip-pofepilu-wepitula,haq,,6219.5
60ff06fccbecd2bbabc457bd,5c180a3ac59c17000167491e,105,receiver,memory,silver,silver-memory,,silver,4367.4
60ff06fccbecd2bbabc457bd,5c180a3ac59c17000167491e,106,sender,course,ground,ralonefi-wuk-peh-kuh-haq-puwirefa-lehaqifu-qip-pofepilu-wepitula,qip,,8550.1
60ff06fccbecd2bbabc457bd,5c180a3ac59c17000167491e,107,receiver,memory,people,people-memory,,people,3995.4
60ff06fccbecd2bbabc457bd,5c180a3ac59c17000167491e,108,sender,online,silver,ralonefi-wuk-peh-kuh-haq-puwirefa-lehaqifu-qip-pofepilu-wepitula,peh,,12880.3
60ff06fccbecd2bbabc457bd,5c180a3ac59c17000167491e,109,receiver,market,silver,silver-market,,market,1879.7
60ff06fccbecd2bbabc457bd,5c180a3ac59c17000167491e,110,sender,market,signal,ralonefi-wuk-peh-kuh-haq-puwirefa-lehaqifu-qip-pofepilu-wepitula,haq,,12789.3
60ff06fccbecd2bbabc457bd,5c180a3ac59c17000167491e,111,receiver,signal,silver,silver-signal,,signal,7291.8
60ff06fccbecd2bbabc457bd,5c180a3ac59c17000167491e,112,sender,course,handle,ralonefi-wuk-peh-kuh-haq-puwirefa-lehaqifu-qip-pofepilu-wepitula,wuk,,10934.5
60ff06fccbecd2bbabc457bd,5c180a3ac59c17000167491e,113,receiver,silver,handle,handle-silver,,silver,9491.9
60ff06fccbecd2bbabc457bd,5c180a3ac59c17000167491e,114,sender,silver,police,ralonefi-wuk-peh-kuh-haq-puwirefa-lehaqifu-qip-pofepilu-wepitula,haq,,5242.1
60ff06fccbecd2bbabc457bd,5c180a3ac59c17000167491e,115,receiver,police,ground,ground-police,,ground,8705.7
60ff06fccbecd2bbabc457bd,5c180a3ac59c17000167491e,116,sender,people,silver,ralonefi-wuk-peh-kuh-haq-puwirefa-lehaqifu-qip-pofepilu-wepitula,peh,,9854.5
60ff06fccbecd2bbabc457bd,5c180a3ac59c17000167491e,117,receiver,people,police,police-people,,people,4565.6
60ff06fccbecd2bbabc457bd,5c180a3ac59c17000167491e,118,sender,memory,people,ralonefi-wuk-peh-kuh-haq-puwirefa-lehaqifu-qip-pofepilu-wepitula,peh,,5812.2
60ff06fccbecd2bbabc457bd,5c180a3ac59c17000167491e,119,receiver,online,police,online-police,,online,5310.7
60ff06fccbecd2bbabc457bd,5c180a3ac59c17000167491e,120,sender,signal,memory,ralonefi-wuk-peh-kuh-haq-puwirefa-lehaqifu-qip-pofepilu-wepitula,kuh,,8577.4
60ff06fccbecd2bbabc457bd,5c180a3ac59c17000167491e,121,receiver,police,handle,police-handle,,handle,4454.4
60ff06fccbecd2bbabc457bd,5c180a3ac59c17000167491e,122,sender,memory,handle,ralonefi-wuk-peh-kuh-haq-puwirefa-lehaqifu-qip-pofepilu-wepitula,wuk,,7331.8
60ff06fccbecd2bbabc457bd,5c180a3ac59c17000167491e,123,receiver,people,ground,ground-people,,ground,6997.5
60ff06fccbecd2bbabc457bd,5c180a3ac59c17000167491e,124,sender,police,handle,ralonefi-wuk-peh-kuh-haq-puwirefa-lehaqifu-qip-pofepilu-wepitula,peh,,4650.2
60ff06fccbecd2bbabc457bd,5c180a3ac59c17000167491e,125,receiver,people,police,police-people,,people,2284.6
60ff06fccbecd2bbabc457bd,5c180a3ac59c17000167491e,126,sender,course,handle,ralonefi-wuk-peh-kuh-haq-puwirefa-lehaqifu-qip-pofepilu-wepitula,wuk,,4901.7
60ff06fccbecd2bbabc457bd,5c180a3ac59c17000167491e,127,receiver,online,silver,silver-online,,silver,2681.6
60ff06fccbecd2bbabc457bd,5c180a3ac59c17000167491e,128,sender,online,handle,ralonefi-wuk-peh-kuh-haq-puwirefa-lehaqifu-qip-pofepilu-wepitula,kuh,,2976.8
60ff06fccbecd2bbabc457bd,5c180a3ac59c17000167491e,129,receiver,police,ground,police-ground,,ground,7106.4
60ff06fccbecd2bbabc457bd,5c180a3ac59c17000167491e,130,sender,memory,handle,ralonefi-wuk-peh-kuh-haq-puwirefa-lehaqifu-qip-pofepilu-wepitula,haq,,2086.9
60ff06fccbecd2bbabc457bd,5c180a3ac59c17000167491e,131,receiver,memory,police,police-memory,,police,3110.2
60ff06fccbecd2bbabc457bd,5c180a3ac59c17000167491e,132,sender,people,online,ralonefi-wuk-peh-kuh-haq-puwirefa-lehaqifu-qip-pofepilu-wepitula,qip,,10736.4
60ff06fccbecd2bbabc457bd,5c180a3ac59c17000167491e,133,receiver,online,silver,silver-online,,online,7624
60ff06fccbecd2bbabc457bd,5c180a3ac59c17000167491e,134,sender,memory,course,ralonefi-wuk-peh-kuh-haq-puwirefa-lehaqifu-qip-pofepilu-wepitula,kuh,,9663
60ff06fccbecd2bbabc457bd,5c180a3ac59c17000167491e,135,receiver,course,ground,course-ground,,course,2557.2