participant_id, partner_id, trial_index, trial_type, target_meaning, foil_meaning,             choices, signal_selected, meaning_guess, rt
5f4d2c43f2fbb00f8bdf8de9,615a0518412335602fd9098b,1,sender,normal,handle,pofepilu-wuk-saqotiwe-qip-nidaweli-hix-lehaqifu-meh-zah-wepitula,pofepilu,,29977.1
5f4d2c43f2fbb00f8bdf8de9,615a0518412335602fd9098b,2,receiver,second,family,second-family,,family,12006.5
5f4d2c43f2fbb00f8bdf8de9,615a0518412335602fd9098b,3,sender,number,review,pofepilu-wuk-saqotiwe-qip-nidaweli-hix-lehaqifu-meh-zah-wepitula,wepitula,,23259.7
5f4d2c43f2fbb00f8bdf8de9,615a0518412335602fd9098b,4,receiver,course,family,family-course,,course,16930.2
5f4d2c43f2fbb00f8bdf8de9,615a0518412335602fd9098b,5,sender,number,second,pofepilu-wuk-saqotiwe-qip-nidaweli-hix-lehaqifu-meh-zah-wepitula,hix,,19584.3
5f4d2c43f2fbb00f8bdf8de9,615a0518412335602fd9098b,6,receiver,review,system,system-review,,review,7581.5
5f4d2c43f2fbb00f8bdf8de9,615a0518412335602fd9098b,7,sender,course,system,pofepilu-wuk-saqotiwe-qip-nidaweli-hix-lehaqifu-meh-zah-wepitula,zah,,4247.5
5f4d2c43f2fbb00f8bdf8de9,615a0518412335602fd9098b,8,receiver,normal,credit,credit-normal,,normal,5711.4
5f4d2c43f2fbb00f8bdf8de9,615a0518412335602fd9098b,9,sender,number,credit,pofepilu-wuk-saqotiwe-qip-nidaweli-hix-lehaqifu-meh-zah-wepitula,hix,,17867.4
5f4d2c43f2fbb00f8bdf8de9,615a0518412335602fd9098b,10,receiver,normal,second,normal-second,,normal,2793.5
5f4d2c43f2fbb00f8bdf8de9,615a0518412335602fd9098b,11,sender,normal,family,pofepilu-wuk-saqotiwe-qip-nidaweli-hix-lehaqifu-meh-zah-wepitula,nidaweli,,14475.3
5f4d2c43f2fbb00f8bdf8de9,615a0518412335602fd9098b,12,receiver,credit,course,course-credit,,credit,5844.9
5f4d2c43f2fbb00f8bdf8de9,615a0518412335602fd9098b,13,sender,second,course,pofepilu-wuk-saqotiwe-qip-nidaweli-hix-lehaqifu-meh-zah-wepitula,qip,,10052
5f4d2c43f2fbb00f8bdf8de9,615a0518412335602fd9098b,14,receiver,course,family,course-family,,family,8305
5f4d2c43f2fbb00f8bdf8de9,615a0518412335602fd9098b,15,sender,second,system,pofepilu-wuk-saqotiwe-qip-nidaweli-hix-lehaqifu-meh-zah-wepitula,pofepilu,,8560
5f4d2c43f2fbb00f8bdf8de9,615a0518412335602fd9098b,16,receiver,number,course,number-course,,course,2890.3
5f4d2c43f2fbb00f8bdf8de9,615a0518412335602fd9098b,17,sender,handle,system,pofepilu-wuk-saqotiwe-qip-nidaweli-hix-lehaqifu-meh-zah-wepitula,saqotiwe,,6926.8
5f4d2c43f2fbb00f8bdf8de9,615a0518412335602fd9098b,18,receiver,coffee,normal,normal-coffee,,normal,5390.7
5f4d2c43f2fbb00f8bdf8de9,615a0518412335602fd9098b,19,sender,family,system,pofepilu-wuk-saqotiwe-qip-nidaweli-hix-lehaqifu-meh-zah-wepitula,nidaweli,,5298.4
5f4d2c43f2fbb00f8bdf8de9,615a0518412335602fd9098b,20,receiver,number,review,review-number,,number,4974.2
5f4d2c43f2fbb00f8bdf8de9,615a0518412335602fd9098b,21,sender,number,course,pofepilu-wuk-saqotiwe-qip-nidaweli-hix-lehaqifu-meh-zah-wepitula,zah,,6341.7
5f4d2c43f2fbb00f8bdf8de9,615a0518412335602fd9098b,22,receiver,number,system,number-system,,number,3468.3
5f4d2c43f2fbb00f8bdf8de9,615a0518412335602fd9098b,23,sender,second,system,pofepilu-wuk-saqotiwe-qip-nidaweli-hix-lehaqifu-meh-zah-wepitula,qip,,4428.8
5f4d2c43f2fbb00f8bdf8de9,615a0518412335602fd9098b,24,receiver,number,review,review-number,,number,2401.1
5f4d2c43f2fbb00f8bdf8de9,615a0518412335602fd9098b,25,sender,handle,credit,pofepilu-wuk-saqotiwe-qip-nidaweli-hix-lehaqifu-meh-zah-wepitula,pofepilu,,6201.2
5f4d2c43f2fbb00f8bdf8de9,615a0518412335602fd9098b,26,receiver,course,system,course-system,,system,4623.9
5f4d2c43f2fbb00f8bdf8de9,615a0518412335602fd9098b,27,sender,credit,system,pofepilu-wuk-saqotiwe-qip-nidaweli-hix-lehaqifu-meh-zah-wepitula,meh,,8853.7
5f4d2c43f2fbb00f8bdf8de9,615a0518412335602fd9098b,28,receiver,second,family,second-family,,second,3490.2
5f4d2c43f2fbb00f8bdf8de9,615a0518412335602fd9098b,29,sender,second,family,pofepilu-wuk-saqotiwe-qip-nidaweli-hix-lehaqifu-meh-zah-wepitula,meh,,2707.9
5f4d2c43f2fbb00f8bdf8de9,615a0518412335602fd9098b,30,receiver,coffee,family,family-coffee,,coffee,3183.4
5f4d2c43f2fbb00f8bdf8de9,615a0518412335602fd9098b,31,sender,coffee,number,pofepilu-wuk-saqotiwe-qip-nidaweli-hix-lehaqifu-meh-zah-wepitula,saqotiwe,,5403.4
5f4d2c43f2fbb00f8bdf8de9,615a0518412335602fd9098b,32,receiver,coffee,normal,coffee-normal,,coffee,6909.7
5f4d2c43f2fbb00f8bdf8de9,615a0518412335602fd9098b,33,sender,course,system,pofepilu-wuk-saqotiwe-qip-nidaweli-hix-lehaqifu-meh-zah-wepitula,meh,,8007.9
5f4d2c43f2fbb00f8bdf8de9,615a0518412335602fd9098b,34,receiver,credit,system,credit-system,,credit,3247.1
5f4d2c43f2fbb00f8bdf8de9,615a0518412335602fd9098b,35,sender,number,review,pofepilu-wuk-saqotiwe-qip-nidaweli-hix-lehaqifu-meh-zah-wepitula,wepitula,,8262.4
5f4d2c43f2fbb00f8bdf8de9,615a0518412335602fd9098b,36,receiver,handle,credit,handle-credit,,handle,4173.1
5f4d2c43f2fbb00f8bdf8de9,615a0518412335602fd9098b,37,sender,course,system,pofepilu-wuk-saqotiwe-qip-nidaweli-hix-lehaqifu-meh-zah-wepitula,wepitula,,9165
5f4d2c43f2fbb00f8bdf8de9,615a0518412335602fd9098b,38,receiver,number,handle,handle-number,,number,2182.3
5f4d2c43f2fbb00f8bdf8de9,615a0518412335602fd9098b,39,sender,coffee,handle,pofepilu-wuk-saqotiwe-qip-nidaweli-hix-lehaqifu-meh-zah-wepitula,qip,,4081.3
5f4d2c43f2fbb00f8bdf8de9,615a0518412335602fd9098b,40,receiver,normal,system,normal-system,,system,13465.4
5f4d2c43f2fbb00f8bdf8de9,615a0518412335602fd9098b,41,sender,family,system,pofepilu-wuk-saqotiwe-qip-nidaweli-hix-lehaqifu-meh-zah-wepitula,nidaweli,,8356
5f4d2c43f2fbb00f8bdf8de9,615a0518412335602fd9098b,42,receiver,second,system,second-system,,system,4571.4
5f4d2c43f2fbb00f8bdf8de9,615a0518412335602fd9098b,43,sender,handle,credit,pofepilu-wuk-saqotiwe-qip-nidaweli-hix-lehaqifu-meh-zah-wepitula,lehaqifu,,10840.4
5f4d2c43f2fbb00f8bdf8de9,615a0518412335602fd9098b,44,receiver,handle,course,course-handle,,handle,3802.9
5f4d2c43f2fbb00f8bdf8de9,615a0518412335602fd9098b,45,sender,normal,system,pofepilu-wuk-saqotiwe-qip-nidaweli-hix-lehaqifu-meh-zah-wepitula,meh,,15966.1
5f4d2c43f2fbb00f8bdf8de9,615a0518412335602fd9098b,46,receiver,number,review,number-review,,number,2596.2
5f4d2c43f2fbb00f8bdf8de9,615a0518412335602fd9098b,47,sender,number,review,pofepilu-wuk-saqotiwe-qip-nidaweli-hix-lehaqifu-meh-zah-wepitula,saqotiwe,,4573.8
5f4d2c43f2fbb00f8bdf8de9,615a0518412335602fd9098b,48,receiver,normal,credit,credit-normal,,normal,4646.6
5f4d2c43f2fbb00f8bdf8de9,615a0518412335602fd9098b,49,sender,second,course,pofepilu-wuk-saqotiwe-qip-nidaweli-hix-lehaqifu-meh-zah-wepitula,qip,,4525.3
5f4d2c43f2fbb00f8bdf8de9,615a0518412335602fd9098b,50,receiver,second,course,second-course,,second,2682.3
5f4d2c43f2fbb00f8bdf8de9,615a0518412335602fd9098b,51,sender,normal,course,pofepilu-wuk-saqotiwe-qip-nidaweli-hix-lehaqifu-meh-zah-wepitula,meh,,4801
5f4d2c43f2fbb00f8bdf8de9,615a0518412335602fd9098b,52,receiver,number,handle,number-handle,,number,1603.3
5f4d2c43f2fbb00f8bdf8de9,615a0518412335602fd9098b,53,sender,handle,second,pofepilu-wuk-saqotiwe-qip-nidaweli-hix-lehaqifu-meh-zah-wepitula,pofepilu,,9282.6
5f4d2c43f2fbb00f8bdf8de9,615a0518412335602fd9098b,54,receiver,handle,family,family-handle,,handle,3930.4
5f4d2c43f2fbb00f8bdf8de9,615a0518412335602fd9098b,55,sender,second,system,pofepilu-wuk-saqotiwe-qip-nidaweli-hix-lehaqifu-meh-zah-wepitula,qip,,3333.2
5f4d2c43f2fbb00f8bdf8de9,615a0518412335602fd9098b,56,receiver,review,handle,review-handle,,review,7650.3
5f4d2c43f2fbb00f8bdf8de9,615a0518412335602fd9098b,57,sender,number,credit,pofepilu-wuk-saqotiwe-qip-nidaweli-hix-lehaqifu-meh-zah-wepitula,saqotiwe,,3604.2
5f4d2c43f2fbb00f8bdf8de9,615a0518412335602fd9098b,58,receiver,number,review,review-number,,number,6375.1
5f4d2c43f2fbb00f8bdf8de9,615a0518412335602fd9098b,59,sender,handle,credit,pofepilu-wuk-saqotiwe-qip-nidaweli-hix-lehaqifu-meh-zah-wepitula,pofepilu,,3489.1
5f4d2c43f2fbb00f8bdf8de9,615a0518412335602fd9098b,60,receiver,coffee,handle,coffee-handle,,coffee,2262.7
5f4d2c43f2fbb00f8bdf8de9,615a0518412335602fd9098b,61,sender,number,review,pofepilu-wuk-saqotiwe-qip-nidaweli-hix-lehaqifu-meh-zah-wepitula,saqotiwe,,7570.1
5f4d2c43f2fbb00f8bdf8de9,615a0518412335602fd9098b,62,receiver,normal,review,review-normal,,normal,2059.2
5f4d2c43f2fbb00f8bdf8de9,615a0518412335602fd9098b,63,sender,review,handle,pofepilu-wuk-saqotiwe-qip-nidaweli-hix-lehaqifu-meh-zah-wepitula,wuk,,17749.3
5f4d2c43f2fbb00f8bdf8de9,615a0518412335602fd9098b,64,receiver,review,course,review-course,,review,2999.9
5f4d2c43f2fbb00f8bdf8de9,615a0518412335602fd9098b,65,sender,coffee,normal,pofepilu-wuk-saqotiwe-qip-nidaweli-hix-lehaqifu-meh-zah-wepitula,hix,,4914.6
5f4d2c43f2fbb00f8bdf8de9,615a0518412335602fd9098b,66,receiver,normal,second,normal-second,,normal,1761.7
5f4d2c43f2fbb00f8bdf8de9,615a0518412335602fd9098b,67,sender,number,system,pofepilu-wuk-saqotiwe-qip-nidaweli-hix-lehaqifu-meh-zah-wepitula,saqotiwe,,2432.5
5f4d2c43f2fbb00f8bdf8de9,615a0518412335602fd9098b,68,receiver,course,family,family-course,,family,4083.3
5f4d2c43f2fbb00f8bdf8de9,615a0518412335602fd9098b,69,sender,coffee,normal,pofepilu-wuk-saqotiwe-qip-nidaweli-hix-lehaqifu-meh-zah-wepitula,hix,,2053.6
5f4d2c43f2fbb00f8bdf8de9,615a0518412335602fd9098b,70,receiver,coffee,normal,normal-coffee,,coffee,1454.3
5f4d2c43f2fbb00f8bdf8de9,615a0518412335602fd9098b,71,sender,normal,review,pofepilu-wuk-saqotiwe-qip-nidaweli-hix-lehaqifu-meh-zah-wepitula,meh,,2827.7
5f4d2c43f2fbb00f8bdf8de9,615a0518412335602fd9098b,72,receiver,number,review,review-number,,number,1584.7
5f4d2c43f2fbb00f8bdf8de9,615a0518412335602fd9098b,73,sender,review,second,pofepilu-wuk-saqotiwe-qip-nidaweli-hix-lehaqifu-meh-zah-wepitula,wuk,,3796.1
5f4d2c43f2fbb00f8bdf8de9,615a0518412335602fd9098b,74,receiver,coffee,system,system-coffee,,coffee,1708.9
5f4d2c43f2fbb00f8bdf8de9,615a0518412335602fd9098b,75,sender,second,family,pofepilu-wuk-saqotiwe-qip-nidaweli-hix-lehaqifu-meh-zah-wepitula,qip,,2755.8
5f4d2c43f2fbb00f8bdf8de9,615a0518412335602fd9098b,76,receiver,handle,credit,handle-credit,,handle,4187.8
5f4d2c43f2fbb00f8bdf8de9,615a0518412335602fd9098b,77,sender,coffee,course,pofepilu-wuk-saqotiwe-qip-nidaweli-hix-lehaqifu-meh-zah-wepitula,hix,,2655.7
5f4d2c43f2fbb00f8bdf8de9,615a0518412335602fd9098b,78,receiver,coffee,second,second-coffee,,coffee,2300.2
5f4d2c43f2fbb00f8bdf8de9,615a0518412335602fd9098b,79,sender,coffee,system,pofepilu-wuk-saqotiwe-qip-nidaweli-hix-lehaqifu-meh-zah-wepitula,hix,,2614.7
5f4d2c43f2fbb00f8bdf8de9,615a0518412335602fd9098b,80,receiver,coffee,credit,credit-coffee,,coffee,2007
5f4d2c43f2fbb00f8bdf8de9,615a0518412335602fd9098b,81,sender,coffee,second,pofepilu-wuk-saqotiwe-qip-nidaweli-hix-lehaqifu-meh-zah-wepitula,hix,,2565.5
5f4d2c43f2fbb00f8bdf8de9,615a0518412335602fd9098b,82,receiver,handle,credit,handle-credit,,handle,2395.9
5f4d2c43f2fbb00f8bdf8de9,615a0518412335602fd9098b,83,sender,review,family,pofepilu-wuk-saqotiwe-qip-nidaweli-hix-lehaqifu-meh-zah-wepitula,wuk,,4941.8
5f4d2c43f2fbb00f8bdf8de9,615a0518412335602fd9098b,84,receiver,coffee,normal,normal-coffee,,coffee,2064.4
5f4d2c43f2fbb00f8bdf8de9,615a0518412335602fd9098b,85,sender,handle,course,pofepilu-wuk-saqotiwe-qip-nidaweli-hix-lehaqifu-meh-zah-wepitula,pofepilu,,2905.5
5f4d2c43f2fbb00f8bdf8de9,615a0518412335602fd9098b,86,receiver,review,credit,credit-review,,review,6797
5f4d2c43f2fbb00f8bdf8de9,615a0518412335602fd9098b,87,sender,coffee,review,pofepilu-wuk-saqotiwe-qip-nidaweli-hix-lehaqifu-meh-zah-wepitula,hix,,1733.7
5f4d2c43f2fbb00f8bdf8de9,615a0518412335602fd9098b,88,receiver,coffee,number,coffee-number,,coffee,2662.8
5f4d2c43f2fbb00f8bdf8de9,615a0518412335602fd9098b,89,sender,handle,credit,pofepilu-wuk-saqotiwe-qip-nidaweli-hix-lehaqifu-meh-zah-wepitula,pofepilu,,2580.5
5f4d2c43f2fbb00f8bdf8de9,615a0518412335602fd9098b,90,receiver,handle,family,family-handle,,handle,2290.5
5f4d2c43f2fbb00f8bdf8de9,615a0518412335602fd9098b,91,sender,credit,family,pofepilu-wuk-saqotiwe-qip-nidaweli-hix-lehaqifu-meh-zah-wepitula,wepitula,,22093.1
5f4d2c43f2fbb00f8bdf8de9,615a0518412335602fd9098b,92,receiver,number,second,second-number,,number,2925.6
5f4d2c43f2fbb00f8bdf8de9,615a0518412335602fd9098b,93,sender,family,system,pofepilu-wuk-saqotiwe-qip-nidaweli-hix-lehaqifu-meh-zah-wepitula,nidaweli,,3753.2
5f4d2c43f2fbb00f8bdf8de9,615a0518412335602fd9098b,94,receiver,coffee,normal,normal-coffee,,coffee,1930.9
5f4d2c43f2fbb00f8bdf8de9,615a0518412335602fd9098b,95,sender,handle,system,pofepilu-wuk-saqotiwe-qip-nidaweli-hix-lehaqifu-meh-zah-wepitula,pofepilu,,2060
5f4d2c43f2fbb00f8bdf8de9,615a0518412335602fd9098b,96,receiver,review,course,course-review,,review,2326.2
5f4d2c43f2fbb00f8bdf8de9,615a0518412335602fd9098b,97,sender,review,credit,pofepilu-wuk-saqotiwe-qip-nidaweli-hix-lehaqifu-meh-zah-wepitula,wuk,,2360.7
5f4d2c43f2fbb00f8bdf8de9,615a0518412335602fd9098b,98,receiver,coffee,normal,coffee-normal,,coffee,1965.5
5f4d2c43f2fbb00f8bdf8de9,615a0518412335602fd9098b,99,sender,normal,number,pofepilu-wuk-saqotiwe-qip-nidaweli-hix-lehaqifu-meh-zah-wepitula,meh,,2071.9
5f4d2c43f2fbb00f8bdf8de9,615a0518412335602fd9098b,100,receiver,second,course,second-course,,second,6801.2
5f4d2c43f2fbb00f8bdf8de9,615a0518412335602fd9098b,101,sender,credit,course,pofepilu-wuk-saqotiwe-qip-nidaweli-hix-lehaqifu-meh-zah-wepitula,wepitula,,9426
5f4d2c43f2fbb00f8bdf8de9,615a0518412335602fd9098b,102,receiver,number,review,number-review,,number,2424.4
5f4d2c43f2fbb00f8bdf8de9,615a0518412335602fd9098b,103,sender,handle,credit,pofepilu-wuk-saqotiwe-qip-nidaweli-hix-lehaqifu-meh-zah-wepitula,pofepilu,,2207.5
5f4d2c43f2fbb00f8bdf8de9,615a0518412335602fd9098b,104,receiver,second,system,second-system,,system,4570.7
5f4d2c43f2fbb00f8bdf8de9,615a0518412335602fd9098b,105,sender,coffee,family,pofepilu-wuk-saqotiwe-qip-nidaweli-hix-lehaqifu-meh-zah-wepitula,hix,,2046.8
5f4d2c43f2fbb00f8bdf8de9,615a0518412335602fd9098b,106,receiver,normal,handle,handle-normal,,normal,5084
5f4d2c43f2fbb00f8bdf8de9,615a0518412335602fd9098b,107,sender,coffee,review,pofepilu-wuk-saqotiwe-qip-nidaweli-hix-lehaqifu-meh-zah-wepitula,hix,,1579
5f4d2c43f2fbb00f8bdf8de9,615a0518412335602fd9098b,108,receiver,coffee,normal,normal-coffee,,coffee,2491.2
5f4d2c43f2fbb00f8bdf8de9,615a0518412335602fd9098b,109,sender,normal,number,pofepilu-wuk-saqotiwe-qip-nidaweli-hix-lehaqifu-meh-zah-wepitula,meh,,7406.2
5f4d2c43f2fbb00f8bdf8de9,615a0518412335602fd9098b,110,receiver,family,system,family-system,,system,4644.9
5f4d2c43f2fbb00f8bdf8de9,615a0518412335602fd9098b,111,sender,coffee,course,pofepilu-wuk-saqotiwe-qip-nidaweli-hix-lehaqifu-meh-zah-wepitula,hix,,2227.7
5f4d2c43f2fbb00f8bdf8de9,615a0518412335602fd9098b,112,receiver,handle,credit,handle-credit,,handle,5019.8
5f4d2c43f2fbb00f8bdf8de9,615a0518412335602fd9098b,113,sender,number,review,pofepilu-wuk-saqotiwe-qip-nidaweli-hix-lehaqifu-meh-zah-wepitula,saqotiwe,,2981
5f4d2c43f2fbb00f8bdf8de9,615a0518412335602fd9098b,114,receiver,coffee,normal,coffee-normal,,coffee,2643.2
5f4d2c43f2fbb00f8bdf8de9,615a0518412335602fd9098b,115,sender,handle,credit,pofepilu-wuk-saqotiwe-qip-nidaweli-hix-lehaqifu-meh-zah-wepitula,pofepilu,,1938.7
5f4d2c43f2fbb00f8bdf8de9,615a0518412335602fd9098b,116,receiver,normal,family,normal-family,,normal,1729
5f4d2c43f2fbb00f8bdf8de9,615a0518412335602fd9098b,117,sender,normal,course,pofepilu-wuk-saqotiwe-qip-nidaweli-hix-lehaqifu-meh-zah-wepitula,meh,,2358.7
5f4d2c43f2fbb00f8bdf8de9,615a0518412335602fd9098b,118,receiver,coffee,normal,coffee-normal,,coffee,2399
5f4d2c43f2fbb00f8bdf8de9,615a0518412335602fd9098b,119,sender,number,family,pofepilu-wuk-saqotiwe-qip-nidaweli-hix-lehaqifu-meh-zah-wepitula,saqotiwe,,2404.5
5f4d2c43f2fbb00f8bdf8de9,615a0518412335602fd9098b,120,receiver,handle,credit,handle-credit,,handle,2027.8
5f4d2c43f2fbb00f8bdf8de9,615a0518412335602fd9098b,121,sender,number,family,pofepilu-wuk-saqotiwe-qip-nidaweli-hix-lehaqifu-meh-zah-wepitula,saqotiwe,,1929.4
5f4d2c43f2fbb00f8bdf8de9,615a0518412335602fd9098b,122,receiver,course,system,system-course,,system,4869.5
5f4d2c43f2fbb00f8bdf8de9,615a0518412335602fd9098b,123,sender,second,family,pofepilu-wuk-saqotiwe-qip-nidaweli-hix-lehaqifu-meh-zah-wepitula,qip,,2949.1
5f4d2c43f2fbb00f8bdf8de9,615a0518412335602fd9098b,124,receiver,family,system,family-system,,family,8091.9
5f4d2c43f2fbb00f8bdf8de9,615a0518412335602fd9098b,125,sender,coffee,credit,pofepilu-wuk-saqotiwe-qip-nidaweli-hix-lehaqifu-meh-zah-wepitula,hix,,2488.6
5f4d2c43f2fbb00f8bdf8de9,615a0518412335602fd9098b,126,receiver,credit,second,second-credit,,credit,3216.2
5f4d2c43f2fbb00f8bdf8de9,615a0518412335602fd9098b,127,sender,review,second,pofepilu-wuk-saqotiwe-qip-nidaweli-hix-lehaqifu-meh-zah-wepitula,wuk,,2999.6
5f4d2c43f2fbb00f8bdf8de9,615a0518412335602fd9098b,128,receiver,review,family,family-review,,review,1818
5f4d2c43f2fbb00f8bdf8de9,615a0518412335602fd9098b,129,sender,course,family,pofepilu-wuk-saqotiwe-qip-nidaweli-hix-lehaqifu-meh-zah-wepitula,zah,,2305.9
5f4d2c43f2fbb00f8bdf8de9,615a0518412335602fd9098b,130,receiver,handle,second,second-handle,,handle,1984.7
5f4d2c43f2fbb00f8bdf8de9,615a0518412335602fd9098b,131,sender,credit,family,pofepilu-wuk-saqotiwe-qip-nidaweli-hix-lehaqifu-meh-zah-wepitula,wepitula,,25973.4
5f4d2c43f2fbb00f8bdf8de9,615a0518412335602fd9098b,132,receiver,credit,second,second-credit,,credit,5806.9
5f4d2c43f2fbb00f8bdf8de9,615a0518412335602fd9098b,133,sender,review,system,pofepilu-wuk-saqotiwe-qip-nidaweli-hix-lehaqifu-meh-zah-wepitula,wuk,,3666.1
5f4d2c43f2fbb00f8bdf8de9,615a0518412335602fd9098b,134,receiver,second,course,course-second,,second,2030
5f4d2c43f2fbb00f8bdf8de9,615a0518412335602fd9098b,135,sender,course,family,pofepilu-wuk-saqotiwe-qip-nidaweli-hix-lehaqifu-meh-zah-wepitula,zah,,5074.7