participant_id, partner_id, trial_index, trial_type, target_meaning, foil_meaning,             choices, signal_selected, meaning_guess, rt
615a0518412335602fd9098b,5f4d2c43f2fbb00f8bdf8de9,1,receiver,normal,handle,handle-normal,,handle,7191.6
615a0518412335602fd9098b,5f4d2c43f2fbb00f8bdf8de9,2,sender,second,family,pofepilu-wuk-saqotiwe-qip-nidaweli-hix-lehaqifu-meh-zah-wepitula,saqotiwe,,32018.7
615a0518412335602fd9098b,5f4d2c43f2fbb00f8bdf8de9,3,receiver,number,review,number-review,,review,12384.4
615a0518412335602fd9098b,5f4d2c43f2fbb00f8bdf8de9,4,sender,course,family,pofepilu-wuk-saqotiwe-qip-nidaweli-hix-lehaqifu-meh-zah-wepitula,zah,,29525.8
615a0518412335602fd9098b,5f4d2c43f2fbb00f8bdf8de9,5,receiver,number,second,second-number,,second,7038.1
615a0518412335602fd9098b,5f4d2c43f2fbb00f8bdf8de9,6,sender,review,system,pofepilu-wuk-saqotiwe-qip-nidaweli-hix-lehaqifu-meh-zah-wepitula,nidaweli,,28356.1
615a0518412335602fd9098b,5f4d2c43f2fbb00f8bdf8de9,7,receiver,course,system,course-system,,course,9464
615a0518412335602fd9098b,5f4d2c43f2fbb00f8bdf8de9,8,sender,normal,credit,pofepilu-wuk-saqotiwe-qip-nidaweli-hix-lehaqifu-meh-zah-wepitula,wuk,,5444.5
615a0518412335602fd9098b,5f4d2c43f2fbb00f8bdf8de9,9,receiver,number,credit,credit-number,,credit,7006
615a0518412335602fd9098b,5f4d2c43f2fbb00f8bdf8de9,10,sender,normal,second,pofepilu-wuk-saqotiwe-qip-nidaweli-hix-lehaqifu-meh-zah-wepitula,wuk,,3041.6
615a0518412335602fd9098b,5f4d2c43f2fbb00f8bdf8de9,11,receiver,normal,family,normal-family,,family,6957.2
615a0518412335602fd9098b,5f4d2c43f2fbb00f8bdf8de9,12,sender,credit,course,pofepilu-wuk-saqotiwe-qip-nidaweli-hix-lehaqifu-meh-zah-wepitula,meh,,4925.6
615a0518412335602fd9098b,5f4d2c43f2fbb00f8bdf8de9,13,receiver,second,course,course-second,,second,3961.1
615a0518412335602fd9098b,5f4d2c43f2fbb00f8bdf8de9,14,sender,course,family,pofepilu-wuk-saqotiwe-qip-nidaweli-hix-lehaqifu-meh-zah-wepitula,nidaweli,,8235.7
615a0518412335602fd9098b,5f4d2c43f2fbb00f8bdf8de9,15,receiver,second,system,system-second,,system,5019.3
615a0518412335602fd9098b,5f4d2c43f2fbb00f8bdf8de9,16,sender,number,course,pofepilu-wuk-saqotiwe-qip-nidaweli-hix-lehaqifu-meh-zah-wepitula,zah,,7420.3
615a0518412335602fd9098b,5f4d2c43f2fbb00f8bdf8de9,17,receiver,handle,system,system-handle,,system,12988.4
615a0518412335602fd9098b,5f4d2c43f2fbb00f8bdf8de9,18,sender,coffee,normal,pofepilu-wuk-saqotiwe-qip-nidaweli-hix-lehaqifu-meh-zah-wepitula,hix,,2473.1
615a0518412335602fd9098b,5f4d2c43f2fbb00f8bdf8de9,19,receiver,family,system,family-system,,family,5065.1
615a0518412335602fd9098b,5f4d2c43f2fbb00f8bdf8de9,20,sender,number,review,pofepilu-wuk-saqotiwe-qip-nidaweli-hix-lehaqifu-meh-zah-wepitula,saqotiwe,,12753.2
615a0518412335602fd9098b,5f4d2c43f2fbb00f8bdf8de9,21,receiver,number,course,number-course,,course,3450.9
615a0518412335602fd9098b,5f4d2c43f2fbb00f8bdf8de9,22,sender,number,system,pofepilu-wuk-saqotiwe-qip-nidaweli-hix-lehaqifu-meh-zah-wepitula,saqotiwe,,3200.9
615a0518412335602fd9098b,5f4d2c43f2fbb00f8bdf8de9,23,receiver,second,system,second-system,,second,12035.2
615a0518412335602fd9098b,5f4d2c43f2fbb00f8bdf8de9,24,sender,number,review,pofepilu-wuk-saqotiwe-qip-nidaweli-hix-lehaqifu-meh-zah-wepitula,saqotiwe,,5053.6
615a0518412335602fd9098b,5f4d2c43f2fbb00f8bdf8de9,25,receiver,handle,credit,handle-credit,,handle,11360.6
615a0518412335602fd9098b,5f4d2c43f2fbb00f8bdf8de9,26,sender,course,system,pofepilu-wuk-saqotiwe-qip-nidaweli-hix-lehaqifu-meh-zah-wepitula,qip,,9064.2
615a0518412335602fd9098b,5f4d2c43f2fbb00f8bdf8de9,27,receiver,credit,system,credit-system,,credit,6567.5
615a0518412335602fd9098b,5f4d2c43f2fbb00f8bdf8de9,28,sender,second,family,pofepilu-wuk-saqotiwe-qip-nidaweli-hix-lehaqifu-meh-zah-wepitula,meh,,6509.6
615a0518412335602fd9098b,5f4d2c43f2fbb00f8bdf8de9,29,receiver,second,family,second-family,,family,2557.7
615a0518412335602fd9098b,5f4d2c43f2fbb00f8bdf8de9,30,sender,coffee,family,pofepilu-wuk-saqotiwe-qip-nidaweli-hix-lehaqifu-meh-zah-wepitula,hix,,5448.2
615a0518412335602fd9098b,5f4d2c43f2fbb00f8bdf8de9,31,receiver,coffee,number,number-coffee,,number,2067.6
615a0518412335602fd9098b,5f4d2c43f2fbb00f8bdf8de9,32,sender,coffee,normal,pofepilu-wuk-saqotiwe-qip-nidaweli-hix-lehaqifu-meh-zah-wepitula,hix,,5085.9
615a0518412335602fd9098b,5f4d2c43f2fbb00f8bdf8de9,33,receiver,course,system,course-system,,course,2609.6
615a0518412335602fd9098b,5f4d2c43f2fbb00f8bdf8de9,34,sender,credit,system,pofepilu-wuk-saqotiwe-qip-nidaweli-hix-lehaqifu-meh-zah-wepitula,qip,,9772.6
615a0518412335602fd9098b,5f4d2c43f2fbb00f8bdf8de9,35,receiver,number,review,number-review,,review,2305.2
615a0518412335602fd9098b,5f4d2c43f2fbb00f8bdf8de9,36,sender,handle,credit,pofepilu-wuk-saqotiwe-qip-nidaweli-hix-lehaqifu-meh-zah-wepitula,lehaqifu,,18515.6
615a0518412335602fd9098b,5f4d2c43f2fbb00f8bdf8de9,37,receiver,course,system,course-system,,system,5235.6
615a0518412335602fd9098b,5f4d2c43f2fbb00f8bdf8de9,38,sender,number,handle,pofepilu-wuk-saqotiwe-qip-nidaweli-hix-lehaqifu-meh-zah-wepitula,saqotiwe,,4936.1
615a0518412335602fd9098b,5f4d2c43f2fbb00f8bdf8de9,39,receiver,coffee,handle,handle-coffee,,handle,4170.8
615a0518412335602fd9098b,5f4d2c43f2fbb00f8bdf8de9,40,sender,normal,system,pofepilu-wuk-saqotiwe-qip-nidaweli-hix-lehaqifu-meh-zah-wepitula,wepitula,,6384.8
615a0518412335602fd9098b,5f4d2c43f2fbb00f8bdf8de9,41,receiver,family,system,family-system,,family,2550.3
615a0518412335602fd9098b,5f4d2c43f2fbb00f8bdf8de9,42,sender,second,system,pofepilu-wuk-saqotiwe-qip-nidaweli-hix-lehaqifu-meh-zah-wepitula,wuk,,5516.1
615a0518412335602fd9098b,5f4d2c43f2fbb00f8bdf8de9,43,receiver,handle,credit,credit-handle,,credit,2425.7
615a0518412335602fd9098b,5f4d2c43f2fbb00f8bdf8de9,44,sender,handle,course,pofepilu-wuk-saqotiwe-qip-nidaweli-hix-lehaqifu-meh-zah-wepitula,pofepilu,,8156.6
615a0518412335602fd9098b,5f4d2c43f2fbb00f8bdf8de9,45,receiver,normal,system,system-normal,,system,4044.3
615a0518412335602fd9098b,5f4d2c43f2fbb00f8bdf8de9,46,sender,number,review,pofepilu-wuk-saqotiwe-qip-nidaweli-hix-lehaqifu-meh-zah-wepitula,saqotiwe,,5811.6
615a0518412335602fd9098b,5f4d2c43f2fbb00f8bdf8de9,47,receiver,number,review,number-review,,review,4320.9
615a0518412335602fd9098b,5f4d2c43f2fbb00f8bdf8de9,48,sender,normal,credit,pofepilu-wuk-saqotiwe-qip-nidaweli-hix-lehaqifu-meh-zah-wepitula,saqotiwe,,5524.5
615a0518412335602fd9098b,5f4d2c43f2fbb00f8bdf8de9,49,receiver,second,course,course-second,,course,8762.7
615a0518412335602fd9098b,5f4d2c43f2fbb00f8bdf8de9,50,sender,second,course,pofepilu-wuk-saqotiwe-qip-nidaweli-hix-lehaqifu-meh-zah-wepitula,lehaqifu,,21521.9
615a0518412335602fd9098b,5f4d2c43f2fbb00f8bdf8de9,51,receiver,normal,course,normal-course,,normal,2996.3
615a0518412335602fd9098b,5f4d2c43f2fbb00f8bdf8de9,52,sender,number,handle,pofepilu-wuk-saqotiwe-qip-nidaweli-hix-lehaqifu-meh-zah-wepitula,saqotiwe,,5435.7
615a0518412335602fd9098b,5f4d2c43f2fbb00f8bdf8de9,53,receiver,handle,second,second-handle,,handle,2284.5
615a0518412335602fd9098b,5f4d2c43f2fbb00f8bdf8de9,54,sender,handle,family,pofepilu-wuk-saqotiwe-qip-nidaweli-hix-lehaqifu-meh-zah-wepitula,pofepilu,,3803.4
615a0518412335602fd9098b,5f4d2c43f2fbb00f8bdf8de9,55,receiver,second,system,system-second,,second,2585.4
615a0518412335602fd9098b,5f4d2c43f2fbb00f8bdf8de9,56,sender,review,handle,pofepilu-wuk-saqotiwe-qip-nidaweli-hix-lehaqifu-meh-zah-wepitula,saqotiwe,,7981.6
615a0518412335602fd9098b,5f4d2c43f2fbb00f8bdf8de9,57,receiver,number,credit,credit-number,,number,2134.7
615a0518412335602fd9098b,5f4d2c43f2fbb00f8bdf8de9,58,sender,number,review,pofepilu-wuk-saqotiwe-qip-nidaweli-hix-lehaqifu-meh-zah-wepitula,saqotiwe,,4323.8
615a0518412335602fd9098b,5f4d2c43f2fbb00f8bdf8de9,59,receiver,handle,credit,handle-credit,,handle,2921.3
615a0518412335602fd9098b,5f4d2c43f2fbb00f8bdf8de9,60,sender,coffee,handle,pofepilu-wuk-saqotiwe-qip-nidaweli-hix-lehaqifu-meh-zah-wepitula,hix,,2773.2
615a0518412335602fd9098b,5f4d2c43f2fbb00f8bdf8de9,61,receiver,number,review,number-review,,number,1881.9
615a0518412335602fd9098b,5f4d2c43f2fbb00f8bdf8de9,62,sender,normal,review,pofepilu-wuk-saqotiwe-qip-nidaweli-hix-lehaqifu-meh-zah-wepitula,meh,,3748.8
615a0518412335602fd9098b,5f4d2c43f2fbb00f8bdf8de9,63,receiver,review,handle,review-handle,,review,4759.9
615a0518412335602fd9098b,5f4d2c43f2fbb00f8bdf8de9,64,sender,review,course,pofepilu-wuk-saqotiwe-qip-nidaweli-hix-lehaqifu-meh-zah-wepitula,wuk,,3187.6
615a0518412335602fd9098b,5f4d2c43f2fbb00f8bdf8de9,65,receiver,coffee,normal,coffee-normal,,coffee,1965.9
615a0518412335602fd9098b,5f4d2c43f2fbb00f8bdf8de9,66,sender,normal,second,pofepilu-wuk-saqotiwe-qip-nidaweli-hix-lehaqifu-meh-zah-wepitula,meh,,6284.6
615a0518412335602fd9098b,5f4d2c43f2fbb00f8bdf8de9,67,receiver,number,system,number-system,,number,2068.3
615a0518412335602fd9098b,5f4d2c43f2fbb00f8bdf8de9,68,sender,course,family,pofepilu-wuk-saqotiwe-qip-nidaweli-hix-lehaqifu-meh-zah-wepitula,lehaqifu,,7468.2
615a0518412335602fd9098b,5f4d2c43f2fbb00f8bdf8de9,69,receiver,coffee,normal,normal-coffee,,coffee,1587
615a0518412335602fd9098b,5f4d2c43f2fbb00f8bdf8de9,70,sender,coffee,normal,pofepilu-wuk-saqotiwe-qip-nidaweli-hix-lehaqifu-meh-zah-wepitula,hix,,1679.3
615a0518412335602fd9098b,5f4d2c43f2fbb00f8bdf8de9,71,receiver,normal,review,normal-review,,normal,2527.8
615a0518412335602fd9098b,5f4d2c43f2fbb00f8bdf8de9,72,sender,number,review,pofepilu-wuk-saqotiwe-qip-nidaweli-hix-lehaqifu-meh-zah-wepitula,saqotiwe,,3180.1
615a0518412335602fd9098b,5f4d2c43f2fbb00f8bdf8de9,73,receiver,review,second,second-review,,review,7553
615a0518412335602fd9098b,5f4d2c43f2fbb00f8bdf8de9,74,sender,coffee,system,pofepilu-wuk-saqotiwe-qip-nidaweli-hix-lehaqifu-meh-zah-wepitula,hix,,2614.5
615a0518412335602fd9098b,5f4d2c43f2fbb00f8bdf8de9,75,receiver,second,family,second-family,,second,3015.8
615a0518412335602fd9098b,5f4d2c43f2fbb00f8bdf8de9,76,sender,handle,credit,pofepilu-wuk-saqotiwe-qip-nidaweli-hix-lehaqifu-meh-zah-wepitula,pofepilu,,3185.9
615a0518412335602fd9098b,5f4d2c43f2fbb00f8bdf8de9,77,receiver,coffee,course,course-coffee,,coffee,1888.3
615a0518412335602fd9098b,5f4d2c43f2fbb00f8bdf8de9,78,sender,coffee,second,pofepilu-wuk-saqotiwe-qip-nidaweli-hix-lehaqifu-meh-zah-wepitula,hix,,1470.8
615a0518412335602fd9098b,5f4d2c43f2fbb00f8bdf8de9,79,receiver,coffee,system,system-coffee,,coffee,1189.5
615a0518412335602fd9098b,5f4d2c43f2fbb00f8bdf8de9,80,sender,coffee,credit,pofepilu-wuk-saqotiwe-qip-nidaweli-hix-lehaqifu-meh-zah-wepitula,hix,,1504.5
615a0518412335602fd9098b,5f4d2c43f2fbb00f8bdf8de9,81,receiver,coffee,second,second-coffee,,coffee,2264.7
615a0518412335602fd9098b,5f4d2c43f2fbb00f8bdf8de9,82,sender,handle,credit,pofepilu-wuk-saqotiwe-qip-nidaweli-hix-lehaqifu-meh-zah-wepitula,pofepilu,,2259.8
615a0518412335602fd9098b,5f4d2c43f2fbb00f8bdf8de9,83,receiver,review,family,review-family,,review,2387.1
615a0518412335602fd9098b,5f4d2c43f2fbb00f8bdf8de9,84,sender,coffee,normal,pofepilu-wuk-saqotiwe-qip-nidaweli-hix-lehaqifu-meh-zah-wepitula,hix,,1781.2
615a0518412335602fd9098b,5f4d2c43f2fbb00f8bdf8de9,85,receiver,handle,course,course-handle,,handle,2100.2
615a0518412335602fd9098b,5f4d2c43f2fbb00f8bdf8de9,86,sender,review,credit,pofepilu-wuk-saqotiwe-qip-nidaweli-hix-lehaqifu-meh-zah-wepitula,wuk,,3156.7
615a0518412335602fd9098b,5f4d2c43f2fbb00f8bdf8de9,87,receiver,coffee,review,review-coffee,,coffee,1276.8
615a0518412335602fd9098b,5f4d2c43f2fbb00f8bdf8de9,88,sender,coffee,number,pofepilu-wuk-saqotiwe-qip-nidaweli-hix-lehaqifu-meh-zah-wepitula,hix,,1345.9
615a0518412335602fd9098b,5f4d2c43f2fbb00f8bdf8de9,89,receiver,handle,credit,handle-credit,,handle,2379.4
615a0518412335602fd9098b,5f4d2c43f2fbb00f8bdf8de9,90,sender,handle,family,pofepilu-wuk-saqotiwe-qip-nidaweli-hix-lehaqifu-meh-zah-wepitula,pofepilu,,3478.3
615a0518412335602fd9098b,5f4d2c43f2fbb00f8bdf8de9,91,receiver,credit,family,family-credit,,family,6534.8
615a0518412335602fd9098b,5f4d2c43f2fbb00f8bdf8de9,92,sender,number,second,pofepilu-wuk-saqotiwe-qip-nidaweli-hix-lehaqifu-meh-zah-wepitula,saqotiwe,,2533
615a0518412335602fd9098b,5f4d2c43f2fbb00f8bdf8de9,93,receiver,family,system,family-system,,family,5642.6
615a0518412335602fd9098b,5f4d2c43f2fbb00f8bdf8de9,94,sender,coffee,normal,pofepilu-wuk-saqotiwe-qip-nidaweli-hix-lehaqifu-meh-zah-wepitula,hix,,1370.1
615a0518412335602fd9098b,5f4d2c43f2fbb00f8bdf8de9,95,receiver,handle,system,system-handle,,handle,2412.5
615a0518412335602fd9098b,5f4d2c43f2fbb00f8bdf8de9,96,sender,review,course,pofepilu-wuk-saqotiwe-qip-nidaweli-hix-lehaqifu-meh-zah-wepitula,wuk,,3233.6
615a0518412335602fd9098b,5f4d2c43f2fbb00f8bdf8de9,97,receiver,review,credit,review-credit,,review,1743.3
615a0518412335602fd9098b,5f4d2c43f2fbb00f8bdf8de9,98,sender,coffee,normal,pofepilu-wuk-saqotiwe-qip-nidaweli-hix-lehaqifu-meh-zah-wepitula,hix,,1783.2
615a0518412335602fd9098b,5f4d2c43f2fbb00f8bdf8de9,99,receiver,normal,number,normal-number,,normal,9503.9
615a0518412335602fd9098b,5f4d2c43f2fbb00f8bdf8de9,100,sender,second,course,pofepilu-wuk-saqotiwe-qip-nidaweli-hix-lehaqifu-meh-zah-wepitula,lehaqifu,,15447.1
615a0518412335602fd9098b,5f4d2c43f2fbb00f8bdf8de9,101,receiver,credit,course,course-credit,,course,5961.2
615a0518412335602fd9098b,5f4d2c43f2fbb00f8bdf8de9,102,sender,number,review,pofepilu-wuk-saqotiwe-qip-nidaweli-hix-lehaqifu-meh-zah-wepitula,saqotiwe,,2434.9
615a0518412335602fd9098b,5f4d2c43f2fbb00f8bdf8de9,103,receiver,handle,credit,handle-credit,,handle,5477.8
615a0518412335602fd9098b,5f4d2c43f2fbb00f8bdf8de9,104,sender,second,system,pofepilu-wuk-saqotiwe-qip-nidaweli-hix-lehaqifu-meh-zah-wepitula,wepitula,,11199.3
615a0518412335602fd9098b,5f4d2c43f2fbb00f8bdf8de9,105,receiver,coffee,family,coffee-family,,coffee,1519
615a0518412335602fd9098b,5f4d2c43f2fbb00f8bdf8de9,106,sender,normal,handle,pofepilu-wuk-saqotiwe-qip-nidaweli-hix-lehaqifu-meh-zah-wepitula,saqotiwe,,1765.2
615a0518412335602fd9098b,5f4d2c43f2fbb00f8bdf8de9,107,receiver,coffee,review,review-coffee,,coffee,2955.7
615a0518412335602fd9098b,5f4d2c43f2fbb00f8bdf8de9,108,sender,coffee,normal,pofepilu-wuk-saqotiwe-qip-nidaweli-hix-lehaqifu-meh-zah-wepitula,hix,,2171.4
615a0518412335602fd9098b,5f4d2c43f2fbb00f8bdf8de9,109,receiver,normal,number,normal-number,,normal,2038.7
615a0518412335602fd9098b,5f4d2c43f2fbb00f8bdf8de9,110,sender,family,system,pofepilu-wuk-saqotiwe-qip-nidaweli-hix-lehaqifu-meh-zah-wepitula,lehaqifu,,2910.9
615a0518412335602fd9098b,5f4d2c43f2fbb00f8bdf8de9,111,receiver,coffee,course,course-coffee,,coffee,2034.2
615a0518412335602fd9098b,5f4d2c43f2fbb00f8bdf8de9,112,sender,handle,credit,pofepilu-wuk-saqotiwe-qip-nidaweli-hix-lehaqifu-meh-zah-wepitula,pofepilu,,4746
615a0518412335602fd9098b,5f4d2c43f2fbb00f8bdf8de9,113,receiver,number,review,number-review,,number,1988.7
615a0518412335602fd9098b,5f4d2c43f2fbb00f8bdf8de9,114,sender,coffee,normal,pofepilu-wuk-saqotiwe-qip-nidaweli-hix-lehaqifu-meh-zah-wepitula,hix,,1938.2
615a0518412335602fd9098b,5f4d2c43f2fbb00f8bdf8de9,115,receiver,handle,credit,credit-handle,,handle,6056.8
615a0518412335602fd9098b,5f4d2c43f2fbb00f8bdf8de9,116,sender,normal,family,pofepilu-wuk-saqotiwe-qip-nidaweli-hix-lehaqifu-meh-zah-wepitula,meh,,6691.5
615a0518412335602fd9098b,5f4d2c43f2fbb00f8bdf8de9,117,receiver,normal,course,course-normal,,normal,3139.2
615a0518412335602fd9098b,5f4d2c43f2fbb00f8bdf8de9,118,sender,coffee,normal,pofepilu-wuk-saqotiwe-qip-nidaweli-hix-lehaqifu-meh-zah-wepitula,hix,,2048.5
615a0518412335602fd9098b,5f4d2c43f2fbb00f8bdf8de9,119,receiver,number,family,family-number,,number,1939.4
615a0518412335602fd9098b,5f4d2c43f2fbb00f8bdf8de9,120,sender,handle,credit,pofepilu-wuk-saqotiwe-qip-nidaweli-hix-lehaqifu-meh-zah-wepitula,pofepilu,,2029.9
615a0518412335602fd9098b,5f4d2c43f2fbb00f8bdf8de9,121,receiver,number,family,family-number,,number,2199.4
615a0518412335602fd9098b,5f4d2c43f2fbb00f8bdf8de9,122,sender,course,system,pofepilu-wuk-saqotiwe-qip-nidaweli-hix-lehaqifu-meh-zah-wepitula,lehaqifu,,9446.5
615a0518412335602fd9098b,5f4d2c43f2fbb00f8bdf8de9,123,receiver,second,family,second-family,,second,3413.4
615a0518412335602fd9098b,5f4d2c43f2fbb00f8bdf8de9,124,sender,family,system,pofepilu-wuk-saqotiwe-qip-nidaweli-hix-lehaqifu-meh-zah-wepitula,lehaqifu,,2590.3
615a0518412335602fd9098b,5f4d2c43f2fbb00f8bdf8de9,125,receiver,coffee,credit,coffee-credit,,coffee,1864
615a0518412335602fd9098b,5f4d2c43f2fbb00f8bdf8de9,126,sender,credit,second,pofepilu-wuk-saqotiwe-qip-nidaweli-hix-lehaqifu-meh-zah-wepitula,zah,,6278.8
615a0518412335602fd9098b,5f4d2c43f2fbb00f8bdf8de9,127,receiver,review,second,review-second,,review,2653.2
615a0518412335602fd9098b,5f4d2c43f2fbb00f8bdf8de9,128,sender,review,family,pofepilu-wuk-saqotiwe-qip-nidaweli-hix-lehaqifu-meh-zah-wepitula,wuk,,2067.5
615a0518412335602fd9098b,5f4d2c43f2fbb00f8bdf8de9,129,receiver,course,family,course-family,,course,1742.9
615a0518412335602fd9098b,5f4d2c43f2fbb00f8bdf8de9,130,sender,handle,second,pofepilu-wuk-saqotiwe-qip-nidaweli-hix-lehaqifu-meh-zah-wepitula,pofepilu,,1480.6
615a0518412335602fd9098b,5f4d2c43f2fbb00f8bdf8de9,131,receiver,credit,family,credit-family,,family,3640.1
615a0518412335602fd9098b,5f4d2c43f2fbb00f8bdf8de9,132,sender,credit,second,pofepilu-wuk-saqotiwe-qip-nidaweli-hix-lehaqifu-meh-zah-wepitula,zah,,5703.7
615a0518412335602fd9098b,5f4d2c43f2fbb00f8bdf8de9,133,receiver,review,system,system-review,,review,2058.8
615a0518412335602fd9098b,5f4d2c43f2fbb00f8bdf8de9,134,sender,second,course,pofepilu-wuk-saqotiwe-qip-nidaweli-hix-lehaqifu-meh-zah-wepitula,qip,,1666.1
615a0518412335602fd9098b,5f4d2c43f2fbb00f8bdf8de9,135,receiver,course,family,course-family,,course,1559.1