participant_id, partner_id, trial_index, trial_type, target_meaning, foil_meaning,             choices, signal_selected, meaning_guess, rt
nqy666,zdh666,1,sender,design,coffee,nidaweli-lehaqifu-peh-hiwaponu-teliqulo-haq-meh-ralonefi-kuh-zah,zah,,171815
nqy666,zdh666,2,receiver,design,system,system-design,,design,10799
nqy666,zdh666,3,sender,number,people,nidaweli-lehaqifu-peh-hiwaponu-teliqulo-haq-meh-ralonefi-kuh-zah,peh,,32132
nqy666,zdh666,4,receiver,travel,credit,credit-travel,,travel,4323
nqy666,zdh666,5,sender,people,window,nidaweli-lehaqifu-peh-hiwaponu-teliqulo-haq-meh-ralonefi-kuh-zah,hiwaponu,,23642
nqy666,zdh666,6,receiver,design,system,system-design,,design,9060
nqy666,zdh666,7,sender,number,travel,nidaweli-lehaqifu-peh-hiwaponu-teliqulo-haq-meh-ralonefi-kuh-zah,teliqulo,,6363
nqy666,zdh666,8,receiver,number,system,number-system,,number,6231
nqy666,zdh666,9,sender,travel,people,nidaweli-lehaqifu-peh-hiwaponu-teliqulo-haq-meh-ralonefi-kuh-zah,teliqulo,,20508
nqy666,zdh666,10,receiver,number,travel,number-travel,,number,2510
nqy666,zdh666,11,sender,travel,review,nidaweli-lehaqifu-peh-hiwaponu-teliqulo-haq-meh-ralonefi-kuh-zah,meh,,10706
nqy666,zdh666,12,receiver,system,coffee,coffee-system,,coffee,4974
nqy666,zdh666,13,sender,course,people,nidaweli-lehaqifu-peh-hiwaponu-teliqulo-haq-meh-ralonefi-kuh-zah,peh,,31543
nqy666,zdh666,14,receiver,review,people,review-people,,review,5359
nqy666,zdh666,15,sender,number,credit,nidaweli-lehaqifu-peh-hiwaponu-teliqulo-haq-meh-ralonefi-kuh-zah,haq,,19907
nqy666,zdh666,16,receiver,course,review,review-course,,review,3645
nqy666,zdh666,17,sender,credit,coffee,nidaweli-lehaqifu-peh-hiwaponu-teliqulo-haq-meh-ralonefi-kuh-zah,haq,,5196
nqy666,zdh666,18,receiver,design,system,system-design,,design,5307
nqy666,zdh666,19,sender,course,window,nidaweli-lehaqifu-peh-hiwaponu-teliqulo-haq-meh-ralonefi-kuh-zah,hiwaponu,,4355
nqy666,zdh666,20,receiver,credit,window,credit-window,,window,2670
nqy666,zdh666,21,sender,course,review,nidaweli-lehaqifu-peh-hiwaponu-teliqulo-haq-meh-ralonefi-kuh-zah,ralonefi,,6073
nqy666,zdh666,22,receiver,travel,course,course-travel,,travel,2858
nqy666,zdh666,23,sender,course,window,nidaweli-lehaqifu-peh-hiwaponu-teliqulo-haq-meh-ralonefi-kuh-zah,kuh,,7520
nqy666,zdh666,24,receiver,design,review,review-design,,review,4301
nqy666,zdh666,25,sender,system,review,nidaweli-lehaqifu-peh-hiwaponu-teliqulo-haq-meh-ralonefi-kuh-zah,zah,,69185
nqy666,zdh666,26,receiver,design,course,course-design,,design,3946
nqy666,zdh666,27,sender,system,course,nidaweli-lehaqifu-peh-hiwaponu-teliqulo-haq-meh-ralonefi-kuh-zah,zah,,4509
nqy666,zdh666,28,receiver,review,people,people-review,,review,2531
nqy666,zdh666,29,sender,course,review,nidaweli-lehaqifu-peh-hiwaponu-teliqulo-haq-meh-ralonefi-kuh-zah,haq,,6445
nqy666,zdh666,30,receiver,credit,coffee,coffee-credit,,coffee,4059
nqy666,zdh666,31,sender,design,system,nidaweli-lehaqifu-peh-hiwaponu-teliqulo-haq-meh-ralonefi-kuh-zah,peh,,7562
nqy666,zdh666,32,receiver,credit,window,credit-window,,credit,4677
nqy666,zdh666,33,sender,number,travel,nidaweli-lehaqifu-peh-hiwaponu-teliqulo-haq-meh-ralonefi-kuh-zah,nidaweli,,5496
nqy666,zdh666,34,receiver,number,travel,travel-number,,number,3457
nqy666,zdh666,35,sender,travel,window,nidaweli-lehaqifu-peh-hiwaponu-teliqulo-haq-meh-ralonefi-kuh-zah,teliqulo,,3262
nqy666,zdh666,36,receiver,review,window,review-window,,review,3227
nqy666,zdh666,37,sender,course,people,nidaweli-lehaqifu-peh-hiwaponu-teliqulo-haq-meh-ralonefi-kuh-zah,haq,,4740
nqy666,zdh666,38,receiver,course,review,course-review,,review,3546
nqy666,zdh666,39,sender,credit,people,nidaweli-lehaqifu-peh-hiwaponu-teliqulo-haq-meh-ralonefi-kuh-zah,hiwaponu,,37652
nqy666,zdh666,40,receiver,design,coffee,coffee-design,,design,2523
nqy666,zdh666,41,sender,travel,course,nidaweli-lehaqifu-peh-hiwaponu-teliqulo-haq-meh-ralonefi-kuh-zah,teliqulo,,1644
nqy666,zdh666,42,receiver,review,people,people-review,,review,1892
nqy666,zdh666,43,sender,credit,review,nidaweli-lehaqifu-peh-hiwaponu-teliqulo-haq-meh-ralonefi-kuh-zah,ralonefi,,18034
nqy666,zdh666,44,receiver,system,coffee,coffee-system,,coffee,3262
nqy666,zdh666,45,sender,system,course,nidaweli-lehaqifu-peh-hiwaponu-teliqulo-haq-meh-ralonefi-kuh-zah,haq,,6156
nqy666,zdh666,46,receiver,travel,coffee,travel-coffee,,travel,1774
nqy666,zdh666,47,sender,number,travel,nidaweli-lehaqifu-peh-hiwaponu-teliqulo-haq-meh-ralonefi-kuh-zah,nidaweli,,3673
nqy666,zdh666,48,receiver,credit,coffee,coffee-credit,,credit,2263
nqy666,zdh666,49,sender,review,window,nidaweli-lehaqifu-peh-hiwaponu-teliqulo-haq-meh-ralonefi-kuh-zah,ralonefi,,4071
nqy666,zdh666,50,receiver,travel,system,travel-system,,travel,1906
nqy666,zdh666,51,sender,coffee,people,nidaweli-lehaqifu-peh-hiwaponu-teliqulo-haq-meh-ralonefi-kuh-zah,zah,,14560
nqy666,zdh666,52,receiver,people,window,window-people,,window,8266
nqy666,zdh666,53,sender,number,course,nidaweli-lehaqifu-peh-hiwaponu-teliqulo-haq-meh-ralonefi-kuh-zah,nidaweli,,3638
nqy666,zdh666,54,receiver,number,coffee,coffee-number,,number,1401
nqy666,zdh666,55,sender,credit,coffee,nidaweli-lehaqifu-peh-hiwaponu-teliqulo-haq-meh-ralonefi-kuh-zah,lehaqifu,,11686
nqy666,zdh666,56,receiver,course,people,people-course,,people,2860
nqy666,zdh666,57,sender,design,system,nidaweli-lehaqifu-peh-hiwaponu-teliqulo-haq-meh-ralonefi-kuh-zah,haq,,2588
nqy666,zdh666,58,receiver,system,people,people-system,,system,2448
nqy666,zdh666,59,sender,design,system,nidaweli-lehaqifu-peh-hiwaponu-teliqulo-haq-meh-ralonefi-kuh-zah,peh,,7106
nqy666,zdh666,60,receiver,travel,review,travel-review,,travel,1861
nqy666,zdh666,61,sender,design,system,nidaweli-lehaqifu-peh-hiwaponu-teliqulo-haq-meh-ralonefi-kuh-zah,peh,,4347
nqy666,zdh666,62,receiver,coffee,course,course-coffee,,coffee,3746
nqy666,zdh666,63,sender,people,window,nidaweli-lehaqifu-peh-hiwaponu-teliqulo-haq-meh-ralonefi-kuh-zah,hiwaponu,,10975
nqy666,zdh666,64,receiver,course,people,course-people,,people,3663
nqy666,zdh666,65,sender,credit,course,nidaweli-lehaqifu-peh-hiwaponu-teliqulo-haq-meh-ralonefi-kuh-zah,lehaqifu,,3244
nqy666,zdh666,66,receiver,coffee,people,coffee-people,,coffee,2728
nqy666,zdh666,67,sender,coffee,review,nidaweli-lehaqifu-peh-hiwaponu-teliqulo-haq-meh-ralonefi-kuh-zah,zah,,2895
nqy666,zdh666,68,receiver,design,system,design-system,,design,2886
nqy666,zdh666,69,sender,review,window,nidaweli-lehaqifu-peh-hiwaponu-teliqulo-haq-meh-ralonefi-kuh-zah,ralonefi,,4167
nqy666,zdh666,70,receiver,number,design,number-design,,number,1306
nqy666,zdh666,71,sender,course,window,nidaweli-lehaqifu-peh-hiwaponu-teliqulo-haq-meh-ralonefi-kuh-zah,hiwaponu,,19165
nqy666,zdh666,72,receiver,system,credit,system-credit,,system,2597
nqy666,zdh666,73,sender,number,credit,nidaweli-lehaqifu-peh-hiwaponu-teliqulo-haq-meh-ralonefi-kuh-zah,nidaweli,,5465
nqy666,zdh666,74,receiver,review,window,review-window,,review,1878
nqy666,zdh666,75,sender,design,system,nidaweli-lehaqifu-peh-hiwaponu-teliqulo-haq-meh-ralonefi-kuh-zah,peh,,2658
nqy666,zdh666,76,receiver,credit,coffee,coffee-credit,,credit,1923
nqy666,zdh666,77,sender,system,credit,nidaweli-lehaqifu-peh-hiwaponu-teliqulo-haq-meh-ralonefi-kuh-zah,haq,,4371
nqy666,zdh666,78,receiver,people,window,window-people,,people,4718
nqy666,zdh666,79,sender,credit,coffee,nidaweli-lehaqifu-peh-hiwaponu-teliqulo-haq-meh-ralonefi-kuh-zah,lehaqifu,,1948
nqy666,zdh666,80,receiver,design,window,window-design,,design,2174
nqy666,zdh666,81,sender,design,credit,nidaweli-lehaqifu-peh-hiwaponu-teliqulo-haq-meh-ralonefi-kuh-zah,peh,,1743
nqy666,zdh666,82,receiver,credit,coffee,credit-coffee,,credit,2697
nqy666,zdh666,83,sender,review,window,nidaweli-lehaqifu-peh-hiwaponu-teliqulo-haq-meh-ralonefi-kuh-zah,ralonefi,,2094
nqy666,zdh666,84,receiver,travel,credit,credit-travel,,travel,1515
nqy666,zdh666,85,sender,coffee,window,nidaweli-lehaqifu-peh-hiwaponu-teliqulo-haq-meh-ralonefi-kuh-zah,zah,,8008
nqy666,zdh666,86,receiver,number,review,review-number,,number,1552
nqy666,zdh666,87,sender,design,credit,nidaweli-lehaqifu-peh-hiwaponu-teliqulo-haq-meh-ralonefi-kuh-zah,peh,,1592
nqy666,zdh666,88,receiver,coffee,course,coffee-course,,coffee,1668
nqy666,zdh666,89,sender,review,people,nidaweli-lehaqifu-peh-hiwaponu-teliqulo-haq-meh-ralonefi-kuh-zah,ralonefi,,2173
nqy666,zdh666,90,receiver,design,review,review-design,,design,1405
nqy666,zdh666,91,sender,system,people,nidaweli-lehaqifu-peh-hiwaponu-teliqulo-haq-meh-ralonefi-kuh-zah,haq,,2757
nqy666,zdh666,92,receiver,credit,people,people-credit,,credit,2366
nqy666,zdh666,93,sender,review,people,nidaweli-lehaqifu-peh-hiwaponu-teliqulo-haq-meh-ralonefi-kuh-zah,ralonefi,,2084
nqy666,zdh666,94,receiver,number,design,number-design,,number,2326
nqy666,zdh666,95,sender,design,window,nidaweli-lehaqifu-peh-hiwaponu-teliqulo-haq-meh-ralonefi-kuh-zah,peh,,2264
nqy666,zdh666,96,receiver,course,window,course-window,,course,7714
nqy666,zdh666,97,sender,number,travel,nidaweli-lehaqifu-peh-hiwaponu-teliqulo-haq-meh-ralonefi-kuh-zah,nidaweli,,4339
nqy666,zdh666,98,receiver,travel,people,people-travel,,travel,2666
nqy666,zdh666,99,sender,number,window,nidaweli-lehaqifu-peh-hiwaponu-teliqulo-haq-meh-ralonefi-kuh-zah,nidaweli,,3376
nqy666,zdh666,100,receiver,course,people,people-course,,course,3093
nqy666,zdh666,101,sender,credit,coffee,nidaweli-lehaqifu-peh-hiwaponu-teliqulo-haq-meh-ralonefi-kuh-zah,lehaqifu,,2709
nqy666,zdh666,102,receiver,credit,coffee,coffee-credit,,credit,3047
nqy666,zdh666,103,sender,design,course,nidaweli-lehaqifu-peh-hiwaponu-teliqulo-haq-meh-ralonefi-kuh-zah,peh,,2506
nqy666,zdh666,104,receiver,design,system,design-system,,design,3185
nqy666,zdh666,105,sender,number,review,nidaweli-lehaqifu-peh-hiwaponu-teliqulo-haq-meh-ralonefi-kuh-zah,nidaweli,,4609
nqy666,zdh666,106,receiver,people,window,people-window,,people,3560
nqy666,zdh666,107,sender,design,system,nidaweli-lehaqifu-peh-hiwaponu-teliqulo-haq-meh-ralonefi-kuh-zah,peh,,2820
nqy666,zdh666,108,receiver,credit,course,credit-course,,credit,3191
nqy666,zdh666,109,sender,design,people,nidaweli-lehaqifu-peh-hiwaponu-teliqulo-haq-meh-ralonefi-kuh-zah,peh,,2561
nqy666,zdh666,110,receiver,coffee,window,window-coffee,,coffee,2464
nqy666,zdh666,111,sender,credit,coffee,nidaweli-lehaqifu-peh-hiwaponu-teliqulo-haq-meh-ralonefi-kuh-zah,lehaqifu,,2529
nqy666,zdh666,112,receiver,credit,coffee,coffee-credit,,credit,12578
nqy666,zdh666,113,sender,number,travel,nidaweli-lehaqifu-peh-hiwaponu-teliqulo-haq-meh-ralonefi-kuh-zah,nidaweli,,2761
nqy666,zdh666,114,receiver,number,travel,travel-number,,number,2128
nqy666,zdh666,115,sender,number,system,nidaweli-lehaqifu-peh-hiwaponu-teliqulo-haq-meh-ralonefi-kuh-zah,nidaweli,,2736
nqy666,zdh666,116,receiver,design,people,design-people,,design,6527
nqy666,zdh666,117,sender,system,window,nidaweli-lehaqifu-peh-hiwaponu-teliqulo-haq-meh-ralonefi-kuh-zah,haq,,2873
nqy666,zdh666,118,receiver,system,window,window-system,,system,2045
nqy666,zdh666,119,sender,system,review,nidaweli-lehaqifu-peh-hiwaponu-teliqulo-haq-meh-ralonefi-kuh-zah,haq,,2301
nqy666,zdh666,120,receiver,travel,design,design-travel,,travel,2370
nqy666,zdh666,121,sender,course,review,nidaweli-lehaqifu-peh-hiwaponu-teliqulo-haq-meh-ralonefi-kuh-zah,hiwaponu,,5980
nqy666,zdh666,122,receiver,travel,system,travel-system,,travel,2630
nqy666,zdh666,123,sender,travel,window,nidaweli-lehaqifu-peh-hiwaponu-teliqulo-haq-meh-ralonefi-kuh-zah,teliqulo,,3717
nqy666,zdh666,124,receiver,travel,design,travel-design,,travel,3794
nqy666,zdh666,125,sender,number,travel,nidaweli-lehaqifu-peh-hiwaponu-teliqulo-haq-meh-ralonefi-kuh-zah,nidaweli,,3859
nqy666,zdh666,126,receiver,course,window,course-window,,course,5784
nqy666,zdh666,127,sender,number,course,nidaweli-lehaqifu-peh-hiwaponu-teliqulo-haq-meh-ralonefi-kuh-zah,nidaweli,,4003
nqy666,zdh666,128,receiver,number,travel,travel-number,,number,1828
nqy666,zdh666,129,sender,number,people,nidaweli-lehaqifu-peh-hiwaponu-teliqulo-haq-meh-ralonefi-kuh-zah,nidaweli,,3174
nqy666,zdh666,130,receiver,number,travel,number-travel,,number,1344
nqy666,zdh666,131,sender,travel,coffee,nidaweli-lehaqifu-peh-hiwaponu-teliqulo-haq-meh-ralonefi-kuh-zah,teliqulo,,3924
nqy666,zdh666,132,receiver,credit,review,credit-review,,credit,2189
nqy666,zdh666,133,sender,coffee,review,nidaweli-lehaqifu-peh-hiwaponu-teliqulo-haq-meh-ralonefi-kuh-zah,zah,,3000
nqy666,zdh666,134,receiver,number,window,window-number,,number,2047
nqy666,zdh666,135,sender,number,coffee,nidaweli-lehaqifu-peh-hiwaponu-teliqulo-haq-meh-ralonefi-kuh-zah,nidaweli,,2822