participant_id, partner_id, trial_index, trial_type, target_meaning, foil_meaning,             choices, signal_selected, meaning_guess, rt
zdh666,nqy666,1,receiver,design,coffee,design-coffee,,coffee,13605.4
zdh666,nqy666,2,sender,design,system,nidaweli-lehaqifu-peh-hiwaponu-teliqulo-haq-meh-ralonefi-kuh-zah,peh,,77082.9
zdh666,nqy666,3,receiver,number,people,people-number,,people,2899.3
zdh666,nqy666,4,sender,travel,credit,nidaweli-lehaqifu-peh-hiwaponu-teliqulo-haq-meh-ralonefi-kuh-zah,teliqulo,,12081.2
zdh666,nqy666,5,receiver,people,window,people-window,,window,3667.8
zdh666,nqy666,6,sender,design,system,nidaweli-lehaqifu-peh-hiwaponu-teliqulo-haq-meh-ralonefi-kuh-zah,peh,,13729
zdh666,nqy666,7,receiver,number,travel,travel-number,,travel,5256.2
zdh666,nqy666,8,sender,number,system,nidaweli-lehaqifu-peh-hiwaponu-teliqulo-haq-meh-ralonefi-kuh-zah,meh,,11450.4
zdh666,nqy666,9,receiver,travel,people,travel-people,,people,2545.7
zdh666,nqy666,10,sender,number,travel,nidaweli-lehaqifu-peh-hiwaponu-teliqulo-haq-meh-ralonefi-kuh-zah,meh,,16722.4
zdh666,nqy666,11,receiver,travel,review,review-travel,,travel,16863.4
zdh666,nqy666,12,sender,system,coffee,nidaweli-lehaqifu-peh-hiwaponu-teliqulo-haq-meh-ralonefi-kuh-zah,haq,,13657.4
zdh666,nqy666,13,receiver,course,people,people-course,,course,4773
zdh666,nqy666,14,sender,review,people,nidaweli-lehaqifu-peh-hiwaponu-teliqulo-haq-meh-ralonefi-kuh-zah,kuh,,23150.3
zdh666,nqy666,15,receiver,number,credit,credit-number,,credit,4028.6
zdh666,nqy666,16,sender,course,review,nidaweli-lehaqifu-peh-hiwaponu-teliqulo-haq-meh-ralonefi-kuh-zah,hiwaponu,,13141.7
zdh666,nqy666,17,receiver,credit,coffee,credit-coffee,,credit,4104.9
zdh666,nqy666,18,sender,design,system,nidaweli-lehaqifu-peh-hiwaponu-teliqulo-haq-meh-ralonefi-kuh-zah,peh,,4728.2
zdh666,nqy666,19,receiver,course,window,course-window,,window,4564.4
zdh666,nqy666,20,sender,credit,window,nidaweli-lehaqifu-peh-hiwaponu-teliqulo-haq-meh-ralonefi-kuh-zah,ralonefi,,8188.5
zdh666,nqy666,21,receiver,course,review,course-review,,review,9180.8
zdh666,nqy666,22,sender,travel,course,nidaweli-lehaqifu-peh-hiwaponu-teliqulo-haq-meh-ralonefi-kuh-zah,teliqulo,,18632.8
zdh666,nqy666,23,receiver,course,window,course-window,,window,2987.8
zdh666,nqy666,24,sender,design,review,nidaweli-lehaqifu-peh-hiwaponu-teliqulo-haq-meh-ralonefi-kuh-zah,peh,,2134.8
zdh666,nqy666,25,receiver,system,review,system-review,,system,48469.2
zdh666,nqy666,26,sender,design,course,nidaweli-lehaqifu-peh-hiwaponu-teliqulo-haq-meh-ralonefi-kuh-zah,peh,,1941
zdh666,nqy666,27,receiver,system,course,system-course,,system,1872.1
zdh666,nqy666,28,sender,review,people,nidaweli-lehaqifu-peh-hiwaponu-teliqulo-haq-meh-ralonefi-kuh-zah,ralonefi,,12986.9
zdh666,nqy666,29,receiver,course,review,course-review,,course,2704
zdh666,nqy666,30,sender,credit,coffee,nidaweli-lehaqifu-peh-hiwaponu-teliqulo-haq-meh-ralonefi-kuh-zah,nidaweli,,8340.8
zdh666,nqy666,31,receiver,design,system,design-system,,design,40755
zdh666,nqy666,32,sender,credit,window,nidaweli-lehaqifu-peh-hiwaponu-teliqulo-haq-meh-ralonefi-kuh-zah,nidaweli,,6131.5
zdh666,nqy666,33,receiver,number,travel,number-travel,,travel,6267.7
zdh666,nqy666,34,sender,number,travel,nidaweli-lehaqifu-peh-hiwaponu-teliqulo-haq-meh-ralonefi-kuh-zah,nidaweli,,8878
zdh666,nqy666,35,receiver,travel,window,window-travel,,window,3082.9
zdh666,nqy666,36,sender,review,window,nidaweli-lehaqifu-peh-hiwaponu-teliqulo-haq-meh-ralonefi-kuh-zah,lehaqifu,,6624.2
zdh666,nqy666,37,receiver,course,people,people-course,,course,3492.9
zdh666,nqy666,38,sender,course,review,nidaweli-lehaqifu-peh-hiwaponu-teliqulo-haq-meh-ralonefi-kuh-zah,lehaqifu,,8272.2
zdh666,nqy666,39,receiver,credit,people,credit-people,,people,4658.3
zdh666,nqy666,40,sender,design,coffee,nidaweli-lehaqifu-peh-hiwaponu-teliqulo-haq-meh-ralonefi-kuh-zah,peh,,2390.6
zdh666,nqy666,41,receiver,travel,course,travel-course,,travel,2016.1
zdh666,nqy666,42,sender,review,people,nidaweli-lehaqifu-peh-hiwaponu-teliqulo-haq-meh-ralonefi-kuh-zah,ralonefi,,6501.9
zdh666,nqy666,43,receiver,credit,review,review-credit,,review,2742.3
zdh666,nqy666,44,sender,system,coffee,nidaweli-lehaqifu-peh-hiwaponu-teliqulo-haq-meh-ralonefi-kuh-zah,haq,,2311
zdh666,nqy666,45,receiver,system,course,course-system,,system,2439.4
zdh666,nqy666,46,sender,travel,coffee,nidaweli-lehaqifu-peh-hiwaponu-teliqulo-haq-meh-ralonefi-kuh-zah,teliqulo,,6893.8
zdh666,nqy666,47,receiver,number,travel,travel-number,,number,2584.3
zdh666,nqy666,48,sender,credit,coffee,nidaweli-lehaqifu-peh-hiwaponu-teliqulo-haq-meh-ralonefi-kuh-zah,lehaqifu,,6881.3
zdh666,nqy666,49,receiver,review,window,review-window,,review,2049.7
zdh666,nqy666,50,sender,travel,system,nidaweli-lehaqifu-peh-hiwaponu-teliqulo-haq-meh-ralonefi-kuh-zah,teliqulo,,4470
zdh666,nqy666,51,receiver,coffee,people,coffee-people,,coffee,10682.5
zdh666,nqy666,52,sender,people,window,nidaweli-lehaqifu-peh-hiwaponu-teliqulo-haq-meh-ralonefi-kuh-zah,hiwaponu,,8431.9
zdh666,nqy666,53,receiver,number,course,number-course,,number,1719
zdh666,nqy666,54,sender,number,coffee,nidaweli-lehaqifu-peh-hiwaponu-teliqulo-haq-meh-ralonefi-kuh-zah,nidaweli,,2106.8
zdh666,nqy666,55,receiver,credit,coffee,coffee-credit,,credit,2818.6
zdh666,nqy666,56,sender,course,people,nidaweli-lehaqifu-peh-hiwaponu-teliqulo-haq-meh-ralonefi-kuh-zah,hiwaponu,,8627.5
zdh666,nqy666,57,receiver,design,system,system-design,,system,1659.3
zdh666,nqy666,58,sender,system,people,nidaweli-lehaqifu-peh-hiwaponu-teliqulo-haq-meh-ralonefi-kuh-zah,haq,,7559.5
zdh666,nqy666,59,receiver,design,system,system-design,,design,2463.1
zdh666,nqy666,60,sender,travel,review,nidaweli-lehaqifu-peh-hiwaponu-teliqulo-haq-meh-ralonefi-kuh-zah,teliqulo,,4334.5
zdh666,nqy666,61,receiver,design,system,design-system,,design,3682.1
zdh666,nqy666,62,sender,coffee,course,nidaweli-lehaqifu-peh-hiwaponu-teliqulo-haq-meh-ralonefi-kuh-zah,zah,,3656.1
zdh666,nqy666,63,receiver,people,window,people-window,,window,6098.4
zdh666,nqy666,64,sender,course,people,nidaweli-lehaqifu-peh-hiwaponu-teliqulo-haq-meh-ralonefi-kuh-zah,lehaqifu,,16239.2
zdh666,nqy666,65,receiver,credit,course,credit-course,,credit,5447
zdh666,nqy666,66,sender,coffee,people,nidaweli-lehaqifu-peh-hiwaponu-teliqulo-haq-meh-ralonefi-kuh-zah,zah,,2430.1
zdh666,nqy666,67,receiver,coffee,review,review-coffee,,coffee,1799.5
zdh666,nqy666,68,sender,design,system,nidaweli-lehaqifu-peh-hiwaponu-teliqulo-haq-meh-ralonefi-kuh-zah,peh,,1748.9
zdh666,nqy666,69,receiver,review,window,review-window,,review,1760.6
zdh666,nqy666,70,sender,number,design,nidaweli-lehaqifu-peh-hiwaponu-teliqulo-haq-meh-ralonefi-kuh-zah,nidaweli,,2098.2
zdh666,nqy666,71,receiver,course,window,course-window,,window,5380.5
zdh666,nqy666,72,sender,system,credit,nidaweli-lehaqifu-peh-hiwaponu-teliqulo-haq-meh-ralonefi-kuh-zah,haq,,5681.7
zdh666,nqy666,73,receiver,number,credit,credit-number,,number,1894.3
zdh666,nqy666,74,sender,review,window,nidaweli-lehaqifu-peh-hiwaponu-teliqulo-haq-meh-ralonefi-kuh-zah,ralonefi,,3031.6
zdh666,nqy666,75,receiver,design,system,system-design,,design,1763.4
zdh666,nqy666,76,sender,credit,coffee,nidaweli-lehaqifu-peh-hiwaponu-teliqulo-haq-meh-ralonefi-kuh-zah,lehaqifu,,2713.3
zdh666,nqy666,77,receiver,system,credit,credit-system,,system,2030.4
zdh666,nqy666,78,sender,people,window,nidaweli-lehaqifu-peh-hiwaponu-teliqulo-haq-meh-ralonefi-kuh-zah,hiwaponu,,2789.2
zdh666,nqy666,79,receiver,credit,coffee,coffee-credit,,credit,2091.5
zdh666,nqy666,80,sender,design,window,nidaweli-lehaqifu-peh-hiwaponu-teliqulo-haq-meh-ralonefi-kuh-zah,peh,,1882.5
zdh666,nqy666,81,receiver,design,credit,design-credit,,design,2294.1
zdh666,nqy666,82,sender,credit,coffee,nidaweli-lehaqifu-peh-hiwaponu-teliqulo-haq-meh-ralonefi-kuh-zah,lehaqifu,,2213.7
zdh666,nqy666,83,receiver,review,window,window-review,,review,1588.2
zdh666,nqy666,84,sender,travel,credit,nidaweli-lehaqifu-peh-hiwaponu-teliqulo-haq-meh-ralonefi-kuh-zah,teliqulo,,4142.8
zdh666,nqy666,85,receiver,coffee,window,coffee-window,,coffee,1556.8
zdh666,nqy666,86,sender,number,review,nidaweli-lehaqifu-peh-hiwaponu-teliqulo-haq-meh-ralonefi-kuh-zah,nidaweli,,1733.3
zdh666,nqy666,87,receiver,design,credit,design-credit,,design,2592.6
zdh666,nqy666,88,sender,coffee,course,nidaweli-lehaqifu-peh-hiwaponu-teliqulo-haq-meh-ralonefi-kuh-zah,zah,,4352.8
zdh666,nqy666,89,receiver,review,people,people-review,,review,2583.3
zdh666,nqy666,90,sender,design,review,nidaweli-lehaqifu-peh-hiwaponu-teliqulo-haq-meh-ralonefi-kuh-zah,peh,,1886.4
zdh666,nqy666,91,receiver,system,people,system-people,,system,1906.1
zdh666,nqy666,92,sender,credit,people,nidaweli-lehaqifu-peh-hiwaponu-teliqulo-haq-meh-ralonefi-kuh-zah,lehaqifu,,4344.7
zdh666,nqy666,93,receiver,review,people,people-review,,review,2600.6
zdh666,nqy666,94,sender,number,design,nidaweli-lehaqifu-peh-hiwaponu-teliqulo-haq-meh-ralonefi-kuh-zah,nidaweli,,1814.2
zdh666,nqy666,95,receiver,design,window,window-design,,design,2853.7
zdh666,nqy666,96,sender,course,window,nidaweli-lehaqifu-peh-hiwaponu-teliqulo-haq-meh-ralonefi-kuh-zah,hiwaponu,,15984.9
zdh666,nqy666,97,receiver,number,travel,travel-number,,number,2418.1
zdh666,nqy666,98,sender,travel,people,nidaweli-lehaqifu-peh-hiwaponu-teliqulo-haq-meh-ralonefi-kuh-zah,teliqulo,,3098.8
zdh666,nqy666,99,receiver,number,window,window-number,,number,1860.9
zdh666,nqy666,100,sender,course,people,nidaweli-lehaqifu-peh-hiwaponu-teliqulo-haq-meh-ralonefi-kuh-zah,hiwaponu,,6455.5
zdh666,nqy666,101,receiver,credit,coffee,credit-coffee,,credit,5424
zdh666,nqy666,102,sender,credit,coffee,nidaweli-lehaqifu-peh-hiwaponu-teliqulo-haq-meh-ralonefi-kuh-zah,lehaqifu,,20285.3
zdh666,nqy666,103,receiver,design,course,design-course,,design,14927.8
zdh666,nqy666,104,sender,design,system,nidaweli-lehaqifu-peh-hiwaponu-teliqulo-haq-meh-ralonefi-kuh-zah,peh,,2731.2
zdh666,nqy666,105,receiver,number,review,number-review,,number,1411.3
zdh666,nqy666,106,sender,people,window,nidaweli-lehaqifu-peh-hiwaponu-teliqulo-haq-meh-ralonefi-kuh-zah,hiwaponu,,4793.4
zdh666,nqy666,107,receiver,design,system,system-design,,design,2994.3
zdh666,nqy666,108,sender,credit,course,nidaweli-lehaqifu-peh-hiwaponu-teliqulo-haq-meh-ralonefi-kuh-zah,lehaqifu,,2101.2
zdh666,nqy666,109,receiver,design,people,people-design,,design,2735.8
zdh666,nqy666,110,sender,coffee,window,nidaweli-lehaqifu-peh-hiwaponu-teliqulo-haq-meh-ralonefi-kuh-zah,zah,,4411.2
zdh666,nqy666,111,receiver,credit,coffee,credit-coffee,,credit,4200
zdh666,nqy666,112,sender,credit,coffee,nidaweli-lehaqifu-peh-hiwaponu-teliqulo-haq-meh-ralonefi-kuh-zah,lehaqifu,,4746.9
zdh666,nqy666,113,receiver,number,travel,travel-number,,number,2064
zdh666,nqy666,114,sender,number,travel,nidaweli-lehaqifu-peh-hiwaponu-teliqulo-haq-meh-ralonefi-kuh-zah,nidaweli,,2166.8
zdh666,nqy666,115,receiver,number,system,number-system,,number,1570.7
zdh666,nqy666,116,sender,design,people,nidaweli-lehaqifu-peh-hiwaponu-teliqulo-haq-meh-ralonefi-kuh-zah,peh,,3289.8
zdh666,nqy666,117,receiver,system,window,window-system,,system,2104.9
zdh666,nqy666,118,sender,system,window,nidaweli-lehaqifu-peh-hiwaponu-teliqulo-haq-meh-ralonefi-kuh-zah,haq,,3037
zdh666,nqy666,119,receiver,system,review,system-review,,system,2059
zdh666,nqy666,120,sender,travel,design,nidaweli-lehaqifu-peh-hiwaponu-teliqulo-haq-meh-ralonefi-kuh-zah,teliqulo,,2831.6
zdh666,nqy666,121,receiver,course,review,course-review,,course,6221.3
zdh666,nqy666,122,sender,travel,system,nidaweli-lehaqifu-peh-hiwaponu-teliqulo-haq-meh-ralonefi-kuh-zah,teliqulo,,3197.3
zdh666,nqy666,123,receiver,travel,window,travel-window,,travel,1581.5
zdh666,nqy666,124,sender,travel,design,nidaweli-lehaqifu-peh-hiwaponu-teliqulo-haq-meh-ralonefi-kuh-zah,teliqulo,,2209.8
zdh666,nqy666,125,receiver,number,travel,number-travel,,number,2282.5
zdh666,nqy666,126,sender,course,window,nidaweli-lehaqifu-peh-hiwaponu-teliqulo-haq-meh-ralonefi-kuh-zah,hiwaponu,,4665
zdh666,nqy666,127,receiver,number,course,number-course,,number,1882.5
zdh666,nqy666,128,sender,number,travel,nidaweli-lehaqifu-peh-hiwaponu-teliqulo-haq-meh-ralonefi-kuh-zah,nidaweli,,3166.1
zdh666,nqy666,129,receiver,number,people,number-people,,number,1428.2
zdh666,nqy666,130,sender,number,travel,nidaweli-lehaqifu-peh-hiwaponu-teliqulo-haq-meh-ralonefi-kuh-zah,nidaweli,,2022.5
zdh666,nqy666,131,receiver,travel,coffee,coffee-travel,,travel,5973.4
zdh666,nqy666,132,sender,credit,review,nidaweli-lehaqifu-peh-hiwaponu-teliqulo-haq-meh-ralonefi-kuh-zah,lehaqifu,,7211.9
zdh666,nqy666,133,receiver,coffee,review,coffee-review,,coffee,1954.8
zdh666,nqy666,134,sender,number,window,nidaweli-lehaqifu-peh-hiwaponu-teliqulo-haq-meh-ralonefi-kuh-zah,nidaweli,,5083.6
zdh666,nqy666,135,receiver,number,coffee,number-coffee,,number,3461.1