participant_id, partner_id, trial_index, trial_type, target_meaning, foil_meaning,             choices, signal_selected, meaning_guess, rt
5c6e60b04e08ad00018cc995,5b421b9ac2e3810001763252,1,receiver,number,window,window-number,,number,22301.5
5c6e60b04e08ad00018cc995,5b421b9ac2e3810001763252,2,sender,people,coffee,teliqulo-puwirefa-hiwaponu-tezalipu-tih-hix-meh-zah-kuh-wepitula,puwirefa,,24886.1
5c6e60b04e08ad00018cc995,5b421b9ac2e3810001763252,3,receiver,people,market,people-market,,people,9676.3
5c6e60b04e08ad00018cc995,5b421b9ac2e3810001763252,4,sender,number,people,teliqulo-puwirefa-hiwaponu-tezalipu-tih-hix-meh-zah-kuh-wepitula,zah,,13547.3
5c6e60b04e08ad00018cc995,5b421b9ac2e3810001763252,5,receiver,weight,coffee,coffee-weight,,coffee,5214.4
5c6e60b04e08ad00018cc995,5b421b9ac2e3810001763252,6,sender,window,market,teliqulo-puwirefa-hiwaponu-tezalipu-tih-hix-meh-zah-kuh-wepitula,hiwaponu,,25213.6
5c6e60b04e08ad00018cc995,5b421b9ac2e3810001763252,7,receiver,people,future,people-future,,future,11602.5
5c6e60b04e08ad00018cc995,5b421b9ac2e3810001763252,8,sender,number,credit,teliqulo-puwirefa-hiwaponu-tezalipu-tih-hix-meh-zah-kuh-wepitula,zah,,16807.8
5c6e60b04e08ad00018cc995,5b421b9ac2e3810001763252,9,receiver,future,coffee,future-coffee,,future,13206.9
5c6e60b04e08ad00018cc995,5b421b9ac2e3810001763252,10,sender,window,future,teliqulo-puwirefa-hiwaponu-tezalipu-tih-hix-meh-zah-kuh-wepitula,hiwaponu,,12468.7
5c6e60b04e08ad00018cc995,5b421b9ac2e3810001763252,11,receiver,market,ground,ground-market,,market,5768.4
5c6e60b04e08ad00018cc995,5b421b9ac2e3810001763252,12,sender,window,weight,teliqulo-puwirefa-hiwaponu-tezalipu-tih-hix-meh-zah-kuh-wepitula,wepitula,,9765.6
5c6e60b04e08ad00018cc995,5b421b9ac2e3810001763252,13,receiver,window,market,market-window,,window,7087.5
5c6e60b04e08ad00018cc995,5b421b9ac2e3810001763252,14,sender,people,coffee,teliqulo-puwirefa-hiwaponu-tezalipu-tih-hix-meh-zah-kuh-wepitula,puwirefa,,23435.2
5c6e60b04e08ad00018cc995,5b421b9ac2e3810001763252,15,receiver,coffee,ground,coffee-ground,,ground,12601.8
5c6e60b04e08ad00018cc995,5b421b9ac2e3810001763252,16,sender,number,people,teliqulo-puwirefa-hiwaponu-tezalipu-tih-hix-meh-zah-kuh-wepitula,zah,,9331.2
5c6e60b04e08ad00018cc995,5b421b9ac2e3810001763252,17,receiver,people,future,people-future,,future,6756.6
5c6e60b04e08ad00018cc995,5b421b9ac2e3810001763252,18,sender,market,credit,teliqulo-puwirefa-hiwaponu-tezalipu-tih-hix-meh-zah-kuh-wepitula,tih,,7564.4
5c6e60b04e08ad00018cc995,5b421b9ac2e3810001763252,19,receiver,system,weight,weight-system,,weight,3266.6
5c6e60b04e08ad00018cc995,5b421b9ac2e3810001763252,20,sender,coffee,market,teliqulo-puwirefa-hiwaponu-tezalipu-tih-hix-meh-zah-kuh-wepitula,kuh,,21480.4
5c6e60b04e08ad00018cc995,5b421b9ac2e3810001763252,21,receiver,credit,ground,ground-credit,,ground,3889.4
5c6e60b04e08ad00018cc995,5b421b9ac2e3810001763252,22,sender,future,market,teliqulo-puwirefa-hiwaponu-tezalipu-tih-hix-meh-zah-kuh-wepitula,tezalipu,,9446.6
5c6e60b04e08ad00018cc995,5b421b9ac2e3810001763252,23,receiver,weight,people,people-weight,,weight,14819.4
5c6e60b04e08ad00018cc995,5b421b9ac2e3810001763252,24,sender,coffee,market,teliqulo-puwirefa-hiwaponu-tezalipu-tih-hix-meh-zah-kuh-wepitula,teliqulo,,8520.2
5c6e60b04e08ad00018cc995,5b421b9ac2e3810001763252,25,receiver,number,window,number-window,,window,3988.9
5c6e60b04e08ad00018cc995,5b421b9ac2e3810001763252,26,sender,people,future,teliqulo-puwirefa-hiwaponu-tezalipu-tih-hix-meh-zah-kuh-wepitula,hiwaponu,,11737.6
5c6e60b04e08ad00018cc995,5b421b9ac2e3810001763252,27,receiver,system,credit,system-credit,,system,7510.1
5c6e60b04e08ad00018cc995,5b421b9ac2e3810001763252,28,sender,system,weight,teliqulo-puwirefa-hiwaponu-tezalipu-tih-hix-meh-zah-kuh-wepitula,hix,,17907.5
5c6e60b04e08ad00018cc995,5b421b9ac2e3810001763252,29,receiver,number,window,number-window,,window,13250.8
5c6e60b04e08ad00018cc995,5b421b9ac2e3810001763252,30,sender,number,system,teliqulo-puwirefa-hiwaponu-tezalipu-tih-hix-meh-zah-kuh-wepitula,zah,,17074.3
5c6e60b04e08ad00018cc995,5b421b9ac2e3810001763252,31,receiver,system,market,market-system,,market,14399.1
5c6e60b04e08ad00018cc995,5b421b9ac2e3810001763252,32,sender,people,ground,teliqulo-puwirefa-hiwaponu-tezalipu-tih-hix-meh-zah-kuh-wepitula,puwirefa,,12649.7
5c6e60b04e08ad00018cc995,5b421b9ac2e3810001763252,33,receiver,number,future,future-number,,future,9949.8
5c6e60b04e08ad00018cc995,5b421b9ac2e3810001763252,34,sender,system,weight,teliqulo-puwirefa-hiwaponu-tezalipu-tih-hix-meh-zah-kuh-wepitula,hix,,14679.3
5c6e60b04e08ad00018cc995,5b421b9ac2e3810001763252,35,receiver,market,ground,market-ground,,market,23112.4
5c6e60b04e08ad00018cc995,5b421b9ac2e3810001763252,36,sender,system,weight,teliqulo-puwirefa-hiwaponu-tezalipu-tih-hix-meh-zah-kuh-wepitula,hix,,9558.1
5c6e60b04e08ad00018cc995,5b421b9ac2e3810001763252,37,receiver,future,ground,ground-future,,ground,10583
5c6e60b04e08ad00018cc995,5b421b9ac2e3810001763252,38,sender,people,credit,teliqulo-puwirefa-hiwaponu-tezalipu-tih-hix-meh-zah-kuh-wepitula,wepitula,,14823
5c6e60b04e08ad00018cc995,5b421b9ac2e3810001763252,39,receiver,number,credit,number-credit,,credit,14456.4
5c6e60b04e08ad00018cc995,5b421b9ac2e3810001763252,40,sender,credit,ground,teliqulo-puwirefa-hiwaponu-tezalipu-tih-hix-meh-zah-kuh-wepitula,puwirefa,,25656.9
5c6e60b04e08ad00018cc995,5b421b9ac2e3810001763252,41,receiver,market,credit,credit-market,,market,24200.2
5c6e60b04e08ad00018cc995,5b421b9ac2e3810001763252,42,sender,number,ground,teliqulo-puwirefa-hiwaponu-tezalipu-tih-hix-meh-zah-kuh-wepitula,zah,,15663.3
5c6e60b04e08ad00018cc995,5b421b9ac2e3810001763252,43,receiver,people,credit,people-credit,,credit,6252.4
5c6e60b04e08ad00018cc995,5b421b9ac2e3810001763252,44,sender,credit,ground,teliqulo-puwirefa-hiwaponu-tezalipu-tih-hix-meh-zah-kuh-wepitula,puwirefa,,22215
5c6e60b04e08ad00018cc995,5b421b9ac2e3810001763252,45,receiver,number,window,window-number,,number,2666.2
5c6e60b04e08ad00018cc995,5b421b9ac2e3810001763252,46,sender,people,market,teliqulo-puwirefa-hiwaponu-tezalipu-tih-hix-meh-zah-kuh-wepitula,teliqulo,,9709.7
5c6e60b04e08ad00018cc995,5b421b9ac2e3810001763252,47,receiver,number,window,number-window,,window,5809.1
5c6e60b04e08ad00018cc995,5b421b9ac2e3810001763252,48,sender,coffee,credit,teliqulo-puwirefa-hiwaponu-tezalipu-tih-hix-meh-zah-kuh-wepitula,tih,,13458.6
5c6e60b04e08ad00018cc995,5b421b9ac2e3810001763252,49,receiver,window,coffee,coffee-window,,window,11880.7
5c6e60b04e08ad00018cc995,5b421b9ac2e3810001763252,50,sender,people,future,teliqulo-puwirefa-hiwaponu-tezalipu-tih-hix-meh-zah-kuh-wepitula,hiwaponu,,7937.5
5c6e60b04e08ad00018cc995,5b421b9ac2e3810001763252,51,receiver,system,future,system-future,,future,11303.4
5c6e60b04e08ad00018cc995,5b421b9ac2e3810001763252,52,sender,number,window,teliqulo-puwirefa-hiwaponu-tezalipu-tih-hix-meh-zah-kuh-wepitula,tih,,1322.5
5c6e60b04e08ad00018cc995,5b421b9ac2e3810001763252,53,receiver,window,future,future-window,,future,2911.8
5c6e60b04e08ad00018cc995,5b421b9ac2e3810001763252,54,sender,window,credit,teliqulo-puwirefa-hiwaponu-tezalipu-tih-hix-meh-zah-kuh-wepitula,tezalipu,,7745
5c6e60b04e08ad00018cc995,5b421b9ac2e3810001763252,55,receiver,window,coffee,window-coffee,,window,3369.3
5c6e60b04e08ad00018cc995,5b421b9ac2e3810001763252,56,sender,system,weight,teliqulo-puwirefa-hiwaponu-tezalipu-tih-hix-meh-zah-kuh-wepitula,hix,,10401.1
5c6e60b04e08ad00018cc995,5b421b9ac2e3810001763252,57,receiver,system,coffee,system-coffee,,coffee,7437.5
5c6e60b04e08ad00018cc995,5b421b9ac2e3810001763252,58,sender,credit,ground,teliqulo-puwirefa-hiwaponu-tezalipu-tih-hix-meh-zah-kuh-wepitula,kuh,,19159.1
5c6e60b04e08ad00018cc995,5b421b9ac2e3810001763252,59,receiver,window,credit,window-credit,,window,17743.4
5c6e60b04e08ad00018cc995,5b421b9ac2e3810001763252,60,sender,coffee,credit,teliqulo-puwirefa-hiwaponu-tezalipu-tih-hix-meh-zah-kuh-wepitula,teliqulo,,19446.3
5c6e60b04e08ad00018cc995,5b421b9ac2e3810001763252,61,receiver,system,weight,weight-system,,system,16302.2
5c6e60b04e08ad00018cc995,5b421b9ac2e3810001763252,62,sender,number,future,teliqulo-puwirefa-hiwaponu-tezalipu-tih-hix-meh-zah-kuh-wepitula,zah,,18187.5
5c6e60b04e08ad00018cc995,5b421b9ac2e3810001763252,63,receiver,weight,market,market-weight,,weight,11837.6
5c6e60b04e08ad00018cc995,5b421b9ac2e3810001763252,64,sender,weight,credit,teliqulo-puwirefa-hiwaponu-tezalipu-tih-hix-meh-zah-kuh-wepitula,hiwaponu,,12273.8
5c6e60b04e08ad00018cc995,5b421b9ac2e3810001763252,65,receiver,coffee,market,market-coffee,,coffee,6359.8
5c6e60b04e08ad00018cc995,5b421b9ac2e3810001763252,66,sender,people,future,teliqulo-puwirefa-hiwaponu-tezalipu-tih-hix-meh-zah-kuh-wepitula,hiwaponu,,18501.3
5c6e60b04e08ad00018cc995,5b421b9ac2e3810001763252,67,receiver,weight,coffee,weight-coffee,,weight,8607.5
5c6e60b04e08ad00018cc995,5b421b9ac2e3810001763252,68,sender,weight,ground,teliqulo-puwirefa-hiwaponu-tezalipu-tih-hix-meh-zah-kuh-wepitula,hiwaponu,,6448
5c6e60b04e08ad00018cc995,5b421b9ac2e3810001763252,69,receiver,market,ground,ground-market,,ground,10138.1
5c6e60b04e08ad00018cc995,5b421b9ac2e3810001763252,70,sender,people,future,teliqulo-puwirefa-hiwaponu-tezalipu-tih-hix-meh-zah-kuh-wepitula,hiwaponu,,21901
5c6e60b04e08ad00018cc995,5b421b9ac2e3810001763252,71,receiver,number,coffee,number-coffee,,coffee,4160.6
5c6e60b04e08ad00018cc995,5b421b9ac2e3810001763252,72,sender,market,ground,teliqulo-puwirefa-hiwaponu-tezalipu-tih-hix-meh-zah-kuh-wepitula,kuh,,15188.9
5c6e60b04e08ad00018cc995,5b421b9ac2e3810001763252,73,receiver,number,window,window-number,,number,3176.7
5c6e60b04e08ad00018cc995,5b421b9ac2e3810001763252,74,sender,coffee,credit,teliqulo-puwirefa-hiwaponu-tezalipu-tih-hix-meh-zah-kuh-wepitula,kuh,,12103.6
5c6e60b04e08ad00018cc995,5b421b9ac2e3810001763252,75,receiver,number,window,window-number,,number,2616.4
5c6e60b04e08ad00018cc995,5b421b9ac2e3810001763252,76,sender,weight,future,teliqulo-puwirefa-hiwaponu-tezalipu-tih-hix-meh-zah-kuh-wepitula,hiwaponu,,5876.5
5c6e60b04e08ad00018cc995,5b421b9ac2e3810001763252,77,receiver,system,coffee,system-coffee,,system,11095.4
5c6e60b04e08ad00018cc995,5b421b9ac2e3810001763252,78,sender,future,coffee,teliqulo-puwirefa-hiwaponu-tezalipu-tih-hix-meh-zah-kuh-wepitula,kuh,,11986.3
5c6e60b04e08ad00018cc995,5b421b9ac2e3810001763252,79,receiver,coffee,credit,credit-coffee,,credit,6953.4
5c6e60b04e08ad00018cc995,5b421b9ac2e3810001763252,80,sender,market,ground,teliqulo-puwirefa-hiwaponu-tezalipu-tih-hix-meh-zah-kuh-wepitula,kuh,,10484.9
5c6e60b04e08ad00018cc995,5b421b9ac2e3810001763252,81,receiver,number,ground,ground-number,,number,2255
5c6e60b04e08ad00018cc995,5b421b9ac2e3810001763252,82,sender,window,system,teliqulo-puwirefa-hiwaponu-tezalipu-tih-hix-meh-zah-kuh-wepitula,wepitula,,11121.8
5c6e60b04e08ad00018cc995,5b421b9ac2e3810001763252,83,receiver,number,weight,number-weight,,number,1980.1
5c6e60b04e08ad00018cc995,5b421b9ac2e3810001763252,84,sender,number,window,teliqulo-puwirefa-hiwaponu-tezalipu-tih-hix-meh-zah-kuh-wepitula,zah,,4993.5
5c6e60b04e08ad00018cc995,5b421b9ac2e3810001763252,85,receiver,coffee,credit,coffee-credit,,coffee,7935.8
5c6e60b04e08ad00018cc995,5b421b9ac2e3810001763252,86,sender,people,ground,teliqulo-puwirefa-hiwaponu-tezalipu-tih-hix-meh-zah-kuh-wepitula,kuh,,6744
5c6e60b04e08ad00018cc995,5b421b9ac2e3810001763252,87,receiver,market,credit,market-credit,,market,8826.6
5c6e60b04e08ad00018cc995,5b421b9ac2e3810001763252,88,sender,weight,credit,teliqulo-puwirefa-hiwaponu-tezalipu-tih-hix-meh-zah-kuh-wepitula,hiwaponu,,14152.6
5c6e60b04e08ad00018cc995,5b421b9ac2e3810001763252,89,receiver,weight,ground,ground-weight,,ground,3235.2
5c6e60b04e08ad00018cc995,5b421b9ac2e3810001763252,90,sender,future,credit,teliqulo-puwirefa-hiwaponu-tezalipu-tih-hix-meh-zah-kuh-wepitula,puwirefa,,12561.7
5c6e60b04e08ad00018cc995,5b421b9ac2e3810001763252,91,receiver,number,system,system-number,,number,2619.3
5c6e60b04e08ad00018cc995,5b421b9ac2e3810001763252,92,sender,people,future,teliqulo-puwirefa-hiwaponu-tezalipu-tih-hix-meh-zah-kuh-wepitula,hiwaponu,,6685.1
5c6e60b04e08ad00018cc995,5b421b9ac2e3810001763252,93,receiver,future,market,future-market,,future,11686.2
5c6e60b04e08ad00018cc995,5b421b9ac2e3810001763252,94,sender,system,people,teliqulo-puwirefa-hiwaponu-tezalipu-tih-hix-meh-zah-kuh-wepitula,hiwaponu,,8165
5c6e60b04e08ad00018cc995,5b421b9ac2e3810001763252,95,receiver,number,market,market-number,,number,2120.4
5c6e60b04e08ad00018cc995,5b421b9ac2e3810001763252,96,sender,system,market,teliqulo-puwirefa-hiwaponu-tezalipu-tih-hix-meh-zah-kuh-wepitula,tezalipu,,9736.8
5c6e60b04e08ad00018cc995,5b421b9ac2e3810001763252,97,receiver,coffee,ground,coffee-ground,,coffee,8115.1
5c6e60b04e08ad00018cc995,5b421b9ac2e3810001763252,98,sender,window,ground,teliqulo-puwirefa-hiwaponu-tezalipu-tih-hix-meh-zah-kuh-wepitula,kuh,,14960
5c6e60b04e08ad00018cc995,5b421b9ac2e3810001763252,99,receiver,people,future,future-people,,future,7996.2
5c6e60b04e08ad00018cc995,5b421b9ac2e3810001763252,100,sender,weight,market,teliqulo-puwirefa-hiwaponu-tezalipu-tih-hix-meh-zah-kuh-wepitula,kuh,,13132.1
5c6e60b04e08ad00018cc995,5b421b9ac2e3810001763252,101,receiver,credit,ground,ground-credit,,ground,4620.1
5c6e60b04e08ad00018cc995,5b421b9ac2e3810001763252,102,sender,system,credit,teliqulo-puwirefa-hiwaponu-tezalipu-tih-hix-meh-zah-kuh-wepitula,tih,,9527.1
5c6e60b04e08ad00018cc995,5b421b9ac2e3810001763252,103,receiver,people,future,future-people,,future,2672.4
5c6e60b04e08ad00018cc995,5b421b9ac2e3810001763252,104,sender,system,weight,teliqulo-puwirefa-hiwaponu-tezalipu-tih-hix-meh-zah-kuh-wepitula,hiwaponu,,6367.8
5c6e60b04e08ad00018cc995,5b421b9ac2e3810001763252,105,receiver,coffee,market,market-coffee,,coffee,1780.4
5c6e60b04e08ad00018cc995,5b421b9ac2e3810001763252,106,sender,window,people,teliqulo-puwirefa-hiwaponu-tezalipu-tih-hix-meh-zah-kuh-wepitula,hix,,4076.4
5c6e60b04e08ad00018cc995,5b421b9ac2e3810001763252,107,receiver,coffee,ground,ground-coffee,,coffee,2918.2
5c6e60b04e08ad00018cc995,5b421b9ac2e3810001763252,108,sender,number,window,teliqulo-puwirefa-hiwaponu-tezalipu-tih-hix-meh-zah-kuh-wepitula,zah,,3895.6
5c6e60b04e08ad00018cc995,5b421b9ac2e3810001763252,109,receiver,system,weight,weight-system,,system,2788.6
5c6e60b04e08ad00018cc995,5b421b9ac2e3810001763252,110,sender,system,future,teliqulo-puwirefa-hiwaponu-tezalipu-tih-hix-meh-zah-kuh-wepitula,tih,,6639.4
5c6e60b04e08ad00018cc995,5b421b9ac2e3810001763252,111,receiver,window,ground,ground-window,,ground,3605.7
5c6e60b04e08ad00018cc995,5b421b9ac2e3810001763252,112,sender,people,future,teliqulo-puwirefa-hiwaponu-tezalipu-tih-hix-meh-zah-kuh-wepitula,tezalipu,,10026.1
5c6e60b04e08ad00018cc995,5b421b9ac2e3810001763252,113,receiver,weight,people,people-weight,,weight,2892.3
5c6e60b04e08ad00018cc995,5b421b9ac2e3810001763252,114,sender,window,system,teliqulo-puwirefa-hiwaponu-tezalipu-tih-hix-meh-zah-kuh-wepitula,hix,,10191.1
5c6e60b04e08ad00018cc995,5b421b9ac2e3810001763252,115,receiver,market,credit,market-credit,,credit,2090.6
5c6e60b04e08ad00018cc995,5b421b9ac2e3810001763252,116,sender,number,coffee,teliqulo-puwirefa-hiwaponu-tezalipu-tih-hix-meh-zah-kuh-wepitula,zah,,19825.5
5c6e60b04e08ad00018cc995,5b421b9ac2e3810001763252,117,receiver,number,window,number-window,,number,1610.3
5c6e60b04e08ad00018cc995,5b421b9ac2e3810001763252,118,sender,window,weight,teliqulo-puwirefa-hiwaponu-tezalipu-tih-hix-meh-zah-kuh-wepitula,hix,,6321.3
5c6e60b04e08ad00018cc995,5b421b9ac2e3810001763252,119,receiver,system,ground,system-ground,,system,3403.9
5c6e60b04e08ad00018cc995,5b421b9ac2e3810001763252,120,sender,system,weight,teliqulo-puwirefa-hiwaponu-tezalipu-tih-hix-meh-zah-kuh-wepitula,tezalipu,,3087.6
5c6e60b04e08ad00018cc995,5b421b9ac2e3810001763252,121,receiver,coffee,ground,ground-coffee,,coffee,2869.6
5c6e60b04e08ad00018cc995,5b421b9ac2e3810001763252,122,sender,future,credit,teliqulo-puwirefa-hiwaponu-tezalipu-tih-hix-meh-zah-kuh-wepitula,hix,,6307.7
5c6e60b04e08ad00018cc995,5b421b9ac2e3810001763252,123,receiver,system,weight,weight-system,,weight,9947.6
5c6e60b04e08ad00018cc995,5b421b9ac2e3810001763252,124,sender,market,credit,teliqulo-puwirefa-hiwaponu-tezalipu-tih-hix-meh-zah-kuh-wepitula,zah,,8674.1
5c6e60b04e08ad00018cc995,5b421b9ac2e3810001763252,125,receiver,coffee,ground,ground-coffee,,coffee,13343.3
5c6e60b04e08ad00018cc995,5b421b9ac2e3810001763252,126,sender,weight,future,teliqulo-puwirefa-hiwaponu-tezalipu-tih-hix-meh-zah-kuh-wepitula,tih,,3951.1
5c6e60b04e08ad00018cc995,5b421b9ac2e3810001763252,127,receiver,window,people,people-window,,window,1996
5c6e60b04e08ad00018cc995,5b421b9ac2e3810001763252,128,sender,system,ground,teliqulo-puwirefa-hiwaponu-tezalipu-tih-hix-meh-zah-kuh-wepitula,tih,,9087.5
5c6e60b04e08ad00018cc995,5b421b9ac2e3810001763252,129,receiver,number,market,number-market,,number,5943.1
5c6e60b04e08ad00018cc995,5b421b9ac2e3810001763252,130,sender,people,future,teliqulo-puwirefa-hiwaponu-tezalipu-tih-hix-meh-zah-kuh-wepitula,tezalipu,,2175.3
5c6e60b04e08ad00018cc995,5b421b9ac2e3810001763252,131,receiver,system,weight,system-weight,,weight,4512.7
5c6e60b04e08ad00018cc995,5b421b9ac2e3810001763252,132,sender,number,weight,teliqulo-puwirefa-hiwaponu-tezalipu-tih-hix-meh-zah-kuh-wepitula,zah,,13165.7
5c6e60b04e08ad00018cc995,5b421b9ac2e3810001763252,133,receiver,coffee,market,market-coffee,,coffee,3672.2
5c6e60b04e08ad00018cc995,5b421b9ac2e3810001763252,134,sender,system,people,teliqulo-puwirefa-hiwaponu-tezalipu-tih-hix-meh-zah-kuh-wepitula,meh,,6257.5
5c6e60b04e08ad00018cc995,5b421b9ac2e3810001763252,135,receiver,future,ground,ground-future,,future,2391.7