participant_id, partner_id, trial_index, trial_type, target_meaning, foil_meaning,             choices, signal_selected, meaning_guess, rt
5b421b9ac2e3810001763252,5c6e60b04e08ad00018cc995,1,sender,number,window,teliqulo-puwirefa-hiwaponu-tezalipu-tih-hix-meh-zah-kuh-wepitula,zah,,10023.8
5b421b9ac2e3810001763252,5c6e60b04e08ad00018cc995,2,receiver,people,coffee,people-coffee,,people,7108.6
5b421b9ac2e3810001763252,5c6e60b04e08ad00018cc995,3,sender,people,market,teliqulo-puwirefa-hiwaponu-tezalipu-tih-hix-meh-zah-kuh-wepitula,puwirefa,,15093.1
5b421b9ac2e3810001763252,5c6e60b04e08ad00018cc995,4,receiver,number,people,people-number,,number,5831.1
5b421b9ac2e3810001763252,5c6e60b04e08ad00018cc995,5,sender,weight,coffee,teliqulo-puwirefa-hiwaponu-tezalipu-tih-hix-meh-zah-kuh-wepitula,hix,,9602.3
5b421b9ac2e3810001763252,5c6e60b04e08ad00018cc995,6,receiver,window,market,window-market,,window,3465.7
5b421b9ac2e3810001763252,5c6e60b04e08ad00018cc995,7,sender,people,future,teliqulo-puwirefa-hiwaponu-tezalipu-tih-hix-meh-zah-kuh-wepitula,wepitula,,5176.5
5b421b9ac2e3810001763252,5c6e60b04e08ad00018cc995,8,receiver,number,credit,number-credit,,number,2884.8
5b421b9ac2e3810001763252,5c6e60b04e08ad00018cc995,9,sender,future,coffee,teliqulo-puwirefa-hiwaponu-tezalipu-tih-hix-meh-zah-kuh-wepitula,puwirefa,,8945.6
5b421b9ac2e3810001763252,5c6e60b04e08ad00018cc995,10,receiver,window,future,window-future,,future,4927.8
5b421b9ac2e3810001763252,5c6e60b04e08ad00018cc995,11,sender,market,ground,teliqulo-puwirefa-hiwaponu-tezalipu-tih-hix-meh-zah-kuh-wepitula,hix,,5920.3
5b421b9ac2e3810001763252,5c6e60b04e08ad00018cc995,12,receiver,window,weight,window-weight,,window,3086.4
5b421b9ac2e3810001763252,5c6e60b04e08ad00018cc995,13,sender,window,market,teliqulo-puwirefa-hiwaponu-tezalipu-tih-hix-meh-zah-kuh-wepitula,hiwaponu,,5251.9
5b421b9ac2e3810001763252,5c6e60b04e08ad00018cc995,14,receiver,people,coffee,coffee-people,,people,2781.7
5b421b9ac2e3810001763252,5c6e60b04e08ad00018cc995,15,sender,coffee,ground,teliqulo-puwirefa-hiwaponu-tezalipu-tih-hix-meh-zah-kuh-wepitula,puwirefa,,3829
5b421b9ac2e3810001763252,5c6e60b04e08ad00018cc995,16,receiver,number,people,number-people,,number,4924
5b421b9ac2e3810001763252,5c6e60b04e08ad00018cc995,17,sender,people,future,teliqulo-puwirefa-hiwaponu-tezalipu-tih-hix-meh-zah-kuh-wepitula,hiwaponu,,8524.3
5b421b9ac2e3810001763252,5c6e60b04e08ad00018cc995,18,receiver,market,credit,market-credit,,credit,2774.4
5b421b9ac2e3810001763252,5c6e60b04e08ad00018cc995,19,sender,system,weight,teliqulo-puwirefa-hiwaponu-tezalipu-tih-hix-meh-zah-kuh-wepitula,kuh,,7368.9
5b421b9ac2e3810001763252,5c6e60b04e08ad00018cc995,20,receiver,coffee,market,coffee-market,,market,4635.5
5b421b9ac2e3810001763252,5c6e60b04e08ad00018cc995,21,sender,credit,ground,teliqulo-puwirefa-hiwaponu-tezalipu-tih-hix-meh-zah-kuh-wepitula,tih,,8020.7
5b421b9ac2e3810001763252,5c6e60b04e08ad00018cc995,22,receiver,future,market,future-market,,future,4216.5
5b421b9ac2e3810001763252,5c6e60b04e08ad00018cc995,23,sender,weight,people,teliqulo-puwirefa-hiwaponu-tezalipu-tih-hix-meh-zah-kuh-wepitula,puwirefa,,5802.6
5b421b9ac2e3810001763252,5c6e60b04e08ad00018cc995,24,receiver,coffee,market,market-coffee,,market,5538.5
5b421b9ac2e3810001763252,5c6e60b04e08ad00018cc995,25,sender,number,window,teliqulo-puwirefa-hiwaponu-tezalipu-tih-hix-meh-zah-kuh-wepitula,tih,,6043.4
5b421b9ac2e3810001763252,5c6e60b04e08ad00018cc995,26,receiver,people,future,people-future,,future,3392.2
5b421b9ac2e3810001763252,5c6e60b04e08ad00018cc995,27,sender,system,credit,teliqulo-puwirefa-hiwaponu-tezalipu-tih-hix-meh-zah-kuh-wepitula,kuh,,7009.1
5b421b9ac2e3810001763252,5c6e60b04e08ad00018cc995,28,receiver,system,weight,system-weight,,system,2888
5b421b9ac2e3810001763252,5c6e60b04e08ad00018cc995,29,sender,number,window,teliqulo-puwirefa-hiwaponu-tezalipu-tih-hix-meh-zah-kuh-wepitula,wepitula,,5700.6
5b421b9ac2e3810001763252,5c6e60b04e08ad00018cc995,30,receiver,number,system,number-system,,system,4222.3
5b421b9ac2e3810001763252,5c6e60b04e08ad00018cc995,31,sender,system,market,teliqulo-puwirefa-hiwaponu-tezalipu-tih-hix-meh-zah-kuh-wepitula,tih,,8093.6
5b421b9ac2e3810001763252,5c6e60b04e08ad00018cc995,32,receiver,people,ground,people-ground,,ground,3184.3
5b421b9ac2e3810001763252,5c6e60b04e08ad00018cc995,33,sender,number,future,teliqulo-puwirefa-hiwaponu-tezalipu-tih-hix-meh-zah-kuh-wepitula,hix,,7578.2
5b421b9ac2e3810001763252,5c6e60b04e08ad00018cc995,34,receiver,system,weight,system-weight,,system,3077.5
5b421b9ac2e3810001763252,5c6e60b04e08ad00018cc995,35,sender,market,ground,teliqulo-puwirefa-hiwaponu-tezalipu-tih-hix-meh-zah-kuh-wepitula,tezalipu,,6639.8
5b421b9ac2e3810001763252,5c6e60b04e08ad00018cc995,36,receiver,system,weight,weight-system,,system,8090.7
5b421b9ac2e3810001763252,5c6e60b04e08ad00018cc995,37,sender,future,ground,teliqulo-puwirefa-hiwaponu-tezalipu-tih-hix-meh-zah-kuh-wepitula,tezalipu,,6955.7
5b421b9ac2e3810001763252,5c6e60b04e08ad00018cc995,38,receiver,people,credit,people-credit,,people,3490.9
5b421b9ac2e3810001763252,5c6e60b04e08ad00018cc995,39,sender,number,credit,teliqulo-puwirefa-hiwaponu-tezalipu-tih-hix-meh-zah-kuh-wepitula,puwirefa,,8639.7
5b421b9ac2e3810001763252,5c6e60b04e08ad00018cc995,40,receiver,credit,ground,ground-credit,,ground,3568
5b421b9ac2e3810001763252,5c6e60b04e08ad00018cc995,41,sender,market,credit,teliqulo-puwirefa-hiwaponu-tezalipu-tih-hix-meh-zah-kuh-wepitula,puwirefa,,4988.3
5b421b9ac2e3810001763252,5c6e60b04e08ad00018cc995,42,receiver,number,ground,ground-number,,number,3136.1
5b421b9ac2e3810001763252,5c6e60b04e08ad00018cc995,43,sender,people,credit,teliqulo-puwirefa-hiwaponu-tezalipu-tih-hix-meh-zah-kuh-wepitula,puwirefa,,4737.6
5b421b9ac2e3810001763252,5c6e60b04e08ad00018cc995,44,receiver,credit,ground,credit-ground,,ground,3643.6
5b421b9ac2e3810001763252,5c6e60b04e08ad00018cc995,45,sender,number,window,teliqulo-puwirefa-hiwaponu-tezalipu-tih-hix-meh-zah-kuh-wepitula,zah,,5427
5b421b9ac2e3810001763252,5c6e60b04e08ad00018cc995,46,receiver,people,market,people-market,,market,9581.8
5b421b9ac2e3810001763252,5c6e60b04e08ad00018cc995,47,sender,number,window,teliqulo-puwirefa-hiwaponu-tezalipu-tih-hix-meh-zah-kuh-wepitula,hix,,6396.6
5b421b9ac2e3810001763252,5c6e60b04e08ad00018cc995,48,receiver,coffee,credit,coffee-credit,,credit,3344.8
5b421b9ac2e3810001763252,5c6e60b04e08ad00018cc995,49,sender,window,coffee,teliqulo-puwirefa-hiwaponu-tezalipu-tih-hix-meh-zah-kuh-wepitula,tezalipu,,8235.9
5b421b9ac2e3810001763252,5c6e60b04e08ad00018cc995,50,receiver,people,future,future-people,,people,4609.4
5b421b9ac2e3810001763252,5c6e60b04e08ad00018cc995,51,sender,system,future,teliqulo-puwirefa-hiwaponu-tezalipu-tih-hix-meh-zah-kuh-wepitula,zah,,10080.3
5b421b9ac2e3810001763252,5c6e60b04e08ad00018cc995,52,receiver,number,window,window-number,,number,3508.2
5b421b9ac2e3810001763252,5c6e60b04e08ad00018cc995,53,sender,window,future,teliqulo-puwirefa-hiwaponu-tezalipu-tih-hix-meh-zah-kuh-wepitula,tezalipu,,7251.7
5b421b9ac2e3810001763252,5c6e60b04e08ad00018cc995,54,receiver,window,credit,window-credit,,window,2907.2
5b421b9ac2e3810001763252,5c6e60b04e08ad00018cc995,55,sender,window,coffee,teliqulo-puwirefa-hiwaponu-tezalipu-tih-hix-meh-zah-kuh-wepitula,tezalipu,,4592.4
5b421b9ac2e3810001763252,5c6e60b04e08ad00018cc995,56,receiver,system,weight,weight-system,,weight,3651.2
5b421b9ac2e3810001763252,5c6e60b04e08ad00018cc995,57,sender,system,coffee,teliqulo-puwirefa-hiwaponu-tezalipu-tih-hix-meh-zah-kuh-wepitula,tih,,9604.8
5b421b9ac2e3810001763252,5c6e60b04e08ad00018cc995,58,receiver,credit,ground,credit-ground,,credit,2642.1
5b421b9ac2e3810001763252,5c6e60b04e08ad00018cc995,59,sender,window,credit,teliqulo-puwirefa-hiwaponu-tezalipu-tih-hix-meh-zah-kuh-wepitula,wepitula,,2905.5
5b421b9ac2e3810001763252,5c6e60b04e08ad00018cc995,60,receiver,coffee,credit,credit-coffee,,coffee,6969.1
5b421b9ac2e3810001763252,5c6e60b04e08ad00018cc995,61,sender,system,weight,teliqulo-puwirefa-hiwaponu-tezalipu-tih-hix-meh-zah-kuh-wepitula,tezalipu,,8416.1
5b421b9ac2e3810001763252,5c6e60b04e08ad00018cc995,62,receiver,number,future,future-number,,number,3123.4
5b421b9ac2e3810001763252,5c6e60b04e08ad00018cc995,63,sender,weight,market,teliqulo-puwirefa-hiwaponu-tezalipu-tih-hix-meh-zah-kuh-wepitula,hiwaponu,,5323.6
5b421b9ac2e3810001763252,5c6e60b04e08ad00018cc995,64,receiver,weight,credit,weight-credit,,weight,2828.1
5b421b9ac2e3810001763252,5c6e60b04e08ad00018cc995,65,sender,coffee,market,teliqulo-puwirefa-hiwaponu-tezalipu-tih-hix-meh-zah-kuh-wepitula,teliqulo,,3650.5
5b421b9ac2e3810001763252,5c6e60b04e08ad00018cc995,66,receiver,people,future,people-future,,future,5989.5
5b421b9ac2e3810001763252,5c6e60b04e08ad00018cc995,67,sender,weight,coffee,teliqulo-puwirefa-hiwaponu-tezalipu-tih-hix-meh-zah-kuh-wepitula,hiwaponu,,11224.5
5b421b9ac2e3810001763252,5c6e60b04e08ad00018cc995,68,receiver,weight,ground,ground-weight,,weight,6111.5
5b421b9ac2e3810001763252,5c6e60b04e08ad00018cc995,69,sender,market,ground,teliqulo-puwirefa-hiwaponu-tezalipu-tih-hix-meh-zah-kuh-wepitula,kuh,,10014.7
5b421b9ac2e3810001763252,5c6e60b04e08ad00018cc995,70,receiver,people,future,people-future,,people,5595.7
5b421b9ac2e3810001763252,5c6e60b04e08ad00018cc995,71,sender,number,coffee,teliqulo-puwirefa-hiwaponu-tezalipu-tih-hix-meh-zah-kuh-wepitula,kuh,,7836.4
5b421b9ac2e3810001763252,5c6e60b04e08ad00018cc995,72,receiver,market,ground,ground-market,,market,6735.4
5b421b9ac2e3810001763252,5c6e60b04e08ad00018cc995,73,sender,number,window,teliqulo-puwirefa-hiwaponu-tezalipu-tih-hix-meh-zah-kuh-wepitula,zah,,6846.7
5b421b9ac2e3810001763252,5c6e60b04e08ad00018cc995,74,receiver,coffee,credit,credit-coffee,,credit,3621.8
5b421b9ac2e3810001763252,5c6e60b04e08ad00018cc995,75,sender,number,window,teliqulo-puwirefa-hiwaponu-tezalipu-tih-hix-meh-zah-kuh-wepitula,zah,,4446.5
5b421b9ac2e3810001763252,5c6e60b04e08ad00018cc995,76,receiver,weight,future,future-weight,,weight,2317.3
5b421b9ac2e3810001763252,5c6e60b04e08ad00018cc995,77,sender,system,coffee,teliqulo-puwirefa-hiwaponu-tezalipu-tih-hix-meh-zah-kuh-wepitula,tezalipu,,5711.8
5b421b9ac2e3810001763252,5c6e60b04e08ad00018cc995,78,receiver,future,coffee,future-coffee,,future,2824.9
5b421b9ac2e3810001763252,5c6e60b04e08ad00018cc995,79,sender,coffee,credit,teliqulo-puwirefa-hiwaponu-tezalipu-tih-hix-meh-zah-kuh-wepitula,teliqulo,,3875
5b421b9ac2e3810001763252,5c6e60b04e08ad00018cc995,80,receiver,market,ground,market-ground,,market,3553.7
5b421b9ac2e3810001763252,5c6e60b04e08ad00018cc995,81,sender,number,ground,teliqulo-puwirefa-hiwaponu-tezalipu-tih-hix-meh-zah-kuh-wepitula,zah,,5685.2
5b421b9ac2e3810001763252,5c6e60b04e08ad00018cc995,82,receiver,window,system,window-system,,window,3679.6
5b421b9ac2e3810001763252,5c6e60b04e08ad00018cc995,83,sender,number,weight,teliqulo-puwirefa-hiwaponu-tezalipu-tih-hix-meh-zah-kuh-wepitula,zah,,3854
5b421b9ac2e3810001763252,5c6e60b04e08ad00018cc995,84,receiver,number,window,number-window,,number,3025.4
5b421b9ac2e3810001763252,5c6e60b04e08ad00018cc995,85,sender,coffee,credit,teliqulo-puwirefa-hiwaponu-tezalipu-tih-hix-meh-zah-kuh-wepitula,teliqulo,,4521.2
5b421b9ac2e3810001763252,5c6e60b04e08ad00018cc995,86,receiver,people,ground,people-ground,,ground,2785.8
5b421b9ac2e3810001763252,5c6e60b04e08ad00018cc995,87,sender,market,credit,teliqulo-puwirefa-hiwaponu-tezalipu-tih-hix-meh-zah-kuh-wepitula,tezalipu,,6473.9
5b421b9ac2e3810001763252,5c6e60b04e08ad00018cc995,88,receiver,weight,credit,weight-credit,,weight,3500.9
5b421b9ac2e3810001763252,5c6e60b04e08ad00018cc995,89,sender,weight,ground,teliqulo-puwirefa-hiwaponu-tezalipu-tih-hix-meh-zah-kuh-wepitula,hiwaponu,,4153.8
5b421b9ac2e3810001763252,5c6e60b04e08ad00018cc995,90,receiver,future,credit,future-credit,,future,4045.6
5b421b9ac2e3810001763252,5c6e60b04e08ad00018cc995,91,sender,number,system,teliqulo-puwirefa-hiwaponu-tezalipu-tih-hix-meh-zah-kuh-wepitula,zah,,3570.6
5b421b9ac2e3810001763252,5c6e60b04e08ad00018cc995,92,receiver,people,future,future-people,,people,4979.3
5b421b9ac2e3810001763252,5c6e60b04e08ad00018cc995,93,sender,future,market,teliqulo-puwirefa-hiwaponu-tezalipu-tih-hix-meh-zah-kuh-wepitula,hiwaponu,,4225.1
5b421b9ac2e3810001763252,5c6e60b04e08ad00018cc995,94,receiver,system,people,people-system,,people,2341.6
5b421b9ac2e3810001763252,5c6e60b04e08ad00018cc995,95,sender,number,market,teliqulo-puwirefa-hiwaponu-tezalipu-tih-hix-meh-zah-kuh-wepitula,zah,,3638.7
5b421b9ac2e3810001763252,5c6e60b04e08ad00018cc995,96,receiver,system,market,system-market,,market,3080.7
5b421b9ac2e3810001763252,5c6e60b04e08ad00018cc995,97,sender,coffee,ground,teliqulo-puwirefa-hiwaponu-tezalipu-tih-hix-meh-zah-kuh-wepitula,teliqulo,,2604.7
5b421b9ac2e3810001763252,5c6e60b04e08ad00018cc995,98,receiver,window,ground,window-ground,,ground,2478.1
5b421b9ac2e3810001763252,5c6e60b04e08ad00018cc995,99,sender,people,future,teliqulo-puwirefa-hiwaponu-tezalipu-tih-hix-meh-zah-kuh-wepitula,tezalipu,,5137.4
5b421b9ac2e3810001763252,5c6e60b04e08ad00018cc995,100,receiver,weight,market,weight-market,,market,2121.9
5b421b9ac2e3810001763252,5c6e60b04e08ad00018cc995,101,sender,credit,ground,teliqulo-puwirefa-hiwaponu-tezalipu-tih-hix-meh-zah-kuh-wepitula,puwirefa,,3957.7
5b421b9ac2e3810001763252,5c6e60b04e08ad00018cc995,102,receiver,system,credit,system-credit,,credit,2629.2
5b421b9ac2e3810001763252,5c6e60b04e08ad00018cc995,103,sender,people,future,teliqulo-puwirefa-hiwaponu-tezalipu-tih-hix-meh-zah-kuh-wepitula,wepitula,,5474.4
5b421b9ac2e3810001763252,5c6e60b04e08ad00018cc995,104,receiver,system,weight,weight-system,,weight,3243.7
5b421b9ac2e3810001763252,5c6e60b04e08ad00018cc995,105,sender,coffee,market,teliqulo-puwirefa-hiwaponu-tezalipu-tih-hix-meh-zah-kuh-wepitula,teliqulo,,2671.9
5b421b9ac2e3810001763252,5c6e60b04e08ad00018cc995,106,receiver,window,people,people-window,,window,8087.7
5b421b9ac2e3810001763252,5c6e60b04e08ad00018cc995,107,sender,coffee,ground,teliqulo-puwirefa-hiwaponu-tezalipu-tih-hix-meh-zah-kuh-wepitula,teliqulo,,4665.9
5b421b9ac2e3810001763252,5c6e60b04e08ad00018cc995,108,receiver,number,window,window-number,,number,2889
5b421b9ac2e3810001763252,5c6e60b04e08ad00018cc995,109,sender,system,weight,teliqulo-puwirefa-hiwaponu-tezalipu-tih-hix-meh-zah-kuh-wepitula,tih,,5354.8
5b421b9ac2e3810001763252,5c6e60b04e08ad00018cc995,110,receiver,system,future,future-system,,system,6174.8
5b421b9ac2e3810001763252,5c6e60b04e08ad00018cc995,111,sender,window,ground,teliqulo-puwirefa-hiwaponu-tezalipu-tih-hix-meh-zah-kuh-wepitula,hix,,8767
5b421b9ac2e3810001763252,5c6e60b04e08ad00018cc995,112,receiver,people,future,people-future,,future,4240.6
5b421b9ac2e3810001763252,5c6e60b04e08ad00018cc995,113,sender,weight,people,teliqulo-puwirefa-hiwaponu-tezalipu-tih-hix-meh-zah-kuh-wepitula,hiwaponu,,5001.2
5b421b9ac2e3810001763252,5c6e60b04e08ad00018cc995,114,receiver,window,system,system-window,,window,3198.9
5b421b9ac2e3810001763252,5c6e60b04e08ad00018cc995,115,sender,market,credit,teliqulo-puwirefa-hiwaponu-tezalipu-tih-hix-meh-zah-kuh-wepitula,kuh,,7059.4
5b421b9ac2e3810001763252,5c6e60b04e08ad00018cc995,116,receiver,number,coffee,coffee-number,,number,4548.9
5b421b9ac2e3810001763252,5c6e60b04e08ad00018cc995,117,sender,number,window,teliqulo-puwirefa-hiwaponu-tezalipu-tih-hix-meh-zah-kuh-wepitula,zah,,1602.8
5b421b9ac2e3810001763252,5c6e60b04e08ad00018cc995,118,receiver,window,weight,weight-window,,window,4715.1
5b421b9ac2e3810001763252,5c6e60b04e08ad00018cc995,119,sender,system,ground,teliqulo-puwirefa-hiwaponu-tezalipu-tih-hix-meh-zah-kuh-wepitula,tezalipu,,6954.5
5b421b9ac2e3810001763252,5c6e60b04e08ad00018cc995,120,receiver,system,weight,weight-system,,system,3751.8
5b421b9ac2e3810001763252,5c6e60b04e08ad00018cc995,121,sender,coffee,ground,teliqulo-puwirefa-hiwaponu-tezalipu-tih-hix-meh-zah-kuh-wepitula,teliqulo,,1983.7
5b421b9ac2e3810001763252,5c6e60b04e08ad00018cc995,122,receiver,future,credit,future-credit,,future,4428.5
5b421b9ac2e3810001763252,5c6e60b04e08ad00018cc995,123,sender,system,weight,teliqulo-puwirefa-hiwaponu-tezalipu-tih-hix-meh-zah-kuh-wepitula,puwirefa,,5932.5
5b421b9ac2e3810001763252,5c6e60b04e08ad00018cc995,124,receiver,market,credit,market-credit,,credit,3179.8
5b421b9ac2e3810001763252,5c6e60b04e08ad00018cc995,125,sender,coffee,ground,teliqulo-puwirefa-hiwaponu-tezalipu-tih-hix-meh-zah-kuh-wepitula,teliqulo,,1730.6
5b421b9ac2e3810001763252,5c6e60b04e08ad00018cc995,126,receiver,weight,future,weight-future,,future,2630.4
5b421b9ac2e3810001763252,5c6e60b04e08ad00018cc995,127,sender,window,people,teliqulo-puwirefa-hiwaponu-tezalipu-tih-hix-meh-zah-kuh-wepitula,wepitula,,6192.5
5b421b9ac2e3810001763252,5c6e60b04e08ad00018cc995,128,receiver,system,ground,system-ground,,system,3381.2
5b421b9ac2e3810001763252,5c6e60b04e08ad00018cc995,129,sender,number,market,teliqulo-puwirefa-hiwaponu-tezalipu-tih-hix-meh-zah-kuh-wepitula,zah,,3255.6
5b421b9ac2e3810001763252,5c6e60b04e08ad00018cc995,130,receiver,people,future,people-future,,people,3115.9
5b421b9ac2e3810001763252,5c6e60b04e08ad00018cc995,131,sender,system,weight,teliqulo-puwirefa-hiwaponu-tezalipu-tih-hix-meh-zah-kuh-wepitula,meh,,9291.2
5b421b9ac2e3810001763252,5c6e60b04e08ad00018cc995,132,receiver,number,weight,weight-number,,number,3726.1
5b421b9ac2e3810001763252,5c6e60b04e08ad00018cc995,133,sender,coffee,market,teliqulo-puwirefa-hiwaponu-tezalipu-tih-hix-meh-zah-kuh-wepitula,teliqulo,,2399
5b421b9ac2e3810001763252,5c6e60b04e08ad00018cc995,134,receiver,system,people,people-system,,system,3364.2
5b421b9ac2e3810001763252,5c6e60b04e08ad00018cc995,135,sender,future,ground,teliqulo-puwirefa-hiwaponu-tezalipu-tih-hix-meh-zah-kuh-wepitula,hix,,9999.6