participant_id, partner_id, trial_index, trial_type, target_meaning, foil_meaning,             choices, signal_selected, meaning_guess, rt
60ef794e7d4e635d9e8dabca,62cd6cf82d23617157e0d296,1,receiver,normal,design,design-normal,,normal,9868.3
60ef794e7d4e635d9e8dabca,62cd6cf82d23617157e0d296,2,sender,review,change,hix-meh-lehaqifu-wepitula-saqotiwe-qip-peh-puwirefa-tezalipu-qux,meh,,5222.7
60ef794e7d4e635d9e8dabca,62cd6cf82d23617157e0d296,3,receiver,coffee,change,coffee-change,,change,3655.8
60ef794e7d4e635d9e8dabca,62cd6cf82d23617157e0d296,4,sender,normal,handle,hix-meh-lehaqifu-wepitula-saqotiwe-qip-peh-puwirefa-tezalipu-qux,qux,,6923.1
60ef794e7d4e635d9e8dabca,62cd6cf82d23617157e0d296,5,receiver,family,handle,handle-family,,family,5736.6
60ef794e7d4e635d9e8dabca,62cd6cf82d23617157e0d296,6,sender,online,change,hix-meh-lehaqifu-wepitula-saqotiwe-qip-peh-puwirefa-tezalipu-qux,hix,,7531.5
60ef794e7d4e635d9e8dabca,62cd6cf82d23617157e0d296,7,receiver,normal,review,review-normal,,normal,2795.9
60ef794e7d4e635d9e8dabca,62cd6cf82d23617157e0d296,8,sender,handle,coffee,hix-meh-lehaqifu-wepitula-saqotiwe-qip-peh-puwirefa-tezalipu-qux,saqotiwe,,5859.3
60ef794e7d4e635d9e8dabca,62cd6cf82d23617157e0d296,9,receiver,handle,change,handle-change,,change,3306.6
60ef794e7d4e635d9e8dabca,62cd6cf82d23617157e0d296,10,sender,normal,change,hix-meh-lehaqifu-wepitula-saqotiwe-qip-peh-puwirefa-tezalipu-qux,saqotiwe,,4895
60ef794e7d4e635d9e8dabca,62cd6cf82d23617157e0d296,11,receiver,family,normal,family-normal,,normal,7207.7
60ef794e7d4e635d9e8dabca,62cd6cf82d23617157e0d296,12,sender,review,coffee,hix-meh-lehaqifu-wepitula-saqotiwe-qip-peh-puwirefa-tezalipu-qux,hix,,31728.2
60ef794e7d4e635d9e8dabca,62cd6cf82d23617157e0d296,13,receiver,online,coffee,coffee-online,,online,17898.6
60ef794e7d4e635d9e8dabca,62cd6cf82d23617157e0d296,14,sender,design,online,hix-meh-lehaqifu-wepitula-saqotiwe-qip-peh-puwirefa-tezalipu-qux,wepitula,,27779.8
60ef794e7d4e635d9e8dabca,62cd6cf82d23617157e0d296,15,receiver,second,online,second-online,,second,2363.7
60ef794e7d4e635d9e8dabca,62cd6cf82d23617157e0d296,16,sender,design,credit,hix-meh-lehaqifu-wepitula-saqotiwe-qip-peh-puwirefa-tezalipu-qux,puwirefa,,6001
60ef794e7d4e635d9e8dabca,62cd6cf82d23617157e0d296,17,receiver,family,coffee,family-coffee,,family,2806
60ef794e7d4e635d9e8dabca,62cd6cf82d23617157e0d296,18,sender,family,design,hix-meh-lehaqifu-wepitula-saqotiwe-qip-peh-puwirefa-tezalipu-qux,saqotiwe,,2547.6
60ef794e7d4e635d9e8dabca,62cd6cf82d23617157e0d296,19,receiver,credit,coffee,credit-coffee,,credit,4239.4
60ef794e7d4e635d9e8dabca,62cd6cf82d23617157e0d296,20,sender,handle,coffee,hix-meh-lehaqifu-wepitula-saqotiwe-qip-peh-puwirefa-tezalipu-qux,hix,,5658.6
60ef794e7d4e635d9e8dabca,62cd6cf82d23617157e0d296,21,receiver,normal,credit,normal-credit,,credit,2741.3
60ef794e7d4e635d9e8dabca,62cd6cf82d23617157e0d296,22,sender,design,online,hix-meh-lehaqifu-wepitula-saqotiwe-qip-peh-puwirefa-tezalipu-qux,qux,,7093.8
60ef794e7d4e635d9e8dabca,62cd6cf82d23617157e0d296,23,receiver,online,change,change-online,,online,3455
60ef794e7d4e635d9e8dabca,62cd6cf82d23617157e0d296,24,sender,normal,coffee,hix-meh-lehaqifu-wepitula-saqotiwe-qip-peh-puwirefa-tezalipu-qux,hix,,5023.1
60ef794e7d4e635d9e8dabca,62cd6cf82d23617157e0d296,25,receiver,credit,online,credit-online,,credit,3634
60ef794e7d4e635d9e8dabca,62cd6cf82d23617157e0d296,26,sender,handle,design,hix-meh-lehaqifu-wepitula-saqotiwe-qip-peh-puwirefa-tezalipu-qux,wepitula,,21436.6
60ef794e7d4e635d9e8dabca,62cd6cf82d23617157e0d296,27,receiver,design,change,change-design,,design,3047.2
60ef794e7d4e635d9e8dabca,62cd6cf82d23617157e0d296,28,sender,handle,change,hix-meh-lehaqifu-wepitula-saqotiwe-qip-peh-puwirefa-tezalipu-qux,wepitula,,5076.4
60ef794e7d4e635d9e8dabca,62cd6cf82d23617157e0d296,29,receiver,handle,online,online-handle,,online,7074.8
60ef794e7d4e635d9e8dabca,62cd6cf82d23617157e0d296,30,sender,handle,review,hix-meh-lehaqifu-wepitula-saqotiwe-qip-peh-puwirefa-tezalipu-qux,wepitula,,4908.5
60ef794e7d4e635d9e8dabca,62cd6cf82d23617157e0d296,31,receiver,review,design,review-design,,review,9364.6
60ef794e7d4e635d9e8dabca,62cd6cf82d23617157e0d296,32,sender,normal,review,hix-meh-lehaqifu-wepitula-saqotiwe-qip-peh-puwirefa-tezalipu-qux,lehaqifu,,3258.3
60ef794e7d4e635d9e8dabca,62cd6cf82d23617157e0d296,33,receiver,second,online,online-second,,second,2102.4
60ef794e7d4e635d9e8dabca,62cd6cf82d23617157e0d296,34,sender,handle,second,hix-meh-lehaqifu-wepitula-saqotiwe-qip-peh-puwirefa-tezalipu-qux,peh,,5892.2
60ef794e7d4e635d9e8dabca,62cd6cf82d23617157e0d296,35,receiver,normal,change,change-normal,,change,1987.8
60ef794e7d4e635d9e8dabca,62cd6cf82d23617157e0d296,36,sender,handle,credit,hix-meh-lehaqifu-wepitula-saqotiwe-qip-peh-puwirefa-tezalipu-qux,wepitula,,5457.3
60ef794e7d4e635d9e8dabca,62cd6cf82d23617157e0d296,37,receiver,normal,handle,normal-handle,,normal,11655.5
60ef794e7d4e635d9e8dabca,62cd6cf82d23617157e0d296,38,sender,family,second,hix-meh-lehaqifu-wepitula-saqotiwe-qip-peh-puwirefa-tezalipu-qux,puwirefa,,2893
60ef794e7d4e635d9e8dabca,62cd6cf82d23617157e0d296,39,receiver,online,coffee,online-coffee,,online,7218.7
60ef794e7d4e635d9e8dabca,62cd6cf82d23617157e0d296,40,sender,second,credit,hix-meh-lehaqifu-wepitula-saqotiwe-qip-peh-puwirefa-tezalipu-qux,wepitula,,2868.2
60ef794e7d4e635d9e8dabca,62cd6cf82d23617157e0d296,41,receiver,normal,design,design-normal,,design,2498.9
60ef794e7d4e635d9e8dabca,62cd6cf82d23617157e0d296,42,sender,review,credit,hix-meh-lehaqifu-wepitula-saqotiwe-qip-peh-puwirefa-tezalipu-qux,tezalipu,,3965.3
60ef794e7d4e635d9e8dabca,62cd6cf82d23617157e0d296,43,receiver,design,online,online-design,,design,6018.4
60ef794e7d4e635d9e8dabca,62cd6cf82d23617157e0d296,44,sender,normal,second,hix-meh-lehaqifu-wepitula-saqotiwe-qip-peh-puwirefa-tezalipu-qux,peh,,10550.5
60ef794e7d4e635d9e8dabca,62cd6cf82d23617157e0d296,45,receiver,handle,second,handle-second,,handle,19646.5
60ef794e7d4e635d9e8dabca,62cd6cf82d23617157e0d296,46,sender,handle,credit,hix-meh-lehaqifu-wepitula-saqotiwe-qip-peh-puwirefa-tezalipu-qux,lehaqifu,,5892.3
60ef794e7d4e635d9e8dabca,62cd6cf82d23617157e0d296,47,receiver,normal,review,normal-review,,normal,10388.7
60ef794e7d4e635d9e8dabca,62cd6cf82d23617157e0d296,48,sender,credit,coffee,hix-meh-lehaqifu-wepitula-saqotiwe-qip-peh-puwirefa-tezalipu-qux,saqotiwe,,2482.1
60ef794e7d4e635d9e8dabca,62cd6cf82d23617157e0d296,49,receiver,review,coffee,review-coffee,,review,5889.1
60ef794e7d4e635d9e8dabca,62cd6cf82d23617157e0d296,50,sender,second,change,hix-meh-lehaqifu-wepitula-saqotiwe-qip-peh-puwirefa-tezalipu-qux,qux,,4123.3
60ef794e7d4e635d9e8dabca,62cd6cf82d23617157e0d296,51,receiver,family,change,family-change,,family,2207.3
60ef794e7d4e635d9e8dabca,62cd6cf82d23617157e0d296,52,sender,family,change,hix-meh-lehaqifu-wepitula-saqotiwe-qip-peh-puwirefa-tezalipu-qux,saqotiwe,,2785.8
60ef794e7d4e635d9e8dabca,62cd6cf82d23617157e0d296,53,receiver,family,credit,family-credit,,family,4351.9
60ef794e7d4e635d9e8dabca,62cd6cf82d23617157e0d296,54,sender,normal,credit,hix-meh-lehaqifu-wepitula-saqotiwe-qip-peh-puwirefa-tezalipu-qux,meh,,3952.6
60ef794e7d4e635d9e8dabca,62cd6cf82d23617157e0d296,55,receiver,credit,coffee,coffee-credit,,credit,2058.8
60ef794e7d4e635d9e8dabca,62cd6cf82d23617157e0d296,56,sender,handle,credit,hix-meh-lehaqifu-wepitula-saqotiwe-qip-peh-puwirefa-tezalipu-qux,puwirefa,,4307.8
60ef794e7d4e635d9e8dabca,62cd6cf82d23617157e0d296,57,receiver,review,second,second-review,,second,3885.3
60ef794e7d4e635d9e8dabca,62cd6cf82d23617157e0d296,58,sender,family,handle,hix-meh-lehaqifu-wepitula-saqotiwe-qip-peh-puwirefa-tezalipu-qux,saqotiwe,,1524.8
60ef794e7d4e635d9e8dabca,62cd6cf82d23617157e0d296,59,receiver,family,change,family-change,,family,2203.5
60ef794e7d4e635d9e8dabca,62cd6cf82d23617157e0d296,60,sender,second,online,hix-meh-lehaqifu-wepitula-saqotiwe-qip-peh-puwirefa-tezalipu-qux,meh,,5111.6
60ef794e7d4e635d9e8dabca,62cd6cf82d23617157e0d296,61,receiver,normal,second,second-normal,,normal,2628.6
60ef794e7d4e635d9e8dabca,62cd6cf82d23617157e0d296,62,sender,review,online,hix-meh-lehaqifu-wepitula-saqotiwe-qip-peh-puwirefa-tezalipu-qux,wepitula,,4634.3
60ef794e7d4e635d9e8dabca,62cd6cf82d23617157e0d296,63,receiver,family,second,second-family,,family,2261.7
60ef794e7d4e635d9e8dabca,62cd6cf82d23617157e0d296,64,sender,credit,online,hix-meh-lehaqifu-wepitula-saqotiwe-qip-peh-puwirefa-tezalipu-qux,tezalipu,,2712.9
60ef794e7d4e635d9e8dabca,62cd6cf82d23617157e0d296,65,receiver,second,coffee,coffee-second,,second,1655.1
60ef794e7d4e635d9e8dabca,62cd6cf82d23617157e0d296,66,sender,family,review,hix-meh-lehaqifu-wepitula-saqotiwe-qip-peh-puwirefa-tezalipu-qux,saqotiwe,,1628.5
60ef794e7d4e635d9e8dabca,62cd6cf82d23617157e0d296,67,receiver,handle,review,review-handle,,handle,2325.6
60ef794e7d4e635d9e8dabca,62cd6cf82d23617157e0d296,68,sender,family,credit,hix-meh-lehaqifu-wepitula-saqotiwe-qip-peh-puwirefa-tezalipu-qux,saqotiwe,,1373.4
60ef794e7d4e635d9e8dabca,62cd6cf82d23617157e0d296,69,receiver,family,coffee,coffee-family,,family,1905.7
60ef794e7d4e635d9e8dabca,62cd6cf82d23617157e0d296,70,sender,family,handle,hix-meh-lehaqifu-wepitula-saqotiwe-qip-peh-puwirefa-tezalipu-qux,saqotiwe,,4896.6
60ef794e7d4e635d9e8dabca,62cd6cf82d23617157e0d296,71,receiver,handle,design,handle-design,,handle,3722.3
60ef794e7d4e635d9e8dabca,62cd6cf82d23617157e0d296,72,sender,review,change,hix-meh-lehaqifu-wepitula-saqotiwe-qip-peh-puwirefa-tezalipu-qux,lehaqifu,,3033.5
60ef794e7d4e635d9e8dabca,62cd6cf82d23617157e0d296,73,receiver,review,design,design-review,,review,2012.8
60ef794e7d4e635d9e8dabca,62cd6cf82d23617157e0d296,74,sender,coffee,change,hix-meh-lehaqifu-wepitula-saqotiwe-qip-peh-puwirefa-tezalipu-qux,meh,,3399.2
60ef794e7d4e635d9e8dabca,62cd6cf82d23617157e0d296,75,receiver,handle,design,design-handle,,handle,2438.2
60ef794e7d4e635d9e8dabca,62cd6cf82d23617157e0d296,76,sender,credit,online,hix-meh-lehaqifu-wepitula-saqotiwe-qip-peh-puwirefa-tezalipu-qux,lehaqifu,,4244.5
60ef794e7d4e635d9e8dabca,62cd6cf82d23617157e0d296,77,receiver,review,online,review-online,,review,9881.2
60ef794e7d4e635d9e8dabca,62cd6cf82d23617157e0d296,78,sender,normal,online,hix-meh-lehaqifu-wepitula-saqotiwe-qip-peh-puwirefa-tezalipu-qux,hix,,5504.3
60ef794e7d4e635d9e8dabca,62cd6cf82d23617157e0d296,79,receiver,family,online,family-online,,family,5049.5
60ef794e7d4e635d9e8dabca,62cd6cf82d23617157e0d296,80,sender,family,second,hix-meh-lehaqifu-wepitula-saqotiwe-qip-peh-puwirefa-tezalipu-qux,saqotiwe,,870.9
60ef794e7d4e635d9e8dabca,62cd6cf82d23617157e0d296,81,receiver,normal,online,normal-online,,normal,7893.8
60ef794e7d4e635d9e8dabca,62cd6cf82d23617157e0d296,82,sender,design,credit,hix-meh-lehaqifu-wepitula-saqotiwe-qip-peh-puwirefa-tezalipu-qux,lehaqifu,,1852.1
60ef794e7d4e635d9e8dabca,62cd6cf82d23617157e0d296,83,receiver,family,online,online-family,,family,1362.9
60ef794e7d4e635d9e8dabca,62cd6cf82d23617157e0d296,84,sender,design,coffee,hix-meh-lehaqifu-wepitula-saqotiwe-qip-peh-puwirefa-tezalipu-qux,hix,,5243.9
60ef794e7d4e635d9e8dabca,62cd6cf82d23617157e0d296,85,receiver,online,coffee,online-coffee,,online,1928.8
60ef794e7d4e635d9e8dabca,62cd6cf82d23617157e0d296,86,sender,normal,credit,hix-meh-lehaqifu-wepitula-saqotiwe-qip-peh-puwirefa-tezalipu-qux,hix,,4794.8
60ef794e7d4e635d9e8dabca,62cd6cf82d23617157e0d296,87,receiver,credit,change,credit-change,,credit,3377
60ef794e7d4e635d9e8dabca,62cd6cf82d23617157e0d296,88,sender,review,change,hix-meh-lehaqifu-wepitula-saqotiwe-qip-peh-puwirefa-tezalipu-qux,lehaqifu,,3170.1
60ef794e7d4e635d9e8dabca,62cd6cf82d23617157e0d296,89,receiver,design,credit,design-credit,,design,2931.7
60ef794e7d4e635d9e8dabca,62cd6cf82d23617157e0d296,90,sender,second,design,hix-meh-lehaqifu-wepitula-saqotiwe-qip-peh-puwirefa-tezalipu-qux,puwirefa,,3982.1
60ef794e7d4e635d9e8dabca,62cd6cf82d23617157e0d296,91,receiver,family,design,design-family,,family,2088.3
60ef794e7d4e635d9e8dabca,62cd6cf82d23617157e0d296,92,sender,second,coffee,hix-meh-lehaqifu-wepitula-saqotiwe-qip-peh-puwirefa-tezalipu-qux,hix,,7567.1
60ef794e7d4e635d9e8dabca,62cd6cf82d23617157e0d296,93,receiver,handle,second,handle-second,,handle,1879.1
60ef794e7d4e635d9e8dabca,62cd6cf82d23617157e0d296,94,sender,normal,coffee,hix-meh-lehaqifu-wepitula-saqotiwe-qip-peh-puwirefa-tezalipu-qux,wepitula,,4351.1
60ef794e7d4e635d9e8dabca,62cd6cf82d23617157e0d296,95,receiver,second,design,second-design,,second,5313.9
60ef794e7d4e635d9e8dabca,62cd6cf82d23617157e0d296,96,sender,family,coffee,hix-meh-lehaqifu-wepitula-saqotiwe-qip-peh-puwirefa-tezalipu-qux,saqotiwe,,9835.4
60ef794e7d4e635d9e8dabca,62cd6cf82d23617157e0d296,97,receiver,family,design,family-design,,family,1628
60ef794e7d4e635d9e8dabca,62cd6cf82d23617157e0d296,98,sender,review,design,hix-meh-lehaqifu-wepitula-saqotiwe-qip-peh-puwirefa-tezalipu-qux,lehaqifu,,3048.8
60ef794e7d4e635d9e8dabca,62cd6cf82d23617157e0d296,99,receiver,design,coffee,coffee-design,,design,2774
60ef794e7d4e635d9e8dabca,62cd6cf82d23617157e0d296,100,sender,family,credit,hix-meh-lehaqifu-wepitula-saqotiwe-qip-peh-puwirefa-tezalipu-qux,saqotiwe,,1843.3
60ef794e7d4e635d9e8dabca,62cd6cf82d23617157e0d296,101,receiver,family,normal,family-normal,,family,1489.4
60ef794e7d4e635d9e8dabca,62cd6cf82d23617157e0d296,102,sender,coffee,change,hix-meh-lehaqifu-wepitula-saqotiwe-qip-peh-puwirefa-tezalipu-qux,qip,,4262.5
60ef794e7d4e635d9e8dabca,62cd6cf82d23617157e0d296,103,receiver,normal,handle,handle-normal,,normal,4878.3
60ef794e7d4e635d9e8dabca,62cd6cf82d23617157e0d296,104,sender,handle,online,hix-meh-lehaqifu-wepitula-saqotiwe-qip-peh-puwirefa-tezalipu-qux,lehaqifu,,2282.1
60ef794e7d4e635d9e8dabca,62cd6cf82d23617157e0d296,105,receiver,design,change,change-design,,design,3188.5
60ef794e7d4e635d9e8dabca,62cd6cf82d23617157e0d296,106,sender,family,online,hix-meh-lehaqifu-wepitula-saqotiwe-qip-peh-puwirefa-tezalipu-qux,saqotiwe,,1566.6
60ef794e7d4e635d9e8dabca,62cd6cf82d23617157e0d296,107,receiver,review,second,review-second,,second,3283.3
60ef794e7d4e635d9e8dabca,62cd6cf82d23617157e0d296,108,sender,second,design,hix-meh-lehaqifu-wepitula-saqotiwe-qip-peh-puwirefa-tezalipu-qux,lehaqifu,,2313.3
60ef794e7d4e635d9e8dabca,62cd6cf82d23617157e0d296,109,receiver,design,change,change-design,,change,1852.9
60ef794e7d4e635d9e8dabca,62cd6cf82d23617157e0d296,110,sender,family,review,hix-meh-lehaqifu-wepitula-saqotiwe-qip-peh-puwirefa-tezalipu-qux,saqotiwe,,1133.9
60ef794e7d4e635d9e8dabca,62cd6cf82d23617157e0d296,111,receiver,normal,coffee,normal-coffee,,normal,1958.9
60ef794e7d4e635d9e8dabca,62cd6cf82d23617157e0d296,112,sender,review,second,hix-meh-lehaqifu-wepitula-saqotiwe-qip-peh-puwirefa-tezalipu-qux,qux,,4292.5
60ef794e7d4e635d9e8dabca,62cd6cf82d23617157e0d296,113,receiver,second,credit,credit-second,,credit,3536.9
60ef794e7d4e635d9e8dabca,62cd6cf82d23617157e0d296,114,sender,normal,online,hix-meh-lehaqifu-wepitula-saqotiwe-qip-peh-puwirefa-tezalipu-qux,lehaqifu,,2417.7
60ef794e7d4e635d9e8dabca,62cd6cf82d23617157e0d296,115,receiver,family,normal,normal-family,,family,4175.8
60ef794e7d4e635d9e8dabca,62cd6cf82d23617157e0d296,116,sender,handle,review,hix-meh-lehaqifu-wepitula-saqotiwe-qip-peh-puwirefa-tezalipu-qux,tezalipu,,4711.1
60ef794e7d4e635d9e8dabca,62cd6cf82d23617157e0d296,117,receiver,handle,coffee,handle-coffee,,handle,3153.9
60ef794e7d4e635d9e8dabca,62cd6cf82d23617157e0d296,118,sender,design,coffee,hix-meh-lehaqifu-wepitula-saqotiwe-qip-peh-puwirefa-tezalipu-qux,hix,,2845.4
60ef794e7d4e635d9e8dabca,62cd6cf82d23617157e0d296,119,receiver,review,online,review-online,,online,2573.5
60ef794e7d4e635d9e8dabca,62cd6cf82d23617157e0d296,120,sender,second,coffee,hix-meh-lehaqifu-wepitula-saqotiwe-qip-peh-puwirefa-tezalipu-qux,hix,,4078.5
60ef794e7d4e635d9e8dabca,62cd6cf82d23617157e0d296,121,receiver,handle,online,handle-online,,online,7091.8
60ef794e7d4e635d9e8dabca,62cd6cf82d23617157e0d296,122,sender,normal,change,hix-meh-lehaqifu-wepitula-saqotiwe-qip-peh-puwirefa-tezalipu-qux,meh,,3560.5
60ef794e7d4e635d9e8dabca,62cd6cf82d23617157e0d296,123,receiver,credit,change,credit-change,,credit,3555.3
60ef794e7d4e635d9e8dabca,62cd6cf82d23617157e0d296,124,sender,family,review,hix-meh-lehaqifu-wepitula-saqotiwe-qip-peh-puwirefa-tezalipu-qux,saqotiwe,,1977.9
60ef794e7d4e635d9e8dabca,62cd6cf82d23617157e0d296,125,receiver,review,credit,credit-review,,review,2075.3
60ef794e7d4e635d9e8dabca,62cd6cf82d23617157e0d296,126,sender,second,credit,hix-meh-lehaqifu-wepitula-saqotiwe-qip-peh-puwirefa-tezalipu-qux,wepitula,,2435.8
60ef794e7d4e635d9e8dabca,62cd6cf82d23617157e0d296,127,receiver,online,change,change-online,,change,9397.1
60ef794e7d4e635d9e8dabca,62cd6cf82d23617157e0d296,128,sender,handle,change,hix-meh-lehaqifu-wepitula-saqotiwe-qip-peh-puwirefa-tezalipu-qux,wepitula,,9892.9
60ef794e7d4e635d9e8dabca,62cd6cf82d23617157e0d296,129,receiver,review,coffee,coffee-review,,review,4987.8
60ef794e7d4e635d9e8dabca,62cd6cf82d23617157e0d296,130,sender,normal,second,hix-meh-lehaqifu-wepitula-saqotiwe-qip-peh-puwirefa-tezalipu-qux,puwirefa,,2272.2
60ef794e7d4e635d9e8dabca,62cd6cf82d23617157e0d296,131,receiver,review,credit,review-credit,,credit,2967.7
60ef794e7d4e635d9e8dabca,62cd6cf82d23617157e0d296,132,sender,second,change,hix-meh-lehaqifu-wepitula-saqotiwe-qip-peh-puwirefa-tezalipu-qux,wepitula,,1816.1
60ef794e7d4e635d9e8dabca,62cd6cf82d23617157e0d296,133,receiver,credit,change,credit-change,,credit,4186.3
60ef794e7d4e635d9e8dabca,62cd6cf82d23617157e0d296,134,sender,normal,design,hix-meh-lehaqifu-wepitula-saqotiwe-qip-peh-puwirefa-tezalipu-qux,meh,,4588.5
60ef794e7d4e635d9e8dabca,62cd6cf82d23617157e0d296,135,receiver,second,change,second-change,,second,2752.6