participant_id, partner_id, trial_index, trial_type, target_meaning, foil_meaning,             choices, signal_selected, meaning_guess, rt
62cd6cf82d23617157e0d296,60ef794e7d4e635d9e8dabca,1,sender,normal,design,hix-meh-lehaqifu-wepitula-saqotiwe-qip-peh-puwirefa-tezalipu-qux,meh,,18716.9
62cd6cf82d23617157e0d296,60ef794e7d4e635d9e8dabca,2,receiver,review,change,change-review,,review,5781.9
62cd6cf82d23617157e0d296,60ef794e7d4e635d9e8dabca,3,sender,coffee,change,hix-meh-lehaqifu-wepitula-saqotiwe-qip-peh-puwirefa-tezalipu-qux,meh,,15967.6
62cd6cf82d23617157e0d296,60ef794e7d4e635d9e8dabca,4,receiver,normal,handle,handle-normal,,normal,6566.9
62cd6cf82d23617157e0d296,60ef794e7d4e635d9e8dabca,5,sender,family,handle,hix-meh-lehaqifu-wepitula-saqotiwe-qip-peh-puwirefa-tezalipu-qux,saqotiwe,,13168.8
62cd6cf82d23617157e0d296,60ef794e7d4e635d9e8dabca,6,receiver,online,change,change-online,,change,4275.199999
62cd6cf82d23617157e0d296,60ef794e7d4e635d9e8dabca,7,sender,normal,review,hix-meh-lehaqifu-wepitula-saqotiwe-qip-peh-puwirefa-tezalipu-qux,meh,,9657.1
62cd6cf82d23617157e0d296,60ef794e7d4e635d9e8dabca,8,receiver,handle,coffee,coffee-handle,,coffee,4000.200001
62cd6cf82d23617157e0d296,60ef794e7d4e635d9e8dabca,9,sender,handle,change,hix-meh-lehaqifu-wepitula-saqotiwe-qip-peh-puwirefa-tezalipu-qux,wepitula,,8483.9
62cd6cf82d23617157e0d296,60ef794e7d4e635d9e8dabca,10,receiver,normal,change,change-normal,,change,4224.200001
62cd6cf82d23617157e0d296,60ef794e7d4e635d9e8dabca,11,sender,family,normal,hix-meh-lehaqifu-wepitula-saqotiwe-qip-peh-puwirefa-tezalipu-qux,saqotiwe,,6321.199999
62cd6cf82d23617157e0d296,60ef794e7d4e635d9e8dabca,12,receiver,review,coffee,review-coffee,,review,4329.400002
62cd6cf82d23617157e0d296,60ef794e7d4e635d9e8dabca,13,sender,online,coffee,hix-meh-lehaqifu-wepitula-saqotiwe-qip-peh-puwirefa-tezalipu-qux,lehaqifu,,8039.199999
62cd6cf82d23617157e0d296,60ef794e7d4e635d9e8dabca,14,receiver,design,online,online-design,,design,5861.799999
62cd6cf82d23617157e0d296,60ef794e7d4e635d9e8dabca,15,sender,second,online,hix-meh-lehaqifu-wepitula-saqotiwe-qip-peh-puwirefa-tezalipu-qux,peh,,10466.2
62cd6cf82d23617157e0d296,60ef794e7d4e635d9e8dabca,16,receiver,design,credit,credit-design,,credit,6731.5
62cd6cf82d23617157e0d296,60ef794e7d4e635d9e8dabca,17,sender,family,coffee,hix-meh-lehaqifu-wepitula-saqotiwe-qip-peh-puwirefa-tezalipu-qux,saqotiwe,,3690.5
62cd6cf82d23617157e0d296,60ef794e7d4e635d9e8dabca,18,receiver,family,design,design-family,,family,3311.700001
62cd6cf82d23617157e0d296,60ef794e7d4e635d9e8dabca,19,sender,credit,coffee,hix-meh-lehaqifu-wepitula-saqotiwe-qip-peh-puwirefa-tezalipu-qux,qip,,9419.5
62cd6cf82d23617157e0d296,60ef794e7d4e635d9e8dabca,20,receiver,handle,coffee,handle-coffee,,handle,3305.700001
62cd6cf82d23617157e0d296,60ef794e7d4e635d9e8dabca,21,sender,normal,credit,hix-meh-lehaqifu-wepitula-saqotiwe-qip-peh-puwirefa-tezalipu-qux,wepitula,,7188.200001
62cd6cf82d23617157e0d296,60ef794e7d4e635d9e8dabca,22,receiver,design,online,online-design,,design,11369.8
62cd6cf82d23617157e0d296,60ef794e7d4e635d9e8dabca,23,sender,online,change,hix-meh-lehaqifu-wepitula-saqotiwe-qip-peh-puwirefa-tezalipu-qux,lehaqifu,,5149.700001
62cd6cf82d23617157e0d296,60ef794e7d4e635d9e8dabca,24,receiver,normal,coffee,coffee-normal,,normal,5620.699999
62cd6cf82d23617157e0d296,60ef794e7d4e635d9e8dabca,25,sender,credit,online,hix-meh-lehaqifu-wepitula-saqotiwe-qip-peh-puwirefa-tezalipu-qux,qip,,7796.5
62cd6cf82d23617157e0d296,60ef794e7d4e635d9e8dabca,26,receiver,handle,design,design-handle,,handle,5381.699999
62cd6cf82d23617157e0d296,60ef794e7d4e635d9e8dabca,27,sender,design,change,hix-meh-lehaqifu-wepitula-saqotiwe-qip-peh-puwirefa-tezalipu-qux,qux,,13769.3
62cd6cf82d23617157e0d296,60ef794e7d4e635d9e8dabca,28,receiver,handle,change,handle-change,,handle,5348.5
62cd6cf82d23617157e0d296,60ef794e7d4e635d9e8dabca,29,sender,handle,online,hix-meh-lehaqifu-wepitula-saqotiwe-qip-peh-puwirefa-tezalipu-qux,wepitula,,3964.9
62cd6cf82d23617157e0d296,60ef794e7d4e635d9e8dabca,30,receiver,handle,review,review-handle,,handle,2719.6
62cd6cf82d23617157e0d296,60ef794e7d4e635d9e8dabca,31,sender,review,design,hix-meh-lehaqifu-wepitula-saqotiwe-qip-peh-puwirefa-tezalipu-qux,tezalipu,,7801.800001
62cd6cf82d23617157e0d296,60ef794e7d4e635d9e8dabca,32,receiver,normal,review,normal-review,,normal,10289.4
62cd6cf82d23617157e0d296,60ef794e7d4e635d9e8dabca,33,sender,second,online,hix-meh-lehaqifu-wepitula-saqotiwe-qip-peh-puwirefa-tezalipu-qux,peh,,4615.800001
62cd6cf82d23617157e0d296,60ef794e7d4e635d9e8dabca,34,receiver,handle,second,second-handle,,second,2925.300001
62cd6cf82d23617157e0d296,60ef794e7d4e635d9e8dabca,35,sender,normal,change,hix-meh-lehaqifu-wepitula-saqotiwe-qip-peh-puwirefa-tezalipu-qux,hix,,8216.9
62cd6cf82d23617157e0d296,60ef794e7d4e635d9e8dabca,36,receiver,handle,credit,credit-handle,,handle,2091.5
62cd6cf82d23617157e0d296,60ef794e7d4e635d9e8dabca,37,sender,normal,handle,hix-meh-lehaqifu-wepitula-saqotiwe-qip-peh-puwirefa-tezalipu-qux,meh,,4137.4
62cd6cf82d23617157e0d296,60ef794e7d4e635d9e8dabca,38,receiver,family,second,family-second,,family,20498.3
62cd6cf82d23617157e0d296,60ef794e7d4e635d9e8dabca,39,sender,online,coffee,hix-meh-lehaqifu-wepitula-saqotiwe-qip-peh-puwirefa-tezalipu-qux,lehaqifu,,69101.2
62cd6cf82d23617157e0d296,60ef794e7d4e635d9e8dabca,40,receiver,second,credit,credit-second,,credit,3725.099998
62cd6cf82d23617157e0d296,60ef794e7d4e635d9e8dabca,41,sender,normal,design,hix-meh-lehaqifu-wepitula-saqotiwe-qip-peh-puwirefa-tezalipu-qux,meh,,3886.6
62cd6cf82d23617157e0d296,60ef794e7d4e635d9e8dabca,42,receiver,review,credit,review-credit,,review,3202.4
62cd6cf82d23617157e0d296,60ef794e7d4e635d9e8dabca,43,sender,design,online,hix-meh-lehaqifu-wepitula-saqotiwe-qip-peh-puwirefa-tezalipu-qux,qip,,5398.700001
62cd6cf82d23617157e0d296,60ef794e7d4e635d9e8dabca,44,receiver,normal,second,second-normal,,second,4133
62cd6cf82d23617157e0d296,60ef794e7d4e635d9e8dabca,45,sender,handle,second,hix-meh-lehaqifu-wepitula-saqotiwe-qip-peh-puwirefa-tezalipu-qux,wepitula,,2756.299999
62cd6cf82d23617157e0d296,60ef794e7d4e635d9e8dabca,46,receiver,handle,credit,handle-credit,,credit,3470.300001
62cd6cf82d23617157e0d296,60ef794e7d4e635d9e8dabca,47,sender,normal,review,hix-meh-lehaqifu-wepitula-saqotiwe-qip-peh-puwirefa-tezalipu-qux,meh,,7669.6
62cd6cf82d23617157e0d296,60ef794e7d4e635d9e8dabca,48,receiver,credit,coffee,coffee-credit,,credit,4648.700001
62cd6cf82d23617157e0d296,60ef794e7d4e635d9e8dabca,49,sender,review,coffee,hix-meh-lehaqifu-wepitula-saqotiwe-qip-peh-puwirefa-tezalipu-qux,tezalipu,,4391
62cd6cf82d23617157e0d296,60ef794e7d4e635d9e8dabca,50,receiver,second,change,change-second,,change,3484
62cd6cf82d23617157e0d296,60ef794e7d4e635d9e8dabca,51,sender,family,change,hix-meh-lehaqifu-wepitula-saqotiwe-qip-peh-puwirefa-tezalipu-qux,saqotiwe,,2884.700001
62cd6cf82d23617157e0d296,60ef794e7d4e635d9e8dabca,52,receiver,family,change,change-family,,family,2228.6
62cd6cf82d23617157e0d296,60ef794e7d4e635d9e8dabca,53,sender,family,credit,hix-meh-lehaqifu-wepitula-saqotiwe-qip-peh-puwirefa-tezalipu-qux,saqotiwe,,2542.099998
62cd6cf82d23617157e0d296,60ef794e7d4e635d9e8dabca,54,receiver,normal,credit,normal-credit,,normal,1863.900002
62cd6cf82d23617157e0d296,60ef794e7d4e635d9e8dabca,55,sender,credit,coffee,hix-meh-lehaqifu-wepitula-saqotiwe-qip-peh-puwirefa-tezalipu-qux,qip,,13820.1
62cd6cf82d23617157e0d296,60ef794e7d4e635d9e8dabca,56,receiver,handle,credit,handle-credit,,handle,7240.5
62cd6cf82d23617157e0d296,60ef794e7d4e635d9e8dabca,57,sender,review,second,hix-meh-lehaqifu-wepitula-saqotiwe-qip-peh-puwirefa-tezalipu-qux,tezalipu,,3295.699999
62cd6cf82d23617157e0d296,60ef794e7d4e635d9e8dabca,58,receiver,family,handle,family-handle,,family,1333.900002
62cd6cf82d23617157e0d296,60ef794e7d4e635d9e8dabca,59,sender,family,change,hix-meh-lehaqifu-wepitula-saqotiwe-qip-peh-puwirefa-tezalipu-qux,saqotiwe,,4404.9
62cd6cf82d23617157e0d296,60ef794e7d4e635d9e8dabca,60,receiver,second,online,second-online,,second,6141.5
62cd6cf82d23617157e0d296,60ef794e7d4e635d9e8dabca,61,sender,normal,second,hix-meh-lehaqifu-wepitula-saqotiwe-qip-peh-puwirefa-tezalipu-qux,meh,,2614.6
62cd6cf82d23617157e0d296,60ef794e7d4e635d9e8dabca,62,receiver,review,online,online-review,,review,6570.199999
62cd6cf82d23617157e0d296,60ef794e7d4e635d9e8dabca,63,sender,family,second,hix-meh-lehaqifu-wepitula-saqotiwe-qip-peh-puwirefa-tezalipu-qux,saqotiwe,,3939.200001
62cd6cf82d23617157e0d296,60ef794e7d4e635d9e8dabca,64,receiver,credit,online,online-credit,,credit,3776.700001
62cd6cf82d23617157e0d296,60ef794e7d4e635d9e8dabca,65,sender,second,coffee,hix-meh-lehaqifu-wepitula-saqotiwe-qip-peh-puwirefa-tezalipu-qux,peh,,4521.6
62cd6cf82d23617157e0d296,60ef794e7d4e635d9e8dabca,66,receiver,family,review,family-review,,family,4472.5
62cd6cf82d23617157e0d296,60ef794e7d4e635d9e8dabca,67,sender,handle,review,hix-meh-lehaqifu-wepitula-saqotiwe-qip-peh-puwirefa-tezalipu-qux,wepitula,,10375
62cd6cf82d23617157e0d296,60ef794e7d4e635d9e8dabca,68,receiver,family,credit,credit-family,,family,2284.5
62cd6cf82d23617157e0d296,60ef794e7d4e635d9e8dabca,69,sender,family,coffee,hix-meh-lehaqifu-wepitula-saqotiwe-qip-peh-puwirefa-tezalipu-qux,saqotiwe,,2512.5
62cd6cf82d23617157e0d296,60ef794e7d4e635d9e8dabca,70,receiver,family,handle,family-handle,,family,7012.300001
62cd6cf82d23617157e0d296,60ef794e7d4e635d9e8dabca,71,sender,handle,design,hix-meh-lehaqifu-wepitula-saqotiwe-qip-peh-puwirefa-tezalipu-qux,wepitula,,2848.4
62cd6cf82d23617157e0d296,60ef794e7d4e635d9e8dabca,72,receiver,review,change,review-change,,change,5826.200001
62cd6cf82d23617157e0d296,60ef794e7d4e635d9e8dabca,73,sender,review,design,hix-meh-lehaqifu-wepitula-saqotiwe-qip-peh-puwirefa-tezalipu-qux,lehaqifu,,3676.5
62cd6cf82d23617157e0d296,60ef794e7d4e635d9e8dabca,74,receiver,coffee,change,coffee-change,,change,3829.200001
62cd6cf82d23617157e0d296,60ef794e7d4e635d9e8dabca,75,sender,handle,design,hix-meh-lehaqifu-wepitula-saqotiwe-qip-peh-puwirefa-tezalipu-qux,wepitula,,1972
62cd6cf82d23617157e0d296,60ef794e7d4e635d9e8dabca,76,receiver,credit,online,credit-online,,online,3776.699999
62cd6cf82d23617157e0d296,60ef794e7d4e635d9e8dabca,77,sender,review,online,hix-meh-lehaqifu-wepitula-saqotiwe-qip-peh-puwirefa-tezalipu-qux,tezalipu,,2348.9
62cd6cf82d23617157e0d296,60ef794e7d4e635d9e8dabca,78,receiver,normal,online,normal-online,,normal,8847.6
62cd6cf82d23617157e0d296,60ef794e7d4e635d9e8dabca,79,sender,family,online,hix-meh-lehaqifu-wepitula-saqotiwe-qip-peh-puwirefa-tezalipu-qux,saqotiwe,,11549.9
62cd6cf82d23617157e0d296,60ef794e7d4e635d9e8dabca,80,receiver,family,second,family-second,,family,2572.299999
62cd6cf82d23617157e0d296,60ef794e7d4e635d9e8dabca,81,sender,normal,online,hix-meh-lehaqifu-wepitula-saqotiwe-qip-peh-puwirefa-tezalipu-qux,meh,,3266.700001
62cd6cf82d23617157e0d296,60ef794e7d4e635d9e8dabca,82,receiver,design,credit,design-credit,,credit,4517.799999
62cd6cf82d23617157e0d296,60ef794e7d4e635d9e8dabca,83,sender,family,online,hix-meh-lehaqifu-wepitula-saqotiwe-qip-peh-puwirefa-tezalipu-qux,saqotiwe,,4384
62cd6cf82d23617157e0d296,60ef794e7d4e635d9e8dabca,84,receiver,design,coffee,design-coffee,,design,2498.5
62cd6cf82d23617157e0d296,60ef794e7d4e635d9e8dabca,85,sender,online,coffee,hix-meh-lehaqifu-wepitula-saqotiwe-qip-peh-puwirefa-tezalipu-qux,lehaqifu,,9091.4
62cd6cf82d23617157e0d296,60ef794e7d4e635d9e8dabca,86,receiver,normal,credit,credit-normal,,credit,5825.300001
62cd6cf82d23617157e0d296,60ef794e7d4e635d9e8dabca,87,sender,credit,change,hix-meh-lehaqifu-wepitula-saqotiwe-qip-peh-puwirefa-tezalipu-qux,hix,,8316.4
62cd6cf82d23617157e0d296,60ef794e7d4e635d9e8dabca,88,receiver,review,change,change-review,,change,5863.4
62cd6cf82d23617157e0d296,60ef794e7d4e635d9e8dabca,89,sender,design,credit,hix-meh-lehaqifu-wepitula-saqotiwe-qip-peh-puwirefa-tezalipu-qux,lehaqifu,,4453.099998
62cd6cf82d23617157e0d296,60ef794e7d4e635d9e8dabca,90,receiver,second,design,second-design,,second,7502.199999
62cd6cf82d23617157e0d296,60ef794e7d4e635d9e8dabca,91,sender,family,design,hix-meh-lehaqifu-wepitula-saqotiwe-qip-peh-puwirefa-tezalipu-qux,saqotiwe,,3227.6
62cd6cf82d23617157e0d296,60ef794e7d4e635d9e8dabca,92,receiver,second,coffee,coffee-second,,second,20971.2
62cd6cf82d23617157e0d296,60ef794e7d4e635d9e8dabca,93,sender,handle,second,hix-meh-lehaqifu-wepitula-saqotiwe-qip-peh-puwirefa-tezalipu-qux,wepitula,,11854.6
62cd6cf82d23617157e0d296,60ef794e7d4e635d9e8dabca,94,receiver,normal,coffee,normal-coffee,,coffee,6654.300001
62cd6cf82d23617157e0d296,60ef794e7d4e635d9e8dabca,95,sender,second,design,hix-meh-lehaqifu-wepitula-saqotiwe-qip-peh-puwirefa-tezalipu-qux,peh,,4167
62cd6cf82d23617157e0d296,60ef794e7d4e635d9e8dabca,96,receiver,family,coffee,family-coffee,,family,42905.6
62cd6cf82d23617157e0d296,60ef794e7d4e635d9e8dabca,97,sender,family,design,hix-meh-lehaqifu-wepitula-saqotiwe-qip-peh-puwirefa-tezalipu-qux,saqotiwe,,2216
62cd6cf82d23617157e0d296,60ef794e7d4e635d9e8dabca,98,receiver,review,design,review-design,,design,15649.4
62cd6cf82d23617157e0d296,60ef794e7d4e635d9e8dabca,99,sender,design,coffee,hix-meh-lehaqifu-wepitula-saqotiwe-qip-peh-puwirefa-tezalipu-qux,lehaqifu,,7188.299999
62cd6cf82d23617157e0d296,60ef794e7d4e635d9e8dabca,100,receiver,family,credit,credit-family,,family,5448.1
62cd6cf82d23617157e0d296,60ef794e7d4e635d9e8dabca,101,sender,family,normal,hix-meh-lehaqifu-wepitula-saqotiwe-qip-peh-puwirefa-tezalipu-qux,saqotiwe,,2480.800001
62cd6cf82d23617157e0d296,60ef794e7d4e635d9e8dabca,102,receiver,coffee,change,coffee-change,,coffee,3481.799999
62cd6cf82d23617157e0d296,60ef794e7d4e635d9e8dabca,103,sender,normal,handle,hix-meh-lehaqifu-wepitula-saqotiwe-qip-peh-puwirefa-tezalipu-qux,meh,,2406.799999
62cd6cf82d23617157e0d296,60ef794e7d4e635d9e8dabca,104,receiver,handle,online,handle-online,,online,1882.9
62cd6cf82d23617157e0d296,60ef794e7d4e635d9e8dabca,105,sender,design,change,hix-meh-lehaqifu-wepitula-saqotiwe-qip-peh-puwirefa-tezalipu-qux,lehaqifu,,3728.799999
62cd6cf82d23617157e0d296,60ef794e7d4e635d9e8dabca,106,receiver,family,online,online-family,,family,2847.400002
62cd6cf82d23617157e0d296,60ef794e7d4e635d9e8dabca,107,sender,review,second,hix-meh-lehaqifu-wepitula-saqotiwe-qip-peh-puwirefa-tezalipu-qux,tezalipu,,2484.5
62cd6cf82d23617157e0d296,60ef794e7d4e635d9e8dabca,108,receiver,second,design,second-design,,design,2746.200001
62cd6cf82d23617157e0d296,60ef794e7d4e635d9e8dabca,109,sender,design,change,hix-meh-lehaqifu-wepitula-saqotiwe-qip-peh-puwirefa-tezalipu-qux,lehaqifu,,3067.799999
62cd6cf82d23617157e0d296,60ef794e7d4e635d9e8dabca,110,receiver,family,review,review-family,,family,2408.5
62cd6cf82d23617157e0d296,60ef794e7d4e635d9e8dabca,111,sender,normal,coffee,hix-meh-lehaqifu-wepitula-saqotiwe-qip-peh-puwirefa-tezalipu-qux,meh,,2238.700001
62cd6cf82d23617157e0d296,60ef794e7d4e635d9e8dabca,112,receiver,review,second,review-second,,review,4155.699999
62cd6cf82d23617157e0d296,60ef794e7d4e635d9e8dabca,113,sender,second,credit,hix-meh-lehaqifu-wepitula-saqotiwe-qip-peh-puwirefa-tezalipu-qux,peh,,3296.099998
62cd6cf82d23617157e0d296,60ef794e7d4e635d9e8dabca,114,receiver,normal,online,online-normal,,online,1978.5
62cd6cf82d23617157e0d296,60ef794e7d4e635d9e8dabca,115,sender,family,normal,hix-meh-lehaqifu-wepitula-saqotiwe-qip-peh-puwirefa-tezalipu-qux,saqotiwe,,2077.9
62cd6cf82d23617157e0d296,60ef794e7d4e635d9e8dabca,116,receiver,handle,review,review-handle,,review,3383.4
62cd6cf82d23617157e0d296,60ef794e7d4e635d9e8dabca,117,sender,handle,coffee,hix-meh-lehaqifu-wepitula-saqotiwe-qip-peh-puwirefa-tezalipu-qux,wepitula,,2808.200001
62cd6cf82d23617157e0d296,60ef794e7d4e635d9e8dabca,118,receiver,design,coffee,design-coffee,,design,2608.599998
62cd6cf82d23617157e0d296,60ef794e7d4e635d9e8dabca,119,sender,review,online,hix-meh-lehaqifu-wepitula-saqotiwe-qip-peh-puwirefa-tezalipu-qux,tezalipu,,3607.200001
62cd6cf82d23617157e0d296,60ef794e7d4e635d9e8dabca,120,receiver,second,coffee,second-coffee,,second,3242
62cd6cf82d23617157e0d296,60ef794e7d4e635d9e8dabca,121,sender,handle,online,hix-meh-lehaqifu-wepitula-saqotiwe-qip-peh-puwirefa-tezalipu-qux,wepitula,,1856.6
62cd6cf82d23617157e0d296,60ef794e7d4e635d9e8dabca,122,receiver,normal,change,change-normal,,normal,3141.5
62cd6cf82d23617157e0d296,60ef794e7d4e635d9e8dabca,123,sender,credit,change,hix-meh-lehaqifu-wepitula-saqotiwe-qip-peh-puwirefa-tezalipu-qux,qip,,4431.700001
62cd6cf82d23617157e0d296,60ef794e7d4e635d9e8dabca,124,receiver,family,review,review-family,,family,2157.1
62cd6cf82d23617157e0d296,60ef794e7d4e635d9e8dabca,125,sender,review,credit,hix-meh-lehaqifu-wepitula-saqotiwe-qip-peh-puwirefa-tezalipu-qux,tezalipu,,2219.9
62cd6cf82d23617157e0d296,60ef794e7d4e635d9e8dabca,126,receiver,second,credit,credit-second,,credit,3498.9
62cd6cf82d23617157e0d296,60ef794e7d4e635d9e8dabca,127,sender,online,change,hix-meh-lehaqifu-wepitula-saqotiwe-qip-peh-puwirefa-tezalipu-qux,lehaqifu,,3503.5
62cd6cf82d23617157e0d296,60ef794e7d4e635d9e8dabca,128,receiver,handle,change,handle-change,,handle,2084.6
62cd6cf82d23617157e0d296,60ef794e7d4e635d9e8dabca,129,sender,review,coffee,hix-meh-lehaqifu-wepitula-saqotiwe-qip-peh-puwirefa-tezalipu-qux,tezalipu,,1924
62cd6cf82d23617157e0d296,60ef794e7d4e635d9e8dabca,130,receiver,normal,second,second-normal,,second,3683.799999
62cd6cf82d23617157e0d296,60ef794e7d4e635d9e8dabca,131,sender,review,credit,hix-meh-lehaqifu-wepitula-saqotiwe-qip-peh-puwirefa-tezalipu-qux,tezalipu,,6005.1
62cd6cf82d23617157e0d296,60ef794e7d4e635d9e8dabca,132,receiver,second,change,change-second,,change,2806.1
62cd6cf82d23617157e0d296,60ef794e7d4e635d9e8dabca,133,sender,credit,change,hix-meh-lehaqifu-wepitula-saqotiwe-qip-peh-puwirefa-tezalipu-qux,qip,,4969
62cd6cf82d23617157e0d296,60ef794e7d4e635d9e8dabca,134,receiver,normal,design,normal-design,,normal,3355.4
62cd6cf82d23617157e0d296,60ef794e7d4e635d9e8dabca,135,sender,second,change,hix-meh-lehaqifu-wepitula-saqotiwe-qip-peh-puwirefa-tezalipu-qux,peh,,4238.5