participant_id, partner_id, trial_index, trial_type, target_meaning, foil_meaning,             choices, signal_selected, meaning_guess, rt
5f9e03f3517e0d3ad1eab67b,5e13a93a8640209e59703481,1,sender,police,signal,wepitula-puwirefa-kuh-haq-hix-nidaweli-tezalipu-peh-meh-hiwaponu,puwirefa,,27029
5f9e03f3517e0d3ad1eab67b,5e13a93a8640209e59703481,2,receiver,review,memory,memory-review,,memory,3275
5f9e03f3517e0d3ad1eab67b,5e13a93a8640209e59703481,3,sender,change,memory,wepitula-puwirefa-kuh-haq-hix-nidaweli-tezalipu-peh-meh-hiwaponu,kuh,,6075
5f9e03f3517e0d3ad1eab67b,5e13a93a8640209e59703481,4,receiver,signal,silver,signal-silver,,silver,4486
5f9e03f3517e0d3ad1eab67b,5e13a93a8640209e59703481,5,sender,window,silver,wepitula-puwirefa-kuh-haq-hix-nidaweli-tezalipu-peh-meh-hiwaponu,wepitula,,2397
5f9e03f3517e0d3ad1eab67b,5e13a93a8640209e59703481,6,receiver,system,signal,signal-system,,signal,40274
5f9e03f3517e0d3ad1eab67b,5e13a93a8640209e59703481,7,sender,change,signal,wepitula-puwirefa-kuh-haq-hix-nidaweli-tezalipu-peh-meh-hiwaponu,hiwaponu,,4793
5f9e03f3517e0d3ad1eab67b,5e13a93a8640209e59703481,8,receiver,change,system,system-change,,system,3545
5f9e03f3517e0d3ad1eab67b,5e13a93a8640209e59703481,9,sender,memory,silver,wepitula-puwirefa-kuh-haq-hix-nidaweli-tezalipu-peh-meh-hiwaponu,meh,,7232
5f9e03f3517e0d3ad1eab67b,5e13a93a8640209e59703481,10,receiver,ground,memory,memory-ground,,memory,1964
5f9e03f3517e0d3ad1eab67b,5e13a93a8640209e59703481,11,sender,online,memory,wepitula-puwirefa-kuh-haq-hix-nidaweli-tezalipu-peh-meh-hiwaponu,hix,,4997
5f9e03f3517e0d3ad1eab67b,5e13a93a8640209e59703481,12,receiver,online,signal,signal-online,,online,7118
5f9e03f3517e0d3ad1eab67b,5e13a93a8640209e59703481,13,sender,ground,review,wepitula-puwirefa-kuh-haq-hix-nidaweli-tezalipu-peh-meh-hiwaponu,puwirefa,,3101
5f9e03f3517e0d3ad1eab67b,5e13a93a8640209e59703481,14,receiver,system,silver,silver-system,,silver,8300
5f9e03f3517e0d3ad1eab67b,5e13a93a8640209e59703481,15,sender,change,review,wepitula-puwirefa-kuh-haq-hix-nidaweli-tezalipu-peh-meh-hiwaponu,hix,,2511
5f9e03f3517e0d3ad1eab67b,5e13a93a8640209e59703481,16,receiver,change,online,online-change,,online,22850
5f9e03f3517e0d3ad1eab67b,5e13a93a8640209e59703481,17,sender,window,silver,wepitula-puwirefa-kuh-haq-hix-nidaweli-tezalipu-peh-meh-hiwaponu,wepitula,,2002
5f9e03f3517e0d3ad1eab67b,5e13a93a8640209e59703481,18,receiver,ground,review,ground-review,,review,7681
5f9e03f3517e0d3ad1eab67b,5e13a93a8640209e59703481,19,sender,review,signal,wepitula-puwirefa-kuh-haq-hix-nidaweli-tezalipu-peh-meh-hiwaponu,hiwaponu,,2985
5f9e03f3517e0d3ad1eab67b,5e13a93a8640209e59703481,20,receiver,ground,memory,memory-ground,,memory,4392
5f9e03f3517e0d3ad1eab67b,5e13a93a8640209e59703481,21,sender,memory,signal,wepitula-puwirefa-kuh-haq-hix-nidaweli-tezalipu-peh-meh-hiwaponu,nidaweli,,4793
5f9e03f3517e0d3ad1eab67b,5e13a93a8640209e59703481,22,receiver,change,window,change-window,,window,2434
5f9e03f3517e0d3ad1eab67b,5e13a93a8640209e59703481,23,sender,ground,silver,wepitula-puwirefa-kuh-haq-hix-nidaweli-tezalipu-peh-meh-hiwaponu,haq,,2504
5f9e03f3517e0d3ad1eab67b,5e13a93a8640209e59703481,24,receiver,memory,silver,memory-silver,,memory,6907
5f9e03f3517e0d3ad1eab67b,5e13a93a8640209e59703481,25,sender,police,silver,wepitula-puwirefa-kuh-haq-hix-nidaweli-tezalipu-peh-meh-hiwaponu,puwirefa,,3046
5f9e03f3517e0d3ad1eab67b,5e13a93a8640209e59703481,26,receiver,ground,system,system-ground,,ground,142495
5f9e03f3517e0d3ad1eab67b,5e13a93a8640209e59703481,27,sender,ground,window,wepitula-puwirefa-kuh-haq-hix-nidaweli-tezalipu-peh-meh-hiwaponu,wepitula,,2644
5f9e03f3517e0d3ad1eab67b,5e13a93a8640209e59703481,28,receiver,online,window,window-online,,window,2266
5f9e03f3517e0d3ad1eab67b,5e13a93a8640209e59703481,29,sender,ground,window,wepitula-puwirefa-kuh-haq-hix-nidaweli-tezalipu-peh-meh-hiwaponu,peh,,4837
5f9e03f3517e0d3ad1eab67b,5e13a93a8640209e59703481,30,receiver,police,memory,memory-police,,police,1488
5f9e03f3517e0d3ad1eab67b,5e13a93a8640209e59703481,31,sender,window,signal,wepitula-puwirefa-kuh-haq-hix-nidaweli-tezalipu-peh-meh-hiwaponu,wepitula,,2001
5f9e03f3517e0d3ad1eab67b,5e13a93a8640209e59703481,32,receiver,police,system,system-police,,system,1854
5f9e03f3517e0d3ad1eab67b,5e13a93a8640209e59703481,33,sender,ground,signal,wepitula-puwirefa-kuh-haq-hix-nidaweli-tezalipu-peh-meh-hiwaponu,tezalipu,,3655
5f9e03f3517e0d3ad1eab67b,5e13a93a8640209e59703481,34,receiver,change,memory,memory-change,,memory,1240
5f9e03f3517e0d3ad1eab67b,5e13a93a8640209e59703481,35,sender,police,ground,wepitula-puwirefa-kuh-haq-hix-nidaweli-tezalipu-peh-meh-hiwaponu,puwirefa,,2324
5f9e03f3517e0d3ad1eab67b,5e13a93a8640209e59703481,36,receiver,online,system,online-system,,system,1534
5f9e03f3517e0d3ad1eab67b,5e13a93a8640209e59703481,37,sender,online,memory,wepitula-puwirefa-kuh-haq-hix-nidaweli-tezalipu-peh-meh-hiwaponu,hix,,2869
5f9e03f3517e0d3ad1eab67b,5e13a93a8640209e59703481,38,receiver,review,window,review-window,,window,1898
5f9e03f3517e0d3ad1eab67b,5e13a93a8640209e59703481,39,sender,ground,system,wepitula-puwirefa-kuh-haq-hix-nidaweli-tezalipu-peh-meh-hiwaponu,nidaweli,,2066
5f9e03f3517e0d3ad1eab67b,5e13a93a8640209e59703481,40,receiver,ground,window,window-ground,,ground,1595
5f9e03f3517e0d3ad1eab67b,5e13a93a8640209e59703481,41,sender,ground,silver,wepitula-puwirefa-kuh-haq-hix-nidaweli-tezalipu-peh-meh-hiwaponu,meh,,2198
5f9e03f3517e0d3ad1eab67b,5e13a93a8640209e59703481,42,receiver,police,review,review-police,,review,1681
5f9e03f3517e0d3ad1eab67b,5e13a93a8640209e59703481,43,sender,review,system,wepitula-puwirefa-kuh-haq-hix-nidaweli-tezalipu-peh-meh-hiwaponu,hiwaponu,,3934
5f9e03f3517e0d3ad1eab67b,5e13a93a8640209e59703481,44,receiver,system,silver,silver-system,,silver,18694
5f9e03f3517e0d3ad1eab67b,5e13a93a8640209e59703481,45,sender,police,system,wepitula-puwirefa-kuh-haq-hix-nidaweli-tezalipu-peh-meh-hiwaponu,puwirefa,,1813
5f9e03f3517e0d3ad1eab67b,5e13a93a8640209e59703481,46,receiver,police,signal,signal-police,,police,2302
5f9e03f3517e0d3ad1eab67b,5e13a93a8640209e59703481,47,sender,window,signal,wepitula-puwirefa-kuh-haq-hix-nidaweli-tezalipu-peh-meh-hiwaponu,wepitula,,2253
5f9e03f3517e0d3ad1eab67b,5e13a93a8640209e59703481,48,receiver,ground,memory,ground-memory,,memory,2044
5f9e03f3517e0d3ad1eab67b,5e13a93a8640209e59703481,49,sender,ground,review,wepitula-puwirefa-kuh-haq-hix-nidaweli-tezalipu-peh-meh-hiwaponu,nidaweli,,2842
5f9e03f3517e0d3ad1eab67b,5e13a93a8640209e59703481,50,receiver,online,window,window-online,,window,1134
5f9e03f3517e0d3ad1eab67b,5e13a93a8640209e59703481,51,sender,online,silver,wepitula-puwirefa-kuh-haq-hix-nidaweli-tezalipu-peh-meh-hiwaponu,hix,,2461
5f9e03f3517e0d3ad1eab67b,5e13a93a8640209e59703481,52,receiver,online,memory,memory-online,,online,2449
5f9e03f3517e0d3ad1eab67b,5e13a93a8640209e59703481,53,sender,change,police,wepitula-puwirefa-kuh-haq-hix-nidaweli-tezalipu-peh-meh-hiwaponu,puwirefa,,1556
5f9e03f3517e0d3ad1eab67b,5e13a93a8640209e59703481,54,receiver,memory,window,memory-window,,memory,1425
5f9e03f3517e0d3ad1eab67b,5e13a93a8640209e59703481,55,sender,online,silver,wepitula-puwirefa-kuh-haq-hix-nidaweli-tezalipu-peh-meh-hiwaponu,hix,,1960
5f9e03f3517e0d3ad1eab67b,5e13a93a8640209e59703481,56,receiver,police,signal,police-signal,,police,2494
5f9e03f3517e0d3ad1eab67b,5e13a93a8640209e59703481,57,sender,online,signal,wepitula-puwirefa-kuh-haq-hix-nidaweli-tezalipu-peh-meh-hiwaponu,tezalipu,,2996
5f9e03f3517e0d3ad1eab67b,5e13a93a8640209e59703481,58,receiver,review,signal,signal-review,,review,1682
5f9e03f3517e0d3ad1eab67b,5e13a93a8640209e59703481,59,sender,window,signal,wepitula-puwirefa-kuh-haq-hix-nidaweli-tezalipu-peh-meh-hiwaponu,wepitula,,1575
5f9e03f3517e0d3ad1eab67b,5e13a93a8640209e59703481,60,receiver,change,system,system-change,,change,2714
5f9e03f3517e0d3ad1eab67b,5e13a93a8640209e59703481,61,sender,signal,silver,wepitula-puwirefa-kuh-haq-hix-nidaweli-tezalipu-peh-meh-hiwaponu,hix,,6437
5f9e03f3517e0d3ad1eab67b,5e13a93a8640209e59703481,62,receiver,ground,online,online-ground,,online,1525
5f9e03f3517e0d3ad1eab67b,5e13a93a8640209e59703481,63,sender,memory,window,wepitula-puwirefa-kuh-haq-hix-nidaweli-tezalipu-peh-meh-hiwaponu,hiwaponu,,2693
5f9e03f3517e0d3ad1eab67b,5e13a93a8640209e59703481,64,receiver,system,signal,signal-system,,signal,2565
5f9e03f3517e0d3ad1eab67b,5e13a93a8640209e59703481,65,sender,review,silver,wepitula-puwirefa-kuh-haq-hix-nidaweli-tezalipu-peh-meh-hiwaponu,hix,,1660
5f9e03f3517e0d3ad1eab67b,5e13a93a8640209e59703481,66,receiver,change,ground,change-ground,,change,1694
5f9e03f3517e0d3ad1eab67b,5e13a93a8640209e59703481,67,sender,change,silver,wepitula-puwirefa-kuh-haq-hix-nidaweli-tezalipu-peh-meh-hiwaponu,peh,,3251
5f9e03f3517e0d3ad1eab67b,5e13a93a8640209e59703481,68,receiver,change,signal,change-signal,,change,2585
5f9e03f3517e0d3ad1eab67b,5e13a93a8640209e59703481,69,sender,review,system,wepitula-puwirefa-kuh-haq-hix-nidaweli-tezalipu-peh-meh-hiwaponu,haq,,4317
5f9e03f3517e0d3ad1eab67b,5e13a93a8640209e59703481,70,receiver,change,silver,silver-change,,change,2320
5f9e03f3517e0d3ad1eab67b,5e13a93a8640209e59703481,71,sender,change,silver,wepitula-puwirefa-kuh-haq-hix-nidaweli-tezalipu-peh-meh-hiwaponu,puwirefa,,2905
5f9e03f3517e0d3ad1eab67b,5e13a93a8640209e59703481,72,receiver,ground,system,system-ground,,system,2406
5f9e03f3517e0d3ad1eab67b,5e13a93a8640209e59703481,73,sender,memory,window,wepitula-puwirefa-kuh-haq-hix-nidaweli-tezalipu-peh-meh-hiwaponu,wepitula,,5967
5f9e03f3517e0d3ad1eab67b,5e13a93a8640209e59703481,74,receiver,police,window,police-window,,window,1736
5f9e03f3517e0d3ad1eab67b,5e13a93a8640209e59703481,75,sender,change,ground,wepitula-puwirefa-kuh-haq-hix-nidaweli-tezalipu-peh-meh-hiwaponu,kuh,,3101
5f9e03f3517e0d3ad1eab67b,5e13a93a8640209e59703481,76,receiver,system,window,window-system,,window,1599
5f9e03f3517e0d3ad1eab67b,5e13a93a8640209e59703481,77,sender,police,memory,wepitula-puwirefa-kuh-haq-hix-nidaweli-tezalipu-peh-meh-hiwaponu,puwirefa,,5087
5f9e03f3517e0d3ad1eab67b,5e13a93a8640209e59703481,78,receiver,review,signal,review-signal,,review,2662
5f9e03f3517e0d3ad1eab67b,5e13a93a8640209e59703481,79,sender,police,window,wepitula-puwirefa-kuh-haq-hix-nidaweli-tezalipu-peh-meh-hiwaponu,puwirefa,,1933
5f9e03f3517e0d3ad1eab67b,5e13a93a8640209e59703481,80,receiver,change,police,change-police,,police,1343
5f9e03f3517e0d3ad1eab67b,5e13a93a8640209e59703481,81,sender,system,window,wepitula-puwirefa-kuh-haq-hix-nidaweli-tezalipu-peh-meh-hiwaponu,nidaweli,,3282
5f9e03f3517e0d3ad1eab67b,5e13a93a8640209e59703481,82,receiver,online,window,online-window,,window,1428
5f9e03f3517e0d3ad1eab67b,5e13a93a8640209e59703481,83,sender,change,review,wepitula-puwirefa-kuh-haq-hix-nidaweli-tezalipu-peh-meh-hiwaponu,haq,,8556
5f9e03f3517e0d3ad1eab67b,5e13a93a8640209e59703481,84,receiver,online,silver,online-silver,,silver,3447
5f9e03f3517e0d3ad1eab67b,5e13a93a8640209e59703481,85,sender,system,silver,wepitula-puwirefa-kuh-haq-hix-nidaweli-tezalipu-peh-meh-hiwaponu,peh,,2455
5f9e03f3517e0d3ad1eab67b,5e13a93a8640209e59703481,86,receiver,change,online,online-change,,online,9764
5f9e03f3517e0d3ad1eab67b,5e13a93a8640209e59703481,87,sender,police,system,wepitula-puwirefa-kuh-haq-hix-nidaweli-tezalipu-peh-meh-hiwaponu,puwirefa,,2569
5f9e03f3517e0d3ad1eab67b,5e13a93a8640209e59703481,88,receiver,ground,signal,ground-signal,,ground,17272
5f9e03f3517e0d3ad1eab67b,5e13a93a8640209e59703481,89,sender,ground,online,wepitula-puwirefa-kuh-haq-hix-nidaweli-tezalipu-peh-meh-hiwaponu,peh,,16357
5f9e03f3517e0d3ad1eab67b,5e13a93a8640209e59703481,90,receiver,change,window,window-change,,change,1521
5f9e03f3517e0d3ad1eab67b,5e13a93a8640209e59703481,91,sender,review,memory,wepitula-puwirefa-kuh-haq-hix-nidaweli-tezalipu-peh-meh-hiwaponu,tezalipu,,2580
5f9e03f3517e0d3ad1eab67b,5e13a93a8640209e59703481,92,receiver,change,memory,change-memory,,change,2028
5f9e03f3517e0d3ad1eab67b,5e13a93a8640209e59703481,93,sender,ground,signal,wepitula-puwirefa-kuh-haq-hix-nidaweli-tezalipu-peh-meh-hiwaponu,nidaweli,,4434
5f9e03f3517e0d3ad1eab67b,5e13a93a8640209e59703481,94,receiver,police,review,review-police,,review,9274
5f9e03f3517e0d3ad1eab67b,5e13a93a8640209e59703481,95,sender,online,review,wepitula-puwirefa-kuh-haq-hix-nidaweli-tezalipu-peh-meh-hiwaponu,hix,,17217
5f9e03f3517e0d3ad1eab67b,5e13a93a8640209e59703481,96,receiver,police,online,police-online,,police,1545
5f9e03f3517e0d3ad1eab67b,5e13a93a8640209e59703481,97,sender,system,window,wepitula-puwirefa-kuh-haq-hix-nidaweli-tezalipu-peh-meh-hiwaponu,hiwaponu,,3860
5f9e03f3517e0d3ad1eab67b,5e13a93a8640209e59703481,98,receiver,police,review,review-police,,police,7415
5f9e03f3517e0d3ad1eab67b,5e13a93a8640209e59703481,99,sender,memory,silver,wepitula-puwirefa-kuh-haq-hix-nidaweli-tezalipu-peh-meh-hiwaponu,hiwaponu,,3731
5f9e03f3517e0d3ad1eab67b,5e13a93a8640209e59703481,100,receiver,memory,signal,signal-memory,,memory,2760
5f9e03f3517e0d3ad1eab67b,5e13a93a8640209e59703481,101,sender,police,ground,wepitula-puwirefa-kuh-haq-hix-nidaweli-tezalipu-peh-meh-hiwaponu,puwirefa,,2153
5f9e03f3517e0d3ad1eab67b,5e13a93a8640209e59703481,102,receiver,change,review,change-review,,review,1409
5f9e03f3517e0d3ad1eab67b,5e13a93a8640209e59703481,103,sender,online,system,wepitula-puwirefa-kuh-haq-hix-nidaweli-tezalipu-peh-meh-hiwaponu,tezalipu,,3158
5f9e03f3517e0d3ad1eab67b,5e13a93a8640209e59703481,104,receiver,review,system,review-system,,system,2662
5f9e03f3517e0d3ad1eab67b,5e13a93a8640209e59703481,105,sender,ground,silver,wepitula-puwirefa-kuh-haq-hix-nidaweli-tezalipu-peh-meh-hiwaponu,wepitula,,2585
5f9e03f3517e0d3ad1eab67b,5e13a93a8640209e59703481,106,receiver,police,memory,police-memory,,memory,2726
5f9e03f3517e0d3ad1eab67b,5e13a93a8640209e59703481,107,sender,signal,silver,wepitula-puwirefa-kuh-haq-hix-nidaweli-tezalipu-peh-meh-hiwaponu,haq,,12281
5f9e03f3517e0d3ad1eab67b,5e13a93a8640209e59703481,108,receiver,change,police,police-change,,police,4636
5f9e03f3517e0d3ad1eab67b,5e13a93a8640209e59703481,109,sender,online,review,wepitula-puwirefa-kuh-haq-hix-nidaweli-tezalipu-peh-meh-hiwaponu,kuh,,2358
5f9e03f3517e0d3ad1eab67b,5e13a93a8640209e59703481,110,receiver,review,silver,silver-review,,silver,2182
5f9e03f3517e0d3ad1eab67b,5e13a93a8640209e59703481,111,sender,police,silver,wepitula-puwirefa-kuh-haq-hix-nidaweli-tezalipu-peh-meh-hiwaponu,puwirefa,,2760
5f9e03f3517e0d3ad1eab67b,5e13a93a8640209e59703481,112,receiver,change,signal,signal-change,,signal,3129
5f9e03f3517e0d3ad1eab67b,5e13a93a8640209e59703481,113,sender,system,memory,wepitula-puwirefa-kuh-haq-hix-nidaweli-tezalipu-peh-meh-hiwaponu,peh,,3089
5f9e03f3517e0d3ad1eab67b,5e13a93a8640209e59703481,114,receiver,online,signal,signal-online,,online,2409
5f9e03f3517e0d3ad1eab67b,5e13a93a8640209e59703481,115,sender,change,window,wepitula-puwirefa-kuh-haq-hix-nidaweli-tezalipu-peh-meh-hiwaponu,haq,,2303
5f9e03f3517e0d3ad1eab67b,5e13a93a8640209e59703481,116,receiver,ground,online,online-ground,,ground,1608
5f9e03f3517e0d3ad1eab67b,5e13a93a8640209e59703481,117,sender,review,window,wepitula-puwirefa-kuh-haq-hix-nidaweli-tezalipu-peh-meh-hiwaponu,nidaweli,,3298
5f9e03f3517e0d3ad1eab67b,5e13a93a8640209e59703481,118,receiver,system,memory,memory-system,,memory,1713
5f9e03f3517e0d3ad1eab67b,5e13a93a8640209e59703481,119,sender,review,memory,wepitula-puwirefa-kuh-haq-hix-nidaweli-tezalipu-peh-meh-hiwaponu,hiwaponu,,3313
5f9e03f3517e0d3ad1eab67b,5e13a93a8640209e59703481,120,receiver,online,system,system-online,,online,2211
5f9e03f3517e0d3ad1eab67b,5e13a93a8640209e59703481,121,sender,review,silver,wepitula-puwirefa-kuh-haq-hix-nidaweli-tezalipu-peh-meh-hiwaponu,kuh,,2996
5f9e03f3517e0d3ad1eab67b,5e13a93a8640209e59703481,122,receiver,change,system,system-change,,change,1581
5f9e03f3517e0d3ad1eab67b,5e13a93a8640209e59703481,123,sender,memory,signal,wepitula-puwirefa-kuh-haq-hix-nidaweli-tezalipu-peh-meh-hiwaponu,meh,,2654
5f9e03f3517e0d3ad1eab67b,5e13a93a8640209e59703481,124,receiver,change,online,online-change,,change,2042
5f9e03f3517e0d3ad1eab67b,5e13a93a8640209e59703481,125,sender,system,signal,wepitula-puwirefa-kuh-haq-hix-nidaweli-tezalipu-peh-meh-hiwaponu,tezalipu,,4806
5f9e03f3517e0d3ad1eab67b,5e13a93a8640209e59703481,126,receiver,police,window,police-window,,window,1663
5f9e03f3517e0d3ad1eab67b,5e13a93a8640209e59703481,127,sender,review,window,wepitula-puwirefa-kuh-haq-hix-nidaweli-tezalipu-peh-meh-hiwaponu,puwirefa,,2605
5f9e03f3517e0d3ad1eab67b,5e13a93a8640209e59703481,128,receiver,online,review,review-online,,review,1862
5f9e03f3517e0d3ad1eab67b,5e13a93a8640209e59703481,129,sender,system,memory,wepitula-puwirefa-kuh-haq-hix-nidaweli-tezalipu-peh-meh-hiwaponu,kuh,,3661
5f9e03f3517e0d3ad1eab67b,5e13a93a8640209e59703481,130,receiver,police,silver,police-silver,,silver,1684
5f9e03f3517e0d3ad1eab67b,5e13a93a8640209e59703481,131,sender,police,online,wepitula-puwirefa-kuh-haq-hix-nidaweli-tezalipu-peh-meh-hiwaponu,puwirefa,,7226
5f9e03f3517e0d3ad1eab67b,5e13a93a8640209e59703481,132,receiver,window,silver,window-silver,,window,1910
5f9e03f3517e0d3ad1eab67b,5e13a93a8640209e59703481,133,sender,police,ground,wepitula-puwirefa-kuh-haq-hix-nidaweli-tezalipu-peh-meh-hiwaponu,puwirefa,,1834
5f9e03f3517e0d3ad1eab67b,5e13a93a8640209e59703481,134,receiver,change,ground,ground-change,,change,2536
5f9e03f3517e0d3ad1eab67b,5e13a93a8640209e59703481,135,sender,police,online,wepitula-puwirefa-kuh-haq-hix-nidaweli-tezalipu-peh-meh-hiwaponu,puwirefa,,1621