participant_id, partner_id, trial_index, trial_type, target_meaning, foil_meaning,             choices, signal_selected, meaning_guess, rt
5e13a93a8640209e59703481,5f9e03f3517e0d3ad1eab67b,1,receiver,police,signal,police-signal,,police,5119.3
5e13a93a8640209e59703481,5f9e03f3517e0d3ad1eab67b,2,sender,review,memory,wepitula-puwirefa-kuh-haq-hix-nidaweli-tezalipu-peh-meh-hiwaponu,meh,,16878.1
5e13a93a8640209e59703481,5f9e03f3517e0d3ad1eab67b,3,receiver,change,memory,memory-change,,change,7564.8
5e13a93a8640209e59703481,5f9e03f3517e0d3ad1eab67b,4,sender,signal,silver,wepitula-puwirefa-kuh-haq-hix-nidaweli-tezalipu-peh-meh-hiwaponu,hix,,19724.6
5e13a93a8640209e59703481,5f9e03f3517e0d3ad1eab67b,5,receiver,window,silver,window-silver,,window,3505.3
5e13a93a8640209e59703481,5f9e03f3517e0d3ad1eab67b,6,sender,system,signal,wepitula-puwirefa-kuh-haq-hix-nidaweli-tezalipu-peh-meh-hiwaponu,hiwaponu,,16079.5
5e13a93a8640209e59703481,5f9e03f3517e0d3ad1eab67b,7,receiver,change,signal,change-signal,,change,8127.6
5e13a93a8640209e59703481,5f9e03f3517e0d3ad1eab67b,8,sender,change,system,wepitula-puwirefa-kuh-haq-hix-nidaweli-tezalipu-peh-meh-hiwaponu,tezalipu,,7085.1
5e13a93a8640209e59703481,5f9e03f3517e0d3ad1eab67b,9,receiver,memory,silver,memory-silver,,memory,2808.3
5e13a93a8640209e59703481,5f9e03f3517e0d3ad1eab67b,10,sender,ground,memory,wepitula-puwirefa-kuh-haq-hix-nidaweli-tezalipu-peh-meh-hiwaponu,meh,,5116.8
5e13a93a8640209e59703481,5f9e03f3517e0d3ad1eab67b,11,receiver,online,memory,memory-online,,online,3165.8
5e13a93a8640209e59703481,5f9e03f3517e0d3ad1eab67b,12,sender,online,signal,wepitula-puwirefa-kuh-haq-hix-nidaweli-tezalipu-peh-meh-hiwaponu,tezalipu,,4845.7
5e13a93a8640209e59703481,5f9e03f3517e0d3ad1eab67b,13,receiver,ground,review,review-ground,,review,3886.5
5e13a93a8640209e59703481,5f9e03f3517e0d3ad1eab67b,14,sender,system,silver,wepitula-puwirefa-kuh-haq-hix-nidaweli-tezalipu-peh-meh-hiwaponu,hiwaponu,,5943.2
5e13a93a8640209e59703481,5f9e03f3517e0d3ad1eab67b,15,receiver,change,review,change-review,,change,3286
5e13a93a8640209e59703481,5f9e03f3517e0d3ad1eab67b,16,sender,change,online,wepitula-puwirefa-kuh-haq-hix-nidaweli-tezalipu-peh-meh-hiwaponu,peh,,25577.2
5e13a93a8640209e59703481,5f9e03f3517e0d3ad1eab67b,17,receiver,window,silver,window-silver,,window,3567.8
5e13a93a8640209e59703481,5f9e03f3517e0d3ad1eab67b,18,sender,ground,review,wepitula-puwirefa-kuh-haq-hix-nidaweli-tezalipu-peh-meh-hiwaponu,hiwaponu,,24481.2
5e13a93a8640209e59703481,5f9e03f3517e0d3ad1eab67b,19,receiver,review,signal,review-signal,,review,4325.3
5e13a93a8640209e59703481,5f9e03f3517e0d3ad1eab67b,20,sender,ground,memory,wepitula-puwirefa-kuh-haq-hix-nidaweli-tezalipu-peh-meh-hiwaponu,meh,,2891.3
5e13a93a8640209e59703481,5f9e03f3517e0d3ad1eab67b,21,receiver,memory,signal,memory-signal,,signal,2687.7
5e13a93a8640209e59703481,5f9e03f3517e0d3ad1eab67b,22,sender,change,window,wepitula-puwirefa-kuh-haq-hix-nidaweli-tezalipu-peh-meh-hiwaponu,wepitula,,2304.1
5e13a93a8640209e59703481,5f9e03f3517e0d3ad1eab67b,23,receiver,ground,silver,silver-ground,,silver,4607.9
5e13a93a8640209e59703481,5f9e03f3517e0d3ad1eab67b,24,sender,memory,silver,wepitula-puwirefa-kuh-haq-hix-nidaweli-tezalipu-peh-meh-hiwaponu,tezalipu,,7806.6
5e13a93a8640209e59703481,5f9e03f3517e0d3ad1eab67b,25,receiver,police,silver,silver-police,,police,2874.9
5e13a93a8640209e59703481,5f9e03f3517e0d3ad1eab67b,26,sender,ground,system,wepitula-puwirefa-kuh-haq-hix-nidaweli-tezalipu-peh-meh-hiwaponu,nidaweli,,5974.1
5e13a93a8640209e59703481,5f9e03f3517e0d3ad1eab67b,27,receiver,ground,window,ground-window,,window,2921.9
5e13a93a8640209e59703481,5f9e03f3517e0d3ad1eab67b,28,sender,online,window,wepitula-puwirefa-kuh-haq-hix-nidaweli-tezalipu-peh-meh-hiwaponu,wepitula,,4290
5e13a93a8640209e59703481,5f9e03f3517e0d3ad1eab67b,29,receiver,ground,window,ground-window,,ground,2921.8
5e13a93a8640209e59703481,5f9e03f3517e0d3ad1eab67b,30,sender,police,memory,wepitula-puwirefa-kuh-haq-hix-nidaweli-tezalipu-peh-meh-hiwaponu,meh,,2190.8
5e13a93a8640209e59703481,5f9e03f3517e0d3ad1eab67b,31,receiver,window,signal,signal-window,,window,2067.7
5e13a93a8640209e59703481,5f9e03f3517e0d3ad1eab67b,32,sender,police,system,wepitula-puwirefa-kuh-haq-hix-nidaweli-tezalipu-peh-meh-hiwaponu,nidaweli,,4795.9
5e13a93a8640209e59703481,5f9e03f3517e0d3ad1eab67b,33,receiver,ground,signal,ground-signal,,signal,3255.7
5e13a93a8640209e59703481,5f9e03f3517e0d3ad1eab67b,34,sender,change,memory,wepitula-puwirefa-kuh-haq-hix-nidaweli-tezalipu-peh-meh-hiwaponu,meh,,2495.1
5e13a93a8640209e59703481,5f9e03f3517e0d3ad1eab67b,35,receiver,police,ground,ground-police,,police,2775
5e13a93a8640209e59703481,5f9e03f3517e0d3ad1eab67b,36,sender,online,system,wepitula-puwirefa-kuh-haq-hix-nidaweli-tezalipu-peh-meh-hiwaponu,tezalipu,,5968.7
5e13a93a8640209e59703481,5f9e03f3517e0d3ad1eab67b,37,receiver,online,memory,memory-online,,online,2427
5e13a93a8640209e59703481,5f9e03f3517e0d3ad1eab67b,38,sender,review,window,wepitula-puwirefa-kuh-haq-hix-nidaweli-tezalipu-peh-meh-hiwaponu,wepitula,,1924.1
5e13a93a8640209e59703481,5f9e03f3517e0d3ad1eab67b,39,receiver,ground,system,ground-system,,ground,3576.1
5e13a93a8640209e59703481,5f9e03f3517e0d3ad1eab67b,40,sender,ground,window,wepitula-puwirefa-kuh-haq-hix-nidaweli-tezalipu-peh-meh-hiwaponu,wepitula,,5699.9
5e13a93a8640209e59703481,5f9e03f3517e0d3ad1eab67b,41,receiver,ground,silver,silver-ground,,silver,3757.8
5e13a93a8640209e59703481,5f9e03f3517e0d3ad1eab67b,42,sender,police,review,wepitula-puwirefa-kuh-haq-hix-nidaweli-tezalipu-peh-meh-hiwaponu,puwirefa,,13434.4
5e13a93a8640209e59703481,5f9e03f3517e0d3ad1eab67b,43,receiver,review,system,system-review,,review,6936.4
5e13a93a8640209e59703481,5f9e03f3517e0d3ad1eab67b,44,sender,system,silver,wepitula-puwirefa-kuh-haq-hix-nidaweli-tezalipu-peh-meh-hiwaponu,peh,,15928.4
5e13a93a8640209e59703481,5f9e03f3517e0d3ad1eab67b,45,receiver,police,system,system-police,,police,3442
5e13a93a8640209e59703481,5f9e03f3517e0d3ad1eab67b,46,sender,police,signal,wepitula-puwirefa-kuh-haq-hix-nidaweli-tezalipu-peh-meh-hiwaponu,nidaweli,,11128.1
5e13a93a8640209e59703481,5f9e03f3517e0d3ad1eab67b,47,receiver,window,signal,window-signal,,window,4113.7
5e13a93a8640209e59703481,5f9e03f3517e0d3ad1eab67b,48,sender,ground,memory,wepitula-puwirefa-kuh-haq-hix-nidaweli-tezalipu-peh-meh-hiwaponu,meh,,2345.5
5e13a93a8640209e59703481,5f9e03f3517e0d3ad1eab67b,49,receiver,ground,review,ground-review,,review,3309.8
5e13a93a8640209e59703481,5f9e03f3517e0d3ad1eab67b,50,sender,online,window,wepitula-puwirefa-kuh-haq-hix-nidaweli-tezalipu-peh-meh-hiwaponu,wepitula,,2971.6
5e13a93a8640209e59703481,5f9e03f3517e0d3ad1eab67b,51,receiver,online,silver,online-silver,,online,1709.4
5e13a93a8640209e59703481,5f9e03f3517e0d3ad1eab67b,52,sender,online,memory,wepitula-puwirefa-kuh-haq-hix-nidaweli-tezalipu-peh-meh-hiwaponu,meh,,3476.2
5e13a93a8640209e59703481,5f9e03f3517e0d3ad1eab67b,53,receiver,change,police,police-change,,police,2536.6
5e13a93a8640209e59703481,5f9e03f3517e0d3ad1eab67b,54,sender,memory,window,wepitula-puwirefa-kuh-haq-hix-nidaweli-tezalipu-peh-meh-hiwaponu,wepitula,,3222.8
5e13a93a8640209e59703481,5f9e03f3517e0d3ad1eab67b,55,receiver,online,silver,online-silver,,silver,1592.9
5e13a93a8640209e59703481,5f9e03f3517e0d3ad1eab67b,56,sender,police,signal,wepitula-puwirefa-kuh-haq-hix-nidaweli-tezalipu-peh-meh-hiwaponu,tezalipu,,4857.6
5e13a93a8640209e59703481,5f9e03f3517e0d3ad1eab67b,57,receiver,online,signal,signal-online,,online,5914.6
5e13a93a8640209e59703481,5f9e03f3517e0d3ad1eab67b,58,sender,review,signal,wepitula-puwirefa-kuh-haq-hix-nidaweli-tezalipu-peh-meh-hiwaponu,nidaweli,,9672.6
5e13a93a8640209e59703481,5f9e03f3517e0d3ad1eab67b,59,receiver,window,signal,window-signal,,window,1788.1
5e13a93a8640209e59703481,5f9e03f3517e0d3ad1eab67b,60,sender,change,system,wepitula-puwirefa-kuh-haq-hix-nidaweli-tezalipu-peh-meh-hiwaponu,hiwaponu,,11022.8
5e13a93a8640209e59703481,5f9e03f3517e0d3ad1eab67b,61,receiver,signal,silver,silver-signal,,silver,3213.4
5e13a93a8640209e59703481,5f9e03f3517e0d3ad1eab67b,62,sender,ground,online,wepitula-puwirefa-kuh-haq-hix-nidaweli-tezalipu-peh-meh-hiwaponu,hix,,5053.1
5e13a93a8640209e59703481,5f9e03f3517e0d3ad1eab67b,63,receiver,memory,window,window-memory,,memory,4443.6
5e13a93a8640209e59703481,5f9e03f3517e0d3ad1eab67b,64,sender,system,signal,wepitula-puwirefa-kuh-haq-hix-nidaweli-tezalipu-peh-meh-hiwaponu,tezalipu,,5102.2
5e13a93a8640209e59703481,5f9e03f3517e0d3ad1eab67b,65,receiver,review,silver,review-silver,,silver,2605.6
5e13a93a8640209e59703481,5f9e03f3517e0d3ad1eab67b,66,sender,change,ground,wepitula-puwirefa-kuh-haq-hix-nidaweli-tezalipu-peh-meh-hiwaponu,peh,,3770
5e13a93a8640209e59703481,5f9e03f3517e0d3ad1eab67b,67,receiver,change,silver,change-silver,,change,6360.7
5e13a93a8640209e59703481,5f9e03f3517e0d3ad1eab67b,68,sender,change,signal,wepitula-puwirefa-kuh-haq-hix-nidaweli-tezalipu-peh-meh-hiwaponu,tezalipu,,3209.9
5e13a93a8640209e59703481,5f9e03f3517e0d3ad1eab67b,69,receiver,review,system,review-system,,system,4877.7
5e13a93a8640209e59703481,5f9e03f3517e0d3ad1eab67b,70,sender,change,silver,wepitula-puwirefa-kuh-haq-hix-nidaweli-tezalipu-peh-meh-hiwaponu,hix,,3560.5
5e13a93a8640209e59703481,5f9e03f3517e0d3ad1eab67b,71,receiver,change,silver,silver-change,,change,2654.2
5e13a93a8640209e59703481,5f9e03f3517e0d3ad1eab67b,72,sender,ground,system,wepitula-puwirefa-kuh-haq-hix-nidaweli-tezalipu-peh-meh-hiwaponu,tezalipu,,3774.5
5e13a93a8640209e59703481,5f9e03f3517e0d3ad1eab67b,73,receiver,memory,window,window-memory,,window,4059.4
5e13a93a8640209e59703481,5f9e03f3517e0d3ad1eab67b,74,sender,police,window,wepitula-puwirefa-kuh-haq-hix-nidaweli-tezalipu-peh-meh-hiwaponu,puwirefa,,2019.5
5e13a93a8640209e59703481,5f9e03f3517e0d3ad1eab67b,75,receiver,change,ground,change-ground,,change,4919.6
5e13a93a8640209e59703481,5f9e03f3517e0d3ad1eab67b,76,sender,system,window,wepitula-puwirefa-kuh-haq-hix-nidaweli-tezalipu-peh-meh-hiwaponu,wepitula,,3007.3
5e13a93a8640209e59703481,5f9e03f3517e0d3ad1eab67b,77,receiver,police,memory,police-memory,,police,2618.1
5e13a93a8640209e59703481,5f9e03f3517e0d3ad1eab67b,78,sender,review,signal,wepitula-puwirefa-kuh-haq-hix-nidaweli-tezalipu-peh-meh-hiwaponu,tezalipu,,3788.1
5e13a93a8640209e59703481,5f9e03f3517e0d3ad1eab67b,79,receiver,police,window,police-window,,police,2248.5
5e13a93a8640209e59703481,5f9e03f3517e0d3ad1eab67b,80,sender,change,police,wepitula-puwirefa-kuh-haq-hix-nidaweli-tezalipu-peh-meh-hiwaponu,puwirefa,,2770.2
5e13a93a8640209e59703481,5f9e03f3517e0d3ad1eab67b,81,receiver,system,window,system-window,,system,3064.4
5e13a93a8640209e59703481,5f9e03f3517e0d3ad1eab67b,82,sender,online,window,wepitula-puwirefa-kuh-haq-hix-nidaweli-tezalipu-peh-meh-hiwaponu,wepitula,,8105.7
5e13a93a8640209e59703481,5f9e03f3517e0d3ad1eab67b,83,receiver,change,review,change-review,,review,4202.4
5e13a93a8640209e59703481,5f9e03f3517e0d3ad1eab67b,84,sender,online,silver,wepitula-puwirefa-kuh-haq-hix-nidaweli-tezalipu-peh-meh-hiwaponu,hix,,7011.9
5e13a93a8640209e59703481,5f9e03f3517e0d3ad1eab67b,85,receiver,system,silver,silver-system,,system,5712.4
5e13a93a8640209e59703481,5f9e03f3517e0d3ad1eab67b,86,sender,change,online,wepitula-puwirefa-kuh-haq-hix-nidaweli-tezalipu-peh-meh-hiwaponu,kuh,,6251.5
5e13a93a8640209e59703481,5f9e03f3517e0d3ad1eab67b,87,receiver,police,system,system-police,,police,2220.7
5e13a93a8640209e59703481,5f9e03f3517e0d3ad1eab67b,88,sender,ground,signal,wepitula-puwirefa-kuh-haq-hix-nidaweli-tezalipu-peh-meh-hiwaponu,nidaweli,,7002.6
5e13a93a8640209e59703481,5f9e03f3517e0d3ad1eab67b,89,receiver,ground,online,ground-online,,ground,3013.8
5e13a93a8640209e59703481,5f9e03f3517e0d3ad1eab67b,90,sender,change,window,wepitula-puwirefa-kuh-haq-hix-nidaweli-tezalipu-peh-meh-hiwaponu,wepitula,,1917.5
5e13a93a8640209e59703481,5f9e03f3517e0d3ad1eab67b,91,receiver,review,memory,review-memory,,review,4303.7
5e13a93a8640209e59703481,5f9e03f3517e0d3ad1eab67b,92,sender,change,memory,wepitula-puwirefa-kuh-haq-hix-nidaweli-tezalipu-peh-meh-hiwaponu,meh,,4735.5
5e13a93a8640209e59703481,5f9e03f3517e0d3ad1eab67b,93,receiver,ground,signal,ground-signal,,signal,4594.2
5e13a93a8640209e59703481,5f9e03f3517e0d3ad1eab67b,94,sender,police,review,wepitula-puwirefa-kuh-haq-hix-nidaweli-tezalipu-peh-meh-hiwaponu,haq,,7595.2
5e13a93a8640209e59703481,5f9e03f3517e0d3ad1eab67b,95,receiver,online,review,review-online,,online,2472.5
5e13a93a8640209e59703481,5f9e03f3517e0d3ad1eab67b,96,sender,police,online,wepitula-puwirefa-kuh-haq-hix-nidaweli-tezalipu-peh-meh-hiwaponu,puwirefa,,2829.4
5e13a93a8640209e59703481,5f9e03f3517e0d3ad1eab67b,97,receiver,system,window,window-system,,system,7965.4
5e13a93a8640209e59703481,5f9e03f3517e0d3ad1eab67b,98,sender,police,review,wepitula-puwirefa-kuh-haq-hix-nidaweli-tezalipu-peh-meh-hiwaponu,haq,,3524.1
5e13a93a8640209e59703481,5f9e03f3517e0d3ad1eab67b,99,receiver,memory,silver,memory-silver,,memory,5236.8
5e13a93a8640209e59703481,5f9e03f3517e0d3ad1eab67b,100,sender,memory,signal,wepitula-puwirefa-kuh-haq-hix-nidaweli-tezalipu-peh-meh-hiwaponu,tezalipu,,9309.1
5e13a93a8640209e59703481,5f9e03f3517e0d3ad1eab67b,101,receiver,police,ground,police-ground,,police,3153.2
5e13a93a8640209e59703481,5f9e03f3517e0d3ad1eab67b,102,sender,change,review,wepitula-puwirefa-kuh-haq-hix-nidaweli-tezalipu-peh-meh-hiwaponu,hix,,3965
5e13a93a8640209e59703481,5f9e03f3517e0d3ad1eab67b,103,receiver,online,system,system-online,,system,6652.2
5e13a93a8640209e59703481,5f9e03f3517e0d3ad1eab67b,104,sender,review,system,wepitula-puwirefa-kuh-haq-hix-nidaweli-tezalipu-peh-meh-hiwaponu,tezalipu,,18840.2
5e13a93a8640209e59703481,5f9e03f3517e0d3ad1eab67b,105,receiver,ground,silver,silver-ground,,ground,7921.4
5e13a93a8640209e59703481,5f9e03f3517e0d3ad1eab67b,106,sender,police,memory,wepitula-puwirefa-kuh-haq-hix-nidaweli-tezalipu-peh-meh-hiwaponu,meh,,15086.4
5e13a93a8640209e59703481,5f9e03f3517e0d3ad1eab67b,107,receiver,signal,silver,signal-silver,,silver,7222.5
5e13a93a8640209e59703481,5f9e03f3517e0d3ad1eab67b,108,sender,change,police,wepitula-puwirefa-kuh-haq-hix-nidaweli-tezalipu-peh-meh-hiwaponu,puwirefa,,3059.1
5e13a93a8640209e59703481,5f9e03f3517e0d3ad1eab67b,109,receiver,online,review,online-review,,online,8412.7
5e13a93a8640209e59703481,5f9e03f3517e0d3ad1eab67b,110,sender,review,silver,wepitula-puwirefa-kuh-haq-hix-nidaweli-tezalipu-peh-meh-hiwaponu,peh,,7233.3
5e13a93a8640209e59703481,5f9e03f3517e0d3ad1eab67b,111,receiver,police,silver,police-silver,,police,4899.1
5e13a93a8640209e59703481,5f9e03f3517e0d3ad1eab67b,112,sender,change,signal,wepitula-puwirefa-kuh-haq-hix-nidaweli-tezalipu-peh-meh-hiwaponu,tezalipu,,5888
5e13a93a8640209e59703481,5f9e03f3517e0d3ad1eab67b,113,receiver,system,memory,memory-system,,system,6636.4
5e13a93a8640209e59703481,5f9e03f3517e0d3ad1eab67b,114,sender,online,signal,wepitula-puwirefa-kuh-haq-hix-nidaweli-tezalipu-peh-meh-hiwaponu,tezalipu,,7561.3
5e13a93a8640209e59703481,5f9e03f3517e0d3ad1eab67b,115,receiver,change,window,window-change,,change,2755.5
5e13a93a8640209e59703481,5f9e03f3517e0d3ad1eab67b,116,sender,ground,online,wepitula-puwirefa-kuh-haq-hix-nidaweli-tezalipu-peh-meh-hiwaponu,hix,,13782.2
5e13a93a8640209e59703481,5f9e03f3517e0d3ad1eab67b,117,receiver,review,window,review-window,,review,2806.1
5e13a93a8640209e59703481,5f9e03f3517e0d3ad1eab67b,118,sender,system,memory,wepitula-puwirefa-kuh-haq-hix-nidaweli-tezalipu-peh-meh-hiwaponu,meh,,2501.9
5e13a93a8640209e59703481,5f9e03f3517e0d3ad1eab67b,119,receiver,review,memory,review-memory,,review,6615.5
5e13a93a8640209e59703481,5f9e03f3517e0d3ad1eab67b,120,sender,online,system,wepitula-puwirefa-kuh-haq-hix-nidaweli-tezalipu-peh-meh-hiwaponu,tezalipu,,3180
5e13a93a8640209e59703481,5f9e03f3517e0d3ad1eab67b,121,receiver,review,silver,silver-review,,silver,8297
5e13a93a8640209e59703481,5f9e03f3517e0d3ad1eab67b,122,sender,change,system,wepitula-puwirefa-kuh-haq-hix-nidaweli-tezalipu-peh-meh-hiwaponu,tezalipu,,13982.6
5e13a93a8640209e59703481,5f9e03f3517e0d3ad1eab67b,123,receiver,memory,signal,signal-memory,,memory,5240.2
5e13a93a8640209e59703481,5f9e03f3517e0d3ad1eab67b,124,sender,change,online,wepitula-puwirefa-kuh-haq-hix-nidaweli-tezalipu-peh-meh-hiwaponu,hix,,4709.1
5e13a93a8640209e59703481,5f9e03f3517e0d3ad1eab67b,125,receiver,system,signal,signal-system,,system,6150.5
5e13a93a8640209e59703481,5f9e03f3517e0d3ad1eab67b,126,sender,police,window,wepitula-puwirefa-kuh-haq-hix-nidaweli-tezalipu-peh-meh-hiwaponu,wepitula,,1967.1
5e13a93a8640209e59703481,5f9e03f3517e0d3ad1eab67b,127,receiver,review,window,review-window,,window,4456.7
5e13a93a8640209e59703481,5f9e03f3517e0d3ad1eab67b,128,sender,online,review,wepitula-puwirefa-kuh-haq-hix-nidaweli-tezalipu-peh-meh-hiwaponu,nidaweli,,4810.6
5e13a93a8640209e59703481,5f9e03f3517e0d3ad1eab67b,129,receiver,system,memory,system-memory,,system,3099.7
5e13a93a8640209e59703481,5f9e03f3517e0d3ad1eab67b,130,sender,police,silver,wepitula-puwirefa-kuh-haq-hix-nidaweli-tezalipu-peh-meh-hiwaponu,kuh,,9219.1
5e13a93a8640209e59703481,5f9e03f3517e0d3ad1eab67b,131,receiver,police,online,police-online,,police,8765.5
5e13a93a8640209e59703481,5f9e03f3517e0d3ad1eab67b,132,sender,window,silver,wepitula-puwirefa-kuh-haq-hix-nidaweli-tezalipu-peh-meh-hiwaponu,kuh,,4752.7
5e13a93a8640209e59703481,5f9e03f3517e0d3ad1eab67b,133,receiver,police,ground,police-ground,,police,4152.3
5e13a93a8640209e59703481,5f9e03f3517e0d3ad1eab67b,134,sender,change,ground,wepitula-puwirefa-kuh-haq-hix-nidaweli-tezalipu-peh-meh-hiwaponu,haq,,9359.8
5e13a93a8640209e59703481,5f9e03f3517e0d3ad1eab67b,135,receiver,police,online,police-online,,police,6212.5