participant_id, partner_id, trial_index, trial_type, target_meaning, foil_meaning,             choices, signal_selected, meaning_guess, rt
5774ed97d8e8880001b2ff6c,5c17c149f596b100011ca8b8,1,sender,window,system,hix-ralonefi-kuh-qip-tih-hiwaponu-meh-wepitula-pofepilu-saqotiwe,pofepilu,,24692.8
5774ed97d8e8880001b2ff6c,5c17c149f596b100011ca8b8,2,receiver,window,second,second-window,,second,8607.9
5774ed97d8e8880001b2ff6c,5c17c149f596b100011ca8b8,3,sender,people,system,hix-ralonefi-kuh-qip-tih-hiwaponu-meh-wepitula-pofepilu-saqotiwe,ralonefi,,9376.6
5774ed97d8e8880001b2ff6c,5c17c149f596b100011ca8b8,4,receiver,normal,people,people-normal,,normal,5127.1
5774ed97d8e8880001b2ff6c,5c17c149f596b100011ca8b8,5,sender,window,handle,hix-ralonefi-kuh-qip-tih-hiwaponu-meh-wepitula-pofepilu-saqotiwe,hix,,21908.7
5774ed97d8e8880001b2ff6c,5c17c149f596b100011ca8b8,6,receiver,ground,normal,ground-normal,,normal,4634.6
5774ed97d8e8880001b2ff6c,5c17c149f596b100011ca8b8,7,sender,ground,handle,hix-ralonefi-kuh-qip-tih-hiwaponu-meh-wepitula-pofepilu-saqotiwe,qip,,19582.7
5774ed97d8e8880001b2ff6c,5c17c149f596b100011ca8b8,8,receiver,window,people,window-people,,people,6064
5774ed97d8e8880001b2ff6c,5c17c149f596b100011ca8b8,9,sender,coffee,people,hix-ralonefi-kuh-qip-tih-hiwaponu-meh-wepitula-pofepilu-saqotiwe,qip,,14898.9
5774ed97d8e8880001b2ff6c,5c17c149f596b100011ca8b8,10,receiver,market,weight,weight-market,,market,8765
5774ed97d8e8880001b2ff6c,5c17c149f596b100011ca8b8,11,sender,ground,system,hix-ralonefi-kuh-qip-tih-hiwaponu-meh-wepitula-pofepilu-saqotiwe,kuh,,11801.3
5774ed97d8e8880001b2ff6c,5c17c149f596b100011ca8b8,12,receiver,market,people,people-market,,market,5352.9
5774ed97d8e8880001b2ff6c,5c17c149f596b100011ca8b8,13,sender,normal,handle,hix-ralonefi-kuh-qip-tih-hiwaponu-meh-wepitula-pofepilu-saqotiwe,qip,,13725.8
5774ed97d8e8880001b2ff6c,5c17c149f596b100011ca8b8,14,receiver,window,handle,window-handle,,window,7371.4
5774ed97d8e8880001b2ff6c,5c17c149f596b100011ca8b8,15,sender,market,weight,hix-ralonefi-kuh-qip-tih-hiwaponu-meh-wepitula-pofepilu-saqotiwe,saqotiwe,,13387.6
5774ed97d8e8880001b2ff6c,5c17c149f596b100011ca8b8,16,receiver,weight,coffee,coffee-weight,,coffee,3436.2
5774ed97d8e8880001b2ff6c,5c17c149f596b100011ca8b8,17,sender,window,market,hix-ralonefi-kuh-qip-tih-hiwaponu-meh-wepitula-pofepilu-saqotiwe,pofepilu,,2969.2
5774ed97d8e8880001b2ff6c,5c17c149f596b100011ca8b8,18,receiver,weight,second,second-weight,,weight,5351.6
5774ed97d8e8880001b2ff6c,5c17c149f596b100011ca8b8,19,sender,ground,handle,hix-ralonefi-kuh-qip-tih-hiwaponu-meh-wepitula-pofepilu-saqotiwe,kuh,,12913.5
5774ed97d8e8880001b2ff6c,5c17c149f596b100011ca8b8,20,receiver,ground,coffee,coffee-ground,,ground,4319.6
5774ed97d8e8880001b2ff6c,5c17c149f596b100011ca8b8,21,sender,coffee,handle,hix-ralonefi-kuh-qip-tih-hiwaponu-meh-wepitula-pofepilu-saqotiwe,qip,,10668.6
5774ed97d8e8880001b2ff6c,5c17c149f596b100011ca8b8,22,receiver,people,handle,handle-people,,handle,5946.9
5774ed97d8e8880001b2ff6c,5c17c149f596b100011ca8b8,23,sender,coffee,handle,hix-ralonefi-kuh-qip-tih-hiwaponu-meh-wepitula-pofepilu-saqotiwe,tih,,12840.7
5774ed97d8e8880001b2ff6c,5c17c149f596b100011ca8b8,24,receiver,weight,handle,weight-handle,,weight,3465.4
5774ed97d8e8880001b2ff6c,5c17c149f596b100011ca8b8,25,sender,window,market,hix-ralonefi-kuh-qip-tih-hiwaponu-meh-wepitula-pofepilu-saqotiwe,pofepilu,,14150.5
5774ed97d8e8880001b2ff6c,5c17c149f596b100011ca8b8,26,receiver,coffee,system,system-coffee,,system,6428.3
5774ed97d8e8880001b2ff6c,5c17c149f596b100011ca8b8,27,sender,people,second,hix-ralonefi-kuh-qip-tih-hiwaponu-meh-wepitula-pofepilu-saqotiwe,ralonefi,,8772.6
5774ed97d8e8880001b2ff6c,5c17c149f596b100011ca8b8,28,receiver,second,system,system-second,,second,9308.5
5774ed97d8e8880001b2ff6c,5c17c149f596b100011ca8b8,29,sender,normal,second,hix-ralonefi-kuh-qip-tih-hiwaponu-meh-wepitula-pofepilu-saqotiwe,meh,,11015.7
5774ed97d8e8880001b2ff6c,5c17c149f596b100011ca8b8,30,receiver,market,handle,handle-market,,market,4355.8
5774ed97d8e8880001b2ff6c,5c17c149f596b100011ca8b8,31,sender,coffee,handle,hix-ralonefi-kuh-qip-tih-hiwaponu-meh-wepitula-pofepilu-saqotiwe,qip,,6471.9
5774ed97d8e8880001b2ff6c,5c17c149f596b100011ca8b8,32,receiver,weight,ground,weight-ground,,weight,3830.9
5774ed97d8e8880001b2ff6c,5c17c149f596b100011ca8b8,33,sender,ground,people,hix-ralonefi-kuh-qip-tih-hiwaponu-meh-wepitula-pofepilu-saqotiwe,kuh,,5442
5774ed97d8e8880001b2ff6c,5c17c149f596b100011ca8b8,34,receiver,window,normal,normal-window,,window,2358
5774ed97d8e8880001b2ff6c,5c17c149f596b100011ca8b8,35,sender,weight,coffee,hix-ralonefi-kuh-qip-tih-hiwaponu-meh-wepitula-pofepilu-saqotiwe,wepitula,,2639.3
5774ed97d8e8880001b2ff6c,5c17c149f596b100011ca8b8,36,receiver,normal,second,second-normal,,normal,2191.2
5774ed97d8e8880001b2ff6c,5c17c149f596b100011ca8b8,37,sender,window,system,hix-ralonefi-kuh-qip-tih-hiwaponu-meh-wepitula-pofepilu-saqotiwe,pofepilu,,4504
5774ed97d8e8880001b2ff6c,5c17c149f596b100011ca8b8,38,receiver,ground,normal,normal-ground,,ground,3987.7
5774ed97d8e8880001b2ff6c,5c17c149f596b100011ca8b8,39,sender,window,coffee,hix-ralonefi-kuh-qip-tih-hiwaponu-meh-wepitula-pofepilu-saqotiwe,pofepilu,,1817.4
5774ed97d8e8880001b2ff6c,5c17c149f596b100011ca8b8,40,receiver,window,ground,ground-window,,window,1963.2
5774ed97d8e8880001b2ff6c,5c17c149f596b100011ca8b8,41,sender,normal,handle,hix-ralonefi-kuh-qip-tih-hiwaponu-meh-wepitula-pofepilu-saqotiwe,meh,,2137.6
5774ed97d8e8880001b2ff6c,5c17c149f596b100011ca8b8,42,receiver,window,normal,window-normal,,window,1891.9
5774ed97d8e8880001b2ff6c,5c17c149f596b100011ca8b8,43,sender,people,second,hix-ralonefi-kuh-qip-tih-hiwaponu-meh-wepitula-pofepilu-saqotiwe,ralonefi,,8464.3
5774ed97d8e8880001b2ff6c,5c17c149f596b100011ca8b8,44,receiver,market,system,market-system,,market,3946.3
5774ed97d8e8880001b2ff6c,5c17c149f596b100011ca8b8,45,sender,weight,normal,hix-ralonefi-kuh-qip-tih-hiwaponu-meh-wepitula-pofepilu-saqotiwe,wepitula,,3079.2
5774ed97d8e8880001b2ff6c,5c17c149f596b100011ca8b8,46,receiver,handle,second,second-handle,,handle,10197
5774ed97d8e8880001b2ff6c,5c17c149f596b100011ca8b8,47,sender,weight,normal,hix-ralonefi-kuh-qip-tih-hiwaponu-meh-wepitula-pofepilu-saqotiwe,wepitula,,2029.7
5774ed97d8e8880001b2ff6c,5c17c149f596b100011ca8b8,48,receiver,weight,system,system-weight,,weight,1960.2
5774ed97d8e8880001b2ff6c,5c17c149f596b100011ca8b8,49,sender,weight,ground,hix-ralonefi-kuh-qip-tih-hiwaponu-meh-wepitula-pofepilu-saqotiwe,kuh,,2323.3
5774ed97d8e8880001b2ff6c,5c17c149f596b100011ca8b8,50,receiver,normal,system,normal-system,,normal,1998.7
5774ed97d8e8880001b2ff6c,5c17c149f596b100011ca8b8,51,sender,people,handle,hix-ralonefi-kuh-qip-tih-hiwaponu-meh-wepitula-pofepilu-saqotiwe,ralonefi,,3694.3
5774ed97d8e8880001b2ff6c,5c17c149f596b100011ca8b8,52,receiver,normal,second,second-normal,,normal,2619.6
5774ed97d8e8880001b2ff6c,5c17c149f596b100011ca8b8,53,sender,second,system,hix-ralonefi-kuh-qip-tih-hiwaponu-meh-wepitula-pofepilu-saqotiwe,tih,,8987.7
5774ed97d8e8880001b2ff6c,5c17c149f596b100011ca8b8,54,receiver,window,handle,handle-window,,window,2164.1
5774ed97d8e8880001b2ff6c,5c17c149f596b100011ca8b8,55,sender,ground,system,hix-ralonefi-kuh-qip-tih-hiwaponu-meh-wepitula-pofepilu-saqotiwe,kuh,,4287.1
5774ed97d8e8880001b2ff6c,5c17c149f596b100011ca8b8,56,receiver,market,second,market-second,,market,2567.7
5774ed97d8e8880001b2ff6c,5c17c149f596b100011ca8b8,57,sender,market,handle,hix-ralonefi-kuh-qip-tih-hiwaponu-meh-wepitula-pofepilu-saqotiwe,saqotiwe,,2659.4
5774ed97d8e8880001b2ff6c,5c17c149f596b100011ca8b8,58,receiver,ground,coffee,coffee-ground,,ground,3520.9
5774ed97d8e8880001b2ff6c,5c17c149f596b100011ca8b8,59,sender,market,coffee,hix-ralonefi-kuh-qip-tih-hiwaponu-meh-wepitula-pofepilu-saqotiwe,saqotiwe,,2366.9
5774ed97d8e8880001b2ff6c,5c17c149f596b100011ca8b8,60,receiver,ground,system,ground-system,,ground,1761.5
5774ed97d8e8880001b2ff6c,5c17c149f596b100011ca8b8,61,sender,market,normal,hix-ralonefi-kuh-qip-tih-hiwaponu-meh-wepitula-pofepilu-saqotiwe,saqotiwe,,3778.4
5774ed97d8e8880001b2ff6c,5c17c149f596b100011ca8b8,62,receiver,window,weight,window-weight,,weight,1766.8
5774ed97d8e8880001b2ff6c,5c17c149f596b100011ca8b8,63,sender,window,people,hix-ralonefi-kuh-qip-tih-hiwaponu-meh-wepitula-pofepilu-saqotiwe,pofepilu,,5189.7
5774ed97d8e8880001b2ff6c,5c17c149f596b100011ca8b8,64,receiver,window,weight,weight-window,,window,1701.4
5774ed97d8e8880001b2ff6c,5c17c149f596b100011ca8b8,65,sender,window,ground,hix-ralonefi-kuh-qip-tih-hiwaponu-meh-wepitula-pofepilu-saqotiwe,pofepilu,,2067.7
5774ed97d8e8880001b2ff6c,5c17c149f596b100011ca8b8,66,receiver,ground,people,ground-people,,ground,2298.9
5774ed97d8e8880001b2ff6c,5c17c149f596b100011ca8b8,67,sender,ground,handle,hix-ralonefi-kuh-qip-tih-hiwaponu-meh-wepitula-pofepilu-saqotiwe,kuh,,2437.3
5774ed97d8e8880001b2ff6c,5c17c149f596b100011ca8b8,68,receiver,window,second,second-window,,window,3413.1
5774ed97d8e8880001b2ff6c,5c17c149f596b100011ca8b8,69,sender,normal,handle,hix-ralonefi-kuh-qip-tih-hiwaponu-meh-wepitula-pofepilu-saqotiwe,meh,,2502.1
5774ed97d8e8880001b2ff6c,5c17c149f596b100011ca8b8,70,receiver,coffee,system,coffee-system,,coffee,2026.3
5774ed97d8e8880001b2ff6c,5c17c149f596b100011ca8b8,71,sender,window,market,hix-ralonefi-kuh-qip-tih-hiwaponu-meh-wepitula-pofepilu-saqotiwe,pofepilu,,1810.2
5774ed97d8e8880001b2ff6c,5c17c149f596b100011ca8b8,72,receiver,weight,ground,ground-weight,,weight,1921.4
5774ed97d8e8880001b2ff6c,5c17c149f596b100011ca8b8,73,sender,weight,people,hix-ralonefi-kuh-qip-tih-hiwaponu-meh-wepitula-pofepilu-saqotiwe,wepitula,,4123.3
5774ed97d8e8880001b2ff6c,5c17c149f596b100011ca8b8,74,receiver,normal,people,people-normal,,normal,1993.2
5774ed97d8e8880001b2ff6c,5c17c149f596b100011ca8b8,75,sender,coffee,people,hix-ralonefi-kuh-qip-tih-hiwaponu-meh-wepitula-pofepilu-saqotiwe,qip,,2218.1
5774ed97d8e8880001b2ff6c,5c17c149f596b100011ca8b8,76,receiver,market,system,market-system,,market,2485.2
5774ed97d8e8880001b2ff6c,5c17c149f596b100011ca8b8,77,sender,ground,second,hix-ralonefi-kuh-qip-tih-hiwaponu-meh-wepitula-pofepilu-saqotiwe,kuh,,2509.3
5774ed97d8e8880001b2ff6c,5c17c149f596b100011ca8b8,78,receiver,coffee,second,second-coffee,,coffee,2222.1
5774ed97d8e8880001b2ff6c,5c17c149f596b100011ca8b8,79,sender,market,normal,hix-ralonefi-kuh-qip-tih-hiwaponu-meh-wepitula-pofepilu-saqotiwe,saqotiwe,,2225.7
5774ed97d8e8880001b2ff6c,5c17c149f596b100011ca8b8,80,receiver,weight,system,weight-system,,weight,2214.6
5774ed97d8e8880001b2ff6c,5c17c149f596b100011ca8b8,81,sender,market,coffee,hix-ralonefi-kuh-qip-tih-hiwaponu-meh-wepitula-pofepilu-saqotiwe,saqotiwe,,1861.9
5774ed97d8e8880001b2ff6c,5c17c149f596b100011ca8b8,82,receiver,weight,coffee,weight-coffee,,weight,1974.5
5774ed97d8e8880001b2ff6c,5c17c149f596b100011ca8b8,83,sender,window,coffee,hix-ralonefi-kuh-qip-tih-hiwaponu-meh-wepitula-pofepilu-saqotiwe,pofepilu,,1909.4
5774ed97d8e8880001b2ff6c,5c17c149f596b100011ca8b8,84,receiver,window,weight,weight-window,,window,2089
5774ed97d8e8880001b2ff6c,5c17c149f596b100011ca8b8,85,sender,window,system,hix-ralonefi-kuh-qip-tih-hiwaponu-meh-wepitula-pofepilu-saqotiwe,pofepilu,,1969.9
5774ed97d8e8880001b2ff6c,5c17c149f596b100011ca8b8,86,receiver,weight,second,second-weight,,weight,1744
5774ed97d8e8880001b2ff6c,5c17c149f596b100011ca8b8,87,sender,people,system,hix-ralonefi-kuh-qip-tih-hiwaponu-meh-wepitula-pofepilu-saqotiwe,ralonefi,,2432.1
5774ed97d8e8880001b2ff6c,5c17c149f596b100011ca8b8,88,receiver,window,normal,normal-window,,window,2032
5774ed97d8e8880001b2ff6c,5c17c149f596b100011ca8b8,89,sender,handle,system,hix-ralonefi-kuh-qip-tih-hiwaponu-meh-wepitula-pofepilu-saqotiwe,hix,,17563.1
5774ed97d8e8880001b2ff6c,5c17c149f596b100011ca8b8,90,receiver,normal,people,normal-people,,normal,1768.1
5774ed97d8e8880001b2ff6c,5c17c149f596b100011ca8b8,91,sender,ground,second,hix-ralonefi-kuh-qip-tih-hiwaponu-meh-wepitula-pofepilu-saqotiwe,kuh,,1681.4
5774ed97d8e8880001b2ff6c,5c17c149f596b100011ca8b8,92,receiver,window,ground,ground-window,,window,2957
5774ed97d8e8880001b2ff6c,5c17c149f596b100011ca8b8,93,sender,weight,people,hix-ralonefi-kuh-qip-tih-hiwaponu-meh-wepitula-pofepilu-saqotiwe,wepitula,,1707.3
5774ed97d8e8880001b2ff6c,5c17c149f596b100011ca8b8,94,receiver,market,ground,ground-window,,market,2957
5774ed97d8e8880001b2ff6c,5c17c149f596b100011ca8b8,95,sender,handle,second,hix-ralonefi-kuh-qip-tih-hiwaponu-meh-wepitula-pofepilu-saqotiwe,hiwaponu,,8074.5
5774ed97d8e8880001b2ff6c,5c17c149f596b100011ca8b8,96,receiver,second,system,second-system,,second,3508.4
5774ed97d8e8880001b2ff6c,5c17c149f596b100011ca8b8,97,sender,people,second,hix-ralonefi-kuh-qip-tih-hiwaponu-meh-wepitula-pofepilu-saqotiwe,ralonefi,,2530.2
5774ed97d8e8880001b2ff6c,5c17c149f596b100011ca8b8,98,receiver,market,people,market-people,,market,1777.8
5774ed97d8e8880001b2ff6c,5c17c149f596b100011ca8b8,99,sender,weight,people,hix-ralonefi-kuh-qip-tih-hiwaponu-meh-wepitula-pofepilu-saqotiwe,wepitula,,1698.2
5774ed97d8e8880001b2ff6c,5c17c149f596b100011ca8b8,100,receiver,weight,system,weight-system,,weight,1205.8
5774ed97d8e8880001b2ff6c,5c17c149f596b100011ca8b8,101,sender,window,people,hix-ralonefi-kuh-qip-tih-hiwaponu-meh-wepitula-pofepilu-saqotiwe,pofepilu,,3144.7
5774ed97d8e8880001b2ff6c,5c17c149f596b100011ca8b8,102,receiver,market,coffee,coffee-market,,market,2112.6
5774ed97d8e8880001b2ff6c,5c17c149f596b100011ca8b8,103,sender,handle,system,hix-ralonefi-kuh-qip-tih-hiwaponu-meh-wepitula-pofepilu-saqotiwe,hiwaponu,,2232.8
5774ed97d8e8880001b2ff6c,5c17c149f596b100011ca8b8,104,receiver,market,ground,market-ground,,market,2046.2
5774ed97d8e8880001b2ff6c,5c17c149f596b100011ca8b8,105,sender,market,people,hix-ralonefi-kuh-qip-tih-hiwaponu-meh-wepitula-pofepilu-saqotiwe,saqotiwe,,1940.3
5774ed97d8e8880001b2ff6c,5c17c149f596b100011ca8b8,106,receiver,market,normal,normal-market,,market,2027.8
5774ed97d8e8880001b2ff6c,5c17c149f596b100011ca8b8,107,sender,ground,coffee,hix-ralonefi-kuh-qip-tih-hiwaponu-meh-wepitula-pofepilu-saqotiwe,kuh,,2130
5774ed97d8e8880001b2ff6c,5c17c149f596b100011ca8b8,108,receiver,coffee,system,system-coffee,,coffee,2898.5
5774ed97d8e8880001b2ff6c,5c17c149f596b100011ca8b8,109,sender,people,handle,hix-ralonefi-kuh-qip-tih-hiwaponu-meh-wepitula-pofepilu-saqotiwe,ralonefi,,3345.3
5774ed97d8e8880001b2ff6c,5c17c149f596b100011ca8b8,110,receiver,market,ground,ground-market,,market,2109.2
5774ed97d8e8880001b2ff6c,5c17c149f596b100011ca8b8,111,sender,ground,normal,hix-ralonefi-kuh-qip-tih-hiwaponu-meh-wepitula-pofepilu-saqotiwe,kuh,,2784.9
5774ed97d8e8880001b2ff6c,5c17c149f596b100011ca8b8,112,receiver,ground,second,ground-second,,ground,2602.3
5774ed97d8e8880001b2ff6c,5c17c149f596b100011ca8b8,113,sender,ground,people,hix-ralonefi-kuh-qip-tih-hiwaponu-meh-wepitula-pofepilu-saqotiwe,kuh,,2412.8
5774ed97d8e8880001b2ff6c,5c17c149f596b100011ca8b8,114,receiver,coffee,normal,normal-coffee,,coffee,2392.7
5774ed97d8e8880001b2ff6c,5c17c149f596b100011ca8b8,115,sender,market,second,hix-ralonefi-kuh-qip-tih-hiwaponu-meh-wepitula-pofepilu-saqotiwe,saqotiwe,,1972.3
5774ed97d8e8880001b2ff6c,5c17c149f596b100011ca8b8,116,receiver,window,coffee,coffee-window,,window,2159.7
5774ed97d8e8880001b2ff6c,5c17c149f596b100011ca8b8,117,sender,weight,handle,hix-ralonefi-kuh-qip-tih-hiwaponu-meh-wepitula-pofepilu-saqotiwe,wepitula,,2052.7
5774ed97d8e8880001b2ff6c,5c17c149f596b100011ca8b8,118,receiver,window,second,window-second,,window,2259
5774ed97d8e8880001b2ff6c,5c17c149f596b100011ca8b8,119,sender,coffee,second,hix-ralonefi-kuh-qip-tih-hiwaponu-meh-wepitula-pofepilu-saqotiwe,qip,,1965.2
5774ed97d8e8880001b2ff6c,5c17c149f596b100011ca8b8,120,receiver,weight,normal,normal-weight,,weight,2231.5
5774ed97d8e8880001b2ff6c,5c17c149f596b100011ca8b8,121,sender,coffee,normal,hix-ralonefi-kuh-qip-tih-hiwaponu-meh-wepitula-pofepilu-saqotiwe,qip,,1923.4
5774ed97d8e8880001b2ff6c,5c17c149f596b100011ca8b8,122,receiver,coffee,normal,normal-coffee,,coffee,1970
5774ed97d8e8880001b2ff6c,5c17c149f596b100011ca8b8,123,sender,market,weight,hix-ralonefi-kuh-qip-tih-hiwaponu-meh-wepitula-pofepilu-saqotiwe,saqotiwe,,2702.5
5774ed97d8e8880001b2ff6c,5c17c149f596b100011ca8b8,124,receiver,weight,handle,handle-weight,,weight,2284.4
5774ed97d8e8880001b2ff6c,5c17c149f596b100011ca8b8,125,sender,normal,system,hix-ralonefi-kuh-qip-tih-hiwaponu-meh-wepitula-pofepilu-saqotiwe,meh,,2372.6
5774ed97d8e8880001b2ff6c,5c17c149f596b100011ca8b8,126,receiver,normal,system,normal-system,,normal,2829.7
5774ed97d8e8880001b2ff6c,5c17c149f596b100011ca8b8,127,sender,coffee,people,hix-ralonefi-kuh-qip-tih-hiwaponu-meh-wepitula-pofepilu-saqotiwe,qip,,1834.6
5774ed97d8e8880001b2ff6c,5c17c149f596b100011ca8b8,128,receiver,market,system,market-system,,market,2208.7
5774ed97d8e8880001b2ff6c,5c17c149f596b100011ca8b8,129,sender,handle,system,hix-ralonefi-kuh-qip-tih-hiwaponu-meh-wepitula-pofepilu-saqotiwe,hiwaponu,,1591.2
5774ed97d8e8880001b2ff6c,5c17c149f596b100011ca8b8,130,receiver,coffee,second,second-coffee,,coffee,1676.8
5774ed97d8e8880001b2ff6c,5c17c149f596b100011ca8b8,131,sender,weight,second,hix-ralonefi-kuh-qip-tih-hiwaponu-meh-wepitula-pofepilu-saqotiwe,wepitula,,2529.4
5774ed97d8e8880001b2ff6c,5c17c149f596b100011ca8b8,132,receiver,people,system,people-system,,people,2195.5
5774ed97d8e8880001b2ff6c,5c17c149f596b100011ca8b8,133,sender,market,handle,hix-ralonefi-kuh-qip-tih-hiwaponu-meh-wepitula-pofepilu-saqotiwe,saqotiwe,,1601.4
5774ed97d8e8880001b2ff6c,5c17c149f596b100011ca8b8,134,receiver,market,second,market-second,,market,1934.5
5774ed97d8e8880001b2ff6c,5c17c149f596b100011ca8b8,135,sender,handle,second,hix-ralonefi-kuh-qip-tih-hiwaponu-meh-wepitula-pofepilu-saqotiwe,hiwaponu,,1620.9