participant_id, partner_id, trial_index, trial_type, target_meaning, foil_meaning,             choices, signal_selected, meaning_guess, rt
5c17c149f596b100011ca8b8,5774ed97d8e8880001b2ff6c,1,receiver,window,system,window-system,,window,6653
5c17c149f596b100011ca8b8,5774ed97d8e8880001b2ff6c,2,sender,window,second,hix-ralonefi-kuh-qip-tih-hiwaponu-meh-wepitula-pofepilu-saqotiwe,tih,,17236
5c17c149f596b100011ca8b8,5774ed97d8e8880001b2ff6c,3,receiver,people,system,system-people,,people,4833
5c17c149f596b100011ca8b8,5774ed97d8e8880001b2ff6c,4,sender,normal,people,hix-ralonefi-kuh-qip-tih-hiwaponu-meh-wepitula-pofepilu-saqotiwe,meh,,24231
5c17c149f596b100011ca8b8,5774ed97d8e8880001b2ff6c,5,receiver,window,handle,handle-window,,handle,2472
5c17c149f596b100011ca8b8,5774ed97d8e8880001b2ff6c,6,sender,ground,normal,hix-ralonefi-kuh-qip-tih-hiwaponu-meh-wepitula-pofepilu-saqotiwe,kuh,,11558
5c17c149f596b100011ca8b8,5774ed97d8e8880001b2ff6c,7,receiver,ground,handle,handle-ground,,ground,4746
5c17c149f596b100011ca8b8,5774ed97d8e8880001b2ff6c,8,sender,window,people,hix-ralonefi-kuh-qip-tih-hiwaponu-meh-wepitula-pofepilu-saqotiwe,pofepilu,,5110
5c17c149f596b100011ca8b8,5774ed97d8e8880001b2ff6c,9,receiver,coffee,people,coffee-people,,coffee,3031
5c17c149f596b100011ca8b8,5774ed97d8e8880001b2ff6c,10,sender,market,weight,hix-ralonefi-kuh-qip-tih-hiwaponu-meh-wepitula-pofepilu-saqotiwe,saqotiwe,,5602
5c17c149f596b100011ca8b8,5774ed97d8e8880001b2ff6c,11,receiver,ground,system,system-ground,,system,4510
5c17c149f596b100011ca8b8,5774ed97d8e8880001b2ff6c,12,sender,market,people,hix-ralonefi-kuh-qip-tih-hiwaponu-meh-wepitula-pofepilu-saqotiwe,wepitula,,11055
5c17c149f596b100011ca8b8,5774ed97d8e8880001b2ff6c,13,receiver,normal,handle,normal-handle,,handle,6103
5c17c149f596b100011ca8b8,5774ed97d8e8880001b2ff6c,14,sender,window,handle,hix-ralonefi-kuh-qip-tih-hiwaponu-meh-wepitula-pofepilu-saqotiwe,pofepilu,,3649
5c17c149f596b100011ca8b8,5774ed97d8e8880001b2ff6c,15,receiver,market,weight,market-weight,,market,5904
5c17c149f596b100011ca8b8,5774ed97d8e8880001b2ff6c,16,sender,weight,coffee,hix-ralonefi-kuh-qip-tih-hiwaponu-meh-wepitula-pofepilu-saqotiwe,tih,,6239
5c17c149f596b100011ca8b8,5774ed97d8e8880001b2ff6c,17,receiver,window,market,window-market,,window,2422
5c17c149f596b100011ca8b8,5774ed97d8e8880001b2ff6c,18,sender,weight,second,hix-ralonefi-kuh-qip-tih-hiwaponu-meh-wepitula-pofepilu-saqotiwe,wepitula,,7335
5c17c149f596b100011ca8b8,5774ed97d8e8880001b2ff6c,19,receiver,ground,handle,handle-ground,,ground,5109
5c17c149f596b100011ca8b8,5774ed97d8e8880001b2ff6c,20,sender,ground,coffee,hix-ralonefi-kuh-qip-tih-hiwaponu-meh-wepitula-pofepilu-saqotiwe,kuh,,5514
5c17c149f596b100011ca8b8,5774ed97d8e8880001b2ff6c,21,receiver,coffee,handle,handle-coffee,,handle,10861
5c17c149f596b100011ca8b8,5774ed97d8e8880001b2ff6c,22,sender,people,handle,hix-ralonefi-kuh-qip-tih-hiwaponu-meh-wepitula-pofepilu-saqotiwe,ralonefi,,7590
5c17c149f596b100011ca8b8,5774ed97d8e8880001b2ff6c,23,receiver,coffee,handle,handle-coffee,,handle,2905
5c17c149f596b100011ca8b8,5774ed97d8e8880001b2ff6c,24,sender,weight,handle,hix-ralonefi-kuh-qip-tih-hiwaponu-meh-wepitula-pofepilu-saqotiwe,wepitula,,3764
5c17c149f596b100011ca8b8,5774ed97d8e8880001b2ff6c,25,receiver,window,market,window-market,,window,2848
5c17c149f596b100011ca8b8,5774ed97d8e8880001b2ff6c,26,sender,coffee,system,hix-ralonefi-kuh-qip-tih-hiwaponu-meh-wepitula-pofepilu-saqotiwe,qip,,6976
5c17c149f596b100011ca8b8,5774ed97d8e8880001b2ff6c,27,receiver,people,second,people-second,,people,2062
5c17c149f596b100011ca8b8,5774ed97d8e8880001b2ff6c,28,sender,second,system,hix-ralonefi-kuh-qip-tih-hiwaponu-meh-wepitula-pofepilu-saqotiwe,tih,,21394
5c17c149f596b100011ca8b8,5774ed97d8e8880001b2ff6c,29,receiver,normal,second,normal-second,,normal,1731
5c17c149f596b100011ca8b8,5774ed97d8e8880001b2ff6c,30,sender,market,handle,hix-ralonefi-kuh-qip-tih-hiwaponu-meh-wepitula-pofepilu-saqotiwe,saqotiwe,,11910
5c17c149f596b100011ca8b8,5774ed97d8e8880001b2ff6c,31,receiver,coffee,handle,coffee-handle,,coffee,3119
5c17c149f596b100011ca8b8,5774ed97d8e8880001b2ff6c,32,sender,weight,ground,hix-ralonefi-kuh-qip-tih-hiwaponu-meh-wepitula-pofepilu-saqotiwe,wepitula,,2340
5c17c149f596b100011ca8b8,5774ed97d8e8880001b2ff6c,33,receiver,ground,people,ground-people,,ground,3577
5c17c149f596b100011ca8b8,5774ed97d8e8880001b2ff6c,34,sender,window,normal,hix-ralonefi-kuh-qip-tih-hiwaponu-meh-wepitula-pofepilu-saqotiwe,pofepilu,,5965
5c17c149f596b100011ca8b8,5774ed97d8e8880001b2ff6c,35,receiver,weight,coffee,weight-coffee,,weight,2904
5c17c149f596b100011ca8b8,5774ed97d8e8880001b2ff6c,36,sender,normal,second,hix-ralonefi-kuh-qip-tih-hiwaponu-meh-wepitula-pofepilu-saqotiwe,meh,,6424
5c17c149f596b100011ca8b8,5774ed97d8e8880001b2ff6c,37,receiver,window,system,window-system,,window,6752
5c17c149f596b100011ca8b8,5774ed97d8e8880001b2ff6c,38,sender,ground,normal,hix-ralonefi-kuh-qip-tih-hiwaponu-meh-wepitula-pofepilu-saqotiwe,kuh,,8350
5c17c149f596b100011ca8b8,5774ed97d8e8880001b2ff6c,39,receiver,window,coffee,coffee-window,,window,1580
5c17c149f596b100011ca8b8,5774ed97d8e8880001b2ff6c,40,sender,window,ground,hix-ralonefi-kuh-qip-tih-hiwaponu-meh-wepitula-pofepilu-saqotiwe,pofepilu,,4881
5c17c149f596b100011ca8b8,5774ed97d8e8880001b2ff6c,41,receiver,normal,handle,handle-normal,,normal,1916
5c17c149f596b100011ca8b8,5774ed97d8e8880001b2ff6c,42,sender,window,normal,hix-ralonefi-kuh-qip-tih-hiwaponu-meh-wepitula-pofepilu-saqotiwe,pofepilu,,4161
5c17c149f596b100011ca8b8,5774ed97d8e8880001b2ff6c,43,receiver,people,second,second-people,,people,2394
5c17c149f596b100011ca8b8,5774ed97d8e8880001b2ff6c,44,sender,market,system,hix-ralonefi-kuh-qip-tih-hiwaponu-meh-wepitula-pofepilu-saqotiwe,saqotiwe,,3908
5c17c149f596b100011ca8b8,5774ed97d8e8880001b2ff6c,45,receiver,weight,normal,weight-normal,,weight,2487
5c17c149f596b100011ca8b8,5774ed97d8e8880001b2ff6c,46,sender,handle,second,hix-ralonefi-kuh-qip-tih-hiwaponu-meh-wepitula-pofepilu-saqotiwe,qip,,7485
5c17c149f596b100011ca8b8,5774ed97d8e8880001b2ff6c,47,receiver,weight,normal,weight-normal,,weight,3277
5c17c149f596b100011ca8b8,5774ed97d8e8880001b2ff6c,48,sender,weight,system,hix-ralonefi-kuh-qip-tih-hiwaponu-meh-wepitula-pofepilu-saqotiwe,wepitula,,5550
5c17c149f596b100011ca8b8,5774ed97d8e8880001b2ff6c,49,receiver,weight,ground,weight-ground,,ground,1840
5c17c149f596b100011ca8b8,5774ed97d8e8880001b2ff6c,50,sender,normal,system,hix-ralonefi-kuh-qip-tih-hiwaponu-meh-wepitula-pofepilu-saqotiwe,meh,,4263
5c17c149f596b100011ca8b8,5774ed97d8e8880001b2ff6c,51,receiver,people,handle,people-handle,,people,1767
5c17c149f596b100011ca8b8,5774ed97d8e8880001b2ff6c,52,sender,normal,second,hix-ralonefi-kuh-qip-tih-hiwaponu-meh-wepitula-pofepilu-saqotiwe,meh,,4557
5c17c149f596b100011ca8b8,5774ed97d8e8880001b2ff6c,53,receiver,second,system,second-system,,second,3203
5c17c149f596b100011ca8b8,5774ed97d8e8880001b2ff6c,54,sender,window,handle,hix-ralonefi-kuh-qip-tih-hiwaponu-meh-wepitula-pofepilu-saqotiwe,pofepilu,,3065
5c17c149f596b100011ca8b8,5774ed97d8e8880001b2ff6c,55,receiver,ground,system,system-ground,,ground,2153
5c17c149f596b100011ca8b8,5774ed97d8e8880001b2ff6c,56,sender,market,second,hix-ralonefi-kuh-qip-tih-hiwaponu-meh-wepitula-pofepilu-saqotiwe,saqotiwe,,6923
5c17c149f596b100011ca8b8,5774ed97d8e8880001b2ff6c,57,receiver,market,handle,handle-market,,market,2934
5c17c149f596b100011ca8b8,5774ed97d8e8880001b2ff6c,58,sender,ground,coffee,hix-ralonefi-kuh-qip-tih-hiwaponu-meh-wepitula-pofepilu-saqotiwe,kuh,,13895
5c17c149f596b100011ca8b8,5774ed97d8e8880001b2ff6c,59,receiver,market,coffee,coffee-market,,market,2264
5c17c149f596b100011ca8b8,5774ed97d8e8880001b2ff6c,60,sender,ground,system,hix-ralonefi-kuh-qip-tih-hiwaponu-meh-wepitula-pofepilu-saqotiwe,kuh,,5599
5c17c149f596b100011ca8b8,5774ed97d8e8880001b2ff6c,61,receiver,market,normal,market-normal,,market,3907
5c17c149f596b100011ca8b8,5774ed97d8e8880001b2ff6c,62,sender,window,weight,hix-ralonefi-kuh-qip-tih-hiwaponu-meh-wepitula-pofepilu-saqotiwe,wepitula,,3559
5c17c149f596b100011ca8b8,5774ed97d8e8880001b2ff6c,63,receiver,window,people,window-people,,window,2688
5c17c149f596b100011ca8b8,5774ed97d8e8880001b2ff6c,64,sender,window,weight,hix-ralonefi-kuh-qip-tih-hiwaponu-meh-wepitula-pofepilu-saqotiwe,pofepilu,,7729
5c17c149f596b100011ca8b8,5774ed97d8e8880001b2ff6c,65,receiver,window,ground,ground-window,,window,11555
5c17c149f596b100011ca8b8,5774ed97d8e8880001b2ff6c,66,sender,ground,people,hix-ralonefi-kuh-qip-tih-hiwaponu-meh-wepitula-pofepilu-saqotiwe,kuh,,6117
5c17c149f596b100011ca8b8,5774ed97d8e8880001b2ff6c,67,receiver,ground,handle,handle-ground,,ground,3743
5c17c149f596b100011ca8b8,5774ed97d8e8880001b2ff6c,68,sender,window,second,hix-ralonefi-kuh-qip-tih-hiwaponu-meh-wepitula-pofepilu-saqotiwe,pofepilu,,3982
5c17c149f596b100011ca8b8,5774ed97d8e8880001b2ff6c,69,receiver,normal,handle,handle-normal,,normal,7280
5c17c149f596b100011ca8b8,5774ed97d8e8880001b2ff6c,70,sender,coffee,system,hix-ralonefi-kuh-qip-tih-hiwaponu-meh-wepitula-pofepilu-saqotiwe,qip,,8506
5c17c149f596b100011ca8b8,5774ed97d8e8880001b2ff6c,71,receiver,window,market,window-market,,window,9153
5c17c149f596b100011ca8b8,5774ed97d8e8880001b2ff6c,72,sender,weight,ground,hix-ralonefi-kuh-qip-tih-hiwaponu-meh-wepitula-pofepilu-saqotiwe,wepitula,,1825
5c17c149f596b100011ca8b8,5774ed97d8e8880001b2ff6c,73,receiver,weight,people,weight-people,,weight,10307
5c17c149f596b100011ca8b8,5774ed97d8e8880001b2ff6c,74,sender,normal,people,hix-ralonefi-kuh-qip-tih-hiwaponu-meh-wepitula-pofepilu-saqotiwe,meh,,7501
5c17c149f596b100011ca8b8,5774ed97d8e8880001b2ff6c,75,receiver,coffee,people,coffee-people,,coffee,2614
5c17c149f596b100011ca8b8,5774ed97d8e8880001b2ff6c,76,sender,market,system,hix-ralonefi-kuh-qip-tih-hiwaponu-meh-wepitula-pofepilu-saqotiwe,saqotiwe,,5490
5c17c149f596b100011ca8b8,5774ed97d8e8880001b2ff6c,77,receiver,ground,second,ground-second,,ground,2708
5c17c149f596b100011ca8b8,5774ed97d8e8880001b2ff6c,78,sender,coffee,second,hix-ralonefi-kuh-qip-tih-hiwaponu-meh-wepitula-pofepilu-saqotiwe,qip,,2512
5c17c149f596b100011ca8b8,5774ed97d8e8880001b2ff6c,79,receiver,market,normal,normal-market,,market,1739
5c17c149f596b100011ca8b8,5774ed97d8e8880001b2ff6c,80,sender,weight,system,hix-ralonefi-kuh-qip-tih-hiwaponu-meh-wepitula-pofepilu-saqotiwe,wepitula,,1797
5c17c149f596b100011ca8b8,5774ed97d8e8880001b2ff6c,81,receiver,market,coffee,market-coffee,,market,2228
5c17c149f596b100011ca8b8,5774ed97d8e8880001b2ff6c,82,sender,weight,coffee,hix-ralonefi-kuh-qip-tih-hiwaponu-meh-wepitula-pofepilu-saqotiwe,wepitula,,2399
5c17c149f596b100011ca8b8,5774ed97d8e8880001b2ff6c,83,receiver,window,coffee,window-coffee,,window,1797
5c17c149f596b100011ca8b8,5774ed97d8e8880001b2ff6c,84,sender,window,weight,hix-ralonefi-kuh-qip-tih-hiwaponu-meh-wepitula-pofepilu-saqotiwe,pofepilu,,2883
5c17c149f596b100011ca8b8,5774ed97d8e8880001b2ff6c,85,receiver,window,system,window-system,,window,2577
5c17c149f596b100011ca8b8,5774ed97d8e8880001b2ff6c,86,sender,weight,second,hix-ralonefi-kuh-qip-tih-hiwaponu-meh-wepitula-pofepilu-saqotiwe,wepitula,,3779
5c17c149f596b100011ca8b8,5774ed97d8e8880001b2ff6c,87,receiver,people,system,people-system,,people,1933
5c17c149f596b100011ca8b8,5774ed97d8e8880001b2ff6c,88,sender,window,normal,hix-ralonefi-kuh-qip-tih-hiwaponu-meh-wepitula-pofepilu-saqotiwe,pofepilu,,2487
5c17c149f596b100011ca8b8,5774ed97d8e8880001b2ff6c,89,receiver,handle,system,handle-system,,system,4098
5c17c149f596b100011ca8b8,5774ed97d8e8880001b2ff6c,90,sender,normal,people,hix-ralonefi-kuh-qip-tih-hiwaponu-meh-wepitula-pofepilu-saqotiwe,meh,,2317
5c17c149f596b100011ca8b8,5774ed97d8e8880001b2ff6c,91,receiver,ground,second,second-ground,,ground,1936
5c17c149f596b100011ca8b8,5774ed97d8e8880001b2ff6c,92,sender,window,ground,hix-ralonefi-kuh-qip-tih-hiwaponu-meh-wepitula-pofepilu-saqotiwe,pofepilu,,2584
5c17c149f596b100011ca8b8,5774ed97d8e8880001b2ff6c,93,receiver,weight,people,people-weight,,weight,3799
5c17c149f596b100011ca8b8,5774ed97d8e8880001b2ff6c,94,sender,market,ground,hix-ralonefi-kuh-qip-tih-hiwaponu-meh-wepitula-pofepilu-saqotiwe,saqotiwe,,2313
5c17c149f596b100011ca8b8,5774ed97d8e8880001b2ff6c,95,receiver,handle,second,handle-second,,handle,2326
5c17c149f596b100011ca8b8,5774ed97d8e8880001b2ff6c,96,sender,second,system,hix-ralonefi-kuh-qip-tih-hiwaponu-meh-wepitula-pofepilu-saqotiwe,tih,,4170
5c17c149f596b100011ca8b8,5774ed97d8e8880001b2ff6c,97,receiver,people,second,second-people,,people,1651
5c17c149f596b100011ca8b8,5774ed97d8e8880001b2ff6c,98,sender,market,people,hix-ralonefi-kuh-qip-tih-hiwaponu-meh-wepitula-pofepilu-saqotiwe,saqotiwe,,2076
5c17c149f596b100011ca8b8,5774ed97d8e8880001b2ff6c,99,receiver,weight,people,weight-people,,weight,2299
5c17c149f596b100011ca8b8,5774ed97d8e8880001b2ff6c,100,sender,weight,system,hix-ralonefi-kuh-qip-tih-hiwaponu-meh-wepitula-pofepilu-saqotiwe,wepitula,,2346
5c17c149f596b100011ca8b8,5774ed97d8e8880001b2ff6c,101,receiver,window,people,window-people,,window,2175
5c17c149f596b100011ca8b8,5774ed97d8e8880001b2ff6c,102,sender,market,coffee,hix-ralonefi-kuh-qip-tih-hiwaponu-meh-wepitula-pofepilu-saqotiwe,saqotiwe,,2292
5c17c149f596b100011ca8b8,5774ed97d8e8880001b2ff6c,103,receiver,handle,system,handle-system,,handle,4908
5c17c149f596b100011ca8b8,5774ed97d8e8880001b2ff6c,104,sender,market,ground,hix-ralonefi-kuh-qip-tih-hiwaponu-meh-wepitula-pofepilu-saqotiwe,saqotiwe,,1708
5c17c149f596b100011ca8b8,5774ed97d8e8880001b2ff6c,105,receiver,market,people,market-people,,market,1728
5c17c149f596b100011ca8b8,5774ed97d8e8880001b2ff6c,106,sender,market,normal,hix-ralonefi-kuh-qip-tih-hiwaponu-meh-wepitula-pofepilu-saqotiwe,saqotiwe,,4165
5c17c149f596b100011ca8b8,5774ed97d8e8880001b2ff6c,107,receiver,ground,coffee,ground-coffee,,ground,3951
5c17c149f596b100011ca8b8,5774ed97d8e8880001b2ff6c,108,sender,coffee,system,hix-ralonefi-kuh-qip-tih-hiwaponu-meh-wepitula-pofepilu-saqotiwe,kuh,,4636
5c17c149f596b100011ca8b8,5774ed97d8e8880001b2ff6c,109,receiver,people,handle,handle-people,,people,2347
5c17c149f596b100011ca8b8,5774ed97d8e8880001b2ff6c,110,sender,market,ground,hix-ralonefi-kuh-qip-tih-hiwaponu-meh-wepitula-pofepilu-saqotiwe,saqotiwe,,2944
5c17c149f596b100011ca8b8,5774ed97d8e8880001b2ff6c,111,receiver,ground,normal,ground-normal,,ground,4272
5c17c149f596b100011ca8b8,5774ed97d8e8880001b2ff6c,112,sender,ground,second,hix-ralonefi-kuh-qip-tih-hiwaponu-meh-wepitula-pofepilu-saqotiwe,kuh,,15531
5c17c149f596b100011ca8b8,5774ed97d8e8880001b2ff6c,113,receiver,ground,people,ground-people,,ground,1982
5c17c149f596b100011ca8b8,5774ed97d8e8880001b2ff6c,114,sender,coffee,normal,hix-ralonefi-kuh-qip-tih-hiwaponu-meh-wepitula-pofepilu-saqotiwe,qip,,9075
5c17c149f596b100011ca8b8,5774ed97d8e8880001b2ff6c,115,receiver,market,second,market-second,,market,2680
5c17c149f596b100011ca8b8,5774ed97d8e8880001b2ff6c,116,sender,window,coffee,hix-ralonefi-kuh-qip-tih-hiwaponu-meh-wepitula-pofepilu-saqotiwe,pofepilu,,4679
5c17c149f596b100011ca8b8,5774ed97d8e8880001b2ff6c,117,receiver,weight,handle,handle-weight,,weight,3607
5c17c149f596b100011ca8b8,5774ed97d8e8880001b2ff6c,118,sender,window,second,hix-ralonefi-kuh-qip-tih-hiwaponu-meh-wepitula-pofepilu-saqotiwe,pofepilu,,5740
5c17c149f596b100011ca8b8,5774ed97d8e8880001b2ff6c,119,receiver,coffee,second,second-coffee,,coffee,6280
5c17c149f596b100011ca8b8,5774ed97d8e8880001b2ff6c,120,sender,weight,normal,hix-ralonefi-kuh-qip-tih-hiwaponu-meh-wepitula-pofepilu-saqotiwe,wepitula,,4245
5c17c149f596b100011ca8b8,5774ed97d8e8880001b2ff6c,121,receiver,coffee,normal,normal-coffee,,coffee,2884
5c17c149f596b100011ca8b8,5774ed97d8e8880001b2ff6c,122,sender,coffee,normal,hix-ralonefi-kuh-qip-tih-hiwaponu-meh-wepitula-pofepilu-saqotiwe,qip,,6619
5c17c149f596b100011ca8b8,5774ed97d8e8880001b2ff6c,123,receiver,market,weight,weight-market,,market,2630
5c17c149f596b100011ca8b8,5774ed97d8e8880001b2ff6c,124,sender,weight,handle,hix-ralonefi-kuh-qip-tih-hiwaponu-meh-wepitula-pofepilu-saqotiwe,wepitula,,10944
5c17c149f596b100011ca8b8,5774ed97d8e8880001b2ff6c,125,receiver,normal,system,system-normal,,normal,10806
5c17c149f596b100011ca8b8,5774ed97d8e8880001b2ff6c,126,sender,normal,system,hix-ralonefi-kuh-qip-tih-hiwaponu-meh-wepitula-pofepilu-saqotiwe,meh,,12278
5c17c149f596b100011ca8b8,5774ed97d8e8880001b2ff6c,127,receiver,coffee,people,coffee-people,,coffee,3977
5c17c149f596b100011ca8b8,5774ed97d8e8880001b2ff6c,128,sender,market,system,hix-ralonefi-kuh-qip-tih-hiwaponu-meh-wepitula-pofepilu-saqotiwe,saqotiwe,,3361
5c17c149f596b100011ca8b8,5774ed97d8e8880001b2ff6c,129,receiver,handle,system,system-handle,,handle,2921
5c17c149f596b100011ca8b8,5774ed97d8e8880001b2ff6c,130,sender,coffee,second,hix-ralonefi-kuh-qip-tih-hiwaponu-meh-wepitula-pofepilu-saqotiwe,qip,,2484
5c17c149f596b100011ca8b8,5774ed97d8e8880001b2ff6c,131,receiver,weight,second,weight-second,,weight,1724
5c17c149f596b100011ca8b8,5774ed97d8e8880001b2ff6c,132,sender,people,system,hix-ralonefi-kuh-qip-tih-hiwaponu-meh-wepitula-pofepilu-saqotiwe,ralonefi,,2565
5c17c149f596b100011ca8b8,5774ed97d8e8880001b2ff6c,133,receiver,market,handle,market-handle,,market,1616
5c17c149f596b100011ca8b8,5774ed97d8e8880001b2ff6c,134,sender,market,second,hix-ralonefi-kuh-qip-tih-hiwaponu-meh-wepitula-pofepilu-saqotiwe,saqotiwe,,3877
5c17c149f596b100011ca8b8,5774ed97d8e8880001b2ff6c,135,receiver,handle,second,handle-second,,handle,20971