participant_id, partner_id, trial_index, trial_type, target_meaning, foil_meaning,             choices, signal_selected, meaning_guess, rt
5efc4bfd3ba857044cac4787,5d2215e737363e0001651a63,1,receiver,system,ground,system-ground,,ground,8853.8
5efc4bfd3ba857044cac4787,5d2215e737363e0001651a63,2,sender,window,online,lehaqifu-haq-qux-qip-hiwaponu-meh-puwirefa-ralonefi-kuh-tezalipu,meh,,8882
5efc4bfd3ba857044cac4787,5d2215e737363e0001651a63,3,receiver,future,window,window-future,,window,5677.2
5efc4bfd3ba857044cac4787,5d2215e737363e0001651a63,4,sender,system,online,lehaqifu-haq-qux-qip-hiwaponu-meh-puwirefa-ralonefi-kuh-tezalipu,meh,,4016.6
5efc4bfd3ba857044cac4787,5d2215e737363e0001651a63,5,receiver,future,window,window-future,,future,5104.5
5efc4bfd3ba857044cac4787,5d2215e737363e0001651a63,6,sender,people,family,lehaqifu-haq-qux-qip-hiwaponu-meh-puwirefa-ralonefi-kuh-tezalipu,haq,,9340.7
5efc4bfd3ba857044cac4787,5d2215e737363e0001651a63,7,receiver,system,future,system-future,,system,6976.4
5efc4bfd3ba857044cac4787,5d2215e737363e0001651a63,8,sender,ground,review,lehaqifu-haq-qux-qip-hiwaponu-meh-puwirefa-ralonefi-kuh-tezalipu,meh,,7003.2
5efc4bfd3ba857044cac4787,5d2215e737363e0001651a63,9,receiver,course,normal,normal-course,,course,7978.2
5efc4bfd3ba857044cac4787,5d2215e737363e0001651a63,10,sender,window,normal,lehaqifu-haq-qux-qip-hiwaponu-meh-puwirefa-ralonefi-kuh-tezalipu,haq,,16083.1
5efc4bfd3ba857044cac4787,5d2215e737363e0001651a63,11,receiver,window,review,review-window,,review,7227.6
5efc4bfd3ba857044cac4787,5d2215e737363e0001651a63,12,sender,system,normal,lehaqifu-haq-qux-qip-hiwaponu-meh-puwirefa-ralonefi-kuh-tezalipu,kuh,,7653.9
5efc4bfd3ba857044cac4787,5d2215e737363e0001651a63,13,receiver,course,ground,course-ground,,ground,2926.9
5efc4bfd3ba857044cac4787,5d2215e737363e0001651a63,14,sender,ground,review,lehaqifu-haq-qux-qip-hiwaponu-meh-puwirefa-ralonefi-kuh-tezalipu,kuh,,14772.9
5efc4bfd3ba857044cac4787,5d2215e737363e0001651a63,15,receiver,future,course,future-course,,course,2724.7
5efc4bfd3ba857044cac4787,5d2215e737363e0001651a63,16,sender,future,review,lehaqifu-haq-qux-qip-hiwaponu-meh-puwirefa-ralonefi-kuh-tezalipu,kuh,,11432.3
5efc4bfd3ba857044cac4787,5d2215e737363e0001651a63,17,receiver,course,ground,course-ground,,course,5904.3
5efc4bfd3ba857044cac4787,5d2215e737363e0001651a63,18,sender,course,ground,lehaqifu-haq-qux-qip-hiwaponu-meh-puwirefa-ralonefi-kuh-tezalipu,qip,,9917.3
5efc4bfd3ba857044cac4787,5d2215e737363e0001651a63,19,receiver,people,review,people-review,,review,5607
5efc4bfd3ba857044cac4787,5d2215e737363e0001651a63,20,sender,family,window,lehaqifu-haq-qux-qip-hiwaponu-meh-puwirefa-ralonefi-kuh-tezalipu,kuh,,17098.4
5efc4bfd3ba857044cac4787,5d2215e737363e0001651a63,21,receiver,system,course,system-course,,course,3591.9
5efc4bfd3ba857044cac4787,5d2215e737363e0001651a63,22,sender,online,normal,lehaqifu-haq-qux-qip-hiwaponu-meh-puwirefa-ralonefi-kuh-tezalipu,kuh,,10965.1
5efc4bfd3ba857044cac4787,5d2215e737363e0001651a63,23,receiver,window,normal,normal-window,,window,5283.2
5efc4bfd3ba857044cac4787,5d2215e737363e0001651a63,24,sender,course,ground,lehaqifu-haq-qux-qip-hiwaponu-meh-puwirefa-ralonefi-kuh-tezalipu,kuh,,4483
5efc4bfd3ba857044cac4787,5d2215e737363e0001651a63,25,receiver,course,family,course-family,,family,3385.7
5efc4bfd3ba857044cac4787,5d2215e737363e0001651a63,26,sender,future,family,lehaqifu-haq-qux-qip-hiwaponu-meh-puwirefa-ralonefi-kuh-tezalipu,haq,,5612.1
5efc4bfd3ba857044cac4787,5d2215e737363e0001651a63,27,receiver,system,window,window-system,,system,3634.8
5efc4bfd3ba857044cac4787,5d2215e737363e0001651a63,28,sender,family,online,lehaqifu-haq-qux-qip-hiwaponu-meh-puwirefa-ralonefi-kuh-tezalipu,kuh,,5463.9
5efc4bfd3ba857044cac4787,5d2215e737363e0001651a63,29,receiver,ground,window,ground-window,,window,4172.7
5efc4bfd3ba857044cac4787,5d2215e737363e0001651a63,30,sender,future,online,lehaqifu-haq-qux-qip-hiwaponu-meh-puwirefa-ralonefi-kuh-tezalipu,kuh,,5123.6
5efc4bfd3ba857044cac4787,5d2215e737363e0001651a63,31,receiver,family,normal,normal-family,,family,4045.6
5efc4bfd3ba857044cac4787,5d2215e737363e0001651a63,32,sender,course,people,lehaqifu-haq-qux-qip-hiwaponu-meh-puwirefa-ralonefi-kuh-tezalipu,haq,,3800.7
5efc4bfd3ba857044cac4787,5d2215e737363e0001651a63,33,receiver,system,online,online-system,,online,3135.7
5efc4bfd3ba857044cac4787,5d2215e737363e0001651a63,34,sender,people,family,lehaqifu-haq-qux-qip-hiwaponu-meh-puwirefa-ralonefi-kuh-tezalipu,meh,,5786.6
5efc4bfd3ba857044cac4787,5d2215e737363e0001651a63,35,receiver,people,family,family-people,,family,2007.2
5efc4bfd3ba857044cac4787,5d2215e737363e0001651a63,36,sender,future,normal,lehaqifu-haq-qux-qip-hiwaponu-meh-puwirefa-ralonefi-kuh-tezalipu,kuh,,3233.3
5efc4bfd3ba857044cac4787,5d2215e737363e0001651a63,37,receiver,review,normal,review-normal,,normal,4170.5
5efc4bfd3ba857044cac4787,5d2215e737363e0001651a63,38,sender,window,review,lehaqifu-haq-qux-qip-hiwaponu-meh-puwirefa-ralonefi-kuh-tezalipu,kuh,,6556
5efc4bfd3ba857044cac4787,5d2215e737363e0001651a63,39,receiver,future,normal,normal-future,,normal,2886
5efc4bfd3ba857044cac4787,5d2215e737363e0001651a63,40,sender,course,ground,lehaqifu-haq-qux-qip-hiwaponu-meh-puwirefa-ralonefi-kuh-tezalipu,haq,,6674.4
5efc4bfd3ba857044cac4787,5d2215e737363e0001651a63,41,receiver,people,family,people-family,,people,3062
5efc4bfd3ba857044cac4787,5d2215e737363e0001651a63,42,sender,review,normal,lehaqifu-haq-qux-qip-hiwaponu-meh-puwirefa-ralonefi-kuh-tezalipu,meh,,5942.9
5efc4bfd3ba857044cac4787,5d2215e737363e0001651a63,43,receiver,review,normal,normal-review,,review,7673.7
5efc4bfd3ba857044cac4787,5d2215e737363e0001651a63,44,sender,ground,online,lehaqifu-haq-qux-qip-hiwaponu-meh-puwirefa-ralonefi-kuh-tezalipu,meh,,2396.3
5efc4bfd3ba857044cac4787,5d2215e737363e0001651a63,45,receiver,system,future,system-future,,future,4693.4
5efc4bfd3ba857044cac4787,5d2215e737363e0001651a63,46,sender,people,online,lehaqifu-haq-qux-qip-hiwaponu-meh-puwirefa-ralonefi-kuh-tezalipu,haq,,3291.2
5efc4bfd3ba857044cac4787,5d2215e737363e0001651a63,47,receiver,course,ground,course-ground,,course,3120
5efc4bfd3ba857044cac4787,5d2215e737363e0001651a63,48,sender,course,review,lehaqifu-haq-qux-qip-hiwaponu-meh-puwirefa-ralonefi-kuh-tezalipu,qux,,4197.1
5efc4bfd3ba857044cac4787,5d2215e737363e0001651a63,49,receiver,people,online,people-online,,people,3963.9
5efc4bfd3ba857044cac4787,5d2215e737363e0001651a63,50,sender,system,future,lehaqifu-haq-qux-qip-hiwaponu-meh-puwirefa-ralonefi-kuh-tezalipu,lehaqifu,,6863.6
5efc4bfd3ba857044cac4787,5d2215e737363e0001651a63,51,receiver,course,online,online-course,,course,2861.2
5efc4bfd3ba857044cac4787,5d2215e737363e0001651a63,52,sender,ground,family,lehaqifu-haq-qux-qip-hiwaponu-meh-puwirefa-ralonefi-kuh-tezalipu,lehaqifu,,6526.9
5efc4bfd3ba857044cac4787,5d2215e737363e0001651a63,53,receiver,system,family,system-family,,system,2216
5efc4bfd3ba857044cac4787,5d2215e737363e0001651a63,54,sender,people,family,lehaqifu-haq-qux-qip-hiwaponu-meh-puwirefa-ralonefi-kuh-tezalipu,qux,,5506.5
5efc4bfd3ba857044cac4787,5d2215e737363e0001651a63,55,receiver,future,ground,future-ground,,ground,2332
5efc4bfd3ba857044cac4787,5d2215e737363e0001651a63,56,sender,system,future,lehaqifu-haq-qux-qip-hiwaponu-meh-puwirefa-ralonefi-kuh-tezalipu,lehaqifu,,4413
5efc4bfd3ba857044cac4787,5d2215e737363e0001651a63,57,receiver,system,future,system-future,,system,9361.1
5efc4bfd3ba857044cac4787,5d2215e737363e0001651a63,58,sender,people,family,lehaqifu-haq-qux-qip-hiwaponu-meh-puwirefa-ralonefi-kuh-tezalipu,qip,,5239.3
5efc4bfd3ba857044cac4787,5d2215e737363e0001651a63,59,receiver,system,review,system-review,,review,8071.9
5efc4bfd3ba857044cac4787,5d2215e737363e0001651a63,60,sender,system,ground,lehaqifu-haq-qux-qip-hiwaponu-meh-puwirefa-ralonefi-kuh-tezalipu,qip,,6688
5efc4bfd3ba857044cac4787,5d2215e737363e0001651a63,61,receiver,people,window,window-people,,people,3106.9
5efc4bfd3ba857044cac4787,5d2215e737363e0001651a63,62,sender,online,review,lehaqifu-haq-qux-qip-hiwaponu-meh-puwirefa-ralonefi-kuh-tezalipu,haq,,2786.2
5efc4bfd3ba857044cac4787,5d2215e737363e0001651a63,63,receiver,online,review,online-review,,review,3780.2
5efc4bfd3ba857044cac4787,5d2215e737363e0001651a63,64,sender,system,people,lehaqifu-haq-qux-qip-hiwaponu-meh-puwirefa-ralonefi-kuh-tezalipu,qux,,3371.8
5efc4bfd3ba857044cac4787,5d2215e737363e0001651a63,65,receiver,people,family,family-people,,people,3090.2
5efc4bfd3ba857044cac4787,5d2215e737363e0001651a63,66,sender,future,ground,lehaqifu-haq-qux-qip-hiwaponu-meh-puwirefa-ralonefi-kuh-tezalipu,lehaqifu,,6323
5efc4bfd3ba857044cac4787,5d2215e737363e0001651a63,67,receiver,system,people,system-people,,people,4659.5
5efc4bfd3ba857044cac4787,5d2215e737363e0001651a63,68,sender,system,review,lehaqifu-haq-qux-qip-hiwaponu-meh-puwirefa-ralonefi-kuh-tezalipu,haq,,8737
5efc4bfd3ba857044cac4787,5d2215e737363e0001651a63,69,receiver,future,people,people-future,,people,8650.2
5efc4bfd3ba857044cac4787,5d2215e737363e0001651a63,70,sender,people,family,lehaqifu-haq-qux-qip-hiwaponu-meh-puwirefa-ralonefi-kuh-tezalipu,haq,,6049.2
5efc4bfd3ba857044cac4787,5d2215e737363e0001651a63,71,receiver,online,review,online-review,,online,3096.7
5efc4bfd3ba857044cac4787,5d2215e737363e0001651a63,72,sender,window,review,lehaqifu-haq-qux-qip-hiwaponu-meh-puwirefa-ralonefi-kuh-tezalipu,meh,,7780.5
5efc4bfd3ba857044cac4787,5d2215e737363e0001651a63,73,receiver,ground,online,ground-online,,online,2720.7
5efc4bfd3ba857044cac4787,5d2215e737363e0001651a63,74,sender,window,normal,lehaqifu-haq-qux-qip-hiwaponu-meh-puwirefa-ralonefi-kuh-tezalipu,kuh,,5642.7
5efc4bfd3ba857044cac4787,5d2215e737363e0001651a63,75,receiver,system,future,system-future,,future,2169.5
5efc4bfd3ba857044cac4787,5d2215e737363e0001651a63,76,sender,system,future,lehaqifu-haq-qux-qip-hiwaponu-meh-puwirefa-ralonefi-kuh-tezalipu,lehaqifu,,3545.6
5efc4bfd3ba857044cac4787,5d2215e737363e0001651a63,77,receiver,ground,normal,normal-ground,,normal,3420.1
5efc4bfd3ba857044cac4787,5d2215e737363e0001651a63,78,sender,course,ground,lehaqifu-haq-qux-qip-hiwaponu-meh-puwirefa-ralonefi-kuh-tezalipu,meh,,1586.8
5efc4bfd3ba857044cac4787,5d2215e737363e0001651a63,79,receiver,future,family,future-family,,family,3647.2
5efc4bfd3ba857044cac4787,5d2215e737363e0001651a63,80,sender,window,online,lehaqifu-haq-qux-qip-hiwaponu-meh-puwirefa-ralonefi-kuh-tezalipu,haq,,2570.6
5efc4bfd3ba857044cac4787,5d2215e737363e0001651a63,81,receiver,people,family,family-people,,family,3076.9
5efc4bfd3ba857044cac4787,5d2215e737363e0001651a63,82,sender,people,normal,lehaqifu-haq-qux-qip-hiwaponu-meh-puwirefa-ralonefi-kuh-tezalipu,meh,,1939
5efc4bfd3ba857044cac4787,5d2215e737363e0001651a63,83,receiver,people,family,family-people,,people,2465.8
5efc4bfd3ba857044cac4787,5d2215e737363e0001651a63,84,sender,system,future,lehaqifu-haq-qux-qip-hiwaponu-meh-puwirefa-ralonefi-kuh-tezalipu,lehaqifu,,5268.1
5efc4bfd3ba857044cac4787,5d2215e737363e0001651a63,85,receiver,window,online,window-online,,window,2970.5
5efc4bfd3ba857044cac4787,5d2215e737363e0001651a63,86,sender,system,future,lehaqifu-haq-qux-qip-hiwaponu-meh-puwirefa-ralonefi-kuh-tezalipu,kuh,,6125.2
5efc4bfd3ba857044cac4787,5d2215e737363e0001651a63,87,receiver,family,normal,family-normal,,family,2671.7
5efc4bfd3ba857044cac4787,5d2215e737363e0001651a63,88,sender,system,course,lehaqifu-haq-qux-qip-hiwaponu-meh-puwirefa-ralonefi-kuh-tezalipu,haq,,2530.5
5efc4bfd3ba857044cac4787,5d2215e737363e0001651a63,89,receiver,course,window,course-window,,course,2837.9
5efc4bfd3ba857044cac4787,5d2215e737363e0001651a63,90,sender,ground,people,lehaqifu-haq-qux-qip-hiwaponu-meh-puwirefa-ralonefi-kuh-tezalipu,haq,,9066.5
5efc4bfd3ba857044cac4787,5d2215e737363e0001651a63,91,receiver,course,ground,ground-course,,ground,5317
5efc4bfd3ba857044cac4787,5d2215e737363e0001651a63,92,sender,ground,people,lehaqifu-haq-qux-qip-hiwaponu-meh-puwirefa-ralonefi-kuh-tezalipu,haq,,7839.4
5efc4bfd3ba857044cac4787,5d2215e737363e0001651a63,93,receiver,ground,family,ground-family,,ground,5173.1
5efc4bfd3ba857044cac4787,5d2215e737363e0001651a63,94,sender,online,normal,lehaqifu-haq-qux-qip-hiwaponu-meh-puwirefa-ralonefi-kuh-tezalipu,lehaqifu,,4107.8
5efc4bfd3ba857044cac4787,5d2215e737363e0001651a63,95,receiver,window,online,online-window,,online,5838
5efc4bfd3ba857044cac4787,5d2215e737363e0001651a63,96,sender,system,window,lehaqifu-haq-qux-qip-hiwaponu-meh-puwirefa-ralonefi-kuh-tezalipu,lehaqifu,,3042.9
5efc4bfd3ba857044cac4787,5d2215e737363e0001651a63,97,receiver,course,review,review-course,,course,3215.7
5efc4bfd3ba857044cac4787,5d2215e737363e0001651a63,98,sender,future,online,lehaqifu-haq-qux-qip-hiwaponu-meh-puwirefa-ralonefi-kuh-tezalipu,kuh,,3344
5efc4bfd3ba857044cac4787,5d2215e737363e0001651a63,99,receiver,family,review,review-family,,review,3178.7
5efc4bfd3ba857044cac4787,5d2215e737363e0001651a63,100,sender,review,normal,lehaqifu-haq-qux-qip-hiwaponu-meh-puwirefa-ralonefi-kuh-tezalipu,lehaqifu,,2167.1
5efc4bfd3ba857044cac4787,5d2215e737363e0001651a63,101,receiver,family,online,family-online,,online,4070.2
5efc4bfd3ba857044cac4787,5d2215e737363e0001651a63,102,sender,ground,window,lehaqifu-haq-qux-qip-hiwaponu-meh-puwirefa-ralonefi-kuh-tezalipu,haq,,9816.6
5efc4bfd3ba857044cac4787,5d2215e737363e0001651a63,103,receiver,ground,normal,ground-normal,,normal,2416.3
5efc4bfd3ba857044cac4787,5d2215e737363e0001651a63,104,sender,review,normal,lehaqifu-haq-qux-qip-hiwaponu-meh-puwirefa-ralonefi-kuh-tezalipu,meh,,8669.1
5efc4bfd3ba857044cac4787,5d2215e737363e0001651a63,105,receiver,window,online,online-window,,online,4931.7
5efc4bfd3ba857044cac4787,5d2215e737363e0001651a63,106,sender,course,online,lehaqifu-haq-qux-qip-hiwaponu-meh-puwirefa-ralonefi-kuh-tezalipu,kuh,,5028.4
5efc4bfd3ba857044cac4787,5d2215e737363e0001651a63,107,receiver,course,family,course-family,,family,3150.6
5efc4bfd3ba857044cac4787,5d2215e737363e0001651a63,108,sender,future,course,lehaqifu-haq-qux-qip-hiwaponu-meh-puwirefa-ralonefi-kuh-tezalipu,qip,,3190.4
5efc4bfd3ba857044cac4787,5d2215e737363e0001651a63,109,receiver,course,ground,course-ground,,ground,2719.2
5efc4bfd3ba857044cac4787,5d2215e737363e0001651a63,110,sender,system,future,lehaqifu-haq-qux-qip-hiwaponu-meh-puwirefa-ralonefi-kuh-tezalipu,qux,,4808.6
5efc4bfd3ba857044cac4787,5d2215e737363e0001651a63,111,receiver,online,normal,normal-online,,normal,4500.4
5efc4bfd3ba857044cac4787,5d2215e737363e0001651a63,112,sender,family,window,lehaqifu-haq-qux-qip-hiwaponu-meh-puwirefa-ralonefi-kuh-tezalipu,meh,,1792.6
5efc4bfd3ba857044cac4787,5d2215e737363e0001651a63,113,receiver,system,family,family-system,,family,2481.9
5efc4bfd3ba857044cac4787,5d2215e737363e0001651a63,114,sender,online,normal,lehaqifu-haq-qux-qip-hiwaponu-meh-puwirefa-ralonefi-kuh-tezalipu,qux,,3840.1
5efc4bfd3ba857044cac4787,5d2215e737363e0001651a63,115,receiver,online,normal,normal-online,,normal,2196.3
5efc4bfd3ba857044cac4787,5d2215e737363e0001651a63,116,sender,system,future,lehaqifu-haq-qux-qip-hiwaponu-meh-puwirefa-ralonefi-kuh-tezalipu,meh,,1824.5
5efc4bfd3ba857044cac4787,5d2215e737363e0001651a63,117,receiver,course,ground,course-ground,,ground,2071.8
5efc4bfd3ba857044cac4787,5d2215e737363e0001651a63,118,sender,course,normal,lehaqifu-haq-qux-qip-hiwaponu-meh-puwirefa-ralonefi-kuh-tezalipu,meh,,1948.5
5efc4bfd3ba857044cac4787,5d2215e737363e0001651a63,119,receiver,people,family,family-people,,people,3653.8
5efc4bfd3ba857044cac4787,5d2215e737363e0001651a63,120,sender,people,review,lehaqifu-haq-qux-qip-hiwaponu-meh-puwirefa-ralonefi-kuh-tezalipu,haq,,5236.5
5efc4bfd3ba857044cac4787,5d2215e737363e0001651a63,121,receiver,window,normal,normal-window,,normal,5690.9
5efc4bfd3ba857044cac4787,5d2215e737363e0001651a63,122,sender,course,ground,lehaqifu-haq-qux-qip-hiwaponu-meh-puwirefa-ralonefi-kuh-tezalipu,kuh,,3648.7
5efc4bfd3ba857044cac4787,5d2215e737363e0001651a63,123,receiver,people,normal,people-normal,,people,9982.2
5efc4bfd3ba857044cac4787,5d2215e737363e0001651a63,124,sender,course,window,lehaqifu-haq-qux-qip-hiwaponu-meh-puwirefa-ralonefi-kuh-tezalipu,qip,,4010.4
5efc4bfd3ba857044cac4787,5d2215e737363e0001651a63,125,receiver,people,window,window-people,,people,3943.9
5efc4bfd3ba857044cac4787,5d2215e737363e0001651a63,126,sender,system,normal,lehaqifu-haq-qux-qip-hiwaponu-meh-puwirefa-ralonefi-kuh-tezalipu,kuh,,4513.7
5efc4bfd3ba857044cac4787,5d2215e737363e0001651a63,127,receiver,online,review,review-online,,review,5165.7
5efc4bfd3ba857044cac4787,5d2215e737363e0001651a63,128,sender,family,review,lehaqifu-haq-qux-qip-hiwaponu-meh-puwirefa-ralonefi-kuh-tezalipu,kuh,,4121.6
5efc4bfd3ba857044cac4787,5d2215e737363e0001651a63,129,receiver,future,review,review-future,,future,7029.3
5efc4bfd3ba857044cac4787,5d2215e737363e0001651a63,130,sender,window,normal,lehaqifu-haq-qux-qip-hiwaponu-meh-puwirefa-ralonefi-kuh-tezalipu,haq,,4361.9
5efc4bfd3ba857044cac4787,5d2215e737363e0001651a63,131,receiver,future,people,future-people,,future,2210.1
5efc4bfd3ba857044cac4787,5d2215e737363e0001651a63,132,sender,window,review,lehaqifu-haq-qux-qip-hiwaponu-meh-puwirefa-ralonefi-kuh-tezalipu,kuh,,4160.4
5efc4bfd3ba857044cac4787,5d2215e737363e0001651a63,133,receiver,course,people,people-course,,people,2438.9
5efc4bfd3ba857044cac4787,5d2215e737363e0001651a63,134,sender,online,review,lehaqifu-haq-qux-qip-hiwaponu-meh-puwirefa-ralonefi-kuh-tezalipu,qux,,3289.4
5efc4bfd3ba857044cac4787,5d2215e737363e0001651a63,135,receiver,window,review,review-window,,window,2361.4