participant_id, partner_id, trial_index, trial_type, target_meaning, foil_meaning,             choices, signal_selected, meaning_guess, rt
5d2215e737363e0001651a63,5efc4bfd3ba857044cac4787,1,sender,system,ground,lehaqifu-haq-qux-qip-hiwaponu-meh-puwirefa-ralonefi-kuh-tezalipu,meh,,12799.7
5d2215e737363e0001651a63,5efc4bfd3ba857044cac4787,2,receiver,window,online,online-window,,online,3522
5d2215e737363e0001651a63,5efc4bfd3ba857044cac4787,3,sender,future,window,lehaqifu-haq-qux-qip-hiwaponu-meh-puwirefa-ralonefi-kuh-tezalipu,meh,,3039.1
5d2215e737363e0001651a63,5efc4bfd3ba857044cac4787,4,receiver,system,online,system-online,,online,3100.8
5d2215e737363e0001651a63,5efc4bfd3ba857044cac4787,5,sender,future,window,lehaqifu-haq-qux-qip-hiwaponu-meh-puwirefa-ralonefi-kuh-tezalipu,haq,,7104.3
5d2215e737363e0001651a63,5efc4bfd3ba857044cac4787,6,receiver,people,family,people-family,,people,4390.6
5d2215e737363e0001651a63,5efc4bfd3ba857044cac4787,7,sender,system,future,lehaqifu-haq-qux-qip-hiwaponu-meh-puwirefa-ralonefi-kuh-tezalipu,kuh,,5527.4
5d2215e737363e0001651a63,5efc4bfd3ba857044cac4787,8,receiver,ground,review,review-ground,,review,3639
5d2215e737363e0001651a63,5efc4bfd3ba857044cac4787,9,sender,course,normal,lehaqifu-haq-qux-qip-hiwaponu-meh-puwirefa-ralonefi-kuh-tezalipu,qip,,7507.2
5d2215e737363e0001651a63,5efc4bfd3ba857044cac4787,10,receiver,window,normal,window-normal,,window,2742.3
5d2215e737363e0001651a63,5efc4bfd3ba857044cac4787,11,sender,window,review,lehaqifu-haq-qux-qip-hiwaponu-meh-puwirefa-ralonefi-kuh-tezalipu,kuh,,4577.9
5d2215e737363e0001651a63,5efc4bfd3ba857044cac4787,12,receiver,system,normal,normal-system,,normal,4354.6
5d2215e737363e0001651a63,5efc4bfd3ba857044cac4787,13,sender,course,ground,lehaqifu-haq-qux-qip-hiwaponu-meh-puwirefa-ralonefi-kuh-tezalipu,kuh,,6139.7
5d2215e737363e0001651a63,5efc4bfd3ba857044cac4787,14,receiver,ground,review,review-ground,,review,2764.8
5d2215e737363e0001651a63,5efc4bfd3ba857044cac4787,15,sender,future,course,lehaqifu-haq-qux-qip-hiwaponu-meh-puwirefa-ralonefi-kuh-tezalipu,qux,,5473.9
5d2215e737363e0001651a63,5efc4bfd3ba857044cac4787,16,receiver,future,review,future-review,,future,3986.4
5d2215e737363e0001651a63,5efc4bfd3ba857044cac4787,17,sender,course,ground,lehaqifu-haq-qux-qip-hiwaponu-meh-puwirefa-ralonefi-kuh-tezalipu,qux,,8487
5d2215e737363e0001651a63,5efc4bfd3ba857044cac4787,18,receiver,course,ground,course-ground,,course,2478.3
5d2215e737363e0001651a63,5efc4bfd3ba857044cac4787,19,sender,people,review,lehaqifu-haq-qux-qip-hiwaponu-meh-puwirefa-ralonefi-kuh-tezalipu,meh,,5977.1
5d2215e737363e0001651a63,5efc4bfd3ba857044cac4787,20,receiver,family,window,window-family,,window,2256.8
5d2215e737363e0001651a63,5efc4bfd3ba857044cac4787,21,sender,system,course,lehaqifu-haq-qux-qip-hiwaponu-meh-puwirefa-ralonefi-kuh-tezalipu,qux,,4150.1
5d2215e737363e0001651a63,5efc4bfd3ba857044cac4787,22,receiver,online,normal,online-normal,,online,4189.4
5d2215e737363e0001651a63,5efc4bfd3ba857044cac4787,23,sender,window,normal,lehaqifu-haq-qux-qip-hiwaponu-meh-puwirefa-ralonefi-kuh-tezalipu,meh,,7959.5
5d2215e737363e0001651a63,5efc4bfd3ba857044cac4787,24,receiver,course,ground,ground-course,,course,3898.1
5d2215e737363e0001651a63,5efc4bfd3ba857044cac4787,25,sender,course,family,lehaqifu-haq-qux-qip-hiwaponu-meh-puwirefa-ralonefi-kuh-tezalipu,haq,,8812.6
5d2215e737363e0001651a63,5efc4bfd3ba857044cac4787,26,receiver,future,family,future-family,,future,2464.7
5d2215e737363e0001651a63,5efc4bfd3ba857044cac4787,27,sender,system,window,lehaqifu-haq-qux-qip-hiwaponu-meh-puwirefa-ralonefi-kuh-tezalipu,qux,,6175
5d2215e737363e0001651a63,5efc4bfd3ba857044cac4787,28,receiver,family,online,online-family,,online,2926.4
5d2215e737363e0001651a63,5efc4bfd3ba857044cac4787,29,sender,ground,window,lehaqifu-haq-qux-qip-hiwaponu-meh-puwirefa-ralonefi-kuh-tezalipu,qux,,2620.3
5d2215e737363e0001651a63,5efc4bfd3ba857044cac4787,30,receiver,future,online,online-future,,online,2704.3
5d2215e737363e0001651a63,5efc4bfd3ba857044cac4787,31,sender,family,normal,lehaqifu-haq-qux-qip-hiwaponu-meh-puwirefa-ralonefi-kuh-tezalipu,meh,,3809
5d2215e737363e0001651a63,5efc4bfd3ba857044cac4787,32,receiver,course,people,people-course,,people,2796.1
5d2215e737363e0001651a63,5efc4bfd3ba857044cac4787,33,sender,system,online,lehaqifu-haq-qux-qip-hiwaponu-meh-puwirefa-ralonefi-kuh-tezalipu,haq,,6126.2
5d2215e737363e0001651a63,5efc4bfd3ba857044cac4787,34,receiver,people,family,family-people,,people,3865.7
5d2215e737363e0001651a63,5efc4bfd3ba857044cac4787,35,sender,people,family,lehaqifu-haq-qux-qip-hiwaponu-meh-puwirefa-ralonefi-kuh-tezalipu,qip,,4842.2
5d2215e737363e0001651a63,5efc4bfd3ba857044cac4787,36,receiver,future,normal,future-normal,,future,2024.4
5d2215e737363e0001651a63,5efc4bfd3ba857044cac4787,37,sender,review,normal,lehaqifu-haq-qux-qip-hiwaponu-meh-puwirefa-ralonefi-kuh-tezalipu,meh,,2650.7
5d2215e737363e0001651a63,5efc4bfd3ba857044cac4787,38,receiver,window,review,review-window,,window,2450.4
5d2215e737363e0001651a63,5efc4bfd3ba857044cac4787,39,sender,future,normal,lehaqifu-haq-qux-qip-hiwaponu-meh-puwirefa-ralonefi-kuh-tezalipu,meh,,1899.6
5d2215e737363e0001651a63,5efc4bfd3ba857044cac4787,40,receiver,course,ground,course-ground,,course,2631.2
5d2215e737363e0001651a63,5efc4bfd3ba857044cac4787,41,sender,people,family,lehaqifu-haq-qux-qip-hiwaponu-meh-puwirefa-ralonefi-kuh-tezalipu,kuh,,4316.1
5d2215e737363e0001651a63,5efc4bfd3ba857044cac4787,42,receiver,review,normal,normal-review,,normal,2410.6
5d2215e737363e0001651a63,5efc4bfd3ba857044cac4787,43,sender,review,normal,lehaqifu-haq-qux-qip-hiwaponu-meh-puwirefa-ralonefi-kuh-tezalipu,meh,,1601
5d2215e737363e0001651a63,5efc4bfd3ba857044cac4787,44,receiver,ground,online,online-ground,,online,3824.9
5d2215e737363e0001651a63,5efc4bfd3ba857044cac4787,45,sender,system,future,lehaqifu-haq-qux-qip-hiwaponu-meh-puwirefa-ralonefi-kuh-tezalipu,lehaqifu,,8443.8
5d2215e737363e0001651a63,5efc4bfd3ba857044cac4787,46,receiver,people,online,people-online,,people,3480.8
5d2215e737363e0001651a63,5efc4bfd3ba857044cac4787,47,sender,course,ground,lehaqifu-haq-qux-qip-hiwaponu-meh-puwirefa-ralonefi-kuh-tezalipu,qux,,4281.5
5d2215e737363e0001651a63,5efc4bfd3ba857044cac4787,48,receiver,course,review,course-review,,course,3048.4
5d2215e737363e0001651a63,5efc4bfd3ba857044cac4787,49,sender,people,online,lehaqifu-haq-qux-qip-hiwaponu-meh-puwirefa-ralonefi-kuh-tezalipu,kuh,,7675.7
5d2215e737363e0001651a63,5efc4bfd3ba857044cac4787,50,receiver,system,future,system-future,,future,3091.9
5d2215e737363e0001651a63,5efc4bfd3ba857044cac4787,51,sender,course,online,lehaqifu-haq-qux-qip-hiwaponu-meh-puwirefa-ralonefi-kuh-tezalipu,haq,,4275.3
5d2215e737363e0001651a63,5efc4bfd3ba857044cac4787,52,receiver,ground,family,ground-family,,ground,3410.8
5d2215e737363e0001651a63,5efc4bfd3ba857044cac4787,53,sender,system,family,lehaqifu-haq-qux-qip-hiwaponu-meh-puwirefa-ralonefi-kuh-tezalipu,qip,,2882.7
5d2215e737363e0001651a63,5efc4bfd3ba857044cac4787,54,receiver,people,family,family-people,,family,3002.9
5d2215e737363e0001651a63,5efc4bfd3ba857044cac4787,55,sender,future,ground,lehaqifu-haq-qux-qip-hiwaponu-meh-puwirefa-ralonefi-kuh-tezalipu,lehaqifu,,6109.4
5d2215e737363e0001651a63,5efc4bfd3ba857044cac4787,56,receiver,system,future,system-future,,system,3717.2
5d2215e737363e0001651a63,5efc4bfd3ba857044cac4787,57,sender,system,future,lehaqifu-haq-qux-qip-hiwaponu-meh-puwirefa-ralonefi-kuh-tezalipu,kuh,,8069.3
5d2215e737363e0001651a63,5efc4bfd3ba857044cac4787,58,receiver,people,family,people-family,,family,3060.2
5d2215e737363e0001651a63,5efc4bfd3ba857044cac4787,59,sender,system,review,lehaqifu-haq-qux-qip-hiwaponu-meh-puwirefa-ralonefi-kuh-tezalipu,haq,,5935.1
5d2215e737363e0001651a63,5efc4bfd3ba857044cac4787,60,receiver,system,ground,system-ground,,ground,2643.3
5d2215e737363e0001651a63,5efc4bfd3ba857044cac4787,61,sender,people,window,lehaqifu-haq-qux-qip-hiwaponu-meh-puwirefa-ralonefi-kuh-tezalipu,kuh,,4490.7
5d2215e737363e0001651a63,5efc4bfd3ba857044cac4787,62,receiver,online,review,review-online,,review,3138.7
5d2215e737363e0001651a63,5efc4bfd3ba857044cac4787,63,sender,online,review,lehaqifu-haq-qux-qip-hiwaponu-meh-puwirefa-ralonefi-kuh-tezalipu,lehaqifu,,3132.2
5d2215e737363e0001651a63,5efc4bfd3ba857044cac4787,64,receiver,system,people,system-people,,people,3397.2
5d2215e737363e0001651a63,5efc4bfd3ba857044cac4787,65,sender,people,family,lehaqifu-haq-qux-qip-hiwaponu-meh-puwirefa-ralonefi-kuh-tezalipu,qip,,5877.4
5d2215e737363e0001651a63,5efc4bfd3ba857044cac4787,66,receiver,future,ground,ground-future,,ground,2790.9
5d2215e737363e0001651a63,5efc4bfd3ba857044cac4787,67,sender,system,people,lehaqifu-haq-qux-qip-hiwaponu-meh-puwirefa-ralonefi-kuh-tezalipu,qux,,3057.5
5d2215e737363e0001651a63,5efc4bfd3ba857044cac4787,68,receiver,system,review,review-system,,review,2963.4
5d2215e737363e0001651a63,5efc4bfd3ba857044cac4787,69,sender,future,people,lehaqifu-haq-qux-qip-hiwaponu-meh-puwirefa-ralonefi-kuh-tezalipu,qux,,6686.3
5d2215e737363e0001651a63,5efc4bfd3ba857044cac4787,70,receiver,people,family,people-family,,people,2461.2
5d2215e737363e0001651a63,5efc4bfd3ba857044cac4787,71,sender,online,review,lehaqifu-haq-qux-qip-hiwaponu-meh-puwirefa-ralonefi-kuh-tezalipu,kuh,,3434.5
5d2215e737363e0001651a63,5efc4bfd3ba857044cac4787,72,receiver,window,review,window-review,,window,4746.7
5d2215e737363e0001651a63,5efc4bfd3ba857044cac4787,73,sender,ground,online,lehaqifu-haq-qux-qip-hiwaponu-meh-puwirefa-ralonefi-kuh-tezalipu,lehaqifu,,5354
5d2215e737363e0001651a63,5efc4bfd3ba857044cac4787,74,receiver,window,normal,window-normal,,window,3215.1
5d2215e737363e0001651a63,5efc4bfd3ba857044cac4787,75,sender,system,future,lehaqifu-haq-qux-qip-hiwaponu-meh-puwirefa-ralonefi-kuh-tezalipu,tezalipu,,11660.8
5d2215e737363e0001651a63,5efc4bfd3ba857044cac4787,76,receiver,system,future,future-system,,system,3079
5d2215e737363e0001651a63,5efc4bfd3ba857044cac4787,77,sender,ground,normal,lehaqifu-haq-qux-qip-hiwaponu-meh-puwirefa-ralonefi-kuh-tezalipu,meh,,2339.3
5d2215e737363e0001651a63,5efc4bfd3ba857044cac4787,78,receiver,course,ground,course-ground,,course,2557.4
5d2215e737363e0001651a63,5efc4bfd3ba857044cac4787,79,sender,future,family,lehaqifu-haq-qux-qip-hiwaponu-meh-puwirefa-ralonefi-kuh-tezalipu,qip,,1836.5
5d2215e737363e0001651a63,5efc4bfd3ba857044cac4787,80,receiver,window,online,online-window,,online,3871.1
5d2215e737363e0001651a63,5efc4bfd3ba857044cac4787,81,sender,people,family,lehaqifu-haq-qux-qip-hiwaponu-meh-puwirefa-ralonefi-kuh-tezalipu,qip,,2377.3
5d2215e737363e0001651a63,5efc4bfd3ba857044cac4787,82,receiver,people,normal,people-normal,,normal,1734
5d2215e737363e0001651a63,5efc4bfd3ba857044cac4787,83,sender,people,family,lehaqifu-haq-qux-qip-hiwaponu-meh-puwirefa-ralonefi-kuh-tezalipu,qip,,1875.1
5d2215e737363e0001651a63,5efc4bfd3ba857044cac4787,84,receiver,system,future,future-system,,system,2348.6
5d2215e737363e0001651a63,5efc4bfd3ba857044cac4787,85,sender,window,online,lehaqifu-haq-qux-qip-hiwaponu-meh-puwirefa-ralonefi-kuh-tezalipu,kuh,,3480.2
5d2215e737363e0001651a63,5efc4bfd3ba857044cac4787,86,receiver,system,future,future-system,,future,2358.8
5d2215e737363e0001651a63,5efc4bfd3ba857044cac4787,87,sender,family,normal,lehaqifu-haq-qux-qip-hiwaponu-meh-puwirefa-ralonefi-kuh-tezalipu,meh,,2089.5
5d2215e737363e0001651a63,5efc4bfd3ba857044cac4787,88,receiver,system,course,system-course,,course,2631.8
5d2215e737363e0001651a63,5efc4bfd3ba857044cac4787,89,sender,course,window,lehaqifu-haq-qux-qip-hiwaponu-meh-puwirefa-ralonefi-kuh-tezalipu,lehaqifu,,6543.2
5d2215e737363e0001651a63,5efc4bfd3ba857044cac4787,90,receiver,ground,people,people-ground,,people,4209
5d2215e737363e0001651a63,5efc4bfd3ba857044cac4787,91,sender,course,ground,lehaqifu-haq-qux-qip-hiwaponu-meh-puwirefa-ralonefi-kuh-tezalipu,haq,,2856.6
5d2215e737363e0001651a63,5efc4bfd3ba857044cac4787,92,receiver,ground,people,ground-people,,ground,3404.6
5d2215e737363e0001651a63,5efc4bfd3ba857044cac4787,93,sender,ground,family,lehaqifu-haq-qux-qip-hiwaponu-meh-puwirefa-ralonefi-kuh-tezalipu,qip,,2674.3
5d2215e737363e0001651a63,5efc4bfd3ba857044cac4787,94,receiver,online,normal,normal-online,,online,3447.2
5d2215e737363e0001651a63,5efc4bfd3ba857044cac4787,95,sender,window,online,lehaqifu-haq-qux-qip-hiwaponu-meh-puwirefa-ralonefi-kuh-tezalipu,lehaqifu,,1784.2
5d2215e737363e0001651a63,5efc4bfd3ba857044cac4787,96,receiver,system,window,system-window,,system,2697
5d2215e737363e0001651a63,5efc4bfd3ba857044cac4787,97,sender,course,review,lehaqifu-haq-qux-qip-hiwaponu-meh-puwirefa-ralonefi-kuh-tezalipu,kuh,,7585.3
5d2215e737363e0001651a63,5efc4bfd3ba857044cac4787,98,receiver,future,online,online-future,,future,3150.4
5d2215e737363e0001651a63,5efc4bfd3ba857044cac4787,99,sender,family,review,lehaqifu-haq-qux-qip-hiwaponu-meh-puwirefa-ralonefi-kuh-tezalipu,lehaqifu,,5711
5d2215e737363e0001651a63,5efc4bfd3ba857044cac4787,100,receiver,review,normal,normal-review,,normal,2955.8
5d2215e737363e0001651a63,5efc4bfd3ba857044cac4787,101,sender,family,online,lehaqifu-haq-qux-qip-hiwaponu-meh-puwirefa-ralonefi-kuh-tezalipu,kuh,,7272.9
5d2215e737363e0001651a63,5efc4bfd3ba857044cac4787,102,receiver,ground,window,window-ground,,window,2885.8
5d2215e737363e0001651a63,5efc4bfd3ba857044cac4787,103,sender,ground,normal,lehaqifu-haq-qux-qip-hiwaponu-meh-puwirefa-ralonefi-kuh-tezalipu,meh,,2002.8
5d2215e737363e0001651a63,5efc4bfd3ba857044cac4787,104,receiver,review,normal,normal-review,,normal,1829.8
5d2215e737363e0001651a63,5efc4bfd3ba857044cac4787,105,sender,window,online,lehaqifu-haq-qux-qip-hiwaponu-meh-puwirefa-ralonefi-kuh-tezalipu,kuh,,5499.3
5d2215e737363e0001651a63,5efc4bfd3ba857044cac4787,106,receiver,course,online,online-course,,online,3277.8
5d2215e737363e0001651a63,5efc4bfd3ba857044cac4787,107,sender,course,family,lehaqifu-haq-qux-qip-hiwaponu-meh-puwirefa-ralonefi-kuh-tezalipu,qip,,2360.8
5d2215e737363e0001651a63,5efc4bfd3ba857044cac4787,108,receiver,future,course,course-future,,course,4406.6
5d2215e737363e0001651a63,5efc4bfd3ba857044cac4787,109,sender,course,ground,lehaqifu-haq-qux-qip-hiwaponu-meh-puwirefa-ralonefi-kuh-tezalipu,qux,,3598.6
5d2215e737363e0001651a63,5efc4bfd3ba857044cac4787,110,receiver,system,future,system-future,,future,3148.1
5d2215e737363e0001651a63,5efc4bfd3ba857044cac4787,111,sender,online,normal,lehaqifu-haq-qux-qip-hiwaponu-meh-puwirefa-ralonefi-kuh-tezalipu,meh,,2000.7
5d2215e737363e0001651a63,5efc4bfd3ba857044cac4787,112,receiver,family,window,family-window,,family,2305.6
5d2215e737363e0001651a63,5efc4bfd3ba857044cac4787,113,sender,system,family,lehaqifu-haq-qux-qip-hiwaponu-meh-puwirefa-ralonefi-kuh-tezalipu,meh,,2074.9
5d2215e737363e0001651a63,5efc4bfd3ba857044cac4787,114,receiver,online,normal,normal-online,,online,2062.4
5d2215e737363e0001651a63,5efc4bfd3ba857044cac4787,115,sender,online,normal,lehaqifu-haq-qux-qip-hiwaponu-meh-puwirefa-ralonefi-kuh-tezalipu,meh,,1707.5
5d2215e737363e0001651a63,5efc4bfd3ba857044cac4787,116,receiver,system,future,future-system,,system,2826.6
5d2215e737363e0001651a63,5efc4bfd3ba857044cac4787,117,sender,course,ground,lehaqifu-haq-qux-qip-hiwaponu-meh-puwirefa-ralonefi-kuh-tezalipu,qux,,3175.8
5d2215e737363e0001651a63,5efc4bfd3ba857044cac4787,118,receiver,course,normal,course-normal,,normal,2535.6
5d2215e737363e0001651a63,5efc4bfd3ba857044cac4787,119,sender,people,family,lehaqifu-haq-qux-qip-hiwaponu-meh-puwirefa-ralonefi-kuh-tezalipu,qip,,2120.9
5d2215e737363e0001651a63,5efc4bfd3ba857044cac4787,120,receiver,people,review,people-review,,people,2509
5d2215e737363e0001651a63,5efc4bfd3ba857044cac4787,121,sender,window,normal,lehaqifu-haq-qux-qip-hiwaponu-meh-puwirefa-ralonefi-kuh-tezalipu,meh,,1596.3
5d2215e737363e0001651a63,5efc4bfd3ba857044cac4787,122,receiver,course,ground,course-ground,,course,1946.4
5d2215e737363e0001651a63,5efc4bfd3ba857044cac4787,123,sender,people,normal,lehaqifu-haq-qux-qip-hiwaponu-meh-puwirefa-ralonefi-kuh-tezalipu,meh,,2396.6
5d2215e737363e0001651a63,5efc4bfd3ba857044cac4787,124,receiver,course,window,course-window,,course,1813
5d2215e737363e0001651a63,5efc4bfd3ba857044cac4787,125,sender,people,window,lehaqifu-haq-qux-qip-hiwaponu-meh-puwirefa-ralonefi-kuh-tezalipu,qux,,4604.5
5d2215e737363e0001651a63,5efc4bfd3ba857044cac4787,126,receiver,system,normal,normal-system,,system,2857.3
5d2215e737363e0001651a63,5efc4bfd3ba857044cac4787,127,sender,online,review,lehaqifu-haq-qux-qip-hiwaponu-meh-puwirefa-ralonefi-kuh-tezalipu,haq,,5776.4
5d2215e737363e0001651a63,5efc4bfd3ba857044cac4787,128,receiver,family,review,review-family,,review,2029.6
5d2215e737363e0001651a63,5efc4bfd3ba857044cac4787,129,sender,future,review,lehaqifu-haq-qux-qip-hiwaponu-meh-puwirefa-ralonefi-kuh-tezalipu,haq,,6168.4
5d2215e737363e0001651a63,5efc4bfd3ba857044cac4787,130,receiver,window,normal,window-normal,,window,3208.1
5d2215e737363e0001651a63,5efc4bfd3ba857044cac4787,131,sender,future,people,lehaqifu-haq-qux-qip-hiwaponu-meh-puwirefa-ralonefi-kuh-tezalipu,qux,,3906.9
5d2215e737363e0001651a63,5efc4bfd3ba857044cac4787,132,receiver,window,review,window-review,,review,2988
5d2215e737363e0001651a63,5efc4bfd3ba857044cac4787,133,sender,course,people,lehaqifu-haq-qux-qip-hiwaponu-meh-puwirefa-ralonefi-kuh-tezalipu,qux,,2119.7
5d2215e737363e0001651a63,5efc4bfd3ba857044cac4787,134,receiver,online,review,online-review,,online,1917.9
5d2215e737363e0001651a63,5efc4bfd3ba857044cac4787,135,sender,window,review,lehaqifu-haq-qux-qip-hiwaponu-meh-puwirefa-ralonefi-kuh-tezalipu,kuh,,5922.6