participant_id, partner_id, trial_index, trial_type, target_meaning, foil_meaning,             choices, signal_selected, meaning_guess, rt
602a2911a73ba046955f6c58,62b1e62ceeb7b5456fa9f6e8,1,receiver,number,review,review-number,,number,15868.9
602a2911a73ba046955f6c58,62b1e62ceeb7b5456fa9f6e8,2,sender,design,future,meh-qip-hix-nidaweli-tih-teliqulo-tezalipu-hiwaponu-haq-lehaqifu,nidaweli,,15214.7
602a2911a73ba046955f6c58,62b1e62ceeb7b5456fa9f6e8,3,receiver,design,number,design-number,,number,6676.1
602a2911a73ba046955f6c58,62b1e62ceeb7b5456fa9f6e8,4,sender,credit,future,meh-qip-hix-nidaweli-tih-teliqulo-tezalipu-hiwaponu-haq-lehaqifu,tezalipu,,13852.7
602a2911a73ba046955f6c58,62b1e62ceeb7b5456fa9f6e8,5,receiver,credit,review,credit-review,,review,4753.5
602a2911a73ba046955f6c58,62b1e62ceeb7b5456fa9f6e8,6,sender,ground,market,meh-qip-hix-nidaweli-tih-teliqulo-tezalipu-hiwaponu-haq-lehaqifu,nidaweli,,24084.6
602a2911a73ba046955f6c58,62b1e62ceeb7b5456fa9f6e8,7,receiver,number,travel,travel-number,,number,5424.5
602a2911a73ba046955f6c58,62b1e62ceeb7b5456fa9f6e8,8,sender,change,course,meh-qip-hix-nidaweli-tih-teliqulo-tezalipu-hiwaponu-haq-lehaqifu,lehaqifu,,26732.9
602a2911a73ba046955f6c58,62b1e62ceeb7b5456fa9f6e8,9,receiver,future,ground,future-ground,,future,6808.1
602a2911a73ba046955f6c58,62b1e62ceeb7b5456fa9f6e8,10,sender,market,travel,meh-qip-hix-nidaweli-tih-teliqulo-tezalipu-hiwaponu-haq-lehaqifu,nidaweli,,8451.6
602a2911a73ba046955f6c58,62b1e62ceeb7b5456fa9f6e8,11,receiver,course,review,course-review,,course,5747.2
602a2911a73ba046955f6c58,62b1e62ceeb7b5456fa9f6e8,12,sender,design,review,meh-qip-hix-nidaweli-tih-teliqulo-tezalipu-hiwaponu-haq-lehaqifu,tih,,13722.9
602a2911a73ba046955f6c58,62b1e62ceeb7b5456fa9f6e8,13,receiver,change,travel,travel-change,,travel,4060.8
602a2911a73ba046955f6c58,62b1e62ceeb7b5456fa9f6e8,14,sender,change,course,meh-qip-hix-nidaweli-tih-teliqulo-tezalipu-hiwaponu-haq-lehaqifu,haq,,8735
602a2911a73ba046955f6c58,62b1e62ceeb7b5456fa9f6e8,15,receiver,course,ground,course-ground,,course,4539.3
602a2911a73ba046955f6c58,62b1e62ceeb7b5456fa9f6e8,16,sender,course,number,meh-qip-hix-nidaweli-tih-teliqulo-tezalipu-hiwaponu-haq-lehaqifu,hix,,7077.5
602a2911a73ba046955f6c58,62b1e62ceeb7b5456fa9f6e8,17,receiver,change,course,change-course,,change,5552.3
602a2911a73ba046955f6c58,62b1e62ceeb7b5456fa9f6e8,18,sender,design,market,meh-qip-hix-nidaweli-tih-teliqulo-tezalipu-hiwaponu-haq-lehaqifu,tezalipu,,15985.4
602a2911a73ba046955f6c58,62b1e62ceeb7b5456fa9f6e8,19,receiver,market,travel,market-travel,,travel,7186.9
602a2911a73ba046955f6c58,62b1e62ceeb7b5456fa9f6e8,20,sender,ground,review,meh-qip-hix-nidaweli-tih-teliqulo-tezalipu-hiwaponu-haq-lehaqifu,nidaweli,,13479.9
602a2911a73ba046955f6c58,62b1e62ceeb7b5456fa9f6e8,21,receiver,credit,number,credit-number,,credit,6691.2
602a2911a73ba046955f6c58,62b1e62ceeb7b5456fa9f6e8,22,sender,future,travel,meh-qip-hix-nidaweli-tih-teliqulo-tezalipu-hiwaponu-haq-lehaqifu,hix,,19692.6
602a2911a73ba046955f6c58,62b1e62ceeb7b5456fa9f6e8,23,receiver,design,review,design-review,,design,10675.7
602a2911a73ba046955f6c58,62b1e62ceeb7b5456fa9f6e8,24,sender,credit,ground,meh-qip-hix-nidaweli-tih-teliqulo-tezalipu-hiwaponu-haq-lehaqifu,tih,,19084.5
602a2911a73ba046955f6c58,62b1e62ceeb7b5456fa9f6e8,25,receiver,design,travel,design-travel,,travel,15224.2
602a2911a73ba046955f6c58,62b1e62ceeb7b5456fa9f6e8,26,sender,market,travel,meh-qip-hix-nidaweli-tih-teliqulo-tezalipu-hiwaponu-haq-lehaqifu,nidaweli,,6078.2
602a2911a73ba046955f6c58,62b1e62ceeb7b5456fa9f6e8,27,receiver,course,market,market-course,,course,14371.7
602a2911a73ba046955f6c58,62b1e62ceeb7b5456fa9f6e8,28,sender,design,market,meh-qip-hix-nidaweli-tih-teliqulo-tezalipu-hiwaponu-haq-lehaqifu,hiwaponu,,8762.3
602a2911a73ba046955f6c58,62b1e62ceeb7b5456fa9f6e8,29,receiver,design,ground,design-ground,,ground,19857.1
602a2911a73ba046955f6c58,62b1e62ceeb7b5456fa9f6e8,30,sender,review,travel,meh-qip-hix-nidaweli-tih-teliqulo-tezalipu-hiwaponu-haq-lehaqifu,teliqulo,,24055.1
602a2911a73ba046955f6c58,62b1e62ceeb7b5456fa9f6e8,31,receiver,change,future,future-change,,future,10750.8
602a2911a73ba046955f6c58,62b1e62ceeb7b5456fa9f6e8,32,sender,course,credit,meh-qip-hix-nidaweli-tih-teliqulo-tezalipu-hiwaponu-haq-lehaqifu,hix,,4589.9
602a2911a73ba046955f6c58,62b1e62ceeb7b5456fa9f6e8,33,receiver,future,ground,future-ground,,ground,3112
602a2911a73ba046955f6c58,62b1e62ceeb7b5456fa9f6e8,34,sender,course,design,meh-qip-hix-nidaweli-tih-teliqulo-tezalipu-hiwaponu-haq-lehaqifu,hix,,6185
602a2911a73ba046955f6c58,62b1e62ceeb7b5456fa9f6e8,35,receiver,future,number,number-future,,future,2725.3
602a2911a73ba046955f6c58,62b1e62ceeb7b5456fa9f6e8,36,sender,future,travel,meh-qip-hix-nidaweli-tih-teliqulo-tezalipu-hiwaponu-haq-lehaqifu,lehaqifu,,6322.6
602a2911a73ba046955f6c58,62b1e62ceeb7b5456fa9f6e8,37,receiver,number,review,review-number,,number,5896.5
602a2911a73ba046955f6c58,62b1e62ceeb7b5456fa9f6e8,38,sender,number,review,meh-qip-hix-nidaweli-tih-teliqulo-tezalipu-hiwaponu-haq-lehaqifu,meh,,8248.7
602a2911a73ba046955f6c58,62b1e62ceeb7b5456fa9f6e8,39,receiver,change,ground,change-ground,,change,3164
602a2911a73ba046955f6c58,62b1e62ceeb7b5456fa9f6e8,40,sender,change,number,meh-qip-hix-nidaweli-tih-teliqulo-tezalipu-hiwaponu-haq-lehaqifu,haq,,5586.7
602a2911a73ba046955f6c58,62b1e62ceeb7b5456fa9f6e8,41,receiver,future,ground,future-ground,,future,20216.6
602a2911a73ba046955f6c58,62b1e62ceeb7b5456fa9f6e8,42,sender,course,ground,meh-qip-hix-nidaweli-tih-teliqulo-tezalipu-hiwaponu-haq-lehaqifu,hix,,16486.8
602a2911a73ba046955f6c58,62b1e62ceeb7b5456fa9f6e8,43,receiver,market,review,market-review,,market,2697.2
602a2911a73ba046955f6c58,62b1e62ceeb7b5456fa9f6e8,44,sender,credit,number,meh-qip-hix-nidaweli-tih-teliqulo-tezalipu-hiwaponu-haq-lehaqifu,tih,,16642.2
602a2911a73ba046955f6c58,62b1e62ceeb7b5456fa9f6e8,45,receiver,review,travel,review-travel,,travel,29579.4
602a2911a73ba046955f6c58,62b1e62ceeb7b5456fa9f6e8,46,sender,credit,travel,meh-qip-hix-nidaweli-tih-teliqulo-tezalipu-hiwaponu-haq-lehaqifu,tih,,5504.5
602a2911a73ba046955f6c58,62b1e62ceeb7b5456fa9f6e8,47,receiver,future,number,number-future,,future,6205.1
602a2911a73ba046955f6c58,62b1e62ceeb7b5456fa9f6e8,48,sender,market,number,meh-qip-hix-nidaweli-tih-teliqulo-tezalipu-hiwaponu-haq-lehaqifu,nidaweli,,4437.1
602a2911a73ba046955f6c58,62b1e62ceeb7b5456fa9f6e8,49,receiver,course,number,number-course,,number,12949.8
602a2911a73ba046955f6c58,62b1e62ceeb7b5456fa9f6e8,50,sender,review,travel,meh-qip-hix-nidaweli-tih-teliqulo-tezalipu-hiwaponu-haq-lehaqifu,tezalipu,,13440.4
602a2911a73ba046955f6c58,62b1e62ceeb7b5456fa9f6e8,51,receiver,change,future,change-future,,change,3028.9
602a2911a73ba046955f6c58,62b1e62ceeb7b5456fa9f6e8,52,sender,change,design,meh-qip-hix-nidaweli-tih-teliqulo-tezalipu-hiwaponu-haq-lehaqifu,haq,,4465.9
602a2911a73ba046955f6c58,62b1e62ceeb7b5456fa9f6e8,53,receiver,change,credit,change-credit,,change,2021.5
602a2911a73ba046955f6c58,62b1e62ceeb7b5456fa9f6e8,54,sender,change,credit,meh-qip-hix-nidaweli-tih-teliqulo-tezalipu-hiwaponu-haq-lehaqifu,haq,,3775.9
602a2911a73ba046955f6c58,62b1e62ceeb7b5456fa9f6e8,55,receiver,design,review,design-review,,design,14506.2
602a2911a73ba046955f6c58,62b1e62ceeb7b5456fa9f6e8,56,sender,change,review,meh-qip-hix-nidaweli-tih-teliqulo-tezalipu-hiwaponu-haq-lehaqifu,haq,,6337.3
602a2911a73ba046955f6c58,62b1e62ceeb7b5456fa9f6e8,57,receiver,course,travel,travel-course,,travel,8631.2
602a2911a73ba046955f6c58,62b1e62ceeb7b5456fa9f6e8,58,sender,credit,ground,meh-qip-hix-nidaweli-tih-teliqulo-tezalipu-hiwaponu-haq-lehaqifu,tih,,4310.2
602a2911a73ba046955f6c58,62b1e62ceeb7b5456fa9f6e8,59,receiver,change,travel,travel-change,,change,13164.2
602a2911a73ba046955f6c58,62b1e62ceeb7b5456fa9f6e8,60,sender,credit,design,meh-qip-hix-nidaweli-tih-teliqulo-tezalipu-hiwaponu-haq-lehaqifu,tih,,4462.9
602a2911a73ba046955f6c58,62b1e62ceeb7b5456fa9f6e8,61,receiver,design,market,design-market,,design,4127.3
602a2911a73ba046955f6c58,62b1e62ceeb7b5456fa9f6e8,62,sender,change,review,meh-qip-hix-nidaweli-tih-teliqulo-tezalipu-hiwaponu-haq-lehaqifu,haq,,6109
602a2911a73ba046955f6c58,62b1e62ceeb7b5456fa9f6e8,63,receiver,course,review,course-review,,course,11664.4
602a2911a73ba046955f6c58,62b1e62ceeb7b5456fa9f6e8,64,sender,ground,number,meh-qip-hix-nidaweli-tih-teliqulo-tezalipu-hiwaponu-haq-lehaqifu,teliqulo,,24033.8
602a2911a73ba046955f6c58,62b1e62ceeb7b5456fa9f6e8,65,receiver,number,travel,travel-number,,number,18052.8
602a2911a73ba046955f6c58,62b1e62ceeb7b5456fa9f6e8,66,sender,change,market,meh-qip-hix-nidaweli-tih-teliqulo-tezalipu-hiwaponu-haq-lehaqifu,haq,,7055.6
602a2911a73ba046955f6c58,62b1e62ceeb7b5456fa9f6e8,67,receiver,course,design,course-design,,course,7239.1
602a2911a73ba046955f6c58,62b1e62ceeb7b5456fa9f6e8,68,sender,credit,market,meh-qip-hix-nidaweli-tih-teliqulo-tezalipu-hiwaponu-haq-lehaqifu,tih,,5909.2
602a2911a73ba046955f6c58,62b1e62ceeb7b5456fa9f6e8,69,receiver,design,ground,ground-design,,design,8721.1
602a2911a73ba046955f6c58,62b1e62ceeb7b5456fa9f6e8,70,sender,future,number,meh-qip-hix-nidaweli-tih-teliqulo-tezalipu-hiwaponu-haq-lehaqifu,lehaqifu,,6849.4
602a2911a73ba046955f6c58,62b1e62ceeb7b5456fa9f6e8,71,receiver,course,travel,course-travel,,course,15100.2
602a2911a73ba046955f6c58,62b1e62ceeb7b5456fa9f6e8,72,sender,credit,design,meh-qip-hix-nidaweli-tih-teliqulo-tezalipu-hiwaponu-haq-lehaqifu,tih,,5141
602a2911a73ba046955f6c58,62b1e62ceeb7b5456fa9f6e8,73,receiver,market,number,number-market,,market,3624.2
602a2911a73ba046955f6c58,62b1e62ceeb7b5456fa9f6e8,74,sender,future,review,meh-qip-hix-nidaweli-tih-teliqulo-tezalipu-hiwaponu-haq-lehaqifu,lehaqifu,,4618.4
602a2911a73ba046955f6c58,62b1e62ceeb7b5456fa9f6e8,75,receiver,future,market,future-market,,future,7638.5
602a2911a73ba046955f6c58,62b1e62ceeb7b5456fa9f6e8,76,sender,course,future,meh-qip-hix-nidaweli-tih-teliqulo-tezalipu-hiwaponu-haq-lehaqifu,hiwaponu,,5958.8
602a2911a73ba046955f6c58,62b1e62ceeb7b5456fa9f6e8,77,receiver,future,market,market-future,,future,7256.3
602a2911a73ba046955f6c58,62b1e62ceeb7b5456fa9f6e8,78,sender,market,review,meh-qip-hix-nidaweli-tih-teliqulo-tezalipu-hiwaponu-haq-lehaqifu,nidaweli,,8438.9
602a2911a73ba046955f6c58,62b1e62ceeb7b5456fa9f6e8,79,receiver,ground,travel,ground-travel,,ground,13353.8
602a2911a73ba046955f6c58,62b1e62ceeb7b5456fa9f6e8,80,sender,course,market,meh-qip-hix-nidaweli-tih-teliqulo-tezalipu-hiwaponu-haq-lehaqifu,hiwaponu,,9266.8
602a2911a73ba046955f6c58,62b1e62ceeb7b5456fa9f6e8,81,receiver,course,number,course-number,,course,7071.7
602a2911a73ba046955f6c58,62b1e62ceeb7b5456fa9f6e8,82,sender,change,credit,meh-qip-hix-nidaweli-tih-teliqulo-tezalipu-hiwaponu-haq-lehaqifu,haq,,6089.2
602a2911a73ba046955f6c58,62b1e62ceeb7b5456fa9f6e8,83,receiver,change,ground,change-ground,,change,4575.9
602a2911a73ba046955f6c58,62b1e62ceeb7b5456fa9f6e8,84,sender,market,review,meh-qip-hix-nidaweli-tih-teliqulo-tezalipu-hiwaponu-haq-lehaqifu,nidaweli,,5504.2
602a2911a73ba046955f6c58,62b1e62ceeb7b5456fa9f6e8,85,receiver,course,future,course-future,,course,8034.4
602a2911a73ba046955f6c58,62b1e62ceeb7b5456fa9f6e8,86,sender,future,travel,meh-qip-hix-nidaweli-tih-teliqulo-tezalipu-hiwaponu-haq-lehaqifu,lehaqifu,,7790.5
602a2911a73ba046955f6c58,62b1e62ceeb7b5456fa9f6e8,87,receiver,future,market,market-future,,future,4948.9
602a2911a73ba046955f6c58,62b1e62ceeb7b5456fa9f6e8,88,sender,design,future,meh-qip-hix-nidaweli-tih-teliqulo-tezalipu-hiwaponu-haq-lehaqifu,qip,,3549.5
602a2911a73ba046955f6c58,62b1e62ceeb7b5456fa9f6e8,89,receiver,credit,market,market-credit,,credit,3291.8
602a2911a73ba046955f6c58,62b1e62ceeb7b5456fa9f6e8,90,sender,design,ground,meh-qip-hix-nidaweli-tih-teliqulo-tezalipu-hiwaponu-haq-lehaqifu,qip,,5175.8
602a2911a73ba046955f6c58,62b1e62ceeb7b5456fa9f6e8,91,receiver,course,market,course-market,,course,7905.6
602a2911a73ba046955f6c58,62b1e62ceeb7b5456fa9f6e8,92,sender,ground,travel,meh-qip-hix-nidaweli-tih-teliqulo-tezalipu-hiwaponu-haq-lehaqifu,teliqulo,,7409
602a2911a73ba046955f6c58,62b1e62ceeb7b5456fa9f6e8,93,receiver,change,design,design-change,,change,6162.3
602a2911a73ba046955f6c58,62b1e62ceeb7b5456fa9f6e8,94,sender,future,review,meh-qip-hix-nidaweli-tih-teliqulo-tezalipu-hiwaponu-haq-lehaqifu,lehaqifu,,7293.2
602a2911a73ba046955f6c58,62b1e62ceeb7b5456fa9f6e8,95,receiver,ground,number,ground-number,,ground,15141.4
602a2911a73ba046955f6c58,62b1e62ceeb7b5456fa9f6e8,96,sender,design,travel,meh-qip-hix-nidaweli-tih-teliqulo-tezalipu-hiwaponu-haq-lehaqifu,qip,,5336.7
602a2911a73ba046955f6c58,62b1e62ceeb7b5456fa9f6e8,97,receiver,credit,market,market-credit,,credit,2946.2
602a2911a73ba046955f6c58,62b1e62ceeb7b5456fa9f6e8,98,sender,course,design,meh-qip-hix-nidaweli-tih-teliqulo-tezalipu-hiwaponu-haq-lehaqifu,hiwaponu,,7096.7
602a2911a73ba046955f6c58,62b1e62ceeb7b5456fa9f6e8,99,receiver,ground,number,ground-number,,ground,14206.7
602a2911a73ba046955f6c58,62b1e62ceeb7b5456fa9f6e8,100,sender,design,future,meh-qip-hix-nidaweli-tih-teliqulo-tezalipu-hiwaponu-haq-lehaqifu,qip,,3479.9
602a2911a73ba046955f6c58,62b1e62ceeb7b5456fa9f6e8,101,receiver,number,travel,number-travel,,number,4203.2
602a2911a73ba046955f6c58,62b1e62ceeb7b5456fa9f6e8,102,sender,course,credit,meh-qip-hix-nidaweli-tih-teliqulo-tezalipu-hiwaponu-haq-lehaqifu,hiwaponu,,6606.3
602a2911a73ba046955f6c58,62b1e62ceeb7b5456fa9f6e8,103,receiver,change,travel,change-travel,,change,4553.6
602a2911a73ba046955f6c58,62b1e62ceeb7b5456fa9f6e8,104,sender,credit,travel,meh-qip-hix-nidaweli-tih-teliqulo-tezalipu-hiwaponu-haq-lehaqifu,tih,,4332.7
602a2911a73ba046955f6c58,62b1e62ceeb7b5456fa9f6e8,105,receiver,credit,review,credit-review,,credit,2851.3
602a2911a73ba046955f6c58,62b1e62ceeb7b5456fa9f6e8,106,sender,market,number,meh-qip-hix-nidaweli-tih-teliqulo-tezalipu-hiwaponu-haq-lehaqifu,nidaweli,,4420.2
602a2911a73ba046955f6c58,62b1e62ceeb7b5456fa9f6e8,107,receiver,ground,review,review-ground,,review,4162
602a2911a73ba046955f6c58,62b1e62ceeb7b5456fa9f6e8,108,sender,credit,future,meh-qip-hix-nidaweli-tih-teliqulo-tezalipu-hiwaponu-haq-lehaqifu,tih,,7213.4
602a2911a73ba046955f6c58,62b1e62ceeb7b5456fa9f6e8,109,receiver,credit,ground,credit-ground,,credit,2113.7
602a2911a73ba046955f6c58,62b1e62ceeb7b5456fa9f6e8,110,sender,change,review,meh-qip-hix-nidaweli-tih-teliqulo-tezalipu-hiwaponu-haq-lehaqifu,haq,,14093.4
602a2911a73ba046955f6c58,62b1e62ceeb7b5456fa9f6e8,111,receiver,course,ground,ground-course,,course,5414.4
602a2911a73ba046955f6c58,62b1e62ceeb7b5456fa9f6e8,112,sender,design,number,meh-qip-hix-nidaweli-tih-teliqulo-tezalipu-hiwaponu-haq-lehaqifu,qip,,2976.1
602a2911a73ba046955f6c58,62b1e62ceeb7b5456fa9f6e8,113,receiver,credit,travel,travel-credit,,credit,3138.8
602a2911a73ba046955f6c58,62b1e62ceeb7b5456fa9f6e8,114,sender,design,number,meh-qip-hix-nidaweli-tih-teliqulo-tezalipu-hiwaponu-haq-lehaqifu,qip,,3205.2
602a2911a73ba046955f6c58,62b1e62ceeb7b5456fa9f6e8,115,receiver,credit,number,credit-number,,credit,1505.4
602a2911a73ba046955f6c58,62b1e62ceeb7b5456fa9f6e8,116,sender,ground,review,meh-qip-hix-nidaweli-tih-teliqulo-tezalipu-hiwaponu-haq-lehaqifu,teliqulo,,7628.7
602a2911a73ba046955f6c58,62b1e62ceeb7b5456fa9f6e8,117,receiver,design,travel,travel-design,,design,5609.6
602a2911a73ba046955f6c58,62b1e62ceeb7b5456fa9f6e8,118,sender,change,ground,meh-qip-hix-nidaweli-tih-teliqulo-tezalipu-hiwaponu-haq-lehaqifu,haq,,6526.5
602a2911a73ba046955f6c58,62b1e62ceeb7b5456fa9f6e8,119,receiver,course,credit,credit-course,,course,9412.1
602a2911a73ba046955f6c58,62b1e62ceeb7b5456fa9f6e8,120,sender,change,future,meh-qip-hix-nidaweli-tih-teliqulo-tezalipu-hiwaponu-haq-lehaqifu,haq,,6853.6
602a2911a73ba046955f6c58,62b1e62ceeb7b5456fa9f6e8,121,receiver,change,market,market-change,,change,2378.7
602a2911a73ba046955f6c58,62b1e62ceeb7b5456fa9f6e8,122,sender,credit,review,meh-qip-hix-nidaweli-tih-teliqulo-tezalipu-hiwaponu-haq-lehaqifu,tih,,6143.1
602a2911a73ba046955f6c58,62b1e62ceeb7b5456fa9f6e8,123,receiver,ground,market,ground-market,,ground,10359.8
602a2911a73ba046955f6c58,62b1e62ceeb7b5456fa9f6e8,124,sender,future,review,meh-qip-hix-nidaweli-tih-teliqulo-tezalipu-hiwaponu-haq-lehaqifu,lehaqifu,,6575.2
602a2911a73ba046955f6c58,62b1e62ceeb7b5456fa9f6e8,125,receiver,ground,travel,travel-ground,,ground,5666.4
602a2911a73ba046955f6c58,62b1e62ceeb7b5456fa9f6e8,126,sender,change,number,meh-qip-hix-nidaweli-tih-teliqulo-tezalipu-hiwaponu-haq-lehaqifu,haq,,9884.9
602a2911a73ba046955f6c58,62b1e62ceeb7b5456fa9f6e8,127,receiver,ground,market,ground-market,,ground,5451.6
602a2911a73ba046955f6c58,62b1e62ceeb7b5456fa9f6e8,128,sender,course,travel,meh-qip-hix-nidaweli-tih-teliqulo-tezalipu-hiwaponu-haq-lehaqifu,hiwaponu,,5877.6
602a2911a73ba046955f6c58,62b1e62ceeb7b5456fa9f6e8,129,receiver,change,number,change-number,,change,4618.2
602a2911a73ba046955f6c58,62b1e62ceeb7b5456fa9f6e8,130,sender,credit,future,meh-qip-hix-nidaweli-tih-teliqulo-tezalipu-hiwaponu-haq-lehaqifu,tih,,5928.9
602a2911a73ba046955f6c58,62b1e62ceeb7b5456fa9f6e8,131,receiver,change,market,market-change,,change,2070.2
602a2911a73ba046955f6c58,62b1e62ceeb7b5456fa9f6e8,132,sender,course,review,meh-qip-hix-nidaweli-tih-teliqulo-tezalipu-hiwaponu-haq-lehaqifu,hiwaponu,,5270.8
602a2911a73ba046955f6c58,62b1e62ceeb7b5456fa9f6e8,133,receiver,change,design,design-change,,change,2169.5
602a2911a73ba046955f6c58,62b1e62ceeb7b5456fa9f6e8,134,sender,credit,design,meh-qip-hix-nidaweli-tih-teliqulo-tezalipu-hiwaponu-haq-lehaqifu,tih,,5375.1
602a2911a73ba046955f6c58,62b1e62ceeb7b5456fa9f6e8,135,receiver,course,future,future-course,,course,9207