participant_id, partner_id, trial_index, trial_type, target_meaning, foil_meaning,             choices, signal_selected, meaning_guess, rt
62b1e62ceeb7b5456fa9f6e8,602a2911a73ba046955f6c58,1,sender,number,review,meh-qip-hix-nidaweli-tih-teliqulo-tezalipu-hiwaponu-haq-lehaqifu,meh,,23019
62b1e62ceeb7b5456fa9f6e8,602a2911a73ba046955f6c58,2,receiver,design,future,design-future,,design,12612
62b1e62ceeb7b5456fa9f6e8,602a2911a73ba046955f6c58,3,sender,design,number,meh-qip-hix-nidaweli-tih-teliqulo-tezalipu-hiwaponu-haq-lehaqifu,hix,,23382
62b1e62ceeb7b5456fa9f6e8,602a2911a73ba046955f6c58,4,receiver,credit,future,future-credit,,credit,7503
62b1e62ceeb7b5456fa9f6e8,602a2911a73ba046955f6c58,5,sender,credit,review,meh-qip-hix-nidaweli-tih-teliqulo-tezalipu-hiwaponu-haq-lehaqifu,qip,,20834
62b1e62ceeb7b5456fa9f6e8,602a2911a73ba046955f6c58,6,receiver,ground,market,ground-market,,market,6011
62b1e62ceeb7b5456fa9f6e8,602a2911a73ba046955f6c58,7,sender,number,travel,meh-qip-hix-nidaweli-tih-teliqulo-tezalipu-hiwaponu-haq-lehaqifu,meh,,5362
62b1e62ceeb7b5456fa9f6e8,602a2911a73ba046955f6c58,8,receiver,change,course,change-course,,change,11933
62b1e62ceeb7b5456fa9f6e8,602a2911a73ba046955f6c58,9,sender,future,ground,meh-qip-hix-nidaweli-tih-teliqulo-tezalipu-hiwaponu-haq-lehaqifu,lehaqifu,,12115
62b1e62ceeb7b5456fa9f6e8,602a2911a73ba046955f6c58,10,receiver,market,travel,travel-market,,market,8637
62b1e62ceeb7b5456fa9f6e8,602a2911a73ba046955f6c58,11,sender,course,review,meh-qip-hix-nidaweli-tih-teliqulo-tezalipu-hiwaponu-haq-lehaqifu,qip,,17855
62b1e62ceeb7b5456fa9f6e8,602a2911a73ba046955f6c58,12,receiver,design,review,review-design,,review,12658
62b1e62ceeb7b5456fa9f6e8,602a2911a73ba046955f6c58,13,sender,change,travel,meh-qip-hix-nidaweli-tih-teliqulo-tezalipu-hiwaponu-haq-lehaqifu,haq,,32695
62b1e62ceeb7b5456fa9f6e8,602a2911a73ba046955f6c58,14,receiver,change,course,change-course,,change,4174
62b1e62ceeb7b5456fa9f6e8,602a2911a73ba046955f6c58,15,sender,course,ground,meh-qip-hix-nidaweli-tih-teliqulo-tezalipu-hiwaponu-haq-lehaqifu,hix,,12843
62b1e62ceeb7b5456fa9f6e8,602a2911a73ba046955f6c58,16,receiver,course,number,course-number,,course,4119
62b1e62ceeb7b5456fa9f6e8,602a2911a73ba046955f6c58,17,sender,change,course,meh-qip-hix-nidaweli-tih-teliqulo-tezalipu-hiwaponu-haq-lehaqifu,haq,,6513
62b1e62ceeb7b5456fa9f6e8,602a2911a73ba046955f6c58,18,receiver,design,market,design-market,,market,5186
62b1e62ceeb7b5456fa9f6e8,602a2911a73ba046955f6c58,19,sender,market,travel,meh-qip-hix-nidaweli-tih-teliqulo-tezalipu-hiwaponu-haq-lehaqifu,lehaqifu,,25212
62b1e62ceeb7b5456fa9f6e8,602a2911a73ba046955f6c58,20,receiver,ground,review,review-ground,,review,4938
62b1e62ceeb7b5456fa9f6e8,602a2911a73ba046955f6c58,21,sender,credit,number,meh-qip-hix-nidaweli-tih-teliqulo-tezalipu-hiwaponu-haq-lehaqifu,tih,,12913
62b1e62ceeb7b5456fa9f6e8,602a2911a73ba046955f6c58,22,receiver,future,travel,travel-future,,travel,6975
62b1e62ceeb7b5456fa9f6e8,602a2911a73ba046955f6c58,23,sender,design,review,meh-qip-hix-nidaweli-tih-teliqulo-tezalipu-hiwaponu-haq-lehaqifu,hiwaponu,,41601
62b1e62ceeb7b5456fa9f6e8,602a2911a73ba046955f6c58,24,receiver,credit,ground,ground-credit,,credit,14482
62b1e62ceeb7b5456fa9f6e8,602a2911a73ba046955f6c58,25,sender,design,travel,meh-qip-hix-nidaweli-tih-teliqulo-tezalipu-hiwaponu-haq-lehaqifu,qip,,35710
62b1e62ceeb7b5456fa9f6e8,602a2911a73ba046955f6c58,26,receiver,market,travel,travel-market,,market,6625
62b1e62ceeb7b5456fa9f6e8,602a2911a73ba046955f6c58,27,sender,course,market,meh-qip-hix-nidaweli-tih-teliqulo-tezalipu-hiwaponu-haq-lehaqifu,hiwaponu,,32745
62b1e62ceeb7b5456fa9f6e8,602a2911a73ba046955f6c58,28,receiver,design,market,market-design,,market,11806
62b1e62ceeb7b5456fa9f6e8,602a2911a73ba046955f6c58,29,sender,design,ground,meh-qip-hix-nidaweli-tih-teliqulo-tezalipu-hiwaponu-haq-lehaqifu,tezalipu,,18292
62b1e62ceeb7b5456fa9f6e8,602a2911a73ba046955f6c58,30,receiver,review,travel,travel-review,,travel,13518
62b1e62ceeb7b5456fa9f6e8,602a2911a73ba046955f6c58,31,sender,change,future,meh-qip-hix-nidaweli-tih-teliqulo-tezalipu-hiwaponu-haq-lehaqifu,haq,,19790
62b1e62ceeb7b5456fa9f6e8,602a2911a73ba046955f6c58,32,receiver,course,credit,credit-course,,credit,4991
62b1e62ceeb7b5456fa9f6e8,602a2911a73ba046955f6c58,33,sender,future,ground,meh-qip-hix-nidaweli-tih-teliqulo-tezalipu-hiwaponu-haq-lehaqifu,lehaqifu,,28876
62b1e62ceeb7b5456fa9f6e8,602a2911a73ba046955f6c58,34,receiver,course,design,course-design,,design,10843
62b1e62ceeb7b5456fa9f6e8,602a2911a73ba046955f6c58,35,sender,future,number,meh-qip-hix-nidaweli-tih-teliqulo-tezalipu-hiwaponu-haq-lehaqifu,lehaqifu,,6114
62b1e62ceeb7b5456fa9f6e8,602a2911a73ba046955f6c58,36,receiver,future,travel,travel-future,,future,3786
62b1e62ceeb7b5456fa9f6e8,602a2911a73ba046955f6c58,37,sender,number,review,meh-qip-hix-nidaweli-tih-teliqulo-tezalipu-hiwaponu-haq-lehaqifu,meh,,2511
62b1e62ceeb7b5456fa9f6e8,602a2911a73ba046955f6c58,38,receiver,number,review,number-review,,number,2978
62b1e62ceeb7b5456fa9f6e8,602a2911a73ba046955f6c58,39,sender,change,ground,meh-qip-hix-nidaweli-tih-teliqulo-tezalipu-hiwaponu-haq-lehaqifu,haq,,7864
62b1e62ceeb7b5456fa9f6e8,602a2911a73ba046955f6c58,40,receiver,change,number,number-change,,change,2425
62b1e62ceeb7b5456fa9f6e8,602a2911a73ba046955f6c58,41,sender,future,ground,meh-qip-hix-nidaweli-tih-teliqulo-tezalipu-hiwaponu-haq-lehaqifu,lehaqifu,,10364
62b1e62ceeb7b5456fa9f6e8,602a2911a73ba046955f6c58,42,receiver,course,ground,ground-course,,ground,21945
62b1e62ceeb7b5456fa9f6e8,602a2911a73ba046955f6c58,43,sender,market,review,meh-qip-hix-nidaweli-tih-teliqulo-tezalipu-hiwaponu-haq-lehaqifu,nidaweli,,14582
62b1e62ceeb7b5456fa9f6e8,602a2911a73ba046955f6c58,44,receiver,credit,number,number-credit,,credit,3753
62b1e62ceeb7b5456fa9f6e8,602a2911a73ba046955f6c58,45,sender,review,travel,meh-qip-hix-nidaweli-tih-teliqulo-tezalipu-hiwaponu-haq-lehaqifu,tezalipu,,25361
62b1e62ceeb7b5456fa9f6e8,602a2911a73ba046955f6c58,46,receiver,credit,travel,travel-credit,,credit,4396
62b1e62ceeb7b5456fa9f6e8,602a2911a73ba046955f6c58,47,sender,future,number,meh-qip-hix-nidaweli-tih-teliqulo-tezalipu-hiwaponu-haq-lehaqifu,lehaqifu,,9590
62b1e62ceeb7b5456fa9f6e8,602a2911a73ba046955f6c58,48,receiver,market,number,market-number,,market,8296
62b1e62ceeb7b5456fa9f6e8,602a2911a73ba046955f6c58,49,sender,course,number,meh-qip-hix-nidaweli-tih-teliqulo-tezalipu-hiwaponu-haq-lehaqifu,hiwaponu,,14661
62b1e62ceeb7b5456fa9f6e8,602a2911a73ba046955f6c58,50,receiver,review,travel,review-travel,,review,6985
62b1e62ceeb7b5456fa9f6e8,602a2911a73ba046955f6c58,51,sender,change,future,meh-qip-hix-nidaweli-tih-teliqulo-tezalipu-hiwaponu-haq-lehaqifu,haq,,9515
62b1e62ceeb7b5456fa9f6e8,602a2911a73ba046955f6c58,52,receiver,change,design,design-change,,change,2658
62b1e62ceeb7b5456fa9f6e8,602a2911a73ba046955f6c58,53,sender,change,credit,meh-qip-hix-nidaweli-tih-teliqulo-tezalipu-hiwaponu-haq-lehaqifu,haq,,2585
62b1e62ceeb7b5456fa9f6e8,602a2911a73ba046955f6c58,54,receiver,change,credit,credit-change,,change,2008
62b1e62ceeb7b5456fa9f6e8,602a2911a73ba046955f6c58,55,sender,design,review,meh-qip-hix-nidaweli-tih-teliqulo-tezalipu-hiwaponu-haq-lehaqifu,qip,,7745
62b1e62ceeb7b5456fa9f6e8,602a2911a73ba046955f6c58,56,receiver,change,review,change-review,,change,10251
62b1e62ceeb7b5456fa9f6e8,602a2911a73ba046955f6c58,57,sender,course,travel,meh-qip-hix-nidaweli-tih-teliqulo-tezalipu-hiwaponu-haq-lehaqifu,hiwaponu,,7780
62b1e62ceeb7b5456fa9f6e8,602a2911a73ba046955f6c58,58,receiver,credit,ground,credit-ground,,credit,2441
62b1e62ceeb7b5456fa9f6e8,602a2911a73ba046955f6c58,59,sender,change,travel,meh-qip-hix-nidaweli-tih-teliqulo-tezalipu-hiwaponu-haq-lehaqifu,haq,,5097
62b1e62ceeb7b5456fa9f6e8,602a2911a73ba046955f6c58,60,receiver,credit,design,design-credit,,credit,2133
62b1e62ceeb7b5456fa9f6e8,602a2911a73ba046955f6c58,61,sender,design,market,meh-qip-hix-nidaweli-tih-teliqulo-tezalipu-hiwaponu-haq-lehaqifu,qip,,6524
62b1e62ceeb7b5456fa9f6e8,602a2911a73ba046955f6c58,62,receiver,change,review,change-review,,change,2077
62b1e62ceeb7b5456fa9f6e8,602a2911a73ba046955f6c58,63,sender,course,review,meh-qip-hix-nidaweli-tih-teliqulo-tezalipu-hiwaponu-haq-lehaqifu,hiwaponu,,5807
62b1e62ceeb7b5456fa9f6e8,602a2911a73ba046955f6c58,64,receiver,ground,number,ground-number,,ground,13442
62b1e62ceeb7b5456fa9f6e8,602a2911a73ba046955f6c58,65,sender,number,travel,meh-qip-hix-nidaweli-tih-teliqulo-tezalipu-hiwaponu-haq-lehaqifu,meh,,10185
62b1e62ceeb7b5456fa9f6e8,602a2911a73ba046955f6c58,66,receiver,change,market,market-change,,change,6020
62b1e62ceeb7b5456fa9f6e8,602a2911a73ba046955f6c58,67,sender,course,design,meh-qip-hix-nidaweli-tih-teliqulo-tezalipu-hiwaponu-haq-lehaqifu,hiwaponu,,11926
62b1e62ceeb7b5456fa9f6e8,602a2911a73ba046955f6c58,68,receiver,credit,market,market-credit,,credit,3309
62b1e62ceeb7b5456fa9f6e8,602a2911a73ba046955f6c58,69,sender,design,ground,meh-qip-hix-nidaweli-tih-teliqulo-tezalipu-hiwaponu-haq-lehaqifu,qip,,5597
62b1e62ceeb7b5456fa9f6e8,602a2911a73ba046955f6c58,70,receiver,future,number,number-future,,future,7780
62b1e62ceeb7b5456fa9f6e8,602a2911a73ba046955f6c58,71,sender,course,travel,meh-qip-hix-nidaweli-tih-teliqulo-tezalipu-hiwaponu-haq-lehaqifu,hiwaponu,,4793
62b1e62ceeb7b5456fa9f6e8,602a2911a73ba046955f6c58,72,receiver,credit,design,credit-design,,credit,1809
62b1e62ceeb7b5456fa9f6e8,602a2911a73ba046955f6c58,73,sender,market,number,meh-qip-hix-nidaweli-tih-teliqulo-tezalipu-hiwaponu-haq-lehaqifu,nidaweli,,9449
62b1e62ceeb7b5456fa9f6e8,602a2911a73ba046955f6c58,74,receiver,future,review,future-review,,future,9416
62b1e62ceeb7b5456fa9f6e8,602a2911a73ba046955f6c58,75,sender,future,market,meh-qip-hix-nidaweli-tih-teliqulo-tezalipu-hiwaponu-haq-lehaqifu,lehaqifu,,6557
62b1e62ceeb7b5456fa9f6e8,602a2911a73ba046955f6c58,76,receiver,course,future,course-future,,course,77318
62b1e62ceeb7b5456fa9f6e8,602a2911a73ba046955f6c58,77,sender,future,market,meh-qip-hix-nidaweli-tih-teliqulo-tezalipu-hiwaponu-haq-lehaqifu,lehaqifu,,8548
62b1e62ceeb7b5456fa9f6e8,602a2911a73ba046955f6c58,78,receiver,market,review,review-market,,market,6763
62b1e62ceeb7b5456fa9f6e8,602a2911a73ba046955f6c58,79,sender,ground,travel,meh-qip-hix-nidaweli-tih-teliqulo-tezalipu-hiwaponu-haq-lehaqifu,tezalipu,,29125
62b1e62ceeb7b5456fa9f6e8,602a2911a73ba046955f6c58,80,receiver,course,market,market-course,,course,16307
62b1e62ceeb7b5456fa9f6e8,602a2911a73ba046955f6c58,81,sender,course,number,meh-qip-hix-nidaweli-tih-teliqulo-tezalipu-hiwaponu-haq-lehaqifu,hiwaponu,,4764
62b1e62ceeb7b5456fa9f6e8,602a2911a73ba046955f6c58,82,receiver,change,credit,change-credit,,change,3670
62b1e62ceeb7b5456fa9f6e8,602a2911a73ba046955f6c58,83,sender,change,ground,meh-qip-hix-nidaweli-tih-teliqulo-tezalipu-hiwaponu-haq-lehaqifu,haq,,2178
62b1e62ceeb7b5456fa9f6e8,602a2911a73ba046955f6c58,84,receiver,market,review,market-review,,market,6837
62b1e62ceeb7b5456fa9f6e8,602a2911a73ba046955f6c58,85,sender,course,future,meh-qip-hix-nidaweli-tih-teliqulo-tezalipu-hiwaponu-haq-lehaqifu,hiwaponu,,7809
62b1e62ceeb7b5456fa9f6e8,602a2911a73ba046955f6c58,86,receiver,future,travel,travel-future,,future,8368
62b1e62ceeb7b5456fa9f6e8,602a2911a73ba046955f6c58,87,sender,future,market,meh-qip-hix-nidaweli-tih-teliqulo-tezalipu-hiwaponu-haq-lehaqifu,lehaqifu,,2032
62b1e62ceeb7b5456fa9f6e8,602a2911a73ba046955f6c58,88,receiver,design,future,future-design,,design,4100
62b1e62ceeb7b5456fa9f6e8,602a2911a73ba046955f6c58,89,sender,credit,market,meh-qip-hix-nidaweli-tih-teliqulo-tezalipu-hiwaponu-haq-lehaqifu,tih,,3013
62b1e62ceeb7b5456fa9f6e8,602a2911a73ba046955f6c58,90,receiver,design,ground,ground-design,,design,4726
62b1e62ceeb7b5456fa9f6e8,602a2911a73ba046955f6c58,91,sender,course,market,meh-qip-hix-nidaweli-tih-teliqulo-tezalipu-hiwaponu-haq-lehaqifu,hiwaponu,,7198
62b1e62ceeb7b5456fa9f6e8,602a2911a73ba046955f6c58,92,receiver,ground,travel,travel-ground,,travel,8059
62b1e62ceeb7b5456fa9f6e8,602a2911a73ba046955f6c58,93,sender,change,design,meh-qip-hix-nidaweli-tih-teliqulo-tezalipu-hiwaponu-haq-lehaqifu,haq,,7463
62b1e62ceeb7b5456fa9f6e8,602a2911a73ba046955f6c58,94,receiver,future,review,future-review,,future,5252
62b1e62ceeb7b5456fa9f6e8,602a2911a73ba046955f6c58,95,sender,ground,number,meh-qip-hix-nidaweli-tih-teliqulo-tezalipu-hiwaponu-haq-lehaqifu,tezalipu,,17713
62b1e62ceeb7b5456fa9f6e8,602a2911a73ba046955f6c58,96,receiver,design,travel,design-travel,,design,9815
62b1e62ceeb7b5456fa9f6e8,602a2911a73ba046955f6c58,97,sender,credit,market,meh-qip-hix-nidaweli-tih-teliqulo-tezalipu-hiwaponu-haq-lehaqifu,tih,,3591
62b1e62ceeb7b5456fa9f6e8,602a2911a73ba046955f6c58,98,receiver,course,design,design-course,,course,15013
62b1e62ceeb7b5456fa9f6e8,602a2911a73ba046955f6c58,99,sender,ground,number,meh-qip-hix-nidaweli-tih-teliqulo-tezalipu-hiwaponu-haq-lehaqifu,tezalipu,,11597
62b1e62ceeb7b5456fa9f6e8,602a2911a73ba046955f6c58,100,receiver,design,future,design-future,,design,3659
62b1e62ceeb7b5456fa9f6e8,602a2911a73ba046955f6c58,101,sender,number,travel,meh-qip-hix-nidaweli-tih-teliqulo-tezalipu-hiwaponu-haq-lehaqifu,meh,,3190
62b1e62ceeb7b5456fa9f6e8,602a2911a73ba046955f6c58,102,receiver,course,credit,course-credit,,course,7634
62b1e62ceeb7b5456fa9f6e8,602a2911a73ba046955f6c58,103,sender,change,travel,meh-qip-hix-nidaweli-tih-teliqulo-tezalipu-hiwaponu-haq-lehaqifu,haq,,13252
62b1e62ceeb7b5456fa9f6e8,602a2911a73ba046955f6c58,104,receiver,credit,travel,travel-credit,,credit,1950
62b1e62ceeb7b5456fa9f6e8,602a2911a73ba046955f6c58,105,sender,credit,review,meh-qip-hix-nidaweli-tih-teliqulo-tezalipu-hiwaponu-haq-lehaqifu,tih,,2623
62b1e62ceeb7b5456fa9f6e8,602a2911a73ba046955f6c58,106,receiver,market,number,number-market,,market,2789
62b1e62ceeb7b5456fa9f6e8,602a2911a73ba046955f6c58,107,sender,ground,review,meh-qip-hix-nidaweli-tih-teliqulo-tezalipu-hiwaponu-haq-lehaqifu,tezalipu,,5392
62b1e62ceeb7b5456fa9f6e8,602a2911a73ba046955f6c58,108,receiver,credit,future,future-credit,,credit,1552
62b1e62ceeb7b5456fa9f6e8,602a2911a73ba046955f6c58,109,sender,credit,ground,meh-qip-hix-nidaweli-tih-teliqulo-tezalipu-hiwaponu-haq-lehaqifu,tih,,3132
62b1e62ceeb7b5456fa9f6e8,602a2911a73ba046955f6c58,110,receiver,change,review,change-review,,change,1685
62b1e62ceeb7b5456fa9f6e8,602a2911a73ba046955f6c58,111,sender,course,ground,meh-qip-hix-nidaweli-tih-teliqulo-tezalipu-hiwaponu-haq-lehaqifu,hiwaponu,,2610
62b1e62ceeb7b5456fa9f6e8,602a2911a73ba046955f6c58,112,receiver,design,number,number-design,,design,2126
62b1e62ceeb7b5456fa9f6e8,602a2911a73ba046955f6c58,113,sender,credit,travel,meh-qip-hix-nidaweli-tih-teliqulo-tezalipu-hiwaponu-haq-lehaqifu,tih,,2287
62b1e62ceeb7b5456fa9f6e8,602a2911a73ba046955f6c58,114,receiver,design,number,number-design,,design,2475
62b1e62ceeb7b5456fa9f6e8,602a2911a73ba046955f6c58,115,sender,credit,number,meh-qip-hix-nidaweli-tih-teliqulo-tezalipu-hiwaponu-haq-lehaqifu,tih,,2210
62b1e62ceeb7b5456fa9f6e8,602a2911a73ba046955f6c58,116,receiver,ground,review,review-ground,,review,18996
62b1e62ceeb7b5456fa9f6e8,602a2911a73ba046955f6c58,117,sender,design,travel,meh-qip-hix-nidaweli-tih-teliqulo-tezalipu-hiwaponu-haq-lehaqifu,qip,,25554
62b1e62ceeb7b5456fa9f6e8,602a2911a73ba046955f6c58,118,receiver,change,ground,change-ground,,change,2062
62b1e62ceeb7b5456fa9f6e8,602a2911a73ba046955f6c58,119,sender,course,credit,meh-qip-hix-nidaweli-tih-teliqulo-tezalipu-hiwaponu-haq-lehaqifu,hiwaponu,,2468
62b1e62ceeb7b5456fa9f6e8,602a2911a73ba046955f6c58,120,receiver,change,future,future-change,,change,1714
62b1e62ceeb7b5456fa9f6e8,602a2911a73ba046955f6c58,121,sender,change,market,meh-qip-hix-nidaweli-tih-teliqulo-tezalipu-hiwaponu-haq-lehaqifu,haq,,3836
62b1e62ceeb7b5456fa9f6e8,602a2911a73ba046955f6c58,122,receiver,credit,review,credit-review,,credit,1931
62b1e62ceeb7b5456fa9f6e8,602a2911a73ba046955f6c58,123,sender,ground,market,meh-qip-hix-nidaweli-tih-teliqulo-tezalipu-hiwaponu-haq-lehaqifu,tezalipu,,6251
62b1e62ceeb7b5456fa9f6e8,602a2911a73ba046955f6c58,124,receiver,future,review,future-review,,future,9030
62b1e62ceeb7b5456fa9f6e8,602a2911a73ba046955f6c58,125,sender,ground,travel,meh-qip-hix-nidaweli-tih-teliqulo-tezalipu-hiwaponu-haq-lehaqifu,tezalipu,,3209
62b1e62ceeb7b5456fa9f6e8,602a2911a73ba046955f6c58,126,receiver,change,number,change-number,,change,1826
62b1e62ceeb7b5456fa9f6e8,602a2911a73ba046955f6c58,127,sender,ground,market,meh-qip-hix-nidaweli-tih-teliqulo-tezalipu-hiwaponu-haq-lehaqifu,tezalipu,,2489
62b1e62ceeb7b5456fa9f6e8,602a2911a73ba046955f6c58,128,receiver,course,travel,travel-course,,course,6672
62b1e62ceeb7b5456fa9f6e8,602a2911a73ba046955f6c58,129,sender,change,number,meh-qip-hix-nidaweli-tih-teliqulo-tezalipu-hiwaponu-haq-lehaqifu,haq,,7302
62b1e62ceeb7b5456fa9f6e8,602a2911a73ba046955f6c58,130,receiver,credit,future,future-credit,,credit,2453
62b1e62ceeb7b5456fa9f6e8,602a2911a73ba046955f6c58,131,sender,change,market,meh-qip-hix-nidaweli-tih-teliqulo-tezalipu-hiwaponu-haq-lehaqifu,haq,,10925
62b1e62ceeb7b5456fa9f6e8,602a2911a73ba046955f6c58,132,receiver,course,review,course-review,,course,8075
62b1e62ceeb7b5456fa9f6e8,602a2911a73ba046955f6c58,133,sender,change,design,meh-qip-hix-nidaweli-tih-teliqulo-tezalipu-hiwaponu-haq-lehaqifu,haq,,2902
62b1e62ceeb7b5456fa9f6e8,602a2911a73ba046955f6c58,134,receiver,credit,design,design-credit,,credit,1696
62b1e62ceeb7b5456fa9f6e8,602a2911a73ba046955f6c58,135,sender,course,future,meh-qip-hix-nidaweli-tih-teliqulo-tezalipu-hiwaponu-haq-lehaqifu,hiwaponu,,4767