participant_id, partner_id, trial_index, trial_type, target_meaning, foil_meaning,             choices, signal_selected, meaning_guess, rt
6278d1758a5f6d5af02d863c,6112c3592c483f115b25d256,1,receiver,travel,family,travel-family,,travel,12945.855
6278d1758a5f6d5af02d863c,6112c3592c483f115b25d256,2,sender,credit,travel,nidaweli-haq-qip-tih-meh-peh-teliqulo-lehaqifu-hiwaponu-saqotiwe,teliqulo,,14589.52
6278d1758a5f6d5af02d863c,6112c3592c483f115b25d256,3,receiver,normal,review,normal-review,,normal,8447.29
6278d1758a5f6d5af02d863c,6112c3592c483f115b25d256,4,sender,design,review,nidaweli-haq-qip-tih-meh-peh-teliqulo-lehaqifu-hiwaponu-saqotiwe,tih,,129908.405
6278d1758a5f6d5af02d863c,6112c3592c483f115b25d256,5,receiver,review,number,review-number,,review,33395.695
6278d1758a5f6d5af02d863c,6112c3592c483f115b25d256,6,sender,travel,review,nidaweli-haq-qip-tih-meh-peh-teliqulo-lehaqifu-hiwaponu-saqotiwe,teliqulo,,34355.77
6278d1758a5f6d5af02d863c,6112c3592c483f115b25d256,7,receiver,design,credit,credit-design,,credit,23439.18
6278d1758a5f6d5af02d863c,6112c3592c483f115b25d256,8,sender,design,credit,nidaweli-haq-qip-tih-meh-peh-teliqulo-lehaqifu-hiwaponu-saqotiwe,tih,,8390.045
6278d1758a5f6d5af02d863c,6112c3592c483f115b25d256,9,receiver,design,normal,design-normal,,design,3915.41
6278d1758a5f6d5af02d863c,6112c3592c483f115b25d256,10,sender,design,normal,nidaweli-haq-qip-tih-meh-peh-teliqulo-lehaqifu-hiwaponu-saqotiwe,tih,,10721.28
6278d1758a5f6d5af02d863c,6112c3592c483f115b25d256,11,receiver,review,family,review-family,,review,8063.93
6278d1758a5f6d5af02d863c,6112c3592c483f115b25d256,12,sender,online,credit,nidaweli-haq-qip-tih-meh-peh-teliqulo-lehaqifu-hiwaponu-saqotiwe,nidaweli,,26067.17
6278d1758a5f6d5af02d863c,6112c3592c483f115b25d256,13,receiver,travel,number,number-travel,,travel,4447.775
6278d1758a5f6d5af02d863c,6112c3592c483f115b25d256,14,sender,number,family,nidaweli-haq-qip-tih-meh-peh-teliqulo-lehaqifu-hiwaponu-saqotiwe,meh,,39123.805
6278d1758a5f6d5af02d863c,6112c3592c483f115b25d256,15,receiver,design,normal,design-normal,,design,8290.265
6278d1758a5f6d5af02d863c,6112c3592c483f115b25d256,16,sender,design,family,nidaweli-haq-qip-tih-meh-peh-teliqulo-lehaqifu-hiwaponu-saqotiwe,tih,,9045.535
6278d1758a5f6d5af02d863c,6112c3592c483f115b25d256,17,receiver,window,credit,window-credit,,window,17602.445
6278d1758a5f6d5af02d863c,6112c3592c483f115b25d256,18,sender,window,family,nidaweli-haq-qip-tih-meh-peh-teliqulo-lehaqifu-hiwaponu-saqotiwe,lehaqifu,,11489.575
6278d1758a5f6d5af02d863c,6112c3592c483f115b25d256,19,receiver,normal,travel,travel-normal,,normal,11152.77
6278d1758a5f6d5af02d863c,6112c3592c483f115b25d256,20,sender,online,handle,nidaweli-haq-qip-tih-meh-peh-teliqulo-lehaqifu-hiwaponu-saqotiwe,qip,,11191.82
6278d1758a5f6d5af02d863c,6112c3592c483f115b25d256,21,receiver,online,design,online-design,,online,3353.765
6278d1758a5f6d5af02d863c,6112c3592c483f115b25d256,22,sender,design,normal,nidaweli-haq-qip-tih-meh-peh-teliqulo-lehaqifu-hiwaponu-saqotiwe,haq,,15517.41
6278d1758a5f6d5af02d863c,6112c3592c483f115b25d256,23,receiver,normal,window,window-normal,,normal,4413.935
6278d1758a5f6d5af02d863c,6112c3592c483f115b25d256,24,sender,design,normal,nidaweli-haq-qip-tih-meh-peh-teliqulo-lehaqifu-hiwaponu-saqotiwe,peh,,17088.005
6278d1758a5f6d5af02d863c,6112c3592c483f115b25d256,25,receiver,review,number,review-number,,review,7308.645
6278d1758a5f6d5af02d863c,6112c3592c483f115b25d256,26,sender,design,normal,nidaweli-haq-qip-tih-meh-peh-teliqulo-lehaqifu-hiwaponu-saqotiwe,saqotiwe,,8287.87
6278d1758a5f6d5af02d863c,6112c3592c483f115b25d256,27,receiver,credit,review,credit-review,,credit,4721.825
6278d1758a5f6d5af02d863c,6112c3592c483f115b25d256,28,sender,travel,family,nidaweli-haq-qip-tih-meh-peh-teliqulo-lehaqifu-hiwaponu-saqotiwe,teliqulo,,8745.215
6278d1758a5f6d5af02d863c,6112c3592c483f115b25d256,29,receiver,handle,credit,credit-handle,,handle,8606.005
6278d1758a5f6d5af02d863c,6112c3592c483f115b25d256,30,sender,normal,number,nidaweli-haq-qip-tih-meh-peh-teliqulo-lehaqifu-hiwaponu-saqotiwe,nidaweli,,11027.515
6278d1758a5f6d5af02d863c,6112c3592c483f115b25d256,31,receiver,design,review,review-design,,review,5919.95
6278d1758a5f6d5af02d863c,6112c3592c483f115b25d256,32,sender,online,number,nidaweli-haq-qip-tih-meh-peh-teliqulo-lehaqifu-hiwaponu-saqotiwe,qip,,5761.16
6278d1758a5f6d5af02d863c,6112c3592c483f115b25d256,33,receiver,review,number,number-review,,review,3457.84
6278d1758a5f6d5af02d863c,6112c3592c483f115b25d256,34,sender,travel,review,nidaweli-haq-qip-tih-meh-peh-teliqulo-lehaqifu-hiwaponu-saqotiwe,lehaqifu,,12739.48
6278d1758a5f6d5af02d863c,6112c3592c483f115b25d256,35,receiver,design,normal,design-normal,,design,4909.29
6278d1758a5f6d5af02d863c,6112c3592c483f115b25d256,36,sender,number,family,nidaweli-haq-qip-tih-meh-peh-teliqulo-lehaqifu-hiwaponu-saqotiwe,nidaweli,,4139.3
6278d1758a5f6d5af02d863c,6112c3592c483f115b25d256,37,receiver,handle,travel,travel-handle,,handle,4846.975
6278d1758a5f6d5af02d863c,6112c3592c483f115b25d256,38,sender,travel,number,nidaweli-haq-qip-tih-meh-peh-teliqulo-lehaqifu-hiwaponu-saqotiwe,lehaqifu,,20445.88
6278d1758a5f6d5af02d863c,6112c3592c483f115b25d256,39,receiver,online,handle,online-handle,,online,3643.77
6278d1758a5f6d5af02d863c,6112c3592c483f115b25d256,40,sender,handle,number,nidaweli-haq-qip-tih-meh-peh-teliqulo-lehaqifu-hiwaponu-saqotiwe,haq,,7224.78
6278d1758a5f6d5af02d863c,6112c3592c483f115b25d256,41,receiver,window,credit,window-credit,,window,5502.295
6278d1758a5f6d5af02d863c,6112c3592c483f115b25d256,42,sender,online,family,nidaweli-haq-qip-tih-meh-peh-teliqulo-lehaqifu-hiwaponu-saqotiwe,meh,,2879.3
6278d1758a5f6d5af02d863c,6112c3592c483f115b25d256,43,receiver,window,travel,travel-window,,travel,3884.93
6278d1758a5f6d5af02d863c,6112c3592c483f115b25d256,44,sender,normal,family,nidaweli-haq-qip-tih-meh-peh-teliqulo-lehaqifu-hiwaponu-saqotiwe,nidaweli,,4139.72
6278d1758a5f6d5af02d863c,6112c3592c483f115b25d256,45,receiver,online,handle,online-handle,,online,3869.415
6278d1758a5f6d5af02d863c,6112c3592c483f115b25d256,46,sender,handle,review,nidaweli-haq-qip-tih-meh-peh-teliqulo-lehaqifu-hiwaponu-saqotiwe,haq,,4568.665
6278d1758a5f6d5af02d863c,6112c3592c483f115b25d256,47,receiver,handle,design,handle-design,,handle,5019.385
6278d1758a5f6d5af02d863c,6112c3592c483f115b25d256,48,sender,handle,normal,nidaweli-haq-qip-tih-meh-peh-teliqulo-lehaqifu-hiwaponu-saqotiwe,haq,,3725.31
6278d1758a5f6d5af02d863c,6112c3592c483f115b25d256,49,receiver,review,family,review-family,,review,4683.37
6278d1758a5f6d5af02d863c,6112c3592c483f115b25d256,50,sender,online,travel,nidaweli-haq-qip-tih-meh-peh-teliqulo-lehaqifu-hiwaponu-saqotiwe,qip,,7144.205
6278d1758a5f6d5af02d863c,6112c3592c483f115b25d256,51,receiver,handle,window,handle-window,,handle,2211.545
6278d1758a5f6d5af02d863c,6112c3592c483f115b25d256,52,sender,online,handle,nidaweli-haq-qip-tih-meh-peh-teliqulo-lehaqifu-hiwaponu-saqotiwe,qip,,4370.595
6278d1758a5f6d5af02d863c,6112c3592c483f115b25d256,53,receiver,design,window,design-window,,window,5056.66
6278d1758a5f6d5af02d863c,6112c3592c483f115b25d256,54,sender,window,credit,nidaweli-haq-qip-tih-meh-peh-teliqulo-lehaqifu-hiwaponu-saqotiwe,tih,,9287.16
6278d1758a5f6d5af02d863c,6112c3592c483f115b25d256,55,receiver,online,handle,online-handle,,online,4883.8
6278d1758a5f6d5af02d863c,6112c3592c483f115b25d256,56,sender,window,credit,nidaweli-haq-qip-tih-meh-peh-teliqulo-lehaqifu-hiwaponu-saqotiwe,tih,,6713.77
6278d1758a5f6d5af02d863c,6112c3592c483f115b25d256,57,receiver,design,normal,normal-design,,design,2489.29
6278d1758a5f6d5af02d863c,6112c3592c483f115b25d256,58,sender,handle,design,nidaweli-haq-qip-tih-meh-peh-teliqulo-lehaqifu-hiwaponu-saqotiwe,haq,,3109.46
6278d1758a5f6d5af02d863c,6112c3592c483f115b25d256,59,receiver,review,number,review-number,,review,3255.13
6278d1758a5f6d5af02d863c,6112c3592c483f115b25d256,60,sender,credit,travel,nidaweli-haq-qip-tih-meh-peh-teliqulo-lehaqifu-hiwaponu-saqotiwe,peh,,12223.82
6278d1758a5f6d5af02d863c,6112c3592c483f115b25d256,61,receiver,number,family,number-family,,family,3908.75
6278d1758a5f6d5af02d863c,6112c3592c483f115b25d256,62,sender,window,number,nidaweli-haq-qip-tih-meh-peh-teliqulo-lehaqifu-hiwaponu-saqotiwe,tih,,8178.4
6278d1758a5f6d5af02d863c,6112c3592c483f115b25d256,63,receiver,handle,family,handle-family,,handle,3894.575
6278d1758a5f6d5af02d863c,6112c3592c483f115b25d256,64,sender,window,family,nidaweli-haq-qip-tih-meh-peh-teliqulo-lehaqifu-hiwaponu-saqotiwe,tih,,7659.045
6278d1758a5f6d5af02d863c,6112c3592c483f115b25d256,65,receiver,travel,family,travel-family,,travel,3439.26
6278d1758a5f6d5af02d863c,6112c3592c483f115b25d256,66,sender,travel,review,nidaweli-haq-qip-tih-meh-peh-teliqulo-lehaqifu-hiwaponu-saqotiwe,lehaqifu,,5293.905
6278d1758a5f6d5af02d863c,6112c3592c483f115b25d256,67,receiver,window,credit,window-credit,,window,6029.685
6278d1758a5f6d5af02d863c,6112c3592c483f115b25d256,68,sender,window,travel,nidaweli-haq-qip-tih-meh-peh-teliqulo-lehaqifu-hiwaponu-saqotiwe,tih,,3837.78
6278d1758a5f6d5af02d863c,6112c3592c483f115b25d256,69,receiver,online,window,window-online,,online,3682.565
6278d1758a5f6d5af02d863c,6112c3592c483f115b25d256,70,sender,travel,family,nidaweli-haq-qip-tih-meh-peh-teliqulo-lehaqifu-hiwaponu-saqotiwe,lehaqifu,,6064.19
6278d1758a5f6d5af02d863c,6112c3592c483f115b25d256,71,receiver,design,travel,travel-design,,design,2637.155
6278d1758a5f6d5af02d863c,6112c3592c483f115b25d256,72,sender,travel,number,nidaweli-haq-qip-tih-meh-peh-teliqulo-lehaqifu-hiwaponu-saqotiwe,lehaqifu,,6543.555
6278d1758a5f6d5af02d863c,6112c3592c483f115b25d256,73,receiver,credit,family,family-credit,,credit,3383.72
6278d1758a5f6d5af02d863c,6112c3592c483f115b25d256,74,sender,handle,travel,nidaweli-haq-qip-tih-meh-peh-teliqulo-lehaqifu-hiwaponu-saqotiwe,haq,,4595.23
6278d1758a5f6d5af02d863c,6112c3592c483f115b25d256,75,receiver,number,family,number-family,,number,3909.07
6278d1758a5f6d5af02d863c,6112c3592c483f115b25d256,76,sender,window,credit,nidaweli-haq-qip-tih-meh-peh-teliqulo-lehaqifu-hiwaponu-saqotiwe,tih,,5333.87
6278d1758a5f6d5af02d863c,6112c3592c483f115b25d256,77,receiver,design,normal,normal-design,,design,3471.205
6278d1758a5f6d5af02d863c,6112c3592c483f115b25d256,78,sender,travel,family,nidaweli-haq-qip-tih-meh-peh-teliqulo-lehaqifu-hiwaponu-saqotiwe,lehaqifu,,4575.38
6278d1758a5f6d5af02d863c,6112c3592c483f115b25d256,79,receiver,window,credit,window-credit,,window,4464.945
6278d1758a5f6d5af02d863c,6112c3592c483f115b25d256,80,sender,design,normal,nidaweli-haq-qip-tih-meh-peh-teliqulo-lehaqifu-hiwaponu-saqotiwe,saqotiwe,,5011.71
6278d1758a5f6d5af02d863c,6112c3592c483f115b25d256,81,receiver,online,normal,online-normal,,online,31208.905
6278d1758a5f6d5af02d863c,6112c3592c483f115b25d256,82,sender,online,window,nidaweli-haq-qip-tih-meh-peh-teliqulo-lehaqifu-hiwaponu-saqotiwe,qip,,19532.845
6278d1758a5f6d5af02d863c,6112c3592c483f115b25d256,83,receiver,number,family,family-number,,number,4714.91
6278d1758a5f6d5af02d863c,6112c3592c483f115b25d256,84,sender,online,handle,nidaweli-haq-qip-tih-meh-peh-teliqulo-lehaqifu-hiwaponu-saqotiwe,qip,,4132.24
6278d1758a5f6d5af02d863c,6112c3592c483f115b25d256,85,receiver,window,number,window-number,,window,15600.725
6278d1758a5f6d5af02d863c,6112c3592c483f115b25d256,86,sender,credit,review,nidaweli-haq-qip-tih-meh-peh-teliqulo-lehaqifu-hiwaponu-saqotiwe,peh,,23089.73
6278d1758a5f6d5af02d863c,6112c3592c483f115b25d256,87,receiver,design,family,family-design,,design,8002.16
6278d1758a5f6d5af02d863c,6112c3592c483f115b25d256,88,sender,online,number,nidaweli-haq-qip-tih-meh-peh-teliqulo-lehaqifu-hiwaponu-saqotiwe,qip,,7550.635
6278d1758a5f6d5af02d863c,6112c3592c483f115b25d256,89,receiver,design,travel,travel-design,,design,3670.575
6278d1758a5f6d5af02d863c,6112c3592c483f115b25d256,90,sender,online,handle,nidaweli-haq-qip-tih-meh-peh-teliqulo-lehaqifu-hiwaponu-saqotiwe,qip,,9305.265
6278d1758a5f6d5af02d863c,6112c3592c483f115b25d256,91,receiver,design,number,design-number,,design,3212.28
6278d1758a5f6d5af02d863c,6112c3592c483f115b25d256,92,sender,online,design,nidaweli-haq-qip-tih-meh-peh-teliqulo-lehaqifu-hiwaponu-saqotiwe,qip,,11668.73
6278d1758a5f6d5af02d863c,6112c3592c483f115b25d256,93,receiver,online,review,online-review,,online,2735.79
6278d1758a5f6d5af02d863c,6112c3592c483f115b25d256,94,sender,online,normal,nidaweli-haq-qip-tih-meh-peh-teliqulo-lehaqifu-hiwaponu-saqotiwe,qip,,2890.9
6278d1758a5f6d5af02d863c,6112c3592c483f115b25d256,95,receiver,design,window,design-window,,design,16882.59
6278d1758a5f6d5af02d863c,6112c3592c483f115b25d256,96,sender,review,family,nidaweli-haq-qip-tih-meh-peh-teliqulo-lehaqifu-hiwaponu-saqotiwe,hiwaponu,,14878.47
6278d1758a5f6d5af02d863c,6112c3592c483f115b25d256,97,receiver,online,handle,online-handle,,online,2320.975
6278d1758a5f6d5af02d863c,6112c3592c483f115b25d256,98,sender,window,credit,nidaweli-haq-qip-tih-meh-peh-teliqulo-lehaqifu-hiwaponu-saqotiwe,tih,,11370.235
6278d1758a5f6d5af02d863c,6112c3592c483f115b25d256,99,receiver,window,credit,window-credit,,window,5099.675
6278d1758a5f6d5af02d863c,6112c3592c483f115b25d256,100,sender,handle,family,nidaweli-haq-qip-tih-meh-peh-teliqulo-lehaqifu-hiwaponu-saqotiwe,haq,,2998.675
6278d1758a5f6d5af02d863c,6112c3592c483f115b25d256,101,receiver,travel,number,number-travel,,travel,5906.525
6278d1758a5f6d5af02d863c,6112c3592c483f115b25d256,102,sender,window,review,nidaweli-haq-qip-tih-meh-peh-teliqulo-lehaqifu-hiwaponu-saqotiwe,tih,,17184.38
6278d1758a5f6d5af02d863c,6112c3592c483f115b25d256,103,receiver,handle,credit,handle-credit,,handle,2219.16
6278d1758a5f6d5af02d863c,6112c3592c483f115b25d256,104,sender,handle,review,nidaweli-haq-qip-tih-meh-peh-teliqulo-lehaqifu-hiwaponu-saqotiwe,haq,,8489.94
6278d1758a5f6d5af02d863c,6112c3592c483f115b25d256,105,receiver,review,number,number-review,,review,3551.695
6278d1758a5f6d5af02d863c,6112c3592c483f115b25d256,106,sender,handle,window,nidaweli-haq-qip-tih-meh-peh-teliqulo-lehaqifu-hiwaponu-saqotiwe,haq,,4382.255
6278d1758a5f6d5af02d863c,6112c3592c483f115b25d256,107,receiver,window,credit,credit-window,,window,2350.185
6278d1758a5f6d5af02d863c,6112c3592c483f115b25d256,108,sender,online,handle,nidaweli-haq-qip-tih-meh-peh-teliqulo-lehaqifu-hiwaponu-saqotiwe,qip,,3566.525
6278d1758a5f6d5af02d863c,6112c3592c483f115b25d256,109,receiver,handle,number,handle-number,,handle,11616.71
6278d1758a5f6d5af02d863c,6112c3592c483f115b25d256,110,sender,design,normal,nidaweli-haq-qip-tih-meh-peh-teliqulo-lehaqifu-hiwaponu-saqotiwe,saqotiwe,,8141.34
6278d1758a5f6d5af02d863c,6112c3592c483f115b25d256,111,receiver,online,handle,online-handle,,online,5642.94
6278d1758a5f6d5af02d863c,6112c3592c483f115b25d256,112,sender,normal,credit,nidaweli-haq-qip-tih-meh-peh-teliqulo-lehaqifu-hiwaponu-saqotiwe,nidaweli,,8949.65
6278d1758a5f6d5af02d863c,6112c3592c483f115b25d256,113,receiver,travel,number,travel-number,,travel,2092.21
6278d1758a5f6d5af02d863c,6112c3592c483f115b25d256,114,sender,online,travel,nidaweli-haq-qip-tih-meh-peh-teliqulo-lehaqifu-hiwaponu-saqotiwe,qip,,2598.755
6278d1758a5f6d5af02d863c,6112c3592c483f115b25d256,115,receiver,review,family,review-family,,review,22076.44
6278d1758a5f6d5af02d863c,6112c3592c483f115b25d256,116,sender,normal,family,nidaweli-haq-qip-tih-meh-peh-teliqulo-lehaqifu-hiwaponu-saqotiwe,nidaweli,,6544.75
6278d1758a5f6d5af02d863c,6112c3592c483f115b25d256,117,receiver,credit,number,number-credit,,credit,4584.865
6278d1758a5f6d5af02d863c,6112c3592c483f115b25d256,118,sender,window,credit,nidaweli-haq-qip-tih-meh-peh-teliqulo-lehaqifu-hiwaponu-saqotiwe,tih,,3359.925
6278d1758a5f6d5af02d863c,6112c3592c483f115b25d256,119,receiver,online,family,online-family,,online,6471.875
6278d1758a5f6d5af02d863c,6112c3592c483f115b25d256,120,sender,online,handle,nidaweli-haq-qip-tih-meh-peh-teliqulo-lehaqifu-hiwaponu-saqotiwe,qip,,9718.305
6278d1758a5f6d5af02d863c,6112c3592c483f115b25d256,121,receiver,window,review,review-window,,window,5368.025
6278d1758a5f6d5af02d863c,6112c3592c483f115b25d256,122,sender,review,family,nidaweli-haq-qip-tih-meh-peh-teliqulo-lehaqifu-hiwaponu-saqotiwe,hiwaponu,,7718.52
6278d1758a5f6d5af02d863c,6112c3592c483f115b25d256,123,receiver,credit,number,number-credit,,credit,3548.105
6278d1758a5f6d5af02d863c,6112c3592c483f115b25d256,124,sender,normal,credit,nidaweli-haq-qip-tih-meh-peh-teliqulo-lehaqifu-hiwaponu-saqotiwe,nidaweli,,3751.74
6278d1758a5f6d5af02d863c,6112c3592c483f115b25d256,125,receiver,normal,review,normal-review,,normal,6329.555
6278d1758a5f6d5af02d863c,6112c3592c483f115b25d256,126,sender,travel,review,nidaweli-haq-qip-tih-meh-peh-teliqulo-lehaqifu-hiwaponu-saqotiwe,lehaqifu,,19837.05
6278d1758a5f6d5af02d863c,6112c3592c483f115b25d256,127,receiver,credit,family,credit-family,,credit,3144.7
6278d1758a5f6d5af02d863c,6112c3592c483f115b25d256,128,sender,handle,normal,nidaweli-haq-qip-tih-meh-peh-teliqulo-lehaqifu-hiwaponu-saqotiwe,haq,,5031.14
6278d1758a5f6d5af02d863c,6112c3592c483f115b25d256,129,receiver,online,credit,credit-online,,online,5539.24
6278d1758a5f6d5af02d863c,6112c3592c483f115b25d256,130,sender,normal,window,nidaweli-haq-qip-tih-meh-peh-teliqulo-lehaqifu-hiwaponu-saqotiwe,nidaweli,,2910.165
6278d1758a5f6d5af02d863c,6112c3592c483f115b25d256,131,receiver,travel,review,travel-review,,travel,2852.245
6278d1758a5f6d5af02d863c,6112c3592c483f115b25d256,132,sender,normal,travel,nidaweli-haq-qip-tih-meh-peh-teliqulo-lehaqifu-hiwaponu-saqotiwe,nidaweli,,3143.345
6278d1758a5f6d5af02d863c,6112c3592c483f115b25d256,133,receiver,online,review,online-review,,online,6263.08
6278d1758a5f6d5af02d863c,6112c3592c483f115b25d256,134,sender,design,number,nidaweli-haq-qip-tih-meh-peh-teliqulo-lehaqifu-hiwaponu-saqotiwe,saqotiwe,,2455.085
6278d1758a5f6d5af02d863c,6112c3592c483f115b25d256,135,receiver,normal,number,number-normal,,normal,15998.16