participant_id, partner_id, trial_index, trial_type, target_meaning, foil_meaning,             choices, signal_selected, meaning_guess, rt
6112c3592c483f115b25d256,6278d1758a5f6d5af02d863c,1,sender,travel,family,nidaweli-haq-qip-tih-meh-peh-teliqulo-lehaqifu-hiwaponu-saqotiwe,teliqulo,,25192.5
6112c3592c483f115b25d256,6278d1758a5f6d5af02d863c,2,receiver,credit,travel,credit-travel,,travel,5330.9
6112c3592c483f115b25d256,6278d1758a5f6d5af02d863c,3,sender,normal,review,nidaweli-haq-qip-tih-meh-peh-teliqulo-lehaqifu-hiwaponu-saqotiwe,nidaweli,,10856
6112c3592c483f115b25d256,6278d1758a5f6d5af02d863c,4,receiver,design,review,review-design,,review,9160.8
6112c3592c483f115b25d256,6278d1758a5f6d5af02d863c,5,sender,review,number,nidaweli-haq-qip-tih-meh-peh-teliqulo-lehaqifu-hiwaponu-saqotiwe,hiwaponu,,34763.1
6112c3592c483f115b25d256,6278d1758a5f6d5af02d863c,6,receiver,travel,review,travel-review,,travel,6256.1
6112c3592c483f115b25d256,6278d1758a5f6d5af02d863c,7,sender,design,credit,nidaweli-haq-qip-tih-meh-peh-teliqulo-lehaqifu-hiwaponu-saqotiwe,tih,,3317.7
6112c3592c483f115b25d256,6278d1758a5f6d5af02d863c,8,receiver,design,credit,design-credit,,design,5341.7
6112c3592c483f115b25d256,6278d1758a5f6d5af02d863c,9,sender,design,normal,nidaweli-haq-qip-tih-meh-peh-teliqulo-lehaqifu-hiwaponu-saqotiwe,tih,,5242.4
6112c3592c483f115b25d256,6278d1758a5f6d5af02d863c,10,receiver,design,normal,design-normal,,design,2377.4
6112c3592c483f115b25d256,6278d1758a5f6d5af02d863c,11,sender,review,family,nidaweli-haq-qip-tih-meh-peh-teliqulo-lehaqifu-hiwaponu-saqotiwe,hiwaponu,,3426.7
6112c3592c483f115b25d256,6278d1758a5f6d5af02d863c,12,receiver,online,credit,credit-online,,credit,7141.8
6112c3592c483f115b25d256,6278d1758a5f6d5af02d863c,13,sender,travel,number,nidaweli-haq-qip-tih-meh-peh-teliqulo-lehaqifu-hiwaponu-saqotiwe,teliqulo,,4692.3
6112c3592c483f115b25d256,6278d1758a5f6d5af02d863c,14,receiver,number,family,family-number,,number,6711.8
6112c3592c483f115b25d256,6278d1758a5f6d5af02d863c,15,sender,design,normal,nidaweli-haq-qip-tih-meh-peh-teliqulo-lehaqifu-hiwaponu-saqotiwe,tih,,4913.6
6112c3592c483f115b25d256,6278d1758a5f6d5af02d863c,16,receiver,design,family,family-design,,design,3936.7
6112c3592c483f115b25d256,6278d1758a5f6d5af02d863c,17,sender,window,credit,nidaweli-haq-qip-tih-meh-peh-teliqulo-lehaqifu-hiwaponu-saqotiwe,lehaqifu,,16378
6112c3592c483f115b25d256,6278d1758a5f6d5af02d863c,18,receiver,window,family,window-family,,window,3100
6112c3592c483f115b25d256,6278d1758a5f6d5af02d863c,19,sender,normal,travel,nidaweli-haq-qip-tih-meh-peh-teliqulo-lehaqifu-hiwaponu-saqotiwe,nidaweli,,9317.7
6112c3592c483f115b25d256,6278d1758a5f6d5af02d863c,20,receiver,online,handle,handle-online,,online,5388
6112c3592c483f115b25d256,6278d1758a5f6d5af02d863c,21,sender,online,design,nidaweli-haq-qip-tih-meh-peh-teliqulo-lehaqifu-hiwaponu-saqotiwe,qip,,4222.7
6112c3592c483f115b25d256,6278d1758a5f6d5af02d863c,22,receiver,design,normal,design-normal,,normal,5301
6112c3592c483f115b25d256,6278d1758a5f6d5af02d863c,23,sender,normal,window,nidaweli-haq-qip-tih-meh-peh-teliqulo-lehaqifu-hiwaponu-saqotiwe,nidaweli,,3197.5
6112c3592c483f115b25d256,6278d1758a5f6d5af02d863c,24,receiver,design,normal,design-normal,,normal,5552.2
6112c3592c483f115b25d256,6278d1758a5f6d5af02d863c,25,sender,review,number,nidaweli-haq-qip-tih-meh-peh-teliqulo-lehaqifu-hiwaponu-saqotiwe,hiwaponu,,5552.9
6112c3592c483f115b25d256,6278d1758a5f6d5af02d863c,26,receiver,design,normal,design-normal,,design,6876.3
6112c3592c483f115b25d256,6278d1758a5f6d5af02d863c,27,sender,credit,review,nidaweli-haq-qip-tih-meh-peh-teliqulo-lehaqifu-hiwaponu-saqotiwe,peh,,23573.3
6112c3592c483f115b25d256,6278d1758a5f6d5af02d863c,28,receiver,travel,family,travel-family,,travel,2857.1
6112c3592c483f115b25d256,6278d1758a5f6d5af02d863c,29,sender,handle,credit,nidaweli-haq-qip-tih-meh-peh-teliqulo-lehaqifu-hiwaponu-saqotiwe,haq,,16466.9
6112c3592c483f115b25d256,6278d1758a5f6d5af02d863c,30,receiver,normal,number,normal-number,,normal,2639.5
6112c3592c483f115b25d256,6278d1758a5f6d5af02d863c,31,sender,design,review,nidaweli-haq-qip-tih-meh-peh-teliqulo-lehaqifu-hiwaponu-saqotiwe,tih,,5621.7
6112c3592c483f115b25d256,6278d1758a5f6d5af02d863c,32,receiver,online,number,online-number,,online,2208.9
6112c3592c483f115b25d256,6278d1758a5f6d5af02d863c,33,sender,review,number,nidaweli-haq-qip-tih-meh-peh-teliqulo-lehaqifu-hiwaponu-saqotiwe,hiwaponu,,2368.1
6112c3592c483f115b25d256,6278d1758a5f6d5af02d863c,34,receiver,travel,review,travel-review,,review,4474.8
6112c3592c483f115b25d256,6278d1758a5f6d5af02d863c,35,sender,design,normal,nidaweli-haq-qip-tih-meh-peh-teliqulo-lehaqifu-hiwaponu-saqotiwe,tih,,4315
6112c3592c483f115b25d256,6278d1758a5f6d5af02d863c,36,receiver,number,family,family-number,,family,3885.3
6112c3592c483f115b25d256,6278d1758a5f6d5af02d863c,37,sender,handle,travel,nidaweli-haq-qip-tih-meh-peh-teliqulo-lehaqifu-hiwaponu-saqotiwe,haq,,3337.8
6112c3592c483f115b25d256,6278d1758a5f6d5af02d863c,38,receiver,travel,number,travel-number,,travel,4238.4
6112c3592c483f115b25d256,6278d1758a5f6d5af02d863c,39,sender,online,handle,nidaweli-haq-qip-tih-meh-peh-teliqulo-lehaqifu-hiwaponu-saqotiwe,qip,,2779.9
6112c3592c483f115b25d256,6278d1758a5f6d5af02d863c,40,receiver,handle,number,number-handle,,handle,3028
6112c3592c483f115b25d256,6278d1758a5f6d5af02d863c,41,sender,window,credit,nidaweli-haq-qip-tih-meh-peh-teliqulo-lehaqifu-hiwaponu-saqotiwe,lehaqifu,,18829.3
6112c3592c483f115b25d256,6278d1758a5f6d5af02d863c,42,receiver,online,family,online-family,,online,3378.2
6112c3592c483f115b25d256,6278d1758a5f6d5af02d863c,43,sender,window,travel,nidaweli-haq-qip-tih-meh-peh-teliqulo-lehaqifu-hiwaponu-saqotiwe,lehaqifu,,9092.8
6112c3592c483f115b25d256,6278d1758a5f6d5af02d863c,44,receiver,normal,family,family-normal,,normal,2918.9
6112c3592c483f115b25d256,6278d1758a5f6d5af02d863c,45,sender,online,handle,nidaweli-haq-qip-tih-meh-peh-teliqulo-lehaqifu-hiwaponu-saqotiwe,qip,,2925.1
6112c3592c483f115b25d256,6278d1758a5f6d5af02d863c,46,receiver,handle,review,review-handle,,handle,2452.3
6112c3592c483f115b25d256,6278d1758a5f6d5af02d863c,47,sender,handle,design,nidaweli-haq-qip-tih-meh-peh-teliqulo-lehaqifu-hiwaponu-saqotiwe,haq,,2356.7
6112c3592c483f115b25d256,6278d1758a5f6d5af02d863c,48,receiver,handle,normal,handle-normal,,handle,2816.5
6112c3592c483f115b25d256,6278d1758a5f6d5af02d863c,49,sender,review,family,nidaweli-haq-qip-tih-meh-peh-teliqulo-lehaqifu-hiwaponu-saqotiwe,hiwaponu,,3573
6112c3592c483f115b25d256,6278d1758a5f6d5af02d863c,50,receiver,online,travel,travel-online,,online,2486.8
6112c3592c483f115b25d256,6278d1758a5f6d5af02d863c,51,sender,handle,window,nidaweli-haq-qip-tih-meh-peh-teliqulo-lehaqifu-hiwaponu-saqotiwe,haq,,2848.7
6112c3592c483f115b25d256,6278d1758a5f6d5af02d863c,52,receiver,online,handle,online-handle,,online,2195.6
6112c3592c483f115b25d256,6278d1758a5f6d5af02d863c,53,sender,design,window,nidaweli-haq-qip-tih-meh-peh-teliqulo-lehaqifu-hiwaponu-saqotiwe,tih,,2910.8
6112c3592c483f115b25d256,6278d1758a5f6d5af02d863c,54,receiver,window,credit,credit-window,,window,3330.2
6112c3592c483f115b25d256,6278d1758a5f6d5af02d863c,55,sender,online,handle,nidaweli-haq-qip-tih-meh-peh-teliqulo-lehaqifu-hiwaponu-saqotiwe,qip,,2671.2
6112c3592c483f115b25d256,6278d1758a5f6d5af02d863c,56,receiver,window,credit,credit-window,,window,3123.6
6112c3592c483f115b25d256,6278d1758a5f6d5af02d863c,57,sender,design,normal,nidaweli-haq-qip-tih-meh-peh-teliqulo-lehaqifu-hiwaponu-saqotiwe,saqotiwe,,5992.8
6112c3592c483f115b25d256,6278d1758a5f6d5af02d863c,58,receiver,handle,design,handle-design,,handle,2633.1
6112c3592c483f115b25d256,6278d1758a5f6d5af02d863c,59,sender,review,number,nidaweli-haq-qip-tih-meh-peh-teliqulo-lehaqifu-hiwaponu-saqotiwe,hiwaponu,,2631.9
6112c3592c483f115b25d256,6278d1758a5f6d5af02d863c,60,receiver,credit,travel,travel-credit,,credit,4327.8
6112c3592c483f115b25d256,6278d1758a5f6d5af02d863c,61,sender,number,family,nidaweli-haq-qip-tih-meh-peh-teliqulo-lehaqifu-hiwaponu-saqotiwe,meh,,14977.8
6112c3592c483f115b25d256,6278d1758a5f6d5af02d863c,62,receiver,window,number,number-window,,window,2653.9
6112c3592c483f115b25d256,6278d1758a5f6d5af02d863c,63,sender,handle,family,nidaweli-haq-qip-tih-meh-peh-teliqulo-lehaqifu-hiwaponu-saqotiwe,haq,,2119.1
6112c3592c483f115b25d256,6278d1758a5f6d5af02d863c,64,receiver,window,family,family-window,,window,1962.4
6112c3592c483f115b25d256,6278d1758a5f6d5af02d863c,65,sender,travel,family,nidaweli-haq-qip-tih-meh-peh-teliqulo-lehaqifu-hiwaponu-saqotiwe,lehaqifu,,5025.1
6112c3592c483f115b25d256,6278d1758a5f6d5af02d863c,66,receiver,travel,review,travel-review,,travel,2360.6
6112c3592c483f115b25d256,6278d1758a5f6d5af02d863c,67,sender,window,credit,nidaweli-haq-qip-tih-meh-peh-teliqulo-lehaqifu-hiwaponu-saqotiwe,tih,,2205.4
6112c3592c483f115b25d256,6278d1758a5f6d5af02d863c,68,receiver,window,travel,window-travel,,window,2037
6112c3592c483f115b25d256,6278d1758a5f6d5af02d863c,69,sender,online,window,nidaweli-haq-qip-tih-meh-peh-teliqulo-lehaqifu-hiwaponu-saqotiwe,qip,,2689.3
6112c3592c483f115b25d256,6278d1758a5f6d5af02d863c,70,receiver,travel,family,family-travel,,travel,2175
6112c3592c483f115b25d256,6278d1758a5f6d5af02d863c,71,sender,design,travel,nidaweli-haq-qip-tih-meh-peh-teliqulo-lehaqifu-hiwaponu-saqotiwe,saqotiwe,,3024.3
6112c3592c483f115b25d256,6278d1758a5f6d5af02d863c,72,receiver,travel,number,travel-number,,travel,2066.8
6112c3592c483f115b25d256,6278d1758a5f6d5af02d863c,73,sender,credit,family,nidaweli-haq-qip-tih-meh-peh-teliqulo-lehaqifu-hiwaponu-saqotiwe,peh,,2262.5
6112c3592c483f115b25d256,6278d1758a5f6d5af02d863c,74,receiver,handle,travel,travel-handle,,handle,1923.1
6112c3592c483f115b25d256,6278d1758a5f6d5af02d863c,75,sender,number,family,nidaweli-haq-qip-tih-meh-peh-teliqulo-lehaqifu-hiwaponu-saqotiwe,nidaweli,,6972.4
6112c3592c483f115b25d256,6278d1758a5f6d5af02d863c,76,receiver,window,credit,window-credit,,window,1638.3
6112c3592c483f115b25d256,6278d1758a5f6d5af02d863c,77,sender,design,normal,nidaweli-haq-qip-tih-meh-peh-teliqulo-lehaqifu-hiwaponu-saqotiwe,saqotiwe,,2227
6112c3592c483f115b25d256,6278d1758a5f6d5af02d863c,78,receiver,travel,family,travel-family,,travel,1794.9
6112c3592c483f115b25d256,6278d1758a5f6d5af02d863c,79,sender,window,credit,nidaweli-haq-qip-tih-meh-peh-teliqulo-lehaqifu-hiwaponu-saqotiwe,tih,,1779.8
6112c3592c483f115b25d256,6278d1758a5f6d5af02d863c,80,receiver,design,normal,normal-design,,design,2022.5
6112c3592c483f115b25d256,6278d1758a5f6d5af02d863c,81,sender,online,normal,nidaweli-haq-qip-tih-meh-peh-teliqulo-lehaqifu-hiwaponu-saqotiwe,qip,,2247.9
6112c3592c483f115b25d256,6278d1758a5f6d5af02d863c,82,receiver,online,window,online-window,,online,2005.6
6112c3592c483f115b25d256,6278d1758a5f6d5af02d863c,83,sender,number,family,nidaweli-haq-qip-tih-meh-peh-teliqulo-lehaqifu-hiwaponu-saqotiwe,nidaweli,,7244.7
6112c3592c483f115b25d256,6278d1758a5f6d5af02d863c,84,receiver,online,handle,online-handle,,online,1786.9
6112c3592c483f115b25d256,6278d1758a5f6d5af02d863c,85,sender,window,number,nidaweli-haq-qip-tih-meh-peh-teliqulo-lehaqifu-hiwaponu-saqotiwe,tih,,2108.9
6112c3592c483f115b25d256,6278d1758a5f6d5af02d863c,86,receiver,credit,review,review-credit,,credit,5974.7
6112c3592c483f115b25d256,6278d1758a5f6d5af02d863c,87,sender,design,family,nidaweli-haq-qip-tih-meh-peh-teliqulo-lehaqifu-hiwaponu-saqotiwe,saqotiwe,,2349.3
6112c3592c483f115b25d256,6278d1758a5f6d5af02d863c,88,receiver,online,number,number-online,,online,2882.3
6112c3592c483f115b25d256,6278d1758a5f6d5af02d863c,89,sender,design,travel,nidaweli-haq-qip-tih-meh-peh-teliqulo-lehaqifu-hiwaponu-saqotiwe,saqotiwe,,2153.7
6112c3592c483f115b25d256,6278d1758a5f6d5af02d863c,90,receiver,online,handle,online-handle,,online,2282.5
6112c3592c483f115b25d256,6278d1758a5f6d5af02d863c,91,sender,design,number,nidaweli-haq-qip-tih-meh-peh-teliqulo-lehaqifu-hiwaponu-saqotiwe,saqotiwe,,2009.4
6112c3592c483f115b25d256,6278d1758a5f6d5af02d863c,92,receiver,online,design,design-online,,online,2693.1
6112c3592c483f115b25d256,6278d1758a5f6d5af02d863c,93,sender,online,review,nidaweli-haq-qip-tih-meh-peh-teliqulo-lehaqifu-hiwaponu-saqotiwe,qip,,4442.1
6112c3592c483f115b25d256,6278d1758a5f6d5af02d863c,94,receiver,online,normal,normal-online,,online,2141.1
6112c3592c483f115b25d256,6278d1758a5f6d5af02d863c,95,sender,design,window,nidaweli-haq-qip-tih-meh-peh-teliqulo-lehaqifu-hiwaponu-saqotiwe,saqotiwe,,2150.9
6112c3592c483f115b25d256,6278d1758a5f6d5af02d863c,96,receiver,review,family,family-review,,review,4109
6112c3592c483f115b25d256,6278d1758a5f6d5af02d863c,97,sender,online,handle,nidaweli-haq-qip-tih-meh-peh-teliqulo-lehaqifu-hiwaponu-saqotiwe,qip,,2173.5
6112c3592c483f115b25d256,6278d1758a5f6d5af02d863c,98,receiver,window,credit,credit-window,,window,2426.3
6112c3592c483f115b25d256,6278d1758a5f6d5af02d863c,99,sender,window,credit,nidaweli-haq-qip-tih-meh-peh-teliqulo-lehaqifu-hiwaponu-saqotiwe,tih,,1973.2
6112c3592c483f115b25d256,6278d1758a5f6d5af02d863c,100,receiver,handle,family,handle-family,,handle,2979.7
6112c3592c483f115b25d256,6278d1758a5f6d5af02d863c,101,sender,travel,number,nidaweli-haq-qip-tih-meh-peh-teliqulo-lehaqifu-hiwaponu-saqotiwe,lehaqifu,,2550.9
6112c3592c483f115b25d256,6278d1758a5f6d5af02d863c,102,receiver,window,review,window-review,,window,2274.8
6112c3592c483f115b25d256,6278d1758a5f6d5af02d863c,103,sender,handle,credit,nidaweli-haq-qip-tih-meh-peh-teliqulo-lehaqifu-hiwaponu-saqotiwe,haq,,2229.9
6112c3592c483f115b25d256,6278d1758a5f6d5af02d863c,104,receiver,handle,review,review-handle,,handle,2270.9
6112c3592c483f115b25d256,6278d1758a5f6d5af02d863c,105,sender,review,number,nidaweli-haq-qip-tih-meh-peh-teliqulo-lehaqifu-hiwaponu-saqotiwe,hiwaponu,,2080.5
6112c3592c483f115b25d256,6278d1758a5f6d5af02d863c,106,receiver,handle,window,window-handle,,handle,2241.9
6112c3592c483f115b25d256,6278d1758a5f6d5af02d863c,107,sender,window,credit,nidaweli-haq-qip-tih-meh-peh-teliqulo-lehaqifu-hiwaponu-saqotiwe,tih,,1910.9
6112c3592c483f115b25d256,6278d1758a5f6d5af02d863c,108,receiver,online,handle,handle-online,,online,1859.9
6112c3592c483f115b25d256,6278d1758a5f6d5af02d863c,109,sender,handle,number,nidaweli-haq-qip-tih-meh-peh-teliqulo-lehaqifu-hiwaponu-saqotiwe,haq,,2811.3
6112c3592c483f115b25d256,6278d1758a5f6d5af02d863c,110,receiver,design,normal,design-normal,,design,2403.9
6112c3592c483f115b25d256,6278d1758a5f6d5af02d863c,111,sender,online,handle,nidaweli-haq-qip-tih-meh-peh-teliqulo-lehaqifu-hiwaponu-saqotiwe,qip,,2090.5
6112c3592c483f115b25d256,6278d1758a5f6d5af02d863c,112,receiver,normal,credit,normal-credit,,normal,3015.7
6112c3592c483f115b25d256,6278d1758a5f6d5af02d863c,113,sender,travel,number,nidaweli-haq-qip-tih-meh-peh-teliqulo-lehaqifu-hiwaponu-saqotiwe,lehaqifu,,3028.2
6112c3592c483f115b25d256,6278d1758a5f6d5af02d863c,114,receiver,online,travel,online-travel,,online,1944.6
6112c3592c483f115b25d256,6278d1758a5f6d5af02d863c,115,sender,review,family,nidaweli-haq-qip-tih-meh-peh-teliqulo-lehaqifu-hiwaponu-saqotiwe,hiwaponu,,2157.4
6112c3592c483f115b25d256,6278d1758a5f6d5af02d863c,116,receiver,normal,family,family-normal,,normal,2492
6112c3592c483f115b25d256,6278d1758a5f6d5af02d863c,117,sender,credit,number,nidaweli-haq-qip-tih-meh-peh-teliqulo-lehaqifu-hiwaponu-saqotiwe,peh,,2102.2
6112c3592c483f115b25d256,6278d1758a5f6d5af02d863c,118,receiver,window,credit,window-credit,,window,1810.6
6112c3592c483f115b25d256,6278d1758a5f6d5af02d863c,119,sender,online,family,nidaweli-haq-qip-tih-meh-peh-teliqulo-lehaqifu-hiwaponu-saqotiwe,qip,,2013.2
6112c3592c483f115b25d256,6278d1758a5f6d5af02d863c,120,receiver,online,handle,online-handle,,online,3275.3
6112c3592c483f115b25d256,6278d1758a5f6d5af02d863c,121,sender,window,review,nidaweli-haq-qip-tih-meh-peh-teliqulo-lehaqifu-hiwaponu-saqotiwe,tih,,1710.8
6112c3592c483f115b25d256,6278d1758a5f6d5af02d863c,122,receiver,review,family,family-review,,review,4616.8
6112c3592c483f115b25d256,6278d1758a5f6d5af02d863c,123,sender,credit,number,nidaweli-haq-qip-tih-meh-peh-teliqulo-lehaqifu-hiwaponu-saqotiwe,peh,,1858.9
6112c3592c483f115b25d256,6278d1758a5f6d5af02d863c,124,receiver,normal,credit,normal-credit,,normal,5184.5
6112c3592c483f115b25d256,6278d1758a5f6d5af02d863c,125,sender,normal,review,nidaweli-haq-qip-tih-meh-peh-teliqulo-lehaqifu-hiwaponu-saqotiwe,nidaweli,,7250.6
6112c3592c483f115b25d256,6278d1758a5f6d5af02d863c,126,receiver,travel,review,review-travel,,travel,5720.2
6112c3592c483f115b25d256,6278d1758a5f6d5af02d863c,127,sender,credit,family,nidaweli-haq-qip-tih-meh-peh-teliqulo-lehaqifu-hiwaponu-saqotiwe,peh,,6514.5
6112c3592c483f115b25d256,6278d1758a5f6d5af02d863c,128,receiver,handle,normal,normal-handle,,handle,2930.4
6112c3592c483f115b25d256,6278d1758a5f6d5af02d863c,129,sender,online,credit,nidaweli-haq-qip-tih-meh-peh-teliqulo-lehaqifu-hiwaponu-saqotiwe,qip,,4660.4
6112c3592c483f115b25d256,6278d1758a5f6d5af02d863c,130,receiver,normal,window,window-normal,,normal,2353.9
6112c3592c483f115b25d256,6278d1758a5f6d5af02d863c,131,sender,travel,review,nidaweli-haq-qip-tih-meh-peh-teliqulo-lehaqifu-hiwaponu-saqotiwe,lehaqifu,,5233.5
6112c3592c483f115b25d256,6278d1758a5f6d5af02d863c,132,receiver,normal,travel,normal-travel,,normal,3502
6112c3592c483f115b25d256,6278d1758a5f6d5af02d863c,133,sender,online,review,nidaweli-haq-qip-tih-meh-peh-teliqulo-lehaqifu-hiwaponu-saqotiwe,qip,,6429.9
6112c3592c483f115b25d256,6278d1758a5f6d5af02d863c,134,receiver,design,number,design-number,,design,1829.4
6112c3592c483f115b25d256,6278d1758a5f6d5af02d863c,135,sender,normal,number,nidaweli-haq-qip-tih-meh-peh-teliqulo-lehaqifu-hiwaponu-saqotiwe,meh,,9075.9