participant_id, partner_id, trial_index, trial_type, target_meaning, foil_meaning,             choices, signal_selected, meaning_guess, rt
5f1833a16e55c522eeaf4dbe,60c20abfdccab926283d8f7f,1,sender,design,market,zah-wuk-qip-wepitula-puwirefa-tezalipu-pofepilu-meh-kuh-teliqulo,qip,,9934.7
5f1833a16e55c522eeaf4dbe,60c20abfdccab926283d8f7f,2,receiver,people,coffee,people-coffee,,people,3506.5
5f1833a16e55c522eeaf4dbe,60c20abfdccab926283d8f7f,3,sender,window,travel,zah-wuk-qip-wepitula-puwirefa-tezalipu-pofepilu-meh-kuh-teliqulo,wuk,,2436.4
5f1833a16e55c522eeaf4dbe,60c20abfdccab926283d8f7f,4,receiver,design,handle,design-handle,,handle,4008
5f1833a16e55c522eeaf4dbe,60c20abfdccab926283d8f7f,5,sender,family,market,zah-wuk-qip-wepitula-puwirefa-tezalipu-pofepilu-meh-kuh-teliqulo,meh,,3267.4
5f1833a16e55c522eeaf4dbe,60c20abfdccab926283d8f7f,6,receiver,online,normal,online-normal,,normal,3026.3
5f1833a16e55c522eeaf4dbe,60c20abfdccab926283d8f7f,7,sender,handle,market,zah-wuk-qip-wepitula-puwirefa-tezalipu-pofepilu-meh-kuh-teliqulo,wepitula,,8175.8
5f1833a16e55c522eeaf4dbe,60c20abfdccab926283d8f7f,8,receiver,travel,handle,handle-travel,,handle,2083.6
5f1833a16e55c522eeaf4dbe,60c20abfdccab926283d8f7f,9,sender,people,design,zah-wuk-qip-wepitula-puwirefa-tezalipu-pofepilu-meh-kuh-teliqulo,meh,,5087.3
5f1833a16e55c522eeaf4dbe,60c20abfdccab926283d8f7f,10,receiver,design,travel,design-travel,,travel,2616.8
5f1833a16e55c522eeaf4dbe,60c20abfdccab926283d8f7f,11,sender,window,market,zah-wuk-qip-wepitula-puwirefa-tezalipu-pofepilu-meh-kuh-teliqulo,wuk,,2859.5
5f1833a16e55c522eeaf4dbe,60c20abfdccab926283d8f7f,12,receiver,window,handle,window-handle,,window,2887.6
5f1833a16e55c522eeaf4dbe,60c20abfdccab926283d8f7f,13,sender,people,family,zah-wuk-qip-wepitula-puwirefa-tezalipu-pofepilu-meh-kuh-teliqulo,teliqulo,,2913.6
5f1833a16e55c522eeaf4dbe,60c20abfdccab926283d8f7f,14,receiver,window,design,design-window,,design,6460.4
5f1833a16e55c522eeaf4dbe,60c20abfdccab926283d8f7f,15,sender,design,normal,zah-wuk-qip-wepitula-puwirefa-tezalipu-pofepilu-meh-kuh-teliqulo,teliqulo,,5198.3
5f1833a16e55c522eeaf4dbe,60c20abfdccab926283d8f7f,16,receiver,coffee,normal,coffee-normal,,coffee,10373.7
5f1833a16e55c522eeaf4dbe,60c20abfdccab926283d8f7f,17,sender,family,handle,zah-wuk-qip-wepitula-puwirefa-tezalipu-pofepilu-meh-kuh-teliqulo,puwirefa,,4922.7
5f1833a16e55c522eeaf4dbe,60c20abfdccab926283d8f7f,18,receiver,travel,market,travel-market,,market,2548.1
5f1833a16e55c522eeaf4dbe,60c20abfdccab926283d8f7f,19,sender,family,market,zah-wuk-qip-wepitula-puwirefa-tezalipu-pofepilu-meh-kuh-teliqulo,zah,,14244.8
5f1833a16e55c522eeaf4dbe,60c20abfdccab926283d8f7f,20,receiver,people,coffee,people-coffee,,people,2361.2
5f1833a16e55c522eeaf4dbe,60c20abfdccab926283d8f7f,21,sender,family,market,zah-wuk-qip-wepitula-puwirefa-tezalipu-pofepilu-meh-kuh-teliqulo,meh,,4372.3
5f1833a16e55c522eeaf4dbe,60c20abfdccab926283d8f7f,22,receiver,window,design,design-window,,window,3010.4
5f1833a16e55c522eeaf4dbe,60c20abfdccab926283d8f7f,23,sender,window,family,zah-wuk-qip-wepitula-puwirefa-tezalipu-pofepilu-meh-kuh-teliqulo,tezalipu,,2721.8
5f1833a16e55c522eeaf4dbe,60c20abfdccab926283d8f7f,24,receiver,coffee,window,window-coffee,,coffee,2041.5
5f1833a16e55c522eeaf4dbe,60c20abfdccab926283d8f7f,25,sender,family,market,zah-wuk-qip-wepitula-puwirefa-tezalipu-pofepilu-meh-kuh-teliqulo,puwirefa,,4917.7
5f1833a16e55c522eeaf4dbe,60c20abfdccab926283d8f7f,26,receiver,window,design,window-design,,window,2751.8
5f1833a16e55c522eeaf4dbe,60c20abfdccab926283d8f7f,27,sender,people,online,zah-wuk-qip-wepitula-puwirefa-tezalipu-pofepilu-meh-kuh-teliqulo,wepitula,,13918.9
5f1833a16e55c522eeaf4dbe,60c20abfdccab926283d8f7f,28,receiver,people,coffee,people-coffee,,coffee,3678.3
5f1833a16e55c522eeaf4dbe,60c20abfdccab926283d8f7f,29,sender,online,normal,zah-wuk-qip-wepitula-puwirefa-tezalipu-pofepilu-meh-kuh-teliqulo,kuh,,7845.5
5f1833a16e55c522eeaf4dbe,60c20abfdccab926283d8f7f,30,receiver,online,travel,travel-online,,online,1929.8
5f1833a16e55c522eeaf4dbe,60c20abfdccab926283d8f7f,31,sender,online,market,zah-wuk-qip-wepitula-puwirefa-tezalipu-pofepilu-meh-kuh-teliqulo,kuh,,2361.6
5f1833a16e55c522eeaf4dbe,60c20abfdccab926283d8f7f,32,receiver,people,coffee,people-coffee,,people,2500.9
5f1833a16e55c522eeaf4dbe,60c20abfdccab926283d8f7f,33,sender,window,design,zah-wuk-qip-wepitula-puwirefa-tezalipu-pofepilu-meh-kuh-teliqulo,tezalipu,,4057.9
5f1833a16e55c522eeaf4dbe,60c20abfdccab926283d8f7f,34,receiver,family,market,family-market,,market,3380.8
5f1833a16e55c522eeaf4dbe,60c20abfdccab926283d8f7f,35,sender,handle,market,zah-wuk-qip-wepitula-puwirefa-tezalipu-pofepilu-meh-kuh-teliqulo,wepitula,,7984.6
5f1833a16e55c522eeaf4dbe,60c20abfdccab926283d8f7f,36,receiver,normal,market,normal-market,,market,7631.5
5f1833a16e55c522eeaf4dbe,60c20abfdccab926283d8f7f,37,sender,design,travel,zah-wuk-qip-wepitula-puwirefa-tezalipu-pofepilu-meh-kuh-teliqulo,qip,,2828.6
5f1833a16e55c522eeaf4dbe,60c20abfdccab926283d8f7f,38,receiver,people,window,window-people,,people,9057.4
5f1833a16e55c522eeaf4dbe,60c20abfdccab926283d8f7f,39,sender,family,travel,zah-wuk-qip-wepitula-puwirefa-tezalipu-pofepilu-meh-kuh-teliqulo,puwirefa,,3395.3
5f1833a16e55c522eeaf4dbe,60c20abfdccab926283d8f7f,40,receiver,window,online,online-window,,window,13422.2
5f1833a16e55c522eeaf4dbe,60c20abfdccab926283d8f7f,41,sender,people,market,zah-wuk-qip-wepitula-puwirefa-tezalipu-pofepilu-meh-kuh-teliqulo,pofepilu,,5428.5
5f1833a16e55c522eeaf4dbe,60c20abfdccab926283d8f7f,42,receiver,people,family,family-people,,people,2932.5
5f1833a16e55c522eeaf4dbe,60c20abfdccab926283d8f7f,43,sender,window,market,zah-wuk-qip-wepitula-puwirefa-tezalipu-pofepilu-meh-kuh-teliqulo,tezalipu,,2171.8
5f1833a16e55c522eeaf4dbe,60c20abfdccab926283d8f7f,44,receiver,online,normal,online-normal,,online,6496.2
5f1833a16e55c522eeaf4dbe,60c20abfdccab926283d8f7f,45,sender,people,travel,zah-wuk-qip-wepitula-puwirefa-tezalipu-pofepilu-meh-kuh-teliqulo,pofepilu,,1745.2
5f1833a16e55c522eeaf4dbe,60c20abfdccab926283d8f7f,46,receiver,online,travel,travel-online,,online,3057
5f1833a16e55c522eeaf4dbe,60c20abfdccab926283d8f7f,47,sender,people,coffee,zah-wuk-qip-wepitula-puwirefa-tezalipu-pofepilu-meh-kuh-teliqulo,pofepilu,,2244.1
5f1833a16e55c522eeaf4dbe,60c20abfdccab926283d8f7f,48,receiver,travel,market,market-travel,,market,10847.5
5f1833a16e55c522eeaf4dbe,60c20abfdccab926283d8f7f,49,sender,normal,handle,zah-wuk-qip-wepitula-puwirefa-tezalipu-pofepilu-meh-kuh-teliqulo,zah,,2934.4
5f1833a16e55c522eeaf4dbe,60c20abfdccab926283d8f7f,50,receiver,online,normal,online-normal,,normal,19249.6
5f1833a16e55c522eeaf4dbe,60c20abfdccab926283d8f7f,51,sender,online,normal,zah-wuk-qip-wepitula-puwirefa-tezalipu-pofepilu-meh-kuh-teliqulo,kuh,,3624.7
5f1833a16e55c522eeaf4dbe,60c20abfdccab926283d8f7f,52,receiver,handle,market,handle-market,,market,3779.7
5f1833a16e55c522eeaf4dbe,60c20abfdccab926283d8f7f,53,sender,coffee,normal,zah-wuk-qip-wepitula-puwirefa-tezalipu-pofepilu-meh-kuh-teliqulo,meh,,3188.3
5f1833a16e55c522eeaf4dbe,60c20abfdccab926283d8f7f,54,receiver,family,handle,handle-family,,family,2833.5
5f1833a16e55c522eeaf4dbe,60c20abfdccab926283d8f7f,55,sender,people,normal,zah-wuk-qip-wepitula-puwirefa-tezalipu-pofepilu-meh-kuh-teliqulo,pofepilu,,2091.6
5f1833a16e55c522eeaf4dbe,60c20abfdccab926283d8f7f,56,receiver,people,coffee,people-coffee,,people,16528
5f1833a16e55c522eeaf4dbe,60c20abfdccab926283d8f7f,57,sender,people,coffee,zah-wuk-qip-wepitula-puwirefa-tezalipu-pofepilu-meh-kuh-teliqulo,pofepilu,,1936.8
5f1833a16e55c522eeaf4dbe,60c20abfdccab926283d8f7f,58,receiver,online,family,family-online,,online,15292.4
5f1833a16e55c522eeaf4dbe,60c20abfdccab926283d8f7f,59,sender,travel,market,zah-wuk-qip-wepitula-puwirefa-tezalipu-pofepilu-meh-kuh-teliqulo,wepitula,,5885
5f1833a16e55c522eeaf4dbe,60c20abfdccab926283d8f7f,60,receiver,coffee,online,coffee-online,,coffee,12080.5
5f1833a16e55c522eeaf4dbe,60c20abfdccab926283d8f7f,61,sender,design,online,zah-wuk-qip-wepitula-puwirefa-tezalipu-pofepilu-meh-kuh-teliqulo,qip,,4283.8
5f1833a16e55c522eeaf4dbe,60c20abfdccab926283d8f7f,62,receiver,design,online,online-design,,design,10345.3
5f1833a16e55c522eeaf4dbe,60c20abfdccab926283d8f7f,63,sender,online,normal,zah-wuk-qip-wepitula-puwirefa-tezalipu-pofepilu-meh-kuh-teliqulo,zah,,4790.4
5f1833a16e55c522eeaf4dbe,60c20abfdccab926283d8f7f,64,receiver,online,market,market-online,,online,10182.3
5f1833a16e55c522eeaf4dbe,60c20abfdccab926283d8f7f,65,sender,design,normal,zah-wuk-qip-wepitula-puwirefa-tezalipu-pofepilu-meh-kuh-teliqulo,qip,,2385.3
5f1833a16e55c522eeaf4dbe,60c20abfdccab926283d8f7f,66,receiver,online,normal,normal-online,,normal,14390.5
5f1833a16e55c522eeaf4dbe,60c20abfdccab926283d8f7f,67,sender,design,family,zah-wuk-qip-wepitula-puwirefa-tezalipu-pofepilu-meh-kuh-teliqulo,qip,,2708.9
5f1833a16e55c522eeaf4dbe,60c20abfdccab926283d8f7f,68,receiver,online,family,online-family,,online,18800.9
5f1833a16e55c522eeaf4dbe,60c20abfdccab926283d8f7f,69,sender,window,online,zah-wuk-qip-wepitula-puwirefa-tezalipu-pofepilu-meh-kuh-teliqulo,tezalipu,,1882.2
5f1833a16e55c522eeaf4dbe,60c20abfdccab926283d8f7f,70,receiver,people,coffee,coffee-people,,people,11950.2
5f1833a16e55c522eeaf4dbe,60c20abfdccab926283d8f7f,71,sender,family,travel,zah-wuk-qip-wepitula-puwirefa-tezalipu-pofepilu-meh-kuh-teliqulo,puwirefa,,2840.4
5f1833a16e55c522eeaf4dbe,60c20abfdccab926283d8f7f,72,receiver,coffee,family,coffee-family,,coffee,11342.7
5f1833a16e55c522eeaf4dbe,60c20abfdccab926283d8f7f,73,sender,family,handle,zah-wuk-qip-wepitula-puwirefa-tezalipu-pofepilu-meh-kuh-teliqulo,puwirefa,,3791.2
5f1833a16e55c522eeaf4dbe,60c20abfdccab926283d8f7f,74,receiver,window,normal,window-normal,,window,11073.9
5f1833a16e55c522eeaf4dbe,60c20abfdccab926283d8f7f,75,sender,family,handle,zah-wuk-qip-wepitula-puwirefa-tezalipu-pofepilu-meh-kuh-teliqulo,puwirefa,,2475
5f1833a16e55c522eeaf4dbe,60c20abfdccab926283d8f7f,76,receiver,design,family,design-family,,design,5166.5
5f1833a16e55c522eeaf4dbe,60c20abfdccab926283d8f7f,77,sender,normal,handle,zah-wuk-qip-wepitula-puwirefa-tezalipu-pofepilu-meh-kuh-teliqulo,wuk,,4266.5
5f1833a16e55c522eeaf4dbe,60c20abfdccab926283d8f7f,78,receiver,travel,market,market-travel,,market,19808.6
5f1833a16e55c522eeaf4dbe,60c20abfdccab926283d8f7f,79,sender,window,design,zah-wuk-qip-wepitula-puwirefa-tezalipu-pofepilu-meh-kuh-teliqulo,tezalipu,,1627.5
5f1833a16e55c522eeaf4dbe,60c20abfdccab926283d8f7f,80,receiver,coffee,market,coffee-market,,coffee,5182.7
5f1833a16e55c522eeaf4dbe,60c20abfdccab926283d8f7f,81,sender,travel,handle,zah-wuk-qip-wepitula-puwirefa-tezalipu-pofepilu-meh-kuh-teliqulo,wuk,,4511.6
5f1833a16e55c522eeaf4dbe,60c20abfdccab926283d8f7f,82,receiver,coffee,window,window-coffee,,coffee,3881.5
5f1833a16e55c522eeaf4dbe,60c20abfdccab926283d8f7f,83,sender,coffee,design,zah-wuk-qip-wepitula-puwirefa-tezalipu-pofepilu-meh-kuh-teliqulo,zah,,3006.1
5f1833a16e55c522eeaf4dbe,60c20abfdccab926283d8f7f,84,receiver,family,travel,travel-family,,family,2353.7
5f1833a16e55c522eeaf4dbe,60c20abfdccab926283d8f7f,85,sender,window,design,zah-wuk-qip-wepitula-puwirefa-tezalipu-pofepilu-meh-kuh-teliqulo,tezalipu,,1587.6
5f1833a16e55c522eeaf4dbe,60c20abfdccab926283d8f7f,86,receiver,people,online,online-people,,people,7414.1
5f1833a16e55c522eeaf4dbe,60c20abfdccab926283d8f7f,87,sender,people,travel,zah-wuk-qip-wepitula-puwirefa-tezalipu-pofepilu-meh-kuh-teliqulo,pofepilu,,1703.3
5f1833a16e55c522eeaf4dbe,60c20abfdccab926283d8f7f,88,receiver,online,normal,normal-online,,online,1909.4
5f1833a16e55c522eeaf4dbe,60c20abfdccab926283d8f7f,89,sender,coffee,online,zah-wuk-qip-wepitula-puwirefa-tezalipu-pofepilu-meh-kuh-teliqulo,zah,,4958.1
5f1833a16e55c522eeaf4dbe,60c20abfdccab926283d8f7f,90,receiver,window,design,window-design,,window,1262.6
5f1833a16e55c522eeaf4dbe,60c20abfdccab926283d8f7f,91,sender,window,design,zah-wuk-qip-wepitula-puwirefa-tezalipu-pofepilu-meh-kuh-teliqulo,tezalipu,,1953.8
5f1833a16e55c522eeaf4dbe,60c20abfdccab926283d8f7f,92,receiver,coffee,travel,travel-coffee,,coffee,1703.2
5f1833a16e55c522eeaf4dbe,60c20abfdccab926283d8f7f,93,sender,travel,handle,zah-wuk-qip-wepitula-puwirefa-tezalipu-pofepilu-meh-kuh-teliqulo,teliqulo,,4861.4
5f1833a16e55c522eeaf4dbe,60c20abfdccab926283d8f7f,94,receiver,window,design,design-window,,window,5483.4
5f1833a16e55c522eeaf4dbe,60c20abfdccab926283d8f7f,95,sender,travel,handle,zah-wuk-qip-wepitula-puwirefa-tezalipu-pofepilu-meh-kuh-teliqulo,wepitula,,4306.8
5f1833a16e55c522eeaf4dbe,60c20abfdccab926283d8f7f,96,receiver,handle,market,handle-market,,market,3047.4
5f1833a16e55c522eeaf4dbe,60c20abfdccab926283d8f7f,97,sender,people,handle,zah-wuk-qip-wepitula-puwirefa-tezalipu-pofepilu-meh-kuh-teliqulo,pofepilu,,1491.8
5f1833a16e55c522eeaf4dbe,60c20abfdccab926283d8f7f,98,receiver,people,coffee,coffee-people,,people,1422
5f1833a16e55c522eeaf4dbe,60c20abfdccab926283d8f7f,99,sender,people,coffee,zah-wuk-qip-wepitula-puwirefa-tezalipu-pofepilu-meh-kuh-teliqulo,pofepilu,,1414.8
5f1833a16e55c522eeaf4dbe,60c20abfdccab926283d8f7f,100,receiver,coffee,family,family-coffee,,coffee,1559.1
5f1833a16e55c522eeaf4dbe,60c20abfdccab926283d8f7f,101,sender,coffee,market,zah-wuk-qip-wepitula-puwirefa-tezalipu-pofepilu-meh-kuh-teliqulo,zah,,2597
5f1833a16e55c522eeaf4dbe,60c20abfdccab926283d8f7f,102,receiver,online,normal,online-normal,,online,2228.4
5f1833a16e55c522eeaf4dbe,60c20abfdccab926283d8f7f,103,sender,people,coffee,zah-wuk-qip-wepitula-puwirefa-tezalipu-pofepilu-meh-kuh-teliqulo,pofepilu,,1664.6
5f1833a16e55c522eeaf4dbe,60c20abfdccab926283d8f7f,104,receiver,online,handle,online-handle,,handle,3526.9
5f1833a16e55c522eeaf4dbe,60c20abfdccab926283d8f7f,105,sender,design,handle,zah-wuk-qip-wepitula-puwirefa-tezalipu-pofepilu-meh-kuh-teliqulo,qip,,7913.5
5f1833a16e55c522eeaf4dbe,60c20abfdccab926283d8f7f,106,receiver,window,design,design-window,,window,3564.5
5f1833a16e55c522eeaf4dbe,60c20abfdccab926283d8f7f,107,sender,normal,family,zah-wuk-qip-wepitula-puwirefa-tezalipu-pofepilu-meh-kuh-teliqulo,wepitula,,2753.2
5f1833a16e55c522eeaf4dbe,60c20abfdccab926283d8f7f,108,receiver,coffee,handle,handle-coffee,,coffee,2719.3
5f1833a16e55c522eeaf4dbe,60c20abfdccab926283d8f7f,109,sender,people,normal,zah-wuk-qip-wepitula-puwirefa-tezalipu-pofepilu-meh-kuh-teliqulo,pofepilu,,1447.9
5f1833a16e55c522eeaf4dbe,60c20abfdccab926283d8f7f,110,receiver,travel,handle,handle-travel,,handle,2342.7
5f1833a16e55c522eeaf4dbe,60c20abfdccab926283d8f7f,111,sender,normal,travel,zah-wuk-qip-wepitula-puwirefa-tezalipu-pofepilu-meh-kuh-teliqulo,teliqulo,,3799.4
5f1833a16e55c522eeaf4dbe,60c20abfdccab926283d8f7f,112,receiver,people,design,design-people,,people,1371.9
5f1833a16e55c522eeaf4dbe,60c20abfdccab926283d8f7f,113,sender,family,travel,zah-wuk-qip-wepitula-puwirefa-tezalipu-pofepilu-meh-kuh-teliqulo,puwirefa,,1841.9
5f1833a16e55c522eeaf4dbe,60c20abfdccab926283d8f7f,114,receiver,travel,market,market-travel,,market,1858.1
5f1833a16e55c522eeaf4dbe,60c20abfdccab926283d8f7f,115,sender,window,handle,zah-wuk-qip-wepitula-puwirefa-tezalipu-pofepilu-meh-kuh-teliqulo,tezalipu,,4402.2
5f1833a16e55c522eeaf4dbe,60c20abfdccab926283d8f7f,116,receiver,coffee,design,coffee-design,,coffee,2214.3
5f1833a16e55c522eeaf4dbe,60c20abfdccab926283d8f7f,117,sender,people,handle,zah-wuk-qip-wepitula-puwirefa-tezalipu-pofepilu-meh-kuh-teliqulo,pofepilu,,1602.5
5f1833a16e55c522eeaf4dbe,60c20abfdccab926283d8f7f,118,receiver,family,handle,handle-family,,family,1566.9
5f1833a16e55c522eeaf4dbe,60c20abfdccab926283d8f7f,119,sender,design,market,zah-wuk-qip-wepitula-puwirefa-tezalipu-pofepilu-meh-kuh-teliqulo,qip,,1878.1
5f1833a16e55c522eeaf4dbe,60c20abfdccab926283d8f7f,120,receiver,people,window,window-people,,people,1386.9
5f1833a16e55c522eeaf4dbe,60c20abfdccab926283d8f7f,121,sender,window,family,zah-wuk-qip-wepitula-puwirefa-tezalipu-pofepilu-meh-kuh-teliqulo,tezalipu,,1513.4
5f1833a16e55c522eeaf4dbe,60c20abfdccab926283d8f7f,122,receiver,window,normal,normal-window,,window,1489.9
5f1833a16e55c522eeaf4dbe,60c20abfdccab926283d8f7f,123,sender,coffee,handle,zah-wuk-qip-wepitula-puwirefa-tezalipu-pofepilu-meh-kuh-teliqulo,zah,,2384.1
5f1833a16e55c522eeaf4dbe,60c20abfdccab926283d8f7f,124,receiver,normal,market,normal-market,,market,3860.8
5f1833a16e55c522eeaf4dbe,60c20abfdccab926283d8f7f,125,sender,window,design,zah-wuk-qip-wepitula-puwirefa-tezalipu-pofepilu-meh-kuh-teliqulo,tezalipu,,1554
5f1833a16e55c522eeaf4dbe,60c20abfdccab926283d8f7f,126,receiver,people,market,people-market,,people,1391.6
5f1833a16e55c522eeaf4dbe,60c20abfdccab926283d8f7f,127,sender,window,travel,zah-wuk-qip-wepitula-puwirefa-tezalipu-pofepilu-meh-kuh-teliqulo,tezalipu,,1363.8
5f1833a16e55c522eeaf4dbe,60c20abfdccab926283d8f7f,128,receiver,normal,travel,travel-normal,,travel,2832.6
5f1833a16e55c522eeaf4dbe,60c20abfdccab926283d8f7f,129,sender,online,normal,zah-wuk-qip-wepitula-puwirefa-tezalipu-pofepilu-meh-kuh-teliqulo,meh,,2452.5
5f1833a16e55c522eeaf4dbe,60c20abfdccab926283d8f7f,130,receiver,online,handle,online-handle,,online,1445.2
5f1833a16e55c522eeaf4dbe,60c20abfdccab926283d8f7f,131,sender,online,normal,zah-wuk-qip-wepitula-puwirefa-tezalipu-pofepilu-meh-kuh-teliqulo,meh,,1701.9
5f1833a16e55c522eeaf4dbe,60c20abfdccab926283d8f7f,132,receiver,family,travel,travel-family,,family,1321.5
5f1833a16e55c522eeaf4dbe,60c20abfdccab926283d8f7f,133,sender,handle,market,zah-wuk-qip-wepitula-puwirefa-tezalipu-pofepilu-meh-kuh-teliqulo,wepitula,,2207.3
5f1833a16e55c522eeaf4dbe,60c20abfdccab926283d8f7f,134,receiver,coffee,travel,coffee-travel,,travel,3434.6
5f1833a16e55c522eeaf4dbe,60c20abfdccab926283d8f7f,135,sender,normal,family,zah-wuk-qip-wepitula-puwirefa-tezalipu-pofepilu-meh-kuh-teliqulo,meh,,3610.7