participant_id, partner_id, trial_index, trial_type, target_meaning, foil_meaning,             choices, signal_selected, meaning_guess, rt
60c20abfdccab926283d8f7f,5f1833a16e55c522eeaf4dbe,1,receiver,design,market,market-design,,design,3283.4
60c20abfdccab926283d8f7f,5f1833a16e55c522eeaf4dbe,2,sender,people,coffee,zah-wuk-qip-wepitula-puwirefa-tezalipu-pofepilu-meh-kuh-teliqulo,qip,,3294.7
60c20abfdccab926283d8f7f,5f1833a16e55c522eeaf4dbe,3,receiver,window,travel,window-travel,,window,2173.3
60c20abfdccab926283d8f7f,5f1833a16e55c522eeaf4dbe,4,sender,design,handle,zah-wuk-qip-wepitula-puwirefa-tezalipu-pofepilu-meh-kuh-teliqulo,wuk,,6444.2
60c20abfdccab926283d8f7f,5f1833a16e55c522eeaf4dbe,5,receiver,family,market,family-market,,market,2839.9
60c20abfdccab926283d8f7f,5f1833a16e55c522eeaf4dbe,6,sender,online,normal,zah-wuk-qip-wepitula-puwirefa-tezalipu-pofepilu-meh-kuh-teliqulo,meh,,5756.8
60c20abfdccab926283d8f7f,5f1833a16e55c522eeaf4dbe,7,receiver,handle,market,market-handle,,handle,4700.5
60c20abfdccab926283d8f7f,5f1833a16e55c522eeaf4dbe,8,sender,travel,handle,zah-wuk-qip-wepitula-puwirefa-tezalipu-pofepilu-meh-kuh-teliqulo,wepitula,,2638.5
60c20abfdccab926283d8f7f,5f1833a16e55c522eeaf4dbe,9,receiver,people,design,people-design,,people,3116.9
60c20abfdccab926283d8f7f,5f1833a16e55c522eeaf4dbe,10,sender,design,travel,zah-wuk-qip-wepitula-puwirefa-tezalipu-pofepilu-meh-kuh-teliqulo,wuk,,4182.7
60c20abfdccab926283d8f7f,5f1833a16e55c522eeaf4dbe,11,receiver,window,market,window-market,,window,2766.3
60c20abfdccab926283d8f7f,5f1833a16e55c522eeaf4dbe,12,sender,window,handle,zah-wuk-qip-wepitula-puwirefa-tezalipu-pofepilu-meh-kuh-teliqulo,wepitula,,5679.7
60c20abfdccab926283d8f7f,5f1833a16e55c522eeaf4dbe,13,receiver,people,family,people-family,,family,3722.8
60c20abfdccab926283d8f7f,5f1833a16e55c522eeaf4dbe,14,sender,window,design,zah-wuk-qip-wepitula-puwirefa-tezalipu-pofepilu-meh-kuh-teliqulo,teliqulo,,5246.2
60c20abfdccab926283d8f7f,5f1833a16e55c522eeaf4dbe,15,receiver,design,normal,normal-design,,design,3097.2
60c20abfdccab926283d8f7f,5f1833a16e55c522eeaf4dbe,16,sender,coffee,normal,zah-wuk-qip-wepitula-puwirefa-tezalipu-pofepilu-meh-kuh-teliqulo,tezalipu,,4088.3
60c20abfdccab926283d8f7f,5f1833a16e55c522eeaf4dbe,17,receiver,family,handle,family-handle,,family,2186.3
60c20abfdccab926283d8f7f,5f1833a16e55c522eeaf4dbe,18,sender,travel,market,zah-wuk-qip-wepitula-puwirefa-tezalipu-pofepilu-meh-kuh-teliqulo,tezalipu,,5566.1
60c20abfdccab926283d8f7f,5f1833a16e55c522eeaf4dbe,19,receiver,family,market,family-market,,market,2404
60c20abfdccab926283d8f7f,5f1833a16e55c522eeaf4dbe,20,sender,people,coffee,zah-wuk-qip-wepitula-puwirefa-tezalipu-pofepilu-meh-kuh-teliqulo,kuh,,5561.3
60c20abfdccab926283d8f7f,5f1833a16e55c522eeaf4dbe,21,receiver,family,market,market-family,,family,4626.4
60c20abfdccab926283d8f7f,5f1833a16e55c522eeaf4dbe,22,sender,window,design,zah-wuk-qip-wepitula-puwirefa-tezalipu-pofepilu-meh-kuh-teliqulo,tezalipu,,8713
60c20abfdccab926283d8f7f,5f1833a16e55c522eeaf4dbe,23,receiver,window,family,window-family,,window,2839.6
60c20abfdccab926283d8f7f,5f1833a16e55c522eeaf4dbe,24,sender,coffee,window,zah-wuk-qip-wepitula-puwirefa-tezalipu-pofepilu-meh-kuh-teliqulo,kuh,,8062
60c20abfdccab926283d8f7f,5f1833a16e55c522eeaf4dbe,25,receiver,family,market,family-market,,market,9508.4
60c20abfdccab926283d8f7f,5f1833a16e55c522eeaf4dbe,26,sender,window,design,zah-wuk-qip-wepitula-puwirefa-tezalipu-pofepilu-meh-kuh-teliqulo,tezalipu,,5249.3
60c20abfdccab926283d8f7f,5f1833a16e55c522eeaf4dbe,27,receiver,people,online,online-people,,online,3800.1
60c20abfdccab926283d8f7f,5f1833a16e55c522eeaf4dbe,28,sender,people,coffee,zah-wuk-qip-wepitula-puwirefa-tezalipu-pofepilu-meh-kuh-teliqulo,wepitula,,7316.8
60c20abfdccab926283d8f7f,5f1833a16e55c522eeaf4dbe,29,receiver,online,normal,online-normal,,online,4684.6
60c20abfdccab926283d8f7f,5f1833a16e55c522eeaf4dbe,30,sender,online,travel,zah-wuk-qip-wepitula-puwirefa-tezalipu-pofepilu-meh-kuh-teliqulo,kuh,,9081.1
60c20abfdccab926283d8f7f,5f1833a16e55c522eeaf4dbe,31,receiver,online,market,market-online,,online,2103.8
60c20abfdccab926283d8f7f,5f1833a16e55c522eeaf4dbe,32,sender,people,coffee,zah-wuk-qip-wepitula-puwirefa-tezalipu-pofepilu-meh-kuh-teliqulo,pofepilu,,7933.8
60c20abfdccab926283d8f7f,5f1833a16e55c522eeaf4dbe,33,receiver,window,design,design-window,,window,2798.3
60c20abfdccab926283d8f7f,5f1833a16e55c522eeaf4dbe,34,sender,family,market,zah-wuk-qip-wepitula-puwirefa-tezalipu-pofepilu-meh-kuh-teliqulo,puwirefa,,6021.8
60c20abfdccab926283d8f7f,5f1833a16e55c522eeaf4dbe,35,receiver,handle,market,handle-market,,market,7201.4
60c20abfdccab926283d8f7f,5f1833a16e55c522eeaf4dbe,36,sender,normal,market,zah-wuk-qip-wepitula-puwirefa-tezalipu-pofepilu-meh-kuh-teliqulo,qip,,8108.5
60c20abfdccab926283d8f7f,5f1833a16e55c522eeaf4dbe,37,receiver,design,travel,travel-design,,travel,5316.6
60c20abfdccab926283d8f7f,5f1833a16e55c522eeaf4dbe,38,sender,people,window,zah-wuk-qip-wepitula-puwirefa-tezalipu-pofepilu-meh-kuh-teliqulo,pofepilu,,8261.5
60c20abfdccab926283d8f7f,5f1833a16e55c522eeaf4dbe,39,receiver,family,travel,family-travel,,family,2732.6
60c20abfdccab926283d8f7f,5f1833a16e55c522eeaf4dbe,40,sender,window,online,zah-wuk-qip-wepitula-puwirefa-tezalipu-pofepilu-meh-kuh-teliqulo,tezalipu,,3954
60c20abfdccab926283d8f7f,5f1833a16e55c522eeaf4dbe,41,receiver,people,market,people-market,,people,6472.7
60c20abfdccab926283d8f7f,5f1833a16e55c522eeaf4dbe,42,sender,people,family,zah-wuk-qip-wepitula-puwirefa-tezalipu-pofepilu-meh-kuh-teliqulo,pofepilu,,5779.1
60c20abfdccab926283d8f7f,5f1833a16e55c522eeaf4dbe,43,receiver,window,market,market-window,,window,2911
60c20abfdccab926283d8f7f,5f1833a16e55c522eeaf4dbe,44,sender,online,normal,zah-wuk-qip-wepitula-puwirefa-tezalipu-pofepilu-meh-kuh-teliqulo,kuh,,4413.2
60c20abfdccab926283d8f7f,5f1833a16e55c522eeaf4dbe,45,receiver,people,travel,people-travel,,people,2311
60c20abfdccab926283d8f7f,5f1833a16e55c522eeaf4dbe,46,sender,online,travel,zah-wuk-qip-wepitula-puwirefa-tezalipu-pofepilu-meh-kuh-teliqulo,kuh,,6030.5
60c20abfdccab926283d8f7f,5f1833a16e55c522eeaf4dbe,47,receiver,people,coffee,people-coffee,,people,2073.8
60c20abfdccab926283d8f7f,5f1833a16e55c522eeaf4dbe,48,sender,travel,market,zah-wuk-qip-wepitula-puwirefa-tezalipu-pofepilu-meh-kuh-teliqulo,teliqulo,,8818.4
60c20abfdccab926283d8f7f,5f1833a16e55c522eeaf4dbe,49,receiver,normal,handle,handle-normal,,normal,2217.3
60c20abfdccab926283d8f7f,5f1833a16e55c522eeaf4dbe,50,sender,online,normal,zah-wuk-qip-wepitula-puwirefa-tezalipu-pofepilu-meh-kuh-teliqulo,kuh,,10703
60c20abfdccab926283d8f7f,5f1833a16e55c522eeaf4dbe,51,receiver,online,normal,online-normal,,online,4263.1
60c20abfdccab926283d8f7f,5f1833a16e55c522eeaf4dbe,52,sender,handle,market,zah-wuk-qip-wepitula-puwirefa-tezalipu-pofepilu-meh-kuh-teliqulo,wepitula,,8789.2
60c20abfdccab926283d8f7f,5f1833a16e55c522eeaf4dbe,53,receiver,coffee,normal,normal-coffee,,normal,2356.9
60c20abfdccab926283d8f7f,5f1833a16e55c522eeaf4dbe,54,sender,family,handle,zah-wuk-qip-wepitula-puwirefa-tezalipu-pofepilu-meh-kuh-teliqulo,puwirefa,,9011.9
60c20abfdccab926283d8f7f,5f1833a16e55c522eeaf4dbe,55,receiver,people,normal,normal-people,,people,2299
60c20abfdccab926283d8f7f,5f1833a16e55c522eeaf4dbe,56,sender,people,coffee,zah-wuk-qip-wepitula-puwirefa-tezalipu-pofepilu-meh-kuh-teliqulo,pofepilu,,5134.6
60c20abfdccab926283d8f7f,5f1833a16e55c522eeaf4dbe,57,receiver,people,coffee,people-coffee,,people,1676.7
60c20abfdccab926283d8f7f,5f1833a16e55c522eeaf4dbe,58,sender,online,family,zah-wuk-qip-wepitula-puwirefa-tezalipu-pofepilu-meh-kuh-teliqulo,kuh,,5511.9
60c20abfdccab926283d8f7f,5f1833a16e55c522eeaf4dbe,59,receiver,travel,market,travel-market,,market,3785.1
60c20abfdccab926283d8f7f,5f1833a16e55c522eeaf4dbe,60,sender,coffee,online,zah-wuk-qip-wepitula-puwirefa-tezalipu-pofepilu-meh-kuh-teliqulo,meh,,6246.9
60c20abfdccab926283d8f7f,5f1833a16e55c522eeaf4dbe,61,receiver,design,online,online-design,,design,2450.8
60c20abfdccab926283d8f7f,5f1833a16e55c522eeaf4dbe,62,sender,design,online,zah-wuk-qip-wepitula-puwirefa-tezalipu-pofepilu-meh-kuh-teliqulo,qip,,3064.1
60c20abfdccab926283d8f7f,5f1833a16e55c522eeaf4dbe,63,receiver,online,normal,normal-online,,normal,2917.7
60c20abfdccab926283d8f7f,5f1833a16e55c522eeaf4dbe,64,sender,online,market,zah-wuk-qip-wepitula-puwirefa-tezalipu-pofepilu-meh-kuh-teliqulo,zah,,11107.7
60c20abfdccab926283d8f7f,5f1833a16e55c522eeaf4dbe,65,receiver,design,normal,design-normal,,design,3397.1
60c20abfdccab926283d8f7f,5f1833a16e55c522eeaf4dbe,66,sender,online,normal,zah-wuk-qip-wepitula-puwirefa-tezalipu-pofepilu-meh-kuh-teliqulo,kuh,,5990.9
60c20abfdccab926283d8f7f,5f1833a16e55c522eeaf4dbe,67,receiver,design,family,design-family,,design,2331
60c20abfdccab926283d8f7f,5f1833a16e55c522eeaf4dbe,68,sender,online,family,zah-wuk-qip-wepitula-puwirefa-tezalipu-pofepilu-meh-kuh-teliqulo,kuh,,7175
60c20abfdccab926283d8f7f,5f1833a16e55c522eeaf4dbe,69,receiver,window,online,online-window,,window,2445.9
60c20abfdccab926283d8f7f,5f1833a16e55c522eeaf4dbe,70,sender,people,coffee,zah-wuk-qip-wepitula-puwirefa-tezalipu-pofepilu-meh-kuh-teliqulo,pofepilu,,2889.8
60c20abfdccab926283d8f7f,5f1833a16e55c522eeaf4dbe,71,receiver,family,travel,travel-family,,family,1734.6
60c20abfdccab926283d8f7f,5f1833a16e55c522eeaf4dbe,72,sender,coffee,family,zah-wuk-qip-wepitula-puwirefa-tezalipu-pofepilu-meh-kuh-teliqulo,zah,,6446.1
60c20abfdccab926283d8f7f,5f1833a16e55c522eeaf4dbe,73,receiver,family,handle,family-handle,,family,1805.9
60c20abfdccab926283d8f7f,5f1833a16e55c522eeaf4dbe,74,sender,window,normal,zah-wuk-qip-wepitula-puwirefa-tezalipu-pofepilu-meh-kuh-teliqulo,tezalipu,,4344.7
60c20abfdccab926283d8f7f,5f1833a16e55c522eeaf4dbe,75,receiver,family,handle,family-handle,,family,2599.5
60c20abfdccab926283d8f7f,5f1833a16e55c522eeaf4dbe,76,sender,design,family,zah-wuk-qip-wepitula-puwirefa-tezalipu-pofepilu-meh-kuh-teliqulo,qip,,8863.7
60c20abfdccab926283d8f7f,5f1833a16e55c522eeaf4dbe,77,receiver,normal,handle,normal-handle,,normal,5007.3
60c20abfdccab926283d8f7f,5f1833a16e55c522eeaf4dbe,78,sender,travel,market,zah-wuk-qip-wepitula-puwirefa-tezalipu-pofepilu-meh-kuh-teliqulo,wepitula,,6110.2
60c20abfdccab926283d8f7f,5f1833a16e55c522eeaf4dbe,79,receiver,window,design,design-window,,window,2931.6
60c20abfdccab926283d8f7f,5f1833a16e55c522eeaf4dbe,80,sender,coffee,market,zah-wuk-qip-wepitula-puwirefa-tezalipu-pofepilu-meh-kuh-teliqulo,zah,,4521
60c20abfdccab926283d8f7f,5f1833a16e55c522eeaf4dbe,81,receiver,travel,handle,travel-handle,,travel,2069.6
60c20abfdccab926283d8f7f,5f1833a16e55c522eeaf4dbe,82,sender,coffee,window,zah-wuk-qip-wepitula-puwirefa-tezalipu-pofepilu-meh-kuh-teliqulo,zah,,4686.4
60c20abfdccab926283d8f7f,5f1833a16e55c522eeaf4dbe,83,receiver,coffee,design,coffee-design,,coffee,2105.8
60c20abfdccab926283d8f7f,5f1833a16e55c522eeaf4dbe,84,sender,family,travel,zah-wuk-qip-wepitula-puwirefa-tezalipu-pofepilu-meh-kuh-teliqulo,puwirefa,,3281.1
60c20abfdccab926283d8f7f,5f1833a16e55c522eeaf4dbe,85,receiver,window,design,window-design,,window,2071.1
60c20abfdccab926283d8f7f,5f1833a16e55c522eeaf4dbe,86,sender,people,online,zah-wuk-qip-wepitula-puwirefa-tezalipu-pofepilu-meh-kuh-teliqulo,pofepilu,,3664.5
60c20abfdccab926283d8f7f,5f1833a16e55c522eeaf4dbe,87,receiver,people,travel,people-travel,,people,1659.2
60c20abfdccab926283d8f7f,5f1833a16e55c522eeaf4dbe,88,sender,online,normal,zah-wuk-qip-wepitula-puwirefa-tezalipu-pofepilu-meh-kuh-teliqulo,kuh,,3986.3
60c20abfdccab926283d8f7f,5f1833a16e55c522eeaf4dbe,89,receiver,coffee,online,online-coffee,,coffee,1798.2
60c20abfdccab926283d8f7f,5f1833a16e55c522eeaf4dbe,90,sender,window,design,zah-wuk-qip-wepitula-puwirefa-tezalipu-pofepilu-meh-kuh-teliqulo,tezalipu,,4519.6
60c20abfdccab926283d8f7f,5f1833a16e55c522eeaf4dbe,91,receiver,window,design,window-design,,window,1419.8
60c20abfdccab926283d8f7f,5f1833a16e55c522eeaf4dbe,92,sender,coffee,travel,zah-wuk-qip-wepitula-puwirefa-tezalipu-pofepilu-meh-kuh-teliqulo,zah,,2655.6
60c20abfdccab926283d8f7f,5f1833a16e55c522eeaf4dbe,93,receiver,travel,handle,handle-travel,,handle,2280.3
60c20abfdccab926283d8f7f,5f1833a16e55c522eeaf4dbe,94,sender,window,design,zah-wuk-qip-wepitula-puwirefa-tezalipu-pofepilu-meh-kuh-teliqulo,tezalipu,,1845
60c20abfdccab926283d8f7f,5f1833a16e55c522eeaf4dbe,95,receiver,travel,handle,travel-handle,,travel,3722.4
60c20abfdccab926283d8f7f,5f1833a16e55c522eeaf4dbe,96,sender,handle,market,zah-wuk-qip-wepitula-puwirefa-tezalipu-pofepilu-meh-kuh-teliqulo,teliqulo,,4986
60c20abfdccab926283d8f7f,5f1833a16e55c522eeaf4dbe,97,receiver,people,handle,handle-people,,people,1428.6
60c20abfdccab926283d8f7f,5f1833a16e55c522eeaf4dbe,98,sender,people,coffee,zah-wuk-qip-wepitula-puwirefa-tezalipu-pofepilu-meh-kuh-teliqulo,pofepilu,,3606.7
60c20abfdccab926283d8f7f,5f1833a16e55c522eeaf4dbe,99,receiver,people,coffee,coffee-people,,people,1857.9
60c20abfdccab926283d8f7f,5f1833a16e55c522eeaf4dbe,100,sender,coffee,family,zah-wuk-qip-wepitula-puwirefa-tezalipu-pofepilu-meh-kuh-teliqulo,zah,,2474.1
60c20abfdccab926283d8f7f,5f1833a16e55c522eeaf4dbe,101,receiver,coffee,market,market-coffee,,coffee,1428.8
60c20abfdccab926283d8f7f,5f1833a16e55c522eeaf4dbe,102,sender,online,normal,zah-wuk-qip-wepitula-puwirefa-tezalipu-pofepilu-meh-kuh-teliqulo,zah,,2737.6
60c20abfdccab926283d8f7f,5f1833a16e55c522eeaf4dbe,103,receiver,people,coffee,coffee-people,,people,1441.6
60c20abfdccab926283d8f7f,5f1833a16e55c522eeaf4dbe,104,sender,online,handle,zah-wuk-qip-wepitula-puwirefa-tezalipu-pofepilu-meh-kuh-teliqulo,zah,,2893.5
60c20abfdccab926283d8f7f,5f1833a16e55c522eeaf4dbe,105,receiver,design,handle,design-handle,,handle,3262.6
60c20abfdccab926283d8f7f,5f1833a16e55c522eeaf4dbe,106,sender,window,design,zah-wuk-qip-wepitula-puwirefa-tezalipu-pofepilu-meh-kuh-teliqulo,tezalipu,,5346.6
60c20abfdccab926283d8f7f,5f1833a16e55c522eeaf4dbe,107,receiver,normal,family,family-normal,,normal,6328.5
60c20abfdccab926283d8f7f,5f1833a16e55c522eeaf4dbe,108,sender,coffee,handle,zah-wuk-qip-wepitula-puwirefa-tezalipu-pofepilu-meh-kuh-teliqulo,qip,,3291.7
60c20abfdccab926283d8f7f,5f1833a16e55c522eeaf4dbe,109,receiver,people,normal,normal-people,,people,1764.4
60c20abfdccab926283d8f7f,5f1833a16e55c522eeaf4dbe,110,sender,travel,handle,zah-wuk-qip-wepitula-puwirefa-tezalipu-pofepilu-meh-kuh-teliqulo,wepitula,,5411.4
60c20abfdccab926283d8f7f,5f1833a16e55c522eeaf4dbe,111,receiver,normal,travel,travel-normal,,travel,3548.9
60c20abfdccab926283d8f7f,5f1833a16e55c522eeaf4dbe,112,sender,people,design,zah-wuk-qip-wepitula-puwirefa-tezalipu-pofepilu-meh-kuh-teliqulo,pofepilu,,2788.9
60c20abfdccab926283d8f7f,5f1833a16e55c522eeaf4dbe,113,receiver,family,travel,travel-family,,family,1514.2
60c20abfdccab926283d8f7f,5f1833a16e55c522eeaf4dbe,114,sender,travel,market,zah-wuk-qip-wepitula-puwirefa-tezalipu-pofepilu-meh-kuh-teliqulo,wuk,,6008.8
60c20abfdccab926283d8f7f,5f1833a16e55c522eeaf4dbe,115,receiver,window,handle,window-handle,,window,2810.6
60c20abfdccab926283d8f7f,5f1833a16e55c522eeaf4dbe,116,sender,coffee,design,zah-wuk-qip-wepitula-puwirefa-tezalipu-pofepilu-meh-kuh-teliqulo,zah,,3312.1
60c20abfdccab926283d8f7f,5f1833a16e55c522eeaf4dbe,117,receiver,people,handle,people-handle,,people,1481.4
60c20abfdccab926283d8f7f,5f1833a16e55c522eeaf4dbe,118,sender,family,handle,zah-wuk-qip-wepitula-puwirefa-tezalipu-pofepilu-meh-kuh-teliqulo,puwirefa,,2510.5
60c20abfdccab926283d8f7f,5f1833a16e55c522eeaf4dbe,119,receiver,design,market,design-market,,design,1892.4
60c20abfdccab926283d8f7f,5f1833a16e55c522eeaf4dbe,120,sender,people,window,zah-wuk-qip-wepitula-puwirefa-tezalipu-pofepilu-meh-kuh-teliqulo,pofepilu,,1796.3
60c20abfdccab926283d8f7f,5f1833a16e55c522eeaf4dbe,121,receiver,window,family,window-family,,family,1618
60c20abfdccab926283d8f7f,5f1833a16e55c522eeaf4dbe,122,sender,window,normal,zah-wuk-qip-wepitula-puwirefa-tezalipu-pofepilu-meh-kuh-teliqulo,tezalipu,,5626.6
60c20abfdccab926283d8f7f,5f1833a16e55c522eeaf4dbe,123,receiver,coffee,handle,handle-coffee,,coffee,3135
60c20abfdccab926283d8f7f,5f1833a16e55c522eeaf4dbe,124,sender,normal,market,zah-wuk-qip-wepitula-puwirefa-tezalipu-pofepilu-meh-kuh-teliqulo,wepitula,,6436.5
60c20abfdccab926283d8f7f,5f1833a16e55c522eeaf4dbe,125,receiver,window,design,window-design,,window,3603.8
60c20abfdccab926283d8f7f,5f1833a16e55c522eeaf4dbe,126,sender,people,market,zah-wuk-qip-wepitula-puwirefa-tezalipu-pofepilu-meh-kuh-teliqulo,pofepilu,,5485.7
60c20abfdccab926283d8f7f,5f1833a16e55c522eeaf4dbe,127,receiver,window,travel,travel-window,,window,1968.8
60c20abfdccab926283d8f7f,5f1833a16e55c522eeaf4dbe,128,sender,normal,travel,zah-wuk-qip-wepitula-puwirefa-tezalipu-pofepilu-meh-kuh-teliqulo,zah,,2708.5
60c20abfdccab926283d8f7f,5f1833a16e55c522eeaf4dbe,129,receiver,online,normal,online-normal,,online,3004.8
60c20abfdccab926283d8f7f,5f1833a16e55c522eeaf4dbe,130,sender,online,handle,zah-wuk-qip-wepitula-puwirefa-tezalipu-pofepilu-meh-kuh-teliqulo,meh,,1950.5
60c20abfdccab926283d8f7f,5f1833a16e55c522eeaf4dbe,131,receiver,online,normal,online-normal,,online,2572.8
60c20abfdccab926283d8f7f,5f1833a16e55c522eeaf4dbe,132,sender,family,travel,zah-wuk-qip-wepitula-puwirefa-tezalipu-pofepilu-meh-kuh-teliqulo,puwirefa,,4874
60c20abfdccab926283d8f7f,5f1833a16e55c522eeaf4dbe,133,receiver,handle,market,handle-market,,handle,2560.2
60c20abfdccab926283d8f7f,5f1833a16e55c522eeaf4dbe,134,sender,coffee,travel,zah-wuk-qip-wepitula-puwirefa-tezalipu-pofepilu-meh-kuh-teliqulo,kuh,,2920.2
60c20abfdccab926283d8f7f,5f1833a16e55c522eeaf4dbe,135,receiver,normal,family,family-normal,,normal,1905.9