participant_id, partner_id, trial_index, trial_type, target_meaning, foil_meaning,             choices, signal_selected, meaning_guess, rt
5ef24f45ba594791fb6cb88d,5c2b6280248ff5000114042b,1,sender,ground,window,hiwaponu-lehaqifu-puwirefa-peh-ralonefi-qip-tih-hix-nidaweli-kuh,hix,,25922.7
5ef24f45ba594791fb6cb88d,5c2b6280248ff5000114042b,2,receiver,change,ground,ground-change,,change,13317.7
5ef24f45ba594791fb6cb88d,5c2b6280248ff5000114042b,3,sender,ground,review,hiwaponu-lehaqifu-puwirefa-peh-ralonefi-qip-tih-hix-nidaweli-kuh,ralonefi,,19072.1
5ef24f45ba594791fb6cb88d,5c2b6280248ff5000114042b,4,receiver,future,review,future-review,,future,8594.5
5ef24f45ba594791fb6cb88d,5c2b6280248ff5000114042b,5,sender,credit,review,hiwaponu-lehaqifu-puwirefa-peh-ralonefi-qip-tih-hix-nidaweli-kuh,hix,,13973.7
5ef24f45ba594791fb6cb88d,5c2b6280248ff5000114042b,6,receiver,second,ground,ground-second,,ground,5381.7
5ef24f45ba594791fb6cb88d,5c2b6280248ff5000114042b,7,sender,credit,review,hiwaponu-lehaqifu-puwirefa-peh-ralonefi-qip-tih-hix-nidaweli-kuh,hix,,7296.7
5ef24f45ba594791fb6cb88d,5c2b6280248ff5000114042b,8,receiver,ground,future,future-ground,,ground,8148.9
5ef24f45ba594791fb6cb88d,5c2b6280248ff5000114042b,9,sender,change,people,hiwaponu-lehaqifu-puwirefa-peh-ralonefi-qip-tih-hix-nidaweli-kuh,peh,,10128.4
5ef24f45ba594791fb6cb88d,5c2b6280248ff5000114042b,10,receiver,second,review,review-second,,second,10556.6
5ef24f45ba594791fb6cb88d,5c2b6280248ff5000114042b,11,sender,second,ground,hiwaponu-lehaqifu-puwirefa-peh-ralonefi-qip-tih-hix-nidaweli-kuh,hiwaponu,,12457.4
5ef24f45ba594791fb6cb88d,5c2b6280248ff5000114042b,12,receiver,coffee,future,future-coffee,,coffee,7235
5ef24f45ba594791fb6cb88d,5c2b6280248ff5000114042b,13,sender,coffee,review,hiwaponu-lehaqifu-puwirefa-peh-ralonefi-qip-tih-hix-nidaweli-kuh,puwirefa,,7551.1
5ef24f45ba594791fb6cb88d,5c2b6280248ff5000114042b,14,receiver,second,future,future-second,,second,4190.4
5ef24f45ba594791fb6cb88d,5c2b6280248ff5000114042b,15,sender,second,travel,hiwaponu-lehaqifu-puwirefa-peh-ralonefi-qip-tih-hix-nidaweli-kuh,tih,,10425.5
5ef24f45ba594791fb6cb88d,5c2b6280248ff5000114042b,16,receiver,coffee,travel,coffee-travel,,coffee,2801.6
5ef24f45ba594791fb6cb88d,5c2b6280248ff5000114042b,17,sender,travel,future,hiwaponu-lehaqifu-puwirefa-peh-ralonefi-qip-tih-hix-nidaweli-kuh,puwirefa,,14122.7
5ef24f45ba594791fb6cb88d,5c2b6280248ff5000114042b,18,receiver,change,people,people-change,,change,5704.3
5ef24f45ba594791fb6cb88d,5c2b6280248ff5000114042b,19,sender,coffee,people,hiwaponu-lehaqifu-puwirefa-peh-ralonefi-qip-tih-hix-nidaweli-kuh,peh,,7680.9
5ef24f45ba594791fb6cb88d,5c2b6280248ff5000114042b,20,receiver,coffee,credit,credit-coffee,,coffee,9054
5ef24f45ba594791fb6cb88d,5c2b6280248ff5000114042b,21,sender,people,credit,hiwaponu-lehaqifu-puwirefa-peh-ralonefi-qip-tih-hix-nidaweli-kuh,puwirefa,,5530.9
5ef24f45ba594791fb6cb88d,5c2b6280248ff5000114042b,22,receiver,credit,future,credit-future,,credit,5074.4
5ef24f45ba594791fb6cb88d,5c2b6280248ff5000114042b,23,sender,window,review,hiwaponu-lehaqifu-puwirefa-peh-ralonefi-qip-tih-hix-nidaweli-kuh,lehaqifu,,10101.7
5ef24f45ba594791fb6cb88d,5c2b6280248ff5000114042b,24,receiver,window,future,future-window,,window,6785.3
5ef24f45ba594791fb6cb88d,5c2b6280248ff5000114042b,25,sender,coffee,ground,hiwaponu-lehaqifu-puwirefa-peh-ralonefi-qip-tih-hix-nidaweli-kuh,puwirefa,,17076.3
5ef24f45ba594791fb6cb88d,5c2b6280248ff5000114042b,26,receiver,second,window,second-window,,second,3923.6
5ef24f45ba594791fb6cb88d,5c2b6280248ff5000114042b,27,sender,change,people,hiwaponu-lehaqifu-puwirefa-peh-ralonefi-qip-tih-hix-nidaweli-kuh,peh,,5737.3
5ef24f45ba594791fb6cb88d,5c2b6280248ff5000114042b,28,receiver,change,ground,change-ground,,ground,4739
5ef24f45ba594791fb6cb88d,5c2b6280248ff5000114042b,29,sender,ground,travel,hiwaponu-lehaqifu-puwirefa-peh-ralonefi-qip-tih-hix-nidaweli-kuh,puwirefa,,8749.5
5ef24f45ba594791fb6cb88d,5c2b6280248ff5000114042b,30,receiver,coffee,travel,coffee-travel,,coffee,3138.1
5ef24f45ba594791fb6cb88d,5c2b6280248ff5000114042b,31,sender,people,credit,hiwaponu-lehaqifu-puwirefa-peh-ralonefi-qip-tih-hix-nidaweli-kuh,peh,,4972.1
5ef24f45ba594791fb6cb88d,5c2b6280248ff5000114042b,32,receiver,coffee,change,coffee-change,,change,6856.7
5ef24f45ba594791fb6cb88d,5c2b6280248ff5000114042b,33,sender,ground,credit,hiwaponu-lehaqifu-puwirefa-peh-ralonefi-qip-tih-hix-nidaweli-kuh,puwirefa,,4016.2
5ef24f45ba594791fb6cb88d,5c2b6280248ff5000114042b,34,receiver,change,credit,credit-change,,credit,9592.5
5ef24f45ba594791fb6cb88d,5c2b6280248ff5000114042b,35,sender,coffee,change,hiwaponu-lehaqifu-puwirefa-peh-ralonefi-qip-tih-hix-nidaweli-kuh,kuh,,8101.6
5ef24f45ba594791fb6cb88d,5c2b6280248ff5000114042b,36,receiver,people,future,people-future,,people,6168.5
5ef24f45ba594791fb6cb88d,5c2b6280248ff5000114042b,37,sender,credit,review,hiwaponu-lehaqifu-puwirefa-peh-ralonefi-qip-tih-hix-nidaweli-kuh,qip,,2788.3
5ef24f45ba594791fb6cb88d,5c2b6280248ff5000114042b,38,receiver,coffee,future,future-coffee,,coffee,5873.5
5ef24f45ba594791fb6cb88d,5c2b6280248ff5000114042b,39,sender,change,window,hiwaponu-lehaqifu-puwirefa-peh-ralonefi-qip-tih-hix-nidaweli-kuh,qip,,3445.3
5ef24f45ba594791fb6cb88d,5c2b6280248ff5000114042b,40,receiver,ground,review,review-ground,,review,3376.9
5ef24f45ba594791fb6cb88d,5c2b6280248ff5000114042b,41,sender,second,window,hiwaponu-lehaqifu-puwirefa-peh-ralonefi-qip-tih-hix-nidaweli-kuh,nidaweli,,5678.7
5ef24f45ba594791fb6cb88d,5c2b6280248ff5000114042b,42,receiver,coffee,credit,coffee-credit,,coffee,3613.9
5ef24f45ba594791fb6cb88d,5c2b6280248ff5000114042b,43,sender,travel,review,hiwaponu-lehaqifu-puwirefa-peh-ralonefi-qip-tih-hix-nidaweli-kuh,lehaqifu,,6130.5
5ef24f45ba594791fb6cb88d,5c2b6280248ff5000114042b,44,receiver,change,review,change-review,,review,3227.3
5ef24f45ba594791fb6cb88d,5c2b6280248ff5000114042b,45,sender,second,credit,hiwaponu-lehaqifu-puwirefa-peh-ralonefi-qip-tih-hix-nidaweli-kuh,ralonefi,,4005.2
5ef24f45ba594791fb6cb88d,5c2b6280248ff5000114042b,46,receiver,people,travel,travel-people,,people,2165.7
5ef24f45ba594791fb6cb88d,5c2b6280248ff5000114042b,47,sender,ground,review,hiwaponu-lehaqifu-puwirefa-peh-ralonefi-qip-tih-hix-nidaweli-kuh,lehaqifu,,5938.3
5ef24f45ba594791fb6cb88d,5c2b6280248ff5000114042b,48,receiver,people,window,window-people,,people,1829.1
5ef24f45ba594791fb6cb88d,5c2b6280248ff5000114042b,49,sender,second,future,hiwaponu-lehaqifu-puwirefa-peh-ralonefi-qip-tih-hix-nidaweli-kuh,nidaweli,,6432.8
5ef24f45ba594791fb6cb88d,5c2b6280248ff5000114042b,50,receiver,people,review,people-review,,people,1792.3
5ef24f45ba594791fb6cb88d,5c2b6280248ff5000114042b,51,sender,window,future,hiwaponu-lehaqifu-puwirefa-peh-ralonefi-qip-tih-hix-nidaweli-kuh,kuh,,11295.5
5ef24f45ba594791fb6cb88d,5c2b6280248ff5000114042b,52,receiver,coffee,second,second-coffee,,coffee,2227.8
5ef24f45ba594791fb6cb88d,5c2b6280248ff5000114042b,53,sender,travel,credit,hiwaponu-lehaqifu-puwirefa-peh-ralonefi-qip-tih-hix-nidaweli-kuh,lehaqifu,,4651.9
5ef24f45ba594791fb6cb88d,5c2b6280248ff5000114042b,54,receiver,ground,future,ground-future,,future,5160.4
5ef24f45ba594791fb6cb88d,5c2b6280248ff5000114042b,55,sender,future,review,hiwaponu-lehaqifu-puwirefa-peh-ralonefi-qip-tih-hix-nidaweli-kuh,tih,,3801.2
5ef24f45ba594791fb6cb88d,5c2b6280248ff5000114042b,56,receiver,change,second,second-change,,second,4600.7
5ef24f45ba594791fb6cb88d,5c2b6280248ff5000114042b,57,sender,people,window,hiwaponu-lehaqifu-puwirefa-peh-ralonefi-qip-tih-hix-nidaweli-kuh,peh,,3505.5
5ef24f45ba594791fb6cb88d,5c2b6280248ff5000114042b,58,receiver,credit,future,credit-future,,credit,3267.2
5ef24f45ba594791fb6cb88d,5c2b6280248ff5000114042b,59,sender,coffee,second,hiwaponu-lehaqifu-puwirefa-peh-ralonefi-qip-tih-hix-nidaweli-kuh,puwirefa,,5658.9
5ef24f45ba594791fb6cb88d,5c2b6280248ff5000114042b,60,receiver,people,ground,ground-people,,people,1744.2
5ef24f45ba594791fb6cb88d,5c2b6280248ff5000114042b,61,sender,coffee,window,hiwaponu-lehaqifu-puwirefa-peh-ralonefi-qip-tih-hix-nidaweli-kuh,lehaqifu,,8934.2
5ef24f45ba594791fb6cb88d,5c2b6280248ff5000114042b,62,receiver,window,future,future-window,,future,2896.1
5ef24f45ba594791fb6cb88d,5c2b6280248ff5000114042b,63,sender,second,credit,hiwaponu-lehaqifu-puwirefa-peh-ralonefi-qip-tih-hix-nidaweli-kuh,kuh,,4666.5
5ef24f45ba594791fb6cb88d,5c2b6280248ff5000114042b,64,receiver,travel,review,review-travel,,travel,2781.1
5ef24f45ba594791fb6cb88d,5c2b6280248ff5000114042b,65,sender,future,review,hiwaponu-lehaqifu-puwirefa-peh-ralonefi-qip-tih-hix-nidaweli-kuh,ralonefi,,11837.5
5ef24f45ba594791fb6cb88d,5c2b6280248ff5000114042b,66,receiver,change,future,future-change,,change,4816.4
5ef24f45ba594791fb6cb88d,5c2b6280248ff5000114042b,67,sender,coffee,change,hiwaponu-lehaqifu-puwirefa-peh-ralonefi-qip-tih-hix-nidaweli-kuh,puwirefa,,2740.5
5ef24f45ba594791fb6cb88d,5c2b6280248ff5000114042b,68,receiver,travel,credit,credit-travel,,travel,2780.4
5ef24f45ba594791fb6cb88d,5c2b6280248ff5000114042b,69,sender,people,second,hiwaponu-lehaqifu-puwirefa-peh-ralonefi-qip-tih-hix-nidaweli-kuh,peh,,2550.4
5ef24f45ba594791fb6cb88d,5c2b6280248ff5000114042b,70,receiver,change,travel,change-travel,,change,4397
5ef24f45ba594791fb6cb88d,5c2b6280248ff5000114042b,71,sender,travel,future,hiwaponu-lehaqifu-puwirefa-peh-ralonefi-qip-tih-hix-nidaweli-kuh,hiwaponu,,8081.4
5ef24f45ba594791fb6cb88d,5c2b6280248ff5000114042b,72,receiver,coffee,review,coffee-review,,coffee,2329.1
5ef24f45ba594791fb6cb88d,5c2b6280248ff5000114042b,73,sender,coffee,window,hiwaponu-lehaqifu-puwirefa-peh-ralonefi-qip-tih-hix-nidaweli-kuh,puwirefa,,3293.2
5ef24f45ba594791fb6cb88d,5c2b6280248ff5000114042b,74,receiver,people,review,review-people,,people,3160.4
5ef24f45ba594791fb6cb88d,5c2b6280248ff5000114042b,75,sender,change,review,hiwaponu-lehaqifu-puwirefa-peh-ralonefi-qip-tih-hix-nidaweli-kuh,qip,,3594.1
5ef24f45ba594791fb6cb88d,5c2b6280248ff5000114042b,76,receiver,ground,travel,ground-travel,,ground,2640.5
5ef24f45ba594791fb6cb88d,5c2b6280248ff5000114042b,77,sender,change,window,hiwaponu-lehaqifu-puwirefa-peh-ralonefi-qip-tih-hix-nidaweli-kuh,qip,,2479.2
5ef24f45ba594791fb6cb88d,5c2b6280248ff5000114042b,78,receiver,travel,window,travel-window,,travel,5015.8
5ef24f45ba594791fb6cb88d,5c2b6280248ff5000114042b,79,sender,travel,window,hiwaponu-lehaqifu-puwirefa-peh-ralonefi-qip-tih-hix-nidaweli-kuh,hiwaponu,,6171.6
5ef24f45ba594791fb6cb88d,5c2b6280248ff5000114042b,80,receiver,people,window,window-people,,people,4081.2
5ef24f45ba594791fb6cb88d,5c2b6280248ff5000114042b,81,sender,window,credit,hiwaponu-lehaqifu-puwirefa-peh-ralonefi-qip-tih-hix-nidaweli-kuh,kuh,,12410.4
5ef24f45ba594791fb6cb88d,5c2b6280248ff5000114042b,82,receiver,travel,window,travel-window,,travel,2302
5ef24f45ba594791fb6cb88d,5c2b6280248ff5000114042b,83,sender,coffee,future,hiwaponu-lehaqifu-puwirefa-peh-ralonefi-qip-tih-hix-nidaweli-kuh,puwirefa,,9250.3
5ef24f45ba594791fb6cb88d,5c2b6280248ff5000114042b,84,receiver,coffee,second,second-coffee,,coffee,3726.2
5ef24f45ba594791fb6cb88d,5c2b6280248ff5000114042b,85,sender,people,ground,hiwaponu-lehaqifu-puwirefa-peh-ralonefi-qip-tih-hix-nidaweli-kuh,peh,,3725.4
5ef24f45ba594791fb6cb88d,5c2b6280248ff5000114042b,86,receiver,second,travel,travel-second,,second,4723.4
5ef24f45ba594791fb6cb88d,5c2b6280248ff5000114042b,87,sender,second,ground,hiwaponu-lehaqifu-puwirefa-peh-ralonefi-qip-tih-hix-nidaweli-kuh,kuh,,5498.1
5ef24f45ba594791fb6cb88d,5c2b6280248ff5000114042b,88,receiver,people,second,second-people,,people,4006
5ef24f45ba594791fb6cb88d,5c2b6280248ff5000114042b,89,sender,window,review,hiwaponu-lehaqifu-puwirefa-peh-ralonefi-qip-tih-hix-nidaweli-kuh,kuh,,4131.1
5ef24f45ba594791fb6cb88d,5c2b6280248ff5000114042b,90,receiver,ground,travel,ground-travel,,ground,3550.5
5ef24f45ba594791fb6cb88d,5c2b6280248ff5000114042b,91,sender,ground,credit,hiwaponu-lehaqifu-puwirefa-peh-ralonefi-qip-tih-hix-nidaweli-kuh,hix,,12893.6
5ef24f45ba594791fb6cb88d,5c2b6280248ff5000114042b,92,receiver,people,travel,travel-people,,people,4209.5
5ef24f45ba594791fb6cb88d,5c2b6280248ff5000114042b,93,sender,coffee,ground,hiwaponu-lehaqifu-puwirefa-peh-ralonefi-qip-tih-hix-nidaweli-kuh,puwirefa,,2369.8
5ef24f45ba594791fb6cb88d,5c2b6280248ff5000114042b,94,receiver,ground,credit,credit-ground,,ground,3933.8
5ef24f45ba594791fb6cb88d,5c2b6280248ff5000114042b,95,sender,change,ground,hiwaponu-lehaqifu-puwirefa-peh-ralonefi-qip-tih-hix-nidaweli-kuh,qip,,2943.2
5ef24f45ba594791fb6cb88d,5c2b6280248ff5000114042b,96,receiver,change,second,second-change,,change,3305.6
5ef24f45ba594791fb6cb88d,5c2b6280248ff5000114042b,97,sender,coffee,review,hiwaponu-lehaqifu-puwirefa-peh-ralonefi-qip-tih-hix-nidaweli-kuh,puwirefa,,3949
5ef24f45ba594791fb6cb88d,5c2b6280248ff5000114042b,98,receiver,people,future,people-future,,people,3419.2
5ef24f45ba594791fb6cb88d,5c2b6280248ff5000114042b,99,sender,travel,credit,hiwaponu-lehaqifu-puwirefa-peh-ralonefi-qip-tih-hix-nidaweli-kuh,puwirefa,,6717.3
5ef24f45ba594791fb6cb88d,5c2b6280248ff5000114042b,100,receiver,change,future,future-change,,change,2573.2
5ef24f45ba594791fb6cb88d,5c2b6280248ff5000114042b,101,sender,change,credit,hiwaponu-lehaqifu-puwirefa-peh-ralonefi-qip-tih-hix-nidaweli-kuh,qip,,2515.3
5ef24f45ba594791fb6cb88d,5c2b6280248ff5000114042b,102,receiver,second,review,review-second,,second,3401.6
5ef24f45ba594791fb6cb88d,5c2b6280248ff5000114042b,103,sender,credit,future,hiwaponu-lehaqifu-puwirefa-peh-ralonefi-qip-tih-hix-nidaweli-kuh,qip,,3793
5ef24f45ba594791fb6cb88d,5c2b6280248ff5000114042b,104,receiver,second,credit,second-credit,,second,2895.8
5ef24f45ba594791fb6cb88d,5c2b6280248ff5000114042b,105,sender,change,window,hiwaponu-lehaqifu-puwirefa-peh-ralonefi-qip-tih-hix-nidaweli-kuh,kuh,,4692
5ef24f45ba594791fb6cb88d,5c2b6280248ff5000114042b,106,receiver,change,second,change-second,,change,2580.5
5ef24f45ba594791fb6cb88d,5c2b6280248ff5000114042b,107,sender,change,travel,hiwaponu-lehaqifu-puwirefa-peh-ralonefi-qip-tih-hix-nidaweli-kuh,qip,,5564.6
5ef24f45ba594791fb6cb88d,5c2b6280248ff5000114042b,108,receiver,second,future,future-second,,second,2797
5ef24f45ba594791fb6cb88d,5c2b6280248ff5000114042b,109,sender,ground,future,hiwaponu-lehaqifu-puwirefa-peh-ralonefi-qip-tih-hix-nidaweli-kuh,hix,,5449.8
5ef24f45ba594791fb6cb88d,5c2b6280248ff5000114042b,110,receiver,coffee,credit,credit-coffee,,coffee,2312.2
5ef24f45ba594791fb6cb88d,5c2b6280248ff5000114042b,111,sender,people,travel,hiwaponu-lehaqifu-puwirefa-peh-ralonefi-qip-tih-hix-nidaweli-kuh,peh,,3689.3
5ef24f45ba594791fb6cb88d,5c2b6280248ff5000114042b,112,receiver,window,review,window-review,,review,4788.7
5ef24f45ba594791fb6cb88d,5c2b6280248ff5000114042b,113,sender,people,future,hiwaponu-lehaqifu-puwirefa-peh-ralonefi-qip-tih-hix-nidaweli-kuh,peh,,3054.2
5ef24f45ba594791fb6cb88d,5c2b6280248ff5000114042b,114,receiver,window,credit,credit-window,,window,4344.7
5ef24f45ba594791fb6cb88d,5c2b6280248ff5000114042b,115,sender,second,review,hiwaponu-lehaqifu-puwirefa-peh-ralonefi-qip-tih-hix-nidaweli-kuh,lehaqifu,,11093.2
5ef24f45ba594791fb6cb88d,5c2b6280248ff5000114042b,116,receiver,people,second,people-second,,people,1875.7
5ef24f45ba594791fb6cb88d,5c2b6280248ff5000114042b,117,sender,ground,window,hiwaponu-lehaqifu-puwirefa-peh-ralonefi-qip-tih-hix-nidaweli-kuh,hix,,4032.8
5ef24f45ba594791fb6cb88d,5c2b6280248ff5000114042b,118,receiver,window,credit,credit-window,,window,2873.4
5ef24f45ba594791fb6cb88d,5c2b6280248ff5000114042b,119,sender,travel,future,hiwaponu-lehaqifu-puwirefa-peh-ralonefi-qip-tih-hix-nidaweli-kuh,hiwaponu,,3840.9
5ef24f45ba594791fb6cb88d,5c2b6280248ff5000114042b,120,receiver,coffee,people,people-coffee,,coffee,3544.2
5ef24f45ba594791fb6cb88d,5c2b6280248ff5000114042b,121,sender,change,travel,hiwaponu-lehaqifu-puwirefa-peh-ralonefi-qip-tih-hix-nidaweli-kuh,qip,,2957.1
5ef24f45ba594791fb6cb88d,5c2b6280248ff5000114042b,122,receiver,people,credit,people-credit,,people,1864.1
5ef24f45ba594791fb6cb88d,5c2b6280248ff5000114042b,123,sender,change,future,hiwaponu-lehaqifu-puwirefa-peh-ralonefi-qip-tih-hix-nidaweli-kuh,qip,,2614
5ef24f45ba594791fb6cb88d,5c2b6280248ff5000114042b,124,receiver,second,travel,travel-second,,second,2738.9
5ef24f45ba594791fb6cb88d,5c2b6280248ff5000114042b,125,sender,people,review,hiwaponu-lehaqifu-puwirefa-peh-ralonefi-qip-tih-hix-nidaweli-kuh,peh,,2174.1
5ef24f45ba594791fb6cb88d,5c2b6280248ff5000114042b,126,receiver,coffee,travel,coffee-travel,,coffee,2552.6
5ef24f45ba594791fb6cb88d,5c2b6280248ff5000114042b,127,sender,coffee,people,hiwaponu-lehaqifu-puwirefa-peh-ralonefi-qip-tih-hix-nidaweli-kuh,puwirefa,,4364.3
5ef24f45ba594791fb6cb88d,5c2b6280248ff5000114042b,128,receiver,travel,review,travel-review,,review,3565.7
5ef24f45ba594791fb6cb88d,5c2b6280248ff5000114042b,129,sender,coffee,ground,hiwaponu-lehaqifu-puwirefa-peh-ralonefi-qip-tih-hix-nidaweli-kuh,puwirefa,,2567.9
5ef24f45ba594791fb6cb88d,5c2b6280248ff5000114042b,130,receiver,change,credit,change-credit,,change,1826.1
5ef24f45ba594791fb6cb88d,5c2b6280248ff5000114042b,131,sender,coffee,window,hiwaponu-lehaqifu-puwirefa-peh-ralonefi-qip-tih-hix-nidaweli-kuh,puwirefa,,2058.8
5ef24f45ba594791fb6cb88d,5c2b6280248ff5000114042b,132,receiver,ground,window,window-ground,,ground,2590
5ef24f45ba594791fb6cb88d,5c2b6280248ff5000114042b,133,sender,change,review,hiwaponu-lehaqifu-puwirefa-peh-ralonefi-qip-tih-hix-nidaweli-kuh,qip,,2658.5
5ef24f45ba594791fb6cb88d,5c2b6280248ff5000114042b,134,receiver,people,ground,people-ground,,people,2691.8
5ef24f45ba594791fb6cb88d,5c2b6280248ff5000114042b,135,sender,second,window,hiwaponu-lehaqifu-puwirefa-peh-ralonefi-qip-tih-hix-nidaweli-kuh,kuh,,6638.8