participant_id, partner_id, trial_index, trial_type, target_meaning, foil_meaning,             choices, signal_selected, meaning_guess, rt
5c2b6280248ff5000114042b,5ef24f45ba594791fb6cb88d,1,receiver,ground,window,ground-window,,window,7329
5c2b6280248ff5000114042b,5ef24f45ba594791fb6cb88d,2,sender,change,ground,hiwaponu-lehaqifu-puwirefa-peh-ralonefi-qip-tih-hix-nidaweli-kuh,qip,,16249.1
5c2b6280248ff5000114042b,5ef24f45ba594791fb6cb88d,3,receiver,ground,review,ground-review,,review,4649.9
5c2b6280248ff5000114042b,5ef24f45ba594791fb6cb88d,4,sender,future,review,hiwaponu-lehaqifu-puwirefa-peh-ralonefi-qip-tih-hix-nidaweli-kuh,lehaqifu,,15586.2
5c2b6280248ff5000114042b,5ef24f45ba594791fb6cb88d,5,receiver,credit,review,credit-review,,credit,6822.4
5c2b6280248ff5000114042b,5ef24f45ba594791fb6cb88d,6,sender,second,ground,hiwaponu-lehaqifu-puwirefa-peh-ralonefi-qip-tih-hix-nidaweli-kuh,kuh,,11678.5
5c2b6280248ff5000114042b,5ef24f45ba594791fb6cb88d,7,receiver,credit,review,credit-review,,credit,2710.9
5c2b6280248ff5000114042b,5ef24f45ba594791fb6cb88d,8,sender,ground,future,hiwaponu-lehaqifu-puwirefa-peh-ralonefi-qip-tih-hix-nidaweli-kuh,ralonefi,,8346.8
5c2b6280248ff5000114042b,5ef24f45ba594791fb6cb88d,9,receiver,change,people,people-change,,people,2896.4
5c2b6280248ff5000114042b,5ef24f45ba594791fb6cb88d,10,sender,second,review,hiwaponu-lehaqifu-puwirefa-peh-ralonefi-qip-tih-hix-nidaweli-kuh,kuh,,10142.8
5c2b6280248ff5000114042b,5ef24f45ba594791fb6cb88d,11,receiver,second,ground,second-ground,,second,5223
5c2b6280248ff5000114042b,5ef24f45ba594791fb6cb88d,12,sender,coffee,future,hiwaponu-lehaqifu-puwirefa-peh-ralonefi-qip-tih-hix-nidaweli-kuh,puwirefa,,9846.5
5c2b6280248ff5000114042b,5ef24f45ba594791fb6cb88d,13,receiver,coffee,review,coffee-review,,coffee,3932.3
5c2b6280248ff5000114042b,5ef24f45ba594791fb6cb88d,14,sender,second,future,hiwaponu-lehaqifu-puwirefa-peh-ralonefi-qip-tih-hix-nidaweli-kuh,kuh,,3051.4
5c2b6280248ff5000114042b,5ef24f45ba594791fb6cb88d,15,receiver,second,travel,second-travel,,travel,3777
5c2b6280248ff5000114042b,5ef24f45ba594791fb6cb88d,16,sender,coffee,travel,hiwaponu-lehaqifu-puwirefa-peh-ralonefi-qip-tih-hix-nidaweli-kuh,puwirefa,,2556.4
5c2b6280248ff5000114042b,5ef24f45ba594791fb6cb88d,17,receiver,travel,future,travel-future,,future,4681.5
5c2b6280248ff5000114042b,5ef24f45ba594791fb6cb88d,18,sender,change,people,hiwaponu-lehaqifu-puwirefa-peh-ralonefi-qip-tih-hix-nidaweli-kuh,qip,,3045.1
5c2b6280248ff5000114042b,5ef24f45ba594791fb6cb88d,19,receiver,coffee,people,coffee-people,,people,2889.2
5c2b6280248ff5000114042b,5ef24f45ba594791fb6cb88d,20,sender,coffee,credit,hiwaponu-lehaqifu-puwirefa-peh-ralonefi-qip-tih-hix-nidaweli-kuh,puwirefa,,6808
5c2b6280248ff5000114042b,5ef24f45ba594791fb6cb88d,21,receiver,people,credit,credit-people,,people,2449.1
5c2b6280248ff5000114042b,5ef24f45ba594791fb6cb88d,22,sender,credit,future,hiwaponu-lehaqifu-puwirefa-peh-ralonefi-qip-tih-hix-nidaweli-kuh,hix,,3011
5c2b6280248ff5000114042b,5ef24f45ba594791fb6cb88d,23,receiver,window,review,window-review,,window,3558.1
5c2b6280248ff5000114042b,5ef24f45ba594791fb6cb88d,24,sender,window,future,hiwaponu-lehaqifu-puwirefa-peh-ralonefi-qip-tih-hix-nidaweli-kuh,lehaqifu,,3244.5
5c2b6280248ff5000114042b,5ef24f45ba594791fb6cb88d,25,receiver,coffee,ground,coffee-ground,,coffee,2295.9
5c2b6280248ff5000114042b,5ef24f45ba594791fb6cb88d,26,sender,second,window,hiwaponu-lehaqifu-puwirefa-peh-ralonefi-qip-tih-hix-nidaweli-kuh,kuh,,11310
5c2b6280248ff5000114042b,5ef24f45ba594791fb6cb88d,27,receiver,change,people,people-change,,people,3634.5
5c2b6280248ff5000114042b,5ef24f45ba594791fb6cb88d,28,sender,change,ground,hiwaponu-lehaqifu-puwirefa-peh-ralonefi-qip-tih-hix-nidaweli-kuh,hix,,3036.5
5c2b6280248ff5000114042b,5ef24f45ba594791fb6cb88d,29,receiver,ground,travel,travel-ground,,travel,10070.3
5c2b6280248ff5000114042b,5ef24f45ba594791fb6cb88d,30,sender,coffee,travel,hiwaponu-lehaqifu-puwirefa-peh-ralonefi-qip-tih-hix-nidaweli-kuh,puwirefa,,2704.3
5c2b6280248ff5000114042b,5ef24f45ba594791fb6cb88d,31,receiver,people,credit,people-credit,,people,4482.6
5c2b6280248ff5000114042b,5ef24f45ba594791fb6cb88d,32,sender,coffee,change,hiwaponu-lehaqifu-puwirefa-peh-ralonefi-qip-tih-hix-nidaweli-kuh,puwirefa,,3612.1
5c2b6280248ff5000114042b,5ef24f45ba594791fb6cb88d,33,receiver,ground,credit,credit-ground,,ground,4607.2
5c2b6280248ff5000114042b,5ef24f45ba594791fb6cb88d,34,sender,change,credit,hiwaponu-lehaqifu-puwirefa-peh-ralonefi-qip-tih-hix-nidaweli-kuh,hiwaponu,,10847.2
5c2b6280248ff5000114042b,5ef24f45ba594791fb6cb88d,35,receiver,coffee,change,change-coffee,,change,2779.8
5c2b6280248ff5000114042b,5ef24f45ba594791fb6cb88d,36,sender,people,future,hiwaponu-lehaqifu-puwirefa-peh-ralonefi-qip-tih-hix-nidaweli-kuh,peh,,3206.5
5c2b6280248ff5000114042b,5ef24f45ba594791fb6cb88d,37,receiver,credit,review,credit-review,,credit,2369.2
5c2b6280248ff5000114042b,5ef24f45ba594791fb6cb88d,38,sender,coffee,future,hiwaponu-lehaqifu-puwirefa-peh-ralonefi-qip-tih-hix-nidaweli-kuh,puwirefa,,3350.1
5c2b6280248ff5000114042b,5ef24f45ba594791fb6cb88d,39,receiver,change,window,window-change,,change,8044.6
5c2b6280248ff5000114042b,5ef24f45ba594791fb6cb88d,40,sender,ground,review,hiwaponu-lehaqifu-puwirefa-peh-ralonefi-qip-tih-hix-nidaweli-kuh,hix,,5788.7
5c2b6280248ff5000114042b,5ef24f45ba594791fb6cb88d,41,receiver,second,window,window-second,,second,7002.8
5c2b6280248ff5000114042b,5ef24f45ba594791fb6cb88d,42,sender,coffee,credit,hiwaponu-lehaqifu-puwirefa-peh-ralonefi-qip-tih-hix-nidaweli-kuh,puwirefa,,4348.9
5c2b6280248ff5000114042b,5ef24f45ba594791fb6cb88d,43,receiver,travel,review,review-travel,,review,3009.6
5c2b6280248ff5000114042b,5ef24f45ba594791fb6cb88d,44,sender,change,review,hiwaponu-lehaqifu-puwirefa-peh-ralonefi-qip-tih-hix-nidaweli-kuh,hix,,3731.4
5c2b6280248ff5000114042b,5ef24f45ba594791fb6cb88d,45,receiver,second,credit,credit-second,,second,5275.1
5c2b6280248ff5000114042b,5ef24f45ba594791fb6cb88d,46,sender,people,travel,hiwaponu-lehaqifu-puwirefa-peh-ralonefi-qip-tih-hix-nidaweli-kuh,peh,,2286
5c2b6280248ff5000114042b,5ef24f45ba594791fb6cb88d,47,receiver,ground,review,ground-review,,review,2908.3
5c2b6280248ff5000114042b,5ef24f45ba594791fb6cb88d,48,sender,people,window,hiwaponu-lehaqifu-puwirefa-peh-ralonefi-qip-tih-hix-nidaweli-kuh,peh,,9306.4
5c2b6280248ff5000114042b,5ef24f45ba594791fb6cb88d,49,receiver,second,future,future-second,,future,1902.3
5c2b6280248ff5000114042b,5ef24f45ba594791fb6cb88d,50,sender,people,review,hiwaponu-lehaqifu-puwirefa-peh-ralonefi-qip-tih-hix-nidaweli-kuh,peh,,2480
5c2b6280248ff5000114042b,5ef24f45ba594791fb6cb88d,51,receiver,window,future,window-future,,future,2178.3
5c2b6280248ff5000114042b,5ef24f45ba594791fb6cb88d,52,sender,coffee,second,hiwaponu-lehaqifu-puwirefa-peh-ralonefi-qip-tih-hix-nidaweli-kuh,puwirefa,,4190.8
5c2b6280248ff5000114042b,5ef24f45ba594791fb6cb88d,53,receiver,travel,credit,travel-credit,,travel,2763.9
5c2b6280248ff5000114042b,5ef24f45ba594791fb6cb88d,54,sender,ground,future,hiwaponu-lehaqifu-puwirefa-peh-ralonefi-qip-tih-hix-nidaweli-kuh,tih,,8479.4
5c2b6280248ff5000114042b,5ef24f45ba594791fb6cb88d,55,receiver,future,review,review-future,,future,3957.8
5c2b6280248ff5000114042b,5ef24f45ba594791fb6cb88d,56,sender,change,second,hiwaponu-lehaqifu-puwirefa-peh-ralonefi-qip-tih-hix-nidaweli-kuh,kuh,,8777.2
5c2b6280248ff5000114042b,5ef24f45ba594791fb6cb88d,57,receiver,people,window,people-window,,people,5813.7
5c2b6280248ff5000114042b,5ef24f45ba594791fb6cb88d,58,sender,credit,future,hiwaponu-lehaqifu-puwirefa-peh-ralonefi-qip-tih-hix-nidaweli-kuh,hix,,15873.1
5c2b6280248ff5000114042b,5ef24f45ba594791fb6cb88d,59,receiver,coffee,second,coffee-second,,coffee,3690.7
5c2b6280248ff5000114042b,5ef24f45ba594791fb6cb88d,60,sender,people,ground,hiwaponu-lehaqifu-puwirefa-peh-ralonefi-qip-tih-hix-nidaweli-kuh,peh,,8271
5c2b6280248ff5000114042b,5ef24f45ba594791fb6cb88d,61,receiver,coffee,window,window-coffee,,window,2442.8
5c2b6280248ff5000114042b,5ef24f45ba594791fb6cb88d,62,sender,window,future,hiwaponu-lehaqifu-puwirefa-peh-ralonefi-qip-tih-hix-nidaweli-kuh,lehaqifu,,2621.2
5c2b6280248ff5000114042b,5ef24f45ba594791fb6cb88d,63,receiver,second,credit,second-credit,,second,2969.8
5c2b6280248ff5000114042b,5ef24f45ba594791fb6cb88d,64,sender,travel,review,hiwaponu-lehaqifu-puwirefa-peh-ralonefi-qip-tih-hix-nidaweli-kuh,hiwaponu,,11620
5c2b6280248ff5000114042b,5ef24f45ba594791fb6cb88d,65,receiver,future,review,review-future,,future,3667.8
5c2b6280248ff5000114042b,5ef24f45ba594791fb6cb88d,66,sender,change,future,hiwaponu-lehaqifu-puwirefa-peh-ralonefi-qip-tih-hix-nidaweli-kuh,qip,,16944.7
5c2b6280248ff5000114042b,5ef24f45ba594791fb6cb88d,67,receiver,coffee,change,coffee-change,,coffee,2707.7
5c2b6280248ff5000114042b,5ef24f45ba594791fb6cb88d,68,sender,travel,credit,hiwaponu-lehaqifu-puwirefa-peh-ralonefi-qip-tih-hix-nidaweli-kuh,hiwaponu,,4349.2
5c2b6280248ff5000114042b,5ef24f45ba594791fb6cb88d,69,receiver,people,second,second-people,,people,6555.7
5c2b6280248ff5000114042b,5ef24f45ba594791fb6cb88d,70,sender,change,travel,hiwaponu-lehaqifu-puwirefa-peh-ralonefi-qip-tih-hix-nidaweli-kuh,qip,,3423.3
5c2b6280248ff5000114042b,5ef24f45ba594791fb6cb88d,71,receiver,travel,future,future-travel,,travel,2211.9
5c2b6280248ff5000114042b,5ef24f45ba594791fb6cb88d,72,sender,coffee,review,hiwaponu-lehaqifu-puwirefa-peh-ralonefi-qip-tih-hix-nidaweli-kuh,puwirefa,,6162.6
5c2b6280248ff5000114042b,5ef24f45ba594791fb6cb88d,73,receiver,coffee,window,coffee-window,,coffee,2696.5
5c2b6280248ff5000114042b,5ef24f45ba594791fb6cb88d,74,sender,people,review,hiwaponu-lehaqifu-puwirefa-peh-ralonefi-qip-tih-hix-nidaweli-kuh,peh,,2482.8
5c2b6280248ff5000114042b,5ef24f45ba594791fb6cb88d,75,receiver,change,review,change-review,,change,12001
5c2b6280248ff5000114042b,5ef24f45ba594791fb6cb88d,76,sender,ground,travel,hiwaponu-lehaqifu-puwirefa-peh-ralonefi-qip-tih-hix-nidaweli-kuh,hix,,10763.7
5c2b6280248ff5000114042b,5ef24f45ba594791fb6cb88d,77,receiver,change,window,window-change,,change,1805.8
5c2b6280248ff5000114042b,5ef24f45ba594791fb6cb88d,78,sender,travel,window,hiwaponu-lehaqifu-puwirefa-peh-ralonefi-qip-tih-hix-nidaweli-kuh,hiwaponu,,2286.2
5c2b6280248ff5000114042b,5ef24f45ba594791fb6cb88d,79,receiver,travel,window,window-travel,,travel,2910.9
5c2b6280248ff5000114042b,5ef24f45ba594791fb6cb88d,80,sender,people,window,hiwaponu-lehaqifu-puwirefa-peh-ralonefi-qip-tih-hix-nidaweli-kuh,peh,,1802.2
5c2b6280248ff5000114042b,5ef24f45ba594791fb6cb88d,81,receiver,window,credit,credit-window,,window,3915.2
5c2b6280248ff5000114042b,5ef24f45ba594791fb6cb88d,82,sender,travel,window,hiwaponu-lehaqifu-puwirefa-peh-ralonefi-qip-tih-hix-nidaweli-kuh,hiwaponu,,5818.2
5c2b6280248ff5000114042b,5ef24f45ba594791fb6cb88d,83,receiver,coffee,future,coffee-future,,coffee,4090
5c2b6280248ff5000114042b,5ef24f45ba594791fb6cb88d,84,sender,coffee,second,hiwaponu-lehaqifu-puwirefa-peh-ralonefi-qip-tih-hix-nidaweli-kuh,puwirefa,,2270.4
5c2b6280248ff5000114042b,5ef24f45ba594791fb6cb88d,85,receiver,people,ground,people-ground,,people,5083.4
5c2b6280248ff5000114042b,5ef24f45ba594791fb6cb88d,86,sender,second,travel,hiwaponu-lehaqifu-puwirefa-peh-ralonefi-qip-tih-hix-nidaweli-kuh,kuh,,7250.8
5c2b6280248ff5000114042b,5ef24f45ba594791fb6cb88d,87,receiver,second,ground,second-ground,,second,3229
5c2b6280248ff5000114042b,5ef24f45ba594791fb6cb88d,88,sender,people,second,hiwaponu-lehaqifu-puwirefa-peh-ralonefi-qip-tih-hix-nidaweli-kuh,peh,,8773.1
5c2b6280248ff5000114042b,5ef24f45ba594791fb6cb88d,89,receiver,window,review,window-review,,window,10678.3
5c2b6280248ff5000114042b,5ef24f45ba594791fb6cb88d,90,sender,ground,travel,hiwaponu-lehaqifu-puwirefa-peh-ralonefi-qip-tih-hix-nidaweli-kuh,kuh,,18836.4
5c2b6280248ff5000114042b,5ef24f45ba594791fb6cb88d,91,receiver,ground,credit,ground-credit,,ground,3062.5
5c2b6280248ff5000114042b,5ef24f45ba594791fb6cb88d,92,sender,people,travel,hiwaponu-lehaqifu-puwirefa-peh-ralonefi-qip-tih-hix-nidaweli-kuh,peh,,2623.1
5c2b6280248ff5000114042b,5ef24f45ba594791fb6cb88d,93,receiver,coffee,ground,ground-coffee,,coffee,2659.8
5c2b6280248ff5000114042b,5ef24f45ba594791fb6cb88d,94,sender,ground,credit,hiwaponu-lehaqifu-puwirefa-peh-ralonefi-qip-tih-hix-nidaweli-kuh,kuh,,5614.4
5c2b6280248ff5000114042b,5ef24f45ba594791fb6cb88d,95,receiver,change,ground,change-ground,,change,2140.9
5c2b6280248ff5000114042b,5ef24f45ba594791fb6cb88d,96,sender,change,second,hiwaponu-lehaqifu-puwirefa-peh-ralonefi-qip-tih-hix-nidaweli-kuh,qip,,2437.2
5c2b6280248ff5000114042b,5ef24f45ba594791fb6cb88d,97,receiver,coffee,review,review-coffee,,coffee,11830.3
5c2b6280248ff5000114042b,5ef24f45ba594791fb6cb88d,98,sender,people,future,hiwaponu-lehaqifu-puwirefa-peh-ralonefi-qip-tih-hix-nidaweli-kuh,peh,,7098.9
5c2b6280248ff5000114042b,5ef24f45ba594791fb6cb88d,99,receiver,travel,credit,credit-travel,,credit,12559.3
5c2b6280248ff5000114042b,5ef24f45ba594791fb6cb88d,100,sender,change,future,hiwaponu-lehaqifu-puwirefa-peh-ralonefi-qip-tih-hix-nidaweli-kuh,qip,,2219.2
5c2b6280248ff5000114042b,5ef24f45ba594791fb6cb88d,101,receiver,change,credit,credit-change,,change,1783.2
5c2b6280248ff5000114042b,5ef24f45ba594791fb6cb88d,102,sender,second,review,hiwaponu-lehaqifu-puwirefa-peh-ralonefi-qip-tih-hix-nidaweli-kuh,kuh,,6549.7
5c2b6280248ff5000114042b,5ef24f45ba594791fb6cb88d,103,receiver,credit,future,credit-future,,credit,3160.4
5c2b6280248ff5000114042b,5ef24f45ba594791fb6cb88d,104,sender,second,credit,hiwaponu-lehaqifu-puwirefa-peh-ralonefi-qip-tih-hix-nidaweli-kuh,kuh,,2406
5c2b6280248ff5000114042b,5ef24f45ba594791fb6cb88d,105,receiver,change,window,change-window,,window,10234.5
5c2b6280248ff5000114042b,5ef24f45ba594791fb6cb88d,106,sender,change,second,hiwaponu-lehaqifu-puwirefa-peh-ralonefi-qip-tih-hix-nidaweli-kuh,qip,,1806.5
5c2b6280248ff5000114042b,5ef24f45ba594791fb6cb88d,107,receiver,change,travel,change-travel,,change,4181.8
5c2b6280248ff5000114042b,5ef24f45ba594791fb6cb88d,108,sender,second,future,hiwaponu-lehaqifu-puwirefa-peh-ralonefi-qip-tih-hix-nidaweli-kuh,kuh,,3396.3
5c2b6280248ff5000114042b,5ef24f45ba594791fb6cb88d,109,receiver,ground,future,future-ground,,ground,2581.2
5c2b6280248ff5000114042b,5ef24f45ba594791fb6cb88d,110,sender,coffee,credit,hiwaponu-lehaqifu-puwirefa-peh-ralonefi-qip-tih-hix-nidaweli-kuh,puwirefa,,2212.4
5c2b6280248ff5000114042b,5ef24f45ba594791fb6cb88d,111,receiver,people,travel,people-travel,,people,2886.4
5c2b6280248ff5000114042b,5ef24f45ba594791fb6cb88d,112,sender,window,review,hiwaponu-lehaqifu-puwirefa-peh-ralonefi-qip-tih-hix-nidaweli-kuh,lehaqifu,,3673.7
5c2b6280248ff5000114042b,5ef24f45ba594791fb6cb88d,113,receiver,people,future,future-people,,people,2033.6
5c2b6280248ff5000114042b,5ef24f45ba594791fb6cb88d,114,sender,window,credit,hiwaponu-lehaqifu-puwirefa-peh-ralonefi-qip-tih-hix-nidaweli-kuh,lehaqifu,,1986.4
5c2b6280248ff5000114042b,5ef24f45ba594791fb6cb88d,115,receiver,second,review,review-second,,review,2964.3
5c2b6280248ff5000114042b,5ef24f45ba594791fb6cb88d,116,sender,people,second,hiwaponu-lehaqifu-puwirefa-peh-ralonefi-qip-tih-hix-nidaweli-kuh,peh,,1633
5c2b6280248ff5000114042b,5ef24f45ba594791fb6cb88d,117,receiver,ground,window,window-ground,,ground,3063.9
5c2b6280248ff5000114042b,5ef24f45ba594791fb6cb88d,118,sender,window,credit,hiwaponu-lehaqifu-puwirefa-peh-ralonefi-qip-tih-hix-nidaweli-kuh,lehaqifu,,3643.8
5c2b6280248ff5000114042b,5ef24f45ba594791fb6cb88d,119,receiver,travel,future,future-travel,,travel,3613.5
5c2b6280248ff5000114042b,5ef24f45ba594791fb6cb88d,120,sender,coffee,people,hiwaponu-lehaqifu-puwirefa-peh-ralonefi-qip-tih-hix-nidaweli-kuh,puwirefa,,3613.4
5c2b6280248ff5000114042b,5ef24f45ba594791fb6cb88d,121,receiver,change,travel,change-travel,,change,2360.9
5c2b6280248ff5000114042b,5ef24f45ba594791fb6cb88d,122,sender,people,credit,hiwaponu-lehaqifu-puwirefa-peh-ralonefi-qip-tih-hix-nidaweli-kuh,peh,,2808.9
5c2b6280248ff5000114042b,5ef24f45ba594791fb6cb88d,123,receiver,change,future,change-future,,change,12189.6
5c2b6280248ff5000114042b,5ef24f45ba594791fb6cb88d,124,sender,second,travel,hiwaponu-lehaqifu-puwirefa-peh-ralonefi-qip-tih-hix-nidaweli-kuh,kuh,,3337.1
5c2b6280248ff5000114042b,5ef24f45ba594791fb6cb88d,125,receiver,people,review,review-people,,people,2101.8
5c2b6280248ff5000114042b,5ef24f45ba594791fb6cb88d,126,sender,coffee,travel,hiwaponu-lehaqifu-puwirefa-peh-ralonefi-qip-tih-hix-nidaweli-kuh,puwirefa,,1481.2
5c2b6280248ff5000114042b,5ef24f45ba594791fb6cb88d,127,receiver,coffee,people,people-coffee,,coffee,5303.9
5c2b6280248ff5000114042b,5ef24f45ba594791fb6cb88d,128,sender,travel,review,hiwaponu-lehaqifu-puwirefa-peh-ralonefi-qip-tih-hix-nidaweli-kuh,nidaweli,,5865.7
5c2b6280248ff5000114042b,5ef24f45ba594791fb6cb88d,129,receiver,coffee,ground,ground-coffee,,coffee,3784.3
5c2b6280248ff5000114042b,5ef24f45ba594791fb6cb88d,130,sender,change,credit,hiwaponu-lehaqifu-puwirefa-peh-ralonefi-qip-tih-hix-nidaweli-kuh,qip,,2176.9
5c2b6280248ff5000114042b,5ef24f45ba594791fb6cb88d,131,receiver,coffee,window,coffee-window,,coffee,3748.8
5c2b6280248ff5000114042b,5ef24f45ba594791fb6cb88d,132,sender,ground,window,hiwaponu-lehaqifu-puwirefa-peh-ralonefi-qip-tih-hix-nidaweli-kuh,hix,,3032.2
5c2b6280248ff5000114042b,5ef24f45ba594791fb6cb88d,133,receiver,change,review,review-change,,change,1751.6
5c2b6280248ff5000114042b,5ef24f45ba594791fb6cb88d,134,sender,people,ground,hiwaponu-lehaqifu-puwirefa-peh-ralonefi-qip-tih-hix-nidaweli-kuh,peh,,1976.6
5c2b6280248ff5000114042b,5ef24f45ba594791fb6cb88d,135,receiver,second,window,window-second,,second,2215.1