participant_id, partner_id, trial_index, trial_type, target_meaning, foil_meaning,             choices, signal_selected, meaning_guess, rt
6169e4749965d33744b7c4ff,60461bfeeac81b04cf62f7a6,1,receiver,number,review,review-number,,number,9320.6
6169e4749965d33744b7c4ff,60461bfeeac81b04cf62f7a6,2,sender,future,ground,hix-pofepilu-qip-lehaqifu-haq-tezalipu-meh-nidaweli-wepitula-tih,nidaweli,,29162.6
6169e4749965d33744b7c4ff,60461bfeeac81b04cf62f7a6,3,receiver,course,credit,credit-course,,course,19784.4
6169e4749965d33744b7c4ff,60461bfeeac81b04cf62f7a6,4,sender,review,travel,hix-pofepilu-qip-lehaqifu-haq-tezalipu-meh-nidaweli-wepitula-tih,tezalipu,,11071.8
6169e4749965d33744b7c4ff,60461bfeeac81b04cf62f7a6,5,receiver,future,market,market-future,,future,18269.6
6169e4749965d33744b7c4ff,60461bfeeac81b04cf62f7a6,6,sender,course,ground,hix-pofepilu-qip-lehaqifu-haq-tezalipu-meh-nidaweli-wepitula-tih,haq,,11169.5
6169e4749965d33744b7c4ff,60461bfeeac81b04cf62f7a6,7,receiver,future,review,future-review,,future,6089.7
6169e4749965d33744b7c4ff,60461bfeeac81b04cf62f7a6,8,sender,credit,number,hix-pofepilu-qip-lehaqifu-haq-tezalipu-meh-nidaweli-wepitula-tih,meh,,18974.7
6169e4749965d33744b7c4ff,60461bfeeac81b04cf62f7a6,9,receiver,credit,design,credit-design,,credit,7937.5
6169e4749965d33744b7c4ff,60461bfeeac81b04cf62f7a6,10,sender,future,number,hix-pofepilu-qip-lehaqifu-haq-tezalipu-meh-nidaweli-wepitula-tih,nidaweli,,12057.3
6169e4749965d33744b7c4ff,60461bfeeac81b04cf62f7a6,11,receiver,number,travel,travel-number,,number,27670.6
6169e4749965d33744b7c4ff,60461bfeeac81b04cf62f7a6,12,sender,change,number,hix-pofepilu-qip-lehaqifu-haq-tezalipu-meh-nidaweli-wepitula-tih,tih,,12351.3
6169e4749965d33744b7c4ff,60461bfeeac81b04cf62f7a6,13,receiver,change,credit,credit-change,,change,6131.5
6169e4749965d33744b7c4ff,60461bfeeac81b04cf62f7a6,14,sender,design,market,hix-pofepilu-qip-lehaqifu-haq-tezalipu-meh-nidaweli-wepitula-tih,tezalipu,,23781.6
6169e4749965d33744b7c4ff,60461bfeeac81b04cf62f7a6,15,receiver,change,market,market-change,,market,10147.4
6169e4749965d33744b7c4ff,60461bfeeac81b04cf62f7a6,16,sender,design,number,hix-pofepilu-qip-lehaqifu-haq-tezalipu-meh-nidaweli-wepitula-tih,tezalipu,,6123.5
6169e4749965d33744b7c4ff,60461bfeeac81b04cf62f7a6,17,receiver,course,future,future-course,,future,19126.7
6169e4749965d33744b7c4ff,60461bfeeac81b04cf62f7a6,18,sender,number,travel,hix-pofepilu-qip-lehaqifu-haq-tezalipu-meh-nidaweli-wepitula-tih,hix,,2791.3
6169e4749965d33744b7c4ff,60461bfeeac81b04cf62f7a6,19,receiver,course,market,market-course,,course,6308.6
6169e4749965d33744b7c4ff,60461bfeeac81b04cf62f7a6,20,sender,design,review,hix-pofepilu-qip-lehaqifu-haq-tezalipu-meh-nidaweli-wepitula-tih,tezalipu,,4707
6169e4749965d33744b7c4ff,60461bfeeac81b04cf62f7a6,21,receiver,design,number,design-number,,design,3301.2
6169e4749965d33744b7c4ff,60461bfeeac81b04cf62f7a6,22,sender,change,course,hix-pofepilu-qip-lehaqifu-haq-tezalipu-meh-nidaweli-wepitula-tih,meh,,11542.6
6169e4749965d33744b7c4ff,60461bfeeac81b04cf62f7a6,23,receiver,credit,ground,ground-credit,,ground,47805.8
6169e4749965d33744b7c4ff,60461bfeeac81b04cf62f7a6,24,sender,future,market,hix-pofepilu-qip-lehaqifu-haq-tezalipu-meh-nidaweli-wepitula-tih,nidaweli,,31260.6
6169e4749965d33744b7c4ff,60461bfeeac81b04cf62f7a6,25,receiver,future,ground,ground-future,,future,14476.6
6169e4749965d33744b7c4ff,60461bfeeac81b04cf62f7a6,26,sender,credit,future,hix-pofepilu-qip-lehaqifu-haq-tezalipu-meh-nidaweli-wepitula-tih,meh,,9564
6169e4749965d33744b7c4ff,60461bfeeac81b04cf62f7a6,27,receiver,future,ground,ground-future,,ground,4429.4
6169e4749965d33744b7c4ff,60461bfeeac81b04cf62f7a6,28,sender,change,number,hix-pofepilu-qip-lehaqifu-haq-tezalipu-meh-nidaweli-wepitula-tih,tih,,12487.2
6169e4749965d33744b7c4ff,60461bfeeac81b04cf62f7a6,29,receiver,future,review,review-future,,future,4880.3
6169e4749965d33744b7c4ff,60461bfeeac81b04cf62f7a6,30,sender,design,review,hix-pofepilu-qip-lehaqifu-haq-tezalipu-meh-nidaweli-wepitula-tih,lehaqifu,,17139.4
6169e4749965d33744b7c4ff,60461bfeeac81b04cf62f7a6,31,receiver,change,ground,ground-change,,change,15433.7
6169e4749965d33744b7c4ff,60461bfeeac81b04cf62f7a6,32,sender,ground,travel,hix-pofepilu-qip-lehaqifu-haq-tezalipu-meh-nidaweli-wepitula-tih,pofepilu,,8689.5
6169e4749965d33744b7c4ff,60461bfeeac81b04cf62f7a6,33,receiver,change,credit,change-credit,,change,11514.9
6169e4749965d33744b7c4ff,60461bfeeac81b04cf62f7a6,34,sender,course,design,hix-pofepilu-qip-lehaqifu-haq-tezalipu-meh-nidaweli-wepitula-tih,wepitula,,12817.7
6169e4749965d33744b7c4ff,60461bfeeac81b04cf62f7a6,35,receiver,number,travel,number-travel,,number,3769.7
6169e4749965d33744b7c4ff,60461bfeeac81b04cf62f7a6,36,sender,course,ground,hix-pofepilu-qip-lehaqifu-haq-tezalipu-meh-nidaweli-wepitula-tih,pofepilu,,14266.7
6169e4749965d33744b7c4ff,60461bfeeac81b04cf62f7a6,37,receiver,credit,market,credit-market,,market,5128.7
6169e4749965d33744b7c4ff,60461bfeeac81b04cf62f7a6,38,sender,change,review,hix-pofepilu-qip-lehaqifu-haq-tezalipu-meh-nidaweli-wepitula-tih,qip,,9333.6
6169e4749965d33744b7c4ff,60461bfeeac81b04cf62f7a6,39,receiver,market,travel,travel-market,,market,23486.6
6169e4749965d33744b7c4ff,60461bfeeac81b04cf62f7a6,40,sender,course,travel,hix-pofepilu-qip-lehaqifu-haq-tezalipu-meh-nidaweli-wepitula-tih,wepitula,,9428.8
6169e4749965d33744b7c4ff,60461bfeeac81b04cf62f7a6,41,receiver,course,future,future-course,,course,27764.6
6169e4749965d33744b7c4ff,60461bfeeac81b04cf62f7a6,42,sender,credit,number,hix-pofepilu-qip-lehaqifu-haq-tezalipu-meh-nidaweli-wepitula-tih,meh,,5389.1
6169e4749965d33744b7c4ff,60461bfeeac81b04cf62f7a6,43,receiver,number,review,number-review,,number,41643.1
6169e4749965d33744b7c4ff,60461bfeeac81b04cf62f7a6,44,sender,credit,ground,hix-pofepilu-qip-lehaqifu-haq-tezalipu-meh-nidaweli-wepitula-tih,meh,,6364.9
6169e4749965d33744b7c4ff,60461bfeeac81b04cf62f7a6,45,receiver,ground,review,ground-review,,ground,5870.8
6169e4749965d33744b7c4ff,60461bfeeac81b04cf62f7a6,46,sender,change,ground,hix-pofepilu-qip-lehaqifu-haq-tezalipu-meh-nidaweli-wepitula-tih,qip,,11167.4
6169e4749965d33744b7c4ff,60461bfeeac81b04cf62f7a6,47,receiver,future,number,future-number,,future,8877.1
6169e4749965d33744b7c4ff,60461bfeeac81b04cf62f7a6,48,sender,market,review,hix-pofepilu-qip-lehaqifu-haq-tezalipu-meh-nidaweli-wepitula-tih,haq,,12164.2
6169e4749965d33744b7c4ff,60461bfeeac81b04cf62f7a6,49,receiver,change,travel,travel-change,,change,11403.5
6169e4749965d33744b7c4ff,60461bfeeac81b04cf62f7a6,50,sender,ground,market,hix-pofepilu-qip-lehaqifu-haq-tezalipu-meh-nidaweli-wepitula-tih,tih,,8713.9
6169e4749965d33744b7c4ff,60461bfeeac81b04cf62f7a6,51,receiver,change,market,change-market,,market,38914.6
6169e4749965d33744b7c4ff,60461bfeeac81b04cf62f7a6,52,sender,credit,future,hix-pofepilu-qip-lehaqifu-haq-tezalipu-meh-nidaweli-wepitula-tih,meh,,5102.5
6169e4749965d33744b7c4ff,60461bfeeac81b04cf62f7a6,53,receiver,ground,travel,travel-ground,,ground,10953.8
6169e4749965d33744b7c4ff,60461bfeeac81b04cf62f7a6,54,sender,credit,review,hix-pofepilu-qip-lehaqifu-haq-tezalipu-meh-nidaweli-wepitula-tih,meh,,9553.7
6169e4749965d33744b7c4ff,60461bfeeac81b04cf62f7a6,55,receiver,change,credit,credit-change,,change,25201.2
6169e4749965d33744b7c4ff,60461bfeeac81b04cf62f7a6,56,sender,design,travel,hix-pofepilu-qip-lehaqifu-haq-tezalipu-meh-nidaweli-wepitula-tih,lehaqifu,,7294.6
6169e4749965d33744b7c4ff,60461bfeeac81b04cf62f7a6,57,receiver,number,review,review-number,,number,3476.6
6169e4749965d33744b7c4ff,60461bfeeac81b04cf62f7a6,58,sender,credit,market,hix-pofepilu-qip-lehaqifu-haq-tezalipu-meh-nidaweli-wepitula-tih,meh,,3230.8
6169e4749965d33744b7c4ff,60461bfeeac81b04cf62f7a6,59,receiver,future,travel,travel-future,,future,7698.9
6169e4749965d33744b7c4ff,60461bfeeac81b04cf62f7a6,60,sender,course,market,hix-pofepilu-qip-lehaqifu-haq-tezalipu-meh-nidaweli-wepitula-tih,wepitula,,6140.1
6169e4749965d33744b7c4ff,60461bfeeac81b04cf62f7a6,61,receiver,course,credit,course-credit,,course,34590.7
6169e4749965d33744b7c4ff,60461bfeeac81b04cf62f7a6,62,sender,future,travel,hix-pofepilu-qip-lehaqifu-haq-tezalipu-meh-nidaweli-wepitula-tih,nidaweli,,27632.3
6169e4749965d33744b7c4ff,60461bfeeac81b04cf62f7a6,63,receiver,credit,review,credit-review,,credit,5236.2
6169e4749965d33744b7c4ff,60461bfeeac81b04cf62f7a6,64,sender,market,travel,hix-pofepilu-qip-lehaqifu-haq-tezalipu-meh-nidaweli-wepitula-tih,haq,,12137
6169e4749965d33744b7c4ff,60461bfeeac81b04cf62f7a6,65,receiver,change,travel,travel-change,,travel,9509
6169e4749965d33744b7c4ff,60461bfeeac81b04cf62f7a6,66,sender,change,course,hix-pofepilu-qip-lehaqifu-haq-tezalipu-meh-nidaweli-wepitula-tih,qip,,8441.8
6169e4749965d33744b7c4ff,60461bfeeac81b04cf62f7a6,67,receiver,course,review,review-course,,review,4604.1
6169e4749965d33744b7c4ff,60461bfeeac81b04cf62f7a6,68,sender,course,market,hix-pofepilu-qip-lehaqifu-haq-tezalipu-meh-nidaweli-wepitula-tih,wepitula,,6412.7
6169e4749965d33744b7c4ff,60461bfeeac81b04cf62f7a6,69,receiver,future,review,review-future,,future,8392.5
6169e4749965d33744b7c4ff,60461bfeeac81b04cf62f7a6,70,sender,course,number,hix-pofepilu-qip-lehaqifu-haq-tezalipu-meh-nidaweli-wepitula-tih,pofepilu,,7519.3
6169e4749965d33744b7c4ff,60461bfeeac81b04cf62f7a6,71,receiver,design,ground,design-ground,,design,27249
6169e4749965d33744b7c4ff,60461bfeeac81b04cf62f7a6,72,sender,ground,market,hix-pofepilu-qip-lehaqifu-haq-tezalipu-meh-nidaweli-wepitula-tih,nidaweli,,5881.4
6169e4749965d33744b7c4ff,60461bfeeac81b04cf62f7a6,73,receiver,design,ground,design-ground,,design,5320.5
6169e4749965d33744b7c4ff,60461bfeeac81b04cf62f7a6,74,sender,course,ground,hix-pofepilu-qip-lehaqifu-haq-tezalipu-meh-nidaweli-wepitula-tih,wepitula,,5940.7
6169e4749965d33744b7c4ff,60461bfeeac81b04cf62f7a6,75,receiver,ground,number,ground-number,,ground,12815.1
6169e4749965d33744b7c4ff,60461bfeeac81b04cf62f7a6,76,sender,credit,design,hix-pofepilu-qip-lehaqifu-haq-tezalipu-meh-nidaweli-wepitula-tih,meh,,3208.2
6169e4749965d33744b7c4ff,60461bfeeac81b04cf62f7a6,77,receiver,course,number,course-number,,course,5237.6
6169e4749965d33744b7c4ff,60461bfeeac81b04cf62f7a6,78,sender,review,travel,hix-pofepilu-qip-lehaqifu-haq-tezalipu-meh-nidaweli-wepitula-tih,tih,,13936.2
6169e4749965d33744b7c4ff,60461bfeeac81b04cf62f7a6,79,receiver,ground,market,ground-market,,ground,17608.7
6169e4749965d33744b7c4ff,60461bfeeac81b04cf62f7a6,80,sender,change,number,hix-pofepilu-qip-lehaqifu-haq-tezalipu-meh-nidaweli-wepitula-tih,qip,,6162.2
6169e4749965d33744b7c4ff,60461bfeeac81b04cf62f7a6,81,receiver,credit,design,credit-design,,credit,12563.2
6169e4749965d33744b7c4ff,60461bfeeac81b04cf62f7a6,82,sender,credit,market,hix-pofepilu-qip-lehaqifu-haq-tezalipu-meh-nidaweli-wepitula-tih,meh,,4713.2
6169e4749965d33744b7c4ff,60461bfeeac81b04cf62f7a6,83,receiver,design,ground,design-ground,,ground,6862.2
6169e4749965d33744b7c4ff,60461bfeeac81b04cf62f7a6,84,sender,design,number,hix-pofepilu-qip-lehaqifu-haq-tezalipu-meh-nidaweli-wepitula-tih,lehaqifu,,5948.9
6169e4749965d33744b7c4ff,60461bfeeac81b04cf62f7a6,85,receiver,change,design,change-design,,change,7122.4
6169e4749965d33744b7c4ff,60461bfeeac81b04cf62f7a6,86,sender,course,travel,hix-pofepilu-qip-lehaqifu-haq-tezalipu-meh-nidaweli-wepitula-tih,pofepilu,,9542.2
6169e4749965d33744b7c4ff,60461bfeeac81b04cf62f7a6,87,receiver,credit,travel,travel-credit,,credit,2061.5
6169e4749965d33744b7c4ff,60461bfeeac81b04cf62f7a6,88,sender,credit,ground,hix-pofepilu-qip-lehaqifu-haq-tezalipu-meh-nidaweli-wepitula-tih,meh,,4958.7
6169e4749965d33744b7c4ff,60461bfeeac81b04cf62f7a6,89,receiver,future,travel,travel-future,,future,6189.5
6169e4749965d33744b7c4ff,60461bfeeac81b04cf62f7a6,90,sender,future,market,hix-pofepilu-qip-lehaqifu-haq-tezalipu-meh-nidaweli-wepitula-tih,tezalipu,,6139.5
6169e4749965d33744b7c4ff,60461bfeeac81b04cf62f7a6,91,receiver,market,review,review-market,,market,14642.6
6169e4749965d33744b7c4ff,60461bfeeac81b04cf62f7a6,92,sender,change,ground,hix-pofepilu-qip-lehaqifu-haq-tezalipu-meh-nidaweli-wepitula-tih,qip,,8724.5
6169e4749965d33744b7c4ff,60461bfeeac81b04cf62f7a6,93,receiver,change,review,change-review,,change,1879.6
6169e4749965d33744b7c4ff,60461bfeeac81b04cf62f7a6,94,sender,credit,review,hix-pofepilu-qip-lehaqifu-haq-tezalipu-meh-nidaweli-wepitula-tih,meh,,2521.5
6169e4749965d33744b7c4ff,60461bfeeac81b04cf62f7a6,95,receiver,design,future,future-design,,design,11250.3
6169e4749965d33744b7c4ff,60461bfeeac81b04cf62f7a6,96,sender,design,market,hix-pofepilu-qip-lehaqifu-haq-tezalipu-meh-nidaweli-wepitula-tih,lehaqifu,,2987.8
6169e4749965d33744b7c4ff,60461bfeeac81b04cf62f7a6,97,receiver,market,travel,market-travel,,market,24474.5
6169e4749965d33744b7c4ff,60461bfeeac81b04cf62f7a6,98,sender,change,course,hix-pofepilu-qip-lehaqifu-haq-tezalipu-meh-nidaweli-wepitula-tih,meh,,2414.2
6169e4749965d33744b7c4ff,60461bfeeac81b04cf62f7a6,99,receiver,credit,travel,credit-travel,,credit,13773
6169e4749965d33744b7c4ff,60461bfeeac81b04cf62f7a6,100,sender,market,number,hix-pofepilu-qip-lehaqifu-haq-tezalipu-meh-nidaweli-wepitula-tih,haq,,38396.3
6169e4749965d33744b7c4ff,60461bfeeac81b04cf62f7a6,101,receiver,change,travel,change-travel,,travel,13524.2
6169e4749965d33744b7c4ff,60461bfeeac81b04cf62f7a6,102,sender,course,number,hix-pofepilu-qip-lehaqifu-haq-tezalipu-meh-nidaweli-wepitula-tih,wepitula,,8969.2
6169e4749965d33744b7c4ff,60461bfeeac81b04cf62f7a6,103,receiver,change,future,future-change,,future,31705.9
6169e4749965d33744b7c4ff,60461bfeeac81b04cf62f7a6,104,sender,course,future,hix-pofepilu-qip-lehaqifu-haq-tezalipu-meh-nidaweli-wepitula-tih,wepitula,,8091
6169e4749965d33744b7c4ff,60461bfeeac81b04cf62f7a6,105,receiver,design,travel,travel-design,,design,21342.1
6169e4749965d33744b7c4ff,60461bfeeac81b04cf62f7a6,106,sender,market,review,hix-pofepilu-qip-lehaqifu-haq-tezalipu-meh-nidaweli-wepitula-tih,haq,,7198.2
6169e4749965d33744b7c4ff,60461bfeeac81b04cf62f7a6,107,receiver,market,number,number-market,,market,26336.7
6169e4749965d33744b7c4ff,60461bfeeac81b04cf62f7a6,108,sender,ground,number,hix-pofepilu-qip-lehaqifu-haq-tezalipu-meh-nidaweli-wepitula-tih,tih,,8540.9
6169e4749965d33744b7c4ff,60461bfeeac81b04cf62f7a6,109,receiver,design,future,future-design,,future,11078.4
6169e4749965d33744b7c4ff,60461bfeeac81b04cf62f7a6,110,sender,ground,review,hix-pofepilu-qip-lehaqifu-haq-tezalipu-meh-nidaweli-wepitula-tih,tih,,7398.5
6169e4749965d33744b7c4ff,60461bfeeac81b04cf62f7a6,111,receiver,design,travel,design-travel,,travel,26055.5
6169e4749965d33744b7c4ff,60461bfeeac81b04cf62f7a6,112,sender,change,review,hix-pofepilu-qip-lehaqifu-haq-tezalipu-meh-nidaweli-wepitula-tih,qip,,7768.6
6169e4749965d33744b7c4ff,60461bfeeac81b04cf62f7a6,113,receiver,ground,number,number-ground,,ground,18579.8
6169e4749965d33744b7c4ff,60461bfeeac81b04cf62f7a6,114,sender,design,market,hix-pofepilu-qip-lehaqifu-haq-tezalipu-meh-nidaweli-wepitula-tih,lehaqifu,,4750.4
6169e4749965d33744b7c4ff,60461bfeeac81b04cf62f7a6,115,receiver,course,review,review-course,,course,20171.3
6169e4749965d33744b7c4ff,60461bfeeac81b04cf62f7a6,116,sender,change,market,hix-pofepilu-qip-lehaqifu-haq-tezalipu-meh-nidaweli-wepitula-tih,qip,,7061
6169e4749965d33744b7c4ff,60461bfeeac81b04cf62f7a6,117,receiver,ground,travel,travel-ground,,ground,20130.3
6169e4749965d33744b7c4ff,60461bfeeac81b04cf62f7a6,118,sender,future,number,hix-pofepilu-qip-lehaqifu-haq-tezalipu-meh-nidaweli-wepitula-tih,tezalipu,,49835.8
6169e4749965d33744b7c4ff,60461bfeeac81b04cf62f7a6,119,receiver,credit,travel,credit-travel,,credit,11036.5
6169e4749965d33744b7c4ff,60461bfeeac81b04cf62f7a6,120,sender,change,future,hix-pofepilu-qip-lehaqifu-haq-tezalipu-meh-nidaweli-wepitula-tih,qip,,11258.7
6169e4749965d33744b7c4ff,60461bfeeac81b04cf62f7a6,121,receiver,design,review,design-review,,review,26895
6169e4749965d33744b7c4ff,60461bfeeac81b04cf62f7a6,122,sender,design,future,hix-pofepilu-qip-lehaqifu-haq-tezalipu-meh-nidaweli-wepitula-tih,lehaqifu,,9746.5
6169e4749965d33744b7c4ff,60461bfeeac81b04cf62f7a6,123,receiver,course,credit,credit-course,,credit,33539.4
6169e4749965d33744b7c4ff,60461bfeeac81b04cf62f7a6,124,sender,ground,review,hix-pofepilu-qip-lehaqifu-haq-tezalipu-meh-nidaweli-wepitula-tih,tih,,12398.6
6169e4749965d33744b7c4ff,60461bfeeac81b04cf62f7a6,125,receiver,change,future,future-change,,future,17255.3
6169e4749965d33744b7c4ff,60461bfeeac81b04cf62f7a6,126,sender,course,review,hix-pofepilu-qip-lehaqifu-haq-tezalipu-meh-nidaweli-wepitula-tih,pofepilu,,37869.7
6169e4749965d33744b7c4ff,60461bfeeac81b04cf62f7a6,127,receiver,market,number,market-number,,market,31123.2
6169e4749965d33744b7c4ff,60461bfeeac81b04cf62f7a6,128,sender,course,travel,hix-pofepilu-qip-lehaqifu-haq-tezalipu-meh-nidaweli-wepitula-tih,pofepilu,,51975.1
6169e4749965d33744b7c4ff,60461bfeeac81b04cf62f7a6,129,receiver,credit,number,number-credit,,credit,12746.1
6169e4749965d33744b7c4ff,60461bfeeac81b04cf62f7a6,130,sender,course,design,hix-pofepilu-qip-lehaqifu-haq-tezalipu-meh-nidaweli-wepitula-tih,pofepilu,,7325.4
6169e4749965d33744b7c4ff,60461bfeeac81b04cf62f7a6,131,receiver,course,design,course-design,,course,64224.9
6169e4749965d33744b7c4ff,60461bfeeac81b04cf62f7a6,132,sender,change,design,hix-pofepilu-qip-lehaqifu-haq-tezalipu-meh-nidaweli-wepitula-tih,qip,,49057.8
6169e4749965d33744b7c4ff,60461bfeeac81b04cf62f7a6,133,receiver,review,travel,travel-review,,review,129397.5
6169e4749965d33744b7c4ff,60461bfeeac81b04cf62f7a6,134,sender,credit,future,hix-pofepilu-qip-lehaqifu-haq-tezalipu-meh-nidaweli-wepitula-tih,meh,,9534.2
6169e4749965d33744b7c4ff,60461bfeeac81b04cf62f7a6,135,receiver,change,design,change-design,,change,9328.9