participant_id, partner_id, trial_index, trial_type, target_meaning, foil_meaning,             choices, signal_selected, meaning_guess, rt
60461bfeeac81b04cf62f7a6,6169e4749965d33744b7c4ff,1,sender,number,review,hix-pofepilu-qip-lehaqifu-haq-tezalipu-meh-nidaweli-wepitula-tih,hix,,17875
60461bfeeac81b04cf62f7a6,6169e4749965d33744b7c4ff,2,receiver,future,ground,future-ground,,future,13690
60461bfeeac81b04cf62f7a6,6169e4749965d33744b7c4ff,3,sender,course,credit,hix-pofepilu-qip-lehaqifu-haq-tezalipu-meh-nidaweli-wepitula-tih,meh,,15988
60461bfeeac81b04cf62f7a6,6169e4749965d33744b7c4ff,4,receiver,review,travel,travel-review,,travel,9515
60461bfeeac81b04cf62f7a6,6169e4749965d33744b7c4ff,5,sender,future,market,hix-pofepilu-qip-lehaqifu-haq-tezalipu-meh-nidaweli-wepitula-tih,nidaweli,,11137
60461bfeeac81b04cf62f7a6,6169e4749965d33744b7c4ff,6,receiver,course,ground,course-ground,,ground,6983
60461bfeeac81b04cf62f7a6,6169e4749965d33744b7c4ff,7,sender,future,review,hix-pofepilu-qip-lehaqifu-haq-tezalipu-meh-nidaweli-wepitula-tih,nidaweli,,8669
60461bfeeac81b04cf62f7a6,6169e4749965d33744b7c4ff,8,receiver,credit,number,number-credit,,number,7269
60461bfeeac81b04cf62f7a6,6169e4749965d33744b7c4ff,9,sender,credit,design,hix-pofepilu-qip-lehaqifu-haq-tezalipu-meh-nidaweli-wepitula-tih,meh,,4078
60461bfeeac81b04cf62f7a6,6169e4749965d33744b7c4ff,10,receiver,future,number,future-number,,future,3298
60461bfeeac81b04cf62f7a6,6169e4749965d33744b7c4ff,11,sender,number,travel,hix-pofepilu-qip-lehaqifu-haq-tezalipu-meh-nidaweli-wepitula-tih,hix,,5596
60461bfeeac81b04cf62f7a6,6169e4749965d33744b7c4ff,12,receiver,change,number,number-change,,change,5196
60461bfeeac81b04cf62f7a6,6169e4749965d33744b7c4ff,13,sender,change,credit,hix-pofepilu-qip-lehaqifu-haq-tezalipu-meh-nidaweli-wepitula-tih,tih,,3648
60461bfeeac81b04cf62f7a6,6169e4749965d33744b7c4ff,14,receiver,design,market,design-market,,design,5615
60461bfeeac81b04cf62f7a6,6169e4749965d33744b7c4ff,15,sender,change,market,hix-pofepilu-qip-lehaqifu-haq-tezalipu-meh-nidaweli-wepitula-tih,pofepilu,,8986
60461bfeeac81b04cf62f7a6,6169e4749965d33744b7c4ff,16,receiver,design,number,number-design,,number,4569
60461bfeeac81b04cf62f7a6,6169e4749965d33744b7c4ff,17,sender,course,future,hix-pofepilu-qip-lehaqifu-haq-tezalipu-meh-nidaweli-wepitula-tih,wepitula,,10212
60461bfeeac81b04cf62f7a6,6169e4749965d33744b7c4ff,18,receiver,number,travel,travel-number,,travel,3812
60461bfeeac81b04cf62f7a6,6169e4749965d33744b7c4ff,19,sender,course,market,hix-pofepilu-qip-lehaqifu-haq-tezalipu-meh-nidaweli-wepitula-tih,pofepilu,,12170
60461bfeeac81b04cf62f7a6,6169e4749965d33744b7c4ff,20,receiver,design,review,design-review,,design,6154
60461bfeeac81b04cf62f7a6,6169e4749965d33744b7c4ff,21,sender,design,number,hix-pofepilu-qip-lehaqifu-haq-tezalipu-meh-nidaweli-wepitula-tih,tezalipu,,3231
60461bfeeac81b04cf62f7a6,6169e4749965d33744b7c4ff,22,receiver,change,course,change-course,,course,4573
60461bfeeac81b04cf62f7a6,6169e4749965d33744b7c4ff,23,sender,credit,ground,hix-pofepilu-qip-lehaqifu-haq-tezalipu-meh-nidaweli-wepitula-tih,lehaqifu,,10247
60461bfeeac81b04cf62f7a6,6169e4749965d33744b7c4ff,24,receiver,future,market,market-future,,future,2545
60461bfeeac81b04cf62f7a6,6169e4749965d33744b7c4ff,25,sender,future,ground,hix-pofepilu-qip-lehaqifu-haq-tezalipu-meh-nidaweli-wepitula-tih,tezalipu,,5739
60461bfeeac81b04cf62f7a6,6169e4749965d33744b7c4ff,26,receiver,credit,future,future-credit,,credit,10201
60461bfeeac81b04cf62f7a6,6169e4749965d33744b7c4ff,27,sender,future,ground,hix-pofepilu-qip-lehaqifu-haq-tezalipu-meh-nidaweli-wepitula-tih,meh,,2109
60461bfeeac81b04cf62f7a6,6169e4749965d33744b7c4ff,28,receiver,change,number,change-number,,change,3974
60461bfeeac81b04cf62f7a6,6169e4749965d33744b7c4ff,29,sender,future,review,hix-pofepilu-qip-lehaqifu-haq-tezalipu-meh-nidaweli-wepitula-tih,tezalipu,,2414
60461bfeeac81b04cf62f7a6,6169e4749965d33744b7c4ff,30,receiver,design,review,review-design,,review,3315
60461bfeeac81b04cf62f7a6,6169e4749965d33744b7c4ff,31,sender,change,ground,hix-pofepilu-qip-lehaqifu-haq-tezalipu-meh-nidaweli-wepitula-tih,qip,,9146
60461bfeeac81b04cf62f7a6,6169e4749965d33744b7c4ff,32,receiver,ground,travel,travel-ground,,travel,7636
60461bfeeac81b04cf62f7a6,6169e4749965d33744b7c4ff,33,sender,change,credit,hix-pofepilu-qip-lehaqifu-haq-tezalipu-meh-nidaweli-wepitula-tih,qip,,5269
60461bfeeac81b04cf62f7a6,6169e4749965d33744b7c4ff,34,receiver,course,design,course-design,,course,4688
60461bfeeac81b04cf62f7a6,6169e4749965d33744b7c4ff,35,sender,number,travel,hix-pofepilu-qip-lehaqifu-haq-tezalipu-meh-nidaweli-wepitula-tih,hix,,2782
60461bfeeac81b04cf62f7a6,6169e4749965d33744b7c4ff,36,receiver,course,ground,ground-course,,ground,13028
60461bfeeac81b04cf62f7a6,6169e4749965d33744b7c4ff,37,sender,credit,market,hix-pofepilu-qip-lehaqifu-haq-tezalipu-meh-nidaweli-wepitula-tih,lehaqifu,,4965
60461bfeeac81b04cf62f7a6,6169e4749965d33744b7c4ff,38,receiver,change,review,change-review,,change,7008
60461bfeeac81b04cf62f7a6,6169e4749965d33744b7c4ff,39,sender,market,travel,hix-pofepilu-qip-lehaqifu-haq-tezalipu-meh-nidaweli-wepitula-tih,haq,,6540
60461bfeeac81b04cf62f7a6,6169e4749965d33744b7c4ff,40,receiver,course,travel,travel-course,,travel,5215
60461bfeeac81b04cf62f7a6,6169e4749965d33744b7c4ff,41,sender,course,future,hix-pofepilu-qip-lehaqifu-haq-tezalipu-meh-nidaweli-wepitula-tih,wepitula,,5297
60461bfeeac81b04cf62f7a6,6169e4749965d33744b7c4ff,42,receiver,credit,number,credit-number,,credit,11798
60461bfeeac81b04cf62f7a6,6169e4749965d33744b7c4ff,43,sender,number,review,hix-pofepilu-qip-lehaqifu-haq-tezalipu-meh-nidaweli-wepitula-tih,meh,,6267
60461bfeeac81b04cf62f7a6,6169e4749965d33744b7c4ff,44,receiver,credit,ground,credit-ground,,credit,6924
60461bfeeac81b04cf62f7a6,6169e4749965d33744b7c4ff,45,sender,ground,review,hix-pofepilu-qip-lehaqifu-haq-tezalipu-meh-nidaweli-wepitula-tih,tih,,6759
60461bfeeac81b04cf62f7a6,6169e4749965d33744b7c4ff,46,receiver,change,ground,change-ground,,ground,8499
60461bfeeac81b04cf62f7a6,6169e4749965d33744b7c4ff,47,sender,future,number,hix-pofepilu-qip-lehaqifu-haq-tezalipu-meh-nidaweli-wepitula-tih,tezalipu,,2533
60461bfeeac81b04cf62f7a6,6169e4749965d33744b7c4ff,48,receiver,market,review,review-market,,market,3876
60461bfeeac81b04cf62f7a6,6169e4749965d33744b7c4ff,49,sender,change,travel,hix-pofepilu-qip-lehaqifu-haq-tezalipu-meh-nidaweli-wepitula-tih,meh,,5920
60461bfeeac81b04cf62f7a6,6169e4749965d33744b7c4ff,50,receiver,ground,market,ground-market,,ground,4961
60461bfeeac81b04cf62f7a6,6169e4749965d33744b7c4ff,51,sender,change,market,hix-pofepilu-qip-lehaqifu-haq-tezalipu-meh-nidaweli-wepitula-tih,haq,,6102
60461bfeeac81b04cf62f7a6,6169e4749965d33744b7c4ff,52,receiver,credit,future,credit-future,,credit,2829
60461bfeeac81b04cf62f7a6,6169e4749965d33744b7c4ff,53,sender,ground,travel,hix-pofepilu-qip-lehaqifu-haq-tezalipu-meh-nidaweli-wepitula-tih,wepitula,,8734
60461bfeeac81b04cf62f7a6,6169e4749965d33744b7c4ff,54,receiver,credit,review,credit-review,,credit,6836
60461bfeeac81b04cf62f7a6,6169e4749965d33744b7c4ff,55,sender,change,credit,hix-pofepilu-qip-lehaqifu-haq-tezalipu-meh-nidaweli-wepitula-tih,tih,,13436
60461bfeeac81b04cf62f7a6,6169e4749965d33744b7c4ff,56,receiver,design,travel,travel-design,,design,9151
60461bfeeac81b04cf62f7a6,6169e4749965d33744b7c4ff,57,sender,number,review,hix-pofepilu-qip-lehaqifu-haq-tezalipu-meh-nidaweli-wepitula-tih,hix,,4055
60461bfeeac81b04cf62f7a6,6169e4749965d33744b7c4ff,58,receiver,credit,market,market-credit,,credit,5127
60461bfeeac81b04cf62f7a6,6169e4749965d33744b7c4ff,59,sender,future,travel,hix-pofepilu-qip-lehaqifu-haq-tezalipu-meh-nidaweli-wepitula-tih,tezalipu,,2685
60461bfeeac81b04cf62f7a6,6169e4749965d33744b7c4ff,60,receiver,course,market,course-market,,market,6316
60461bfeeac81b04cf62f7a6,6169e4749965d33744b7c4ff,61,sender,course,credit,hix-pofepilu-qip-lehaqifu-haq-tezalipu-meh-nidaweli-wepitula-tih,wepitula,,2659
60461bfeeac81b04cf62f7a6,6169e4749965d33744b7c4ff,62,receiver,future,travel,travel-future,,travel,6296
60461bfeeac81b04cf62f7a6,6169e4749965d33744b7c4ff,63,sender,credit,review,hix-pofepilu-qip-lehaqifu-haq-tezalipu-meh-nidaweli-wepitula-tih,meh,,5477
60461bfeeac81b04cf62f7a6,6169e4749965d33744b7c4ff,64,receiver,market,travel,travel-market,,market,6170
60461bfeeac81b04cf62f7a6,6169e4749965d33744b7c4ff,65,sender,change,travel,hix-pofepilu-qip-lehaqifu-haq-tezalipu-meh-nidaweli-wepitula-tih,haq,,11655
60461bfeeac81b04cf62f7a6,6169e4749965d33744b7c4ff,66,receiver,change,course,course-change,,change,4086
60461bfeeac81b04cf62f7a6,6169e4749965d33744b7c4ff,67,sender,course,review,hix-pofepilu-qip-lehaqifu-haq-tezalipu-meh-nidaweli-wepitula-tih,qip,,4478
60461bfeeac81b04cf62f7a6,6169e4749965d33744b7c4ff,68,receiver,course,market,market-course,,course,5710
60461bfeeac81b04cf62f7a6,6169e4749965d33744b7c4ff,69,sender,future,review,hix-pofepilu-qip-lehaqifu-haq-tezalipu-meh-nidaweli-wepitula-tih,tezalipu,,2187
60461bfeeac81b04cf62f7a6,6169e4749965d33744b7c4ff,70,receiver,course,number,course-number,,course,4601
60461bfeeac81b04cf62f7a6,6169e4749965d33744b7c4ff,71,sender,design,ground,hix-pofepilu-qip-lehaqifu-haq-tezalipu-meh-nidaweli-wepitula-tih,lehaqifu,,4274
60461bfeeac81b04cf62f7a6,6169e4749965d33744b7c4ff,72,receiver,ground,market,market-ground,,market,4671
60461bfeeac81b04cf62f7a6,6169e4749965d33744b7c4ff,73,sender,design,ground,hix-pofepilu-qip-lehaqifu-haq-tezalipu-meh-nidaweli-wepitula-tih,lehaqifu,,5678
60461bfeeac81b04cf62f7a6,6169e4749965d33744b7c4ff,74,receiver,course,ground,ground-course,,course,9630
60461bfeeac81b04cf62f7a6,6169e4749965d33744b7c4ff,75,sender,ground,number,hix-pofepilu-qip-lehaqifu-haq-tezalipu-meh-nidaweli-wepitula-tih,pofepilu,,9968
60461bfeeac81b04cf62f7a6,6169e4749965d33744b7c4ff,76,receiver,credit,design,design-credit,,credit,11867
60461bfeeac81b04cf62f7a6,6169e4749965d33744b7c4ff,77,sender,course,number,hix-pofepilu-qip-lehaqifu-haq-tezalipu-meh-nidaweli-wepitula-tih,wepitula,,5813
60461bfeeac81b04cf62f7a6,6169e4749965d33744b7c4ff,78,receiver,review,travel,review-travel,,travel,15107
60461bfeeac81b04cf62f7a6,6169e4749965d33744b7c4ff,79,sender,ground,market,hix-pofepilu-qip-lehaqifu-haq-tezalipu-meh-nidaweli-wepitula-tih,wepitula,,4898
60461bfeeac81b04cf62f7a6,6169e4749965d33744b7c4ff,80,receiver,change,number,number-change,,change,5368
60461bfeeac81b04cf62f7a6,6169e4749965d33744b7c4ff,81,sender,credit,design,hix-pofepilu-qip-lehaqifu-haq-tezalipu-meh-nidaweli-wepitula-tih,meh,,7808
60461bfeeac81b04cf62f7a6,6169e4749965d33744b7c4ff,82,receiver,credit,market,credit-market,,credit,2825
60461bfeeac81b04cf62f7a6,6169e4749965d33744b7c4ff,83,sender,design,ground,hix-pofepilu-qip-lehaqifu-haq-tezalipu-meh-nidaweli-wepitula-tih,wepitula,,3471
60461bfeeac81b04cf62f7a6,6169e4749965d33744b7c4ff,84,receiver,design,number,design-number,,design,4693
60461bfeeac81b04cf62f7a6,6169e4749965d33744b7c4ff,85,sender,change,design,hix-pofepilu-qip-lehaqifu-haq-tezalipu-meh-nidaweli-wepitula-tih,qip,,6500
60461bfeeac81b04cf62f7a6,6169e4749965d33744b7c4ff,86,receiver,course,travel,travel-course,,travel,5130
60461bfeeac81b04cf62f7a6,6169e4749965d33744b7c4ff,87,sender,credit,travel,hix-pofepilu-qip-lehaqifu-haq-tezalipu-meh-nidaweli-wepitula-tih,meh,,3745
60461bfeeac81b04cf62f7a6,6169e4749965d33744b7c4ff,88,receiver,credit,ground,ground-credit,,credit,2246
60461bfeeac81b04cf62f7a6,6169e4749965d33744b7c4ff,89,sender,future,travel,hix-pofepilu-qip-lehaqifu-haq-tezalipu-meh-nidaweli-wepitula-tih,tezalipu,,4132
60461bfeeac81b04cf62f7a6,6169e4749965d33744b7c4ff,90,receiver,future,market,market-future,,future,3387
60461bfeeac81b04cf62f7a6,6169e4749965d33744b7c4ff,91,sender,market,review,hix-pofepilu-qip-lehaqifu-haq-tezalipu-meh-nidaweli-wepitula-tih,lehaqifu,,11548
60461bfeeac81b04cf62f7a6,6169e4749965d33744b7c4ff,92,receiver,change,ground,change-ground,,change,7327
60461bfeeac81b04cf62f7a6,6169e4749965d33744b7c4ff,93,sender,change,review,hix-pofepilu-qip-lehaqifu-haq-tezalipu-meh-nidaweli-wepitula-tih,qip,,2759
60461bfeeac81b04cf62f7a6,6169e4749965d33744b7c4ff,94,receiver,credit,review,review-credit,,credit,18877
60461bfeeac81b04cf62f7a6,6169e4749965d33744b7c4ff,95,sender,design,future,hix-pofepilu-qip-lehaqifu-haq-tezalipu-meh-nidaweli-wepitula-tih,lehaqifu,,8518
60461bfeeac81b04cf62f7a6,6169e4749965d33744b7c4ff,96,receiver,design,market,market-design,,design,2093
60461bfeeac81b04cf62f7a6,6169e4749965d33744b7c4ff,97,sender,market,travel,hix-pofepilu-qip-lehaqifu-haq-tezalipu-meh-nidaweli-wepitula-tih,wepitula,,7442
60461bfeeac81b04cf62f7a6,6169e4749965d33744b7c4ff,98,receiver,change,course,change-course,,course,20229
60461bfeeac81b04cf62f7a6,6169e4749965d33744b7c4ff,99,sender,credit,travel,hix-pofepilu-qip-lehaqifu-haq-tezalipu-meh-nidaweli-wepitula-tih,meh,,8946
60461bfeeac81b04cf62f7a6,6169e4749965d33744b7c4ff,100,receiver,market,number,number-market,,market,3997
60461bfeeac81b04cf62f7a6,6169e4749965d33744b7c4ff,101,sender,change,travel,hix-pofepilu-qip-lehaqifu-haq-tezalipu-meh-nidaweli-wepitula-tih,tih,,8974
60461bfeeac81b04cf62f7a6,6169e4749965d33744b7c4ff,102,receiver,course,number,course-number,,course,4324
60461bfeeac81b04cf62f7a6,6169e4749965d33744b7c4ff,103,sender,change,future,hix-pofepilu-qip-lehaqifu-haq-tezalipu-meh-nidaweli-wepitula-tih,wepitula,,7162
60461bfeeac81b04cf62f7a6,6169e4749965d33744b7c4ff,104,receiver,course,future,course-future,,course,7277
60461bfeeac81b04cf62f7a6,6169e4749965d33744b7c4ff,105,sender,design,travel,hix-pofepilu-qip-lehaqifu-haq-tezalipu-meh-nidaweli-wepitula-tih,lehaqifu,,9192
60461bfeeac81b04cf62f7a6,6169e4749965d33744b7c4ff,106,receiver,market,review,review-market,,market,4176
60461bfeeac81b04cf62f7a6,6169e4749965d33744b7c4ff,107,sender,market,number,hix-pofepilu-qip-lehaqifu-haq-tezalipu-meh-nidaweli-wepitula-tih,haq,,3535
60461bfeeac81b04cf62f7a6,6169e4749965d33744b7c4ff,108,receiver,ground,number,ground-number,,ground,7193
60461bfeeac81b04cf62f7a6,6169e4749965d33744b7c4ff,109,sender,design,future,hix-pofepilu-qip-lehaqifu-haq-tezalipu-meh-nidaweli-wepitula-tih,tezalipu,,10325
60461bfeeac81b04cf62f7a6,6169e4749965d33744b7c4ff,110,receiver,ground,review,review-ground,,review,10108
60461bfeeac81b04cf62f7a6,6169e4749965d33744b7c4ff,111,sender,design,travel,hix-pofepilu-qip-lehaqifu-haq-tezalipu-meh-nidaweli-wepitula-tih,nidaweli,,4509
60461bfeeac81b04cf62f7a6,6169e4749965d33744b7c4ff,112,receiver,change,review,change-review,,change,9542
60461bfeeac81b04cf62f7a6,6169e4749965d33744b7c4ff,113,sender,ground,number,hix-pofepilu-qip-lehaqifu-haq-tezalipu-meh-nidaweli-wepitula-tih,tih,,6176
60461bfeeac81b04cf62f7a6,6169e4749965d33744b7c4ff,114,receiver,design,market,design-market,,design,14598
60461bfeeac81b04cf62f7a6,6169e4749965d33744b7c4ff,115,sender,course,review,hix-pofepilu-qip-lehaqifu-haq-tezalipu-meh-nidaweli-wepitula-tih,wepitula,,4689
60461bfeeac81b04cf62f7a6,6169e4749965d33744b7c4ff,116,receiver,change,market,market-change,,change,7937
60461bfeeac81b04cf62f7a6,6169e4749965d33744b7c4ff,117,sender,ground,travel,hix-pofepilu-qip-lehaqifu-haq-tezalipu-meh-nidaweli-wepitula-tih,tih,,9511
60461bfeeac81b04cf62f7a6,6169e4749965d33744b7c4ff,118,receiver,future,number,future-number,,future,19782
60461bfeeac81b04cf62f7a6,6169e4749965d33744b7c4ff,119,sender,credit,travel,hix-pofepilu-qip-lehaqifu-haq-tezalipu-meh-nidaweli-wepitula-tih,meh,,6644
60461bfeeac81b04cf62f7a6,6169e4749965d33744b7c4ff,120,receiver,change,future,change-future,,change,20017
60461bfeeac81b04cf62f7a6,6169e4749965d33744b7c4ff,121,sender,design,review,hix-pofepilu-qip-lehaqifu-haq-tezalipu-meh-nidaweli-wepitula-tih,nidaweli,,9705
60461bfeeac81b04cf62f7a6,6169e4749965d33744b7c4ff,122,receiver,design,future,future-design,,future,5145
60461bfeeac81b04cf62f7a6,6169e4749965d33744b7c4ff,123,sender,course,credit,hix-pofepilu-qip-lehaqifu-haq-tezalipu-meh-nidaweli-wepitula-tih,meh,,2716
60461bfeeac81b04cf62f7a6,6169e4749965d33744b7c4ff,124,receiver,ground,review,ground-review,,ground,5531
60461bfeeac81b04cf62f7a6,6169e4749965d33744b7c4ff,125,sender,change,future,hix-pofepilu-qip-lehaqifu-haq-tezalipu-meh-nidaweli-wepitula-tih,pofepilu,,9928
60461bfeeac81b04cf62f7a6,6169e4749965d33744b7c4ff,126,receiver,course,review,review-course,,course,4916
60461bfeeac81b04cf62f7a6,6169e4749965d33744b7c4ff,127,sender,market,number,hix-pofepilu-qip-lehaqifu-haq-tezalipu-meh-nidaweli-wepitula-tih,wepitula,,4525
60461bfeeac81b04cf62f7a6,6169e4749965d33744b7c4ff,128,receiver,course,travel,travel-course,,travel,4634
60461bfeeac81b04cf62f7a6,6169e4749965d33744b7c4ff,129,sender,credit,number,hix-pofepilu-qip-lehaqifu-haq-tezalipu-meh-nidaweli-wepitula-tih,meh,,3232
60461bfeeac81b04cf62f7a6,6169e4749965d33744b7c4ff,130,receiver,course,design,course-design,,course,11287
60461bfeeac81b04cf62f7a6,6169e4749965d33744b7c4ff,131,sender,course,design,hix-pofepilu-qip-lehaqifu-haq-tezalipu-meh-nidaweli-wepitula-tih,pofepilu,,3233
60461bfeeac81b04cf62f7a6,6169e4749965d33744b7c4ff,132,receiver,change,design,design-change,,change,5835
60461bfeeac81b04cf62f7a6,6169e4749965d33744b7c4ff,133,sender,review,travel,hix-pofepilu-qip-lehaqifu-haq-tezalipu-meh-nidaweli-wepitula-tih,lehaqifu,,8547
60461bfeeac81b04cf62f7a6,6169e4749965d33744b7c4ff,134,receiver,credit,future,credit-future,,credit,3639
60461bfeeac81b04cf62f7a6,6169e4749965d33744b7c4ff,135,sender,change,design,hix-pofepilu-qip-lehaqifu-haq-tezalipu-meh-nidaweli-wepitula-tih,wepitula,,9430