participant_id, partner_id, trial_index, trial_type, target_meaning, foil_meaning,             choices, signal_selected, meaning_guess, rt
5b97f2375612b30001acc4c9,5edca29654fe059801608fc0,1,sender,family,credit,haq-tih-tezalipu-qip-teliqulo-puwirefa-wepitula-pofepilu-zah-peh,teliqulo,,29513.6
5b97f2375612b30001acc4c9,5edca29654fe059801608fc0,2,receiver,review,design,review-design,,review,5560.1
5b97f2375612b30001acc4c9,5edca29654fe059801608fc0,3,sender,window,normal,haq-tih-tezalipu-qip-teliqulo-puwirefa-wepitula-pofepilu-zah-peh,wepitula,,14157.2
5b97f2375612b30001acc4c9,5edca29654fe059801608fc0,4,receiver,family,handle,family-handle,,family,8510.7
5b97f2375612b30001acc4c9,5edca29654fe059801608fc0,5,sender,travel,review,haq-tih-tezalipu-qip-teliqulo-puwirefa-wepitula-pofepilu-zah-peh,tezalipu,,6962.2
5b97f2375612b30001acc4c9,5edca29654fe059801608fc0,6,receiver,family,credit,family-credit,,family,2984.4
5b97f2375612b30001acc4c9,5edca29654fe059801608fc0,7,sender,window,design,haq-tih-tezalipu-qip-teliqulo-puwirefa-wepitula-pofepilu-zah-peh,wepitula,,8459.7
5b97f2375612b30001acc4c9,5edca29654fe059801608fc0,8,receiver,normal,review,normal-review,,review,3663.6
5b97f2375612b30001acc4c9,5edca29654fe059801608fc0,9,sender,family,handle,haq-tih-tezalipu-qip-teliqulo-puwirefa-wepitula-pofepilu-zah-peh,pofepilu,,10077.7
5b97f2375612b30001acc4c9,5edca29654fe059801608fc0,10,receiver,window,credit,window-credit,,window,10131.8
5b97f2375612b30001acc4c9,5edca29654fe059801608fc0,11,sender,handle,credit,haq-tih-tezalipu-qip-teliqulo-puwirefa-wepitula-pofepilu-zah-peh,teliqulo,,11406.9
5b97f2375612b30001acc4c9,5edca29654fe059801608fc0,12,receiver,handle,online,handle-online,,handle,10319
5b97f2375612b30001acc4c9,5edca29654fe059801608fc0,13,sender,handle,credit,haq-tih-tezalipu-qip-teliqulo-puwirefa-wepitula-pofepilu-zah-peh,tezalipu,,6107.9
5b97f2375612b30001acc4c9,5edca29654fe059801608fc0,14,receiver,normal,online,online-normal,,online,3947.3
5b97f2375612b30001acc4c9,5edca29654fe059801608fc0,15,sender,normal,handle,haq-tih-tezalipu-qip-teliqulo-puwirefa-wepitula-pofepilu-zah-peh,puwirefa,,9740.1
5b97f2375612b30001acc4c9,5edca29654fe059801608fc0,16,receiver,window,travel,window-travel,,window,3588.3
5b97f2375612b30001acc4c9,5edca29654fe059801608fc0,17,sender,window,normal,haq-tih-tezalipu-qip-teliqulo-puwirefa-wepitula-pofepilu-zah-peh,wepitula,,4146.3
5b97f2375612b30001acc4c9,5edca29654fe059801608fc0,18,receiver,number,online,online-number,,number,2761
5b97f2375612b30001acc4c9,5edca29654fe059801608fc0,19,sender,window,normal,haq-tih-tezalipu-qip-teliqulo-puwirefa-wepitula-pofepilu-zah-peh,wepitula,,6568.9
5b97f2375612b30001acc4c9,5edca29654fe059801608fc0,20,receiver,normal,handle,handle-normal,,handle,7429
5b97f2375612b30001acc4c9,5edca29654fe059801608fc0,21,sender,review,design,haq-tih-tezalipu-qip-teliqulo-puwirefa-wepitula-pofepilu-zah-peh,puwirefa,,10012.5
5b97f2375612b30001acc4c9,5edca29654fe059801608fc0,22,receiver,travel,number,number-travel,,travel,6717.4
5b97f2375612b30001acc4c9,5edca29654fe059801608fc0,23,sender,review,credit,haq-tih-tezalipu-qip-teliqulo-puwirefa-wepitula-pofepilu-zah-peh,puwirefa,,12159.1
5b97f2375612b30001acc4c9,5edca29654fe059801608fc0,24,receiver,normal,family,normal-family,,normal,12178.6
5b97f2375612b30001acc4c9,5edca29654fe059801608fc0,25,sender,number,credit,haq-tih-tezalipu-qip-teliqulo-puwirefa-wepitula-pofepilu-zah-peh,haq,,10142.8
5b97f2375612b30001acc4c9,5edca29654fe059801608fc0,26,receiver,review,design,design-review,,review,3798.5
5b97f2375612b30001acc4c9,5edca29654fe059801608fc0,27,sender,online,credit,haq-tih-tezalipu-qip-teliqulo-puwirefa-wepitula-pofepilu-zah-peh,qip,,4705.6
5b97f2375612b30001acc4c9,5edca29654fe059801608fc0,28,receiver,travel,design,design-travel,,design,7812.3
5b97f2375612b30001acc4c9,5edca29654fe059801608fc0,29,sender,travel,number,haq-tih-tezalipu-qip-teliqulo-puwirefa-wepitula-pofepilu-zah-peh,tezalipu,,5218.5
5b97f2375612b30001acc4c9,5edca29654fe059801608fc0,30,receiver,normal,number,number-normal,,number,3577.1
5b97f2375612b30001acc4c9,5edca29654fe059801608fc0,31,sender,window,normal,haq-tih-tezalipu-qip-teliqulo-puwirefa-wepitula-pofepilu-zah-peh,wepitula,,6193
5b97f2375612b30001acc4c9,5edca29654fe059801608fc0,32,receiver,travel,family,family-travel,,family,7734.4
5b97f2375612b30001acc4c9,5edca29654fe059801608fc0,33,sender,design,handle,haq-tih-tezalipu-qip-teliqulo-puwirefa-wepitula-pofepilu-zah-peh,tih,,10713.7
5b97f2375612b30001acc4c9,5edca29654fe059801608fc0,34,receiver,number,family,number-family,,number,3615.8
5b97f2375612b30001acc4c9,5edca29654fe059801608fc0,35,sender,number,handle,haq-tih-tezalipu-qip-teliqulo-puwirefa-wepitula-pofepilu-zah-peh,haq,,3877.7
5b97f2375612b30001acc4c9,5edca29654fe059801608fc0,36,receiver,design,online,online-design,,design,4254.5
5b97f2375612b30001acc4c9,5edca29654fe059801608fc0,37,sender,family,handle,haq-tih-tezalipu-qip-teliqulo-puwirefa-wepitula-pofepilu-zah-peh,pofepilu,,9578.9
5b97f2375612b30001acc4c9,5edca29654fe059801608fc0,38,receiver,family,credit,credit-family,,credit,5247.5
5b97f2375612b30001acc4c9,5edca29654fe059801608fc0,39,sender,window,family,haq-tih-tezalipu-qip-teliqulo-puwirefa-wepitula-pofepilu-zah-peh,wepitula,,10822.6
5b97f2375612b30001acc4c9,5edca29654fe059801608fc0,40,receiver,number,online,number-online,,number,4152.7
5b97f2375612b30001acc4c9,5edca29654fe059801608fc0,41,sender,normal,travel,haq-tih-tezalipu-qip-teliqulo-puwirefa-wepitula-pofepilu-zah-peh,pofepilu,,4155.4
5b97f2375612b30001acc4c9,5edca29654fe059801608fc0,42,receiver,handle,online,handle-online,,handle,3974.3
5b97f2375612b30001acc4c9,5edca29654fe059801608fc0,43,sender,family,credit,haq-tih-tezalipu-qip-teliqulo-puwirefa-wepitula-pofepilu-zah-peh,tezalipu,,11614.5
5b97f2375612b30001acc4c9,5edca29654fe059801608fc0,44,receiver,number,family,family-number,,number,1852.5
5b97f2375612b30001acc4c9,5edca29654fe059801608fc0,45,sender,review,design,haq-tih-tezalipu-qip-teliqulo-puwirefa-wepitula-pofepilu-zah-peh,puwirefa,,6923.3
5b97f2375612b30001acc4c9,5edca29654fe059801608fc0,46,receiver,travel,number,number-travel,,travel,11508.6
5b97f2375612b30001acc4c9,5edca29654fe059801608fc0,47,sender,family,handle,haq-tih-tezalipu-qip-teliqulo-puwirefa-wepitula-pofepilu-zah-peh,tezalipu,,15061.9
5b97f2375612b30001acc4c9,5edca29654fe059801608fc0,48,receiver,family,online,online-family,,family,1656.6
5b97f2375612b30001acc4c9,5edca29654fe059801608fc0,49,sender,family,online,haq-tih-tezalipu-qip-teliqulo-puwirefa-wepitula-pofepilu-zah-peh,qip,,11941.6
5b97f2375612b30001acc4c9,5edca29654fe059801608fc0,50,receiver,travel,credit,credit-travel,,travel,4604.3
5b97f2375612b30001acc4c9,5edca29654fe059801608fc0,51,sender,design,handle,haq-tih-tezalipu-qip-teliqulo-puwirefa-wepitula-pofepilu-zah-peh,puwirefa,,8075.2
5b97f2375612b30001acc4c9,5edca29654fe059801608fc0,52,receiver,number,design,design-number,,number,1834.1
5b97f2375612b30001acc4c9,5edca29654fe059801608fc0,53,sender,handle,credit,haq-tih-tezalipu-qip-teliqulo-puwirefa-wepitula-pofepilu-zah-peh,tezalipu,,9578.8
5b97f2375612b30001acc4c9,5edca29654fe059801608fc0,54,receiver,travel,design,design-travel,,design,5106.8
5b97f2375612b30001acc4c9,5edca29654fe059801608fc0,55,sender,normal,review,haq-tih-tezalipu-qip-teliqulo-puwirefa-wepitula-pofepilu-zah-peh,pofepilu,,7895.8
5b97f2375612b30001acc4c9,5edca29654fe059801608fc0,56,receiver,number,design,number-design,,number,11551.6
5b97f2375612b30001acc4c9,5edca29654fe059801608fc0,57,sender,travel,number,haq-tih-tezalipu-qip-teliqulo-puwirefa-wepitula-pofepilu-zah-peh,tezalipu,,7542
5b97f2375612b30001acc4c9,5edca29654fe059801608fc0,58,receiver,review,design,review-design,,review,9613.5
5b97f2375612b30001acc4c9,5edca29654fe059801608fc0,59,sender,window,online,haq-tih-tezalipu-qip-teliqulo-puwirefa-wepitula-pofepilu-zah-peh,wepitula,,3478.3
5b97f2375612b30001acc4c9,5edca29654fe059801608fc0,60,receiver,window,normal,window-normal,,window,5134.1
5b97f2375612b30001acc4c9,5edca29654fe059801608fc0,61,sender,review,online,haq-tih-tezalipu-qip-teliqulo-puwirefa-wepitula-pofepilu-zah-peh,puwirefa,,12430.9
5b97f2375612b30001acc4c9,5edca29654fe059801608fc0,62,receiver,online,credit,credit-online,,online,5217.8
5b97f2375612b30001acc4c9,5edca29654fe059801608fc0,63,sender,window,online,haq-tih-tezalipu-qip-teliqulo-puwirefa-wepitula-pofepilu-zah-peh,wepitula,,4089.6
5b97f2375612b30001acc4c9,5edca29654fe059801608fc0,64,receiver,handle,credit,credit-handle,,handle,5378.7
5b97f2375612b30001acc4c9,5edca29654fe059801608fc0,65,sender,review,design,haq-tih-tezalipu-qip-teliqulo-puwirefa-wepitula-pofepilu-zah-peh,puwirefa,,4384.3
5b97f2375612b30001acc4c9,5edca29654fe059801608fc0,66,receiver,window,design,design-window,,window,8899.3
5b97f2375612b30001acc4c9,5edca29654fe059801608fc0,67,sender,online,credit,haq-tih-tezalipu-qip-teliqulo-puwirefa-wepitula-pofepilu-zah-peh,qip,,8766
5b97f2375612b30001acc4c9,5edca29654fe059801608fc0,68,receiver,travel,handle,handle-travel,,travel,3410.8
5b97f2375612b30001acc4c9,5edca29654fe059801608fc0,69,sender,review,design,haq-tih-tezalipu-qip-teliqulo-puwirefa-wepitula-pofepilu-zah-peh,puwirefa,,4808.2
5b97f2375612b30001acc4c9,5edca29654fe059801608fc0,70,receiver,window,normal,window-normal,,window,5050.5
5b97f2375612b30001acc4c9,5edca29654fe059801608fc0,71,sender,family,online,haq-tih-tezalipu-qip-teliqulo-puwirefa-wepitula-pofepilu-zah-peh,pofepilu,,5698.5
5b97f2375612b30001acc4c9,5edca29654fe059801608fc0,72,receiver,travel,number,travel-number,,travel,4374.2
5b97f2375612b30001acc4c9,5edca29654fe059801608fc0,73,sender,travel,family,haq-tih-tezalipu-qip-teliqulo-puwirefa-wepitula-pofepilu-zah-peh,pofepilu,,6261
5b97f2375612b30001acc4c9,5edca29654fe059801608fc0,74,receiver,window,family,window-family,,window,2625.3
5b97f2375612b30001acc4c9,5edca29654fe059801608fc0,75,sender,travel,number,haq-tih-tezalipu-qip-teliqulo-puwirefa-wepitula-pofepilu-zah-peh,tezalipu,,5527.1
5b97f2375612b30001acc4c9,5edca29654fe059801608fc0,76,receiver,review,design,design-review,,design,4878.3
5b97f2375612b30001acc4c9,5edca29654fe059801608fc0,77,sender,family,online,haq-tih-tezalipu-qip-teliqulo-puwirefa-wepitula-pofepilu-zah-peh,qip,,20442.6
5b97f2375612b30001acc4c9,5edca29654fe059801608fc0,78,receiver,travel,number,travel-number,,travel,6957.7
5b97f2375612b30001acc4c9,5edca29654fe059801608fc0,79,sender,handle,online,haq-tih-tezalipu-qip-teliqulo-puwirefa-wepitula-pofepilu-zah-peh,peh,,10057.9
5b97f2375612b30001acc4c9,5edca29654fe059801608fc0,80,receiver,normal,family,normal-family,,family,5691.8
5b97f2375612b30001acc4c9,5edca29654fe059801608fc0,81,sender,window,normal,haq-tih-tezalipu-qip-teliqulo-puwirefa-wepitula-pofepilu-zah-peh,wepitula,,3421
5b97f2375612b30001acc4c9,5edca29654fe059801608fc0,82,receiver,review,design,design-review,,review,3663.5
5b97f2375612b30001acc4c9,5edca29654fe059801608fc0,83,sender,travel,number,haq-tih-tezalipu-qip-teliqulo-puwirefa-wepitula-pofepilu-zah-peh,tih,,5083.6
5b97f2375612b30001acc4c9,5edca29654fe059801608fc0,84,receiver,family,credit,family-credit,,family,9981.4
5b97f2375612b30001acc4c9,5edca29654fe059801608fc0,85,sender,family,handle,haq-tih-tezalipu-qip-teliqulo-puwirefa-wepitula-pofepilu-zah-peh,pofepilu,,4476
5b97f2375612b30001acc4c9,5edca29654fe059801608fc0,86,receiver,window,review,window-review,,window,3943.7
5b97f2375612b30001acc4c9,5edca29654fe059801608fc0,87,sender,window,review,haq-tih-tezalipu-qip-teliqulo-puwirefa-wepitula-pofepilu-zah-peh,wepitula,,4106.3
5b97f2375612b30001acc4c9,5edca29654fe059801608fc0,88,receiver,handle,online,handle-online,,handle,3817.9
5b97f2375612b30001acc4c9,5edca29654fe059801608fc0,89,sender,window,number,haq-tih-tezalipu-qip-teliqulo-puwirefa-wepitula-pofepilu-zah-peh,wepitula,,7828.5
5b97f2375612b30001acc4c9,5edca29654fe059801608fc0,90,receiver,normal,online,online-normal,,normal,7276
5b97f2375612b30001acc4c9,5edca29654fe059801608fc0,91,sender,review,credit,haq-tih-tezalipu-qip-teliqulo-puwirefa-wepitula-pofepilu-zah-peh,puwirefa,,5767.7
5b97f2375612b30001acc4c9,5edca29654fe059801608fc0,92,receiver,window,normal,normal-window,,window,1956.5
5b97f2375612b30001acc4c9,5edca29654fe059801608fc0,93,sender,travel,review,haq-tih-tezalipu-qip-teliqulo-puwirefa-wepitula-pofepilu-zah-peh,tezalipu,,5413.8
5b97f2375612b30001acc4c9,5edca29654fe059801608fc0,94,receiver,design,online,design-online,,design,3874
5b97f2375612b30001acc4c9,5edca29654fe059801608fc0,95,sender,review,design,haq-tih-tezalipu-qip-teliqulo-puwirefa-wepitula-pofepilu-zah-peh,puwirefa,,5026.8
5b97f2375612b30001acc4c9,5edca29654fe059801608fc0,96,receiver,number,review,number-review,,number,5031
5b97f2375612b30001acc4c9,5edca29654fe059801608fc0,97,sender,review,handle,haq-tih-tezalipu-qip-teliqulo-puwirefa-wepitula-pofepilu-zah-peh,tezalipu,,6728.9
5b97f2375612b30001acc4c9,5edca29654fe059801608fc0,98,receiver,design,family,design-family,,design,4277.8
5b97f2375612b30001acc4c9,5edca29654fe059801608fc0,99,sender,review,family,haq-tih-tezalipu-qip-teliqulo-puwirefa-wepitula-pofepilu-zah-peh,puwirefa,,8633.9
5b97f2375612b30001acc4c9,5edca29654fe059801608fc0,100,receiver,travel,online,online-travel,,online,9857.9
5b97f2375612b30001acc4c9,5edca29654fe059801608fc0,101,sender,window,normal,haq-tih-tezalipu-qip-teliqulo-puwirefa-wepitula-pofepilu-zah-peh,wepitula,,3139.6
5b97f2375612b30001acc4c9,5edca29654fe059801608fc0,102,receiver,window,handle,handle-window,,window,4379.8
5b97f2375612b30001acc4c9,5edca29654fe059801608fc0,103,sender,number,credit,haq-tih-tezalipu-qip-teliqulo-puwirefa-wepitula-pofepilu-zah-peh,haq,,8727.6
5b97f2375612b30001acc4c9,5edca29654fe059801608fc0,104,receiver,window,travel,travel-window,,window,2222.7
5b97f2375612b30001acc4c9,5edca29654fe059801608fc0,105,sender,design,family,haq-tih-tezalipu-qip-teliqulo-puwirefa-wepitula-pofepilu-zah-peh,tih,,8424.1
5b97f2375612b30001acc4c9,5edca29654fe059801608fc0,106,receiver,window,number,number-window,,window,1177.7
5b97f2375612b30001acc4c9,5edca29654fe059801608fc0,107,sender,online,credit,haq-tih-tezalipu-qip-teliqulo-puwirefa-wepitula-pofepilu-zah-peh,qip,,4804.4
5b97f2375612b30001acc4c9,5edca29654fe059801608fc0,108,receiver,normal,number,number-normal,,normal,10692.8
5b97f2375612b30001acc4c9,5edca29654fe059801608fc0,109,sender,handle,credit,haq-tih-tezalipu-qip-teliqulo-puwirefa-wepitula-pofepilu-zah-peh,teliqulo,,9431.1
5b97f2375612b30001acc4c9,5edca29654fe059801608fc0,110,receiver,travel,number,travel-number,,travel,5510.1
5b97f2375612b30001acc4c9,5edca29654fe059801608fc0,111,sender,family,online,haq-tih-tezalipu-qip-teliqulo-puwirefa-wepitula-pofepilu-zah-peh,pofepilu,,4654.8
5b97f2375612b30001acc4c9,5edca29654fe059801608fc0,112,receiver,normal,design,design-normal,,design,5091.5
5b97f2375612b30001acc4c9,5edca29654fe059801608fc0,113,sender,travel,number,haq-tih-tezalipu-qip-teliqulo-puwirefa-wepitula-pofepilu-zah-peh,tezalipu,,5995.7
5b97f2375612b30001acc4c9,5edca29654fe059801608fc0,114,receiver,normal,travel,normal-travel,,travel,5953.4
5b97f2375612b30001acc4c9,5edca29654fe059801608fc0,115,sender,window,handle,haq-tih-tezalipu-qip-teliqulo-puwirefa-wepitula-pofepilu-zah-peh,wepitula,,2780.4
5b97f2375612b30001acc4c9,5edca29654fe059801608fc0,116,receiver,online,credit,credit-online,,online,8216.8
5b97f2375612b30001acc4c9,5edca29654fe059801608fc0,117,sender,window,credit,haq-tih-tezalipu-qip-teliqulo-puwirefa-wepitula-pofepilu-zah-peh,wepitula,,2458.6
5b97f2375612b30001acc4c9,5edca29654fe059801608fc0,118,receiver,review,design,review-design,,review,6762.7
5b97f2375612b30001acc4c9,5edca29654fe059801608fc0,119,sender,normal,credit,haq-tih-tezalipu-qip-teliqulo-puwirefa-wepitula-pofepilu-zah-peh,pofepilu,,9275.2
5b97f2375612b30001acc4c9,5edca29654fe059801608fc0,120,receiver,travel,number,number-travel,,travel,5813
5b97f2375612b30001acc4c9,5edca29654fe059801608fc0,121,sender,window,normal,haq-tih-tezalipu-qip-teliqulo-puwirefa-wepitula-pofepilu-zah-peh,wepitula,,2970.9
5b97f2375612b30001acc4c9,5edca29654fe059801608fc0,122,receiver,review,handle,review-handle,,review,4220.9
5b97f2375612b30001acc4c9,5edca29654fe059801608fc0,123,sender,number,handle,haq-tih-tezalipu-qip-teliqulo-puwirefa-wepitula-pofepilu-zah-peh,haq,,6710.9
5b97f2375612b30001acc4c9,5edca29654fe059801608fc0,124,receiver,handle,online,handle-online,,handle,5003.6
5b97f2375612b30001acc4c9,5edca29654fe059801608fc0,125,sender,normal,credit,haq-tih-tezalipu-qip-teliqulo-puwirefa-wepitula-pofepilu-zah-peh,pofepilu,,4486.9
5b97f2375612b30001acc4c9,5edca29654fe059801608fc0,126,receiver,travel,credit,travel-credit,,travel,6400.7
5b97f2375612b30001acc4c9,5edca29654fe059801608fc0,127,sender,window,normal,haq-tih-tezalipu-qip-teliqulo-puwirefa-wepitula-pofepilu-zah-peh,wepitula,,4714
5b97f2375612b30001acc4c9,5edca29654fe059801608fc0,128,receiver,design,credit,design-credit,,credit,1805.5
5b97f2375612b30001acc4c9,5edca29654fe059801608fc0,129,sender,normal,design,haq-tih-tezalipu-qip-teliqulo-puwirefa-wepitula-pofepilu-zah-peh,pofepilu,,12408.7
5b97f2375612b30001acc4c9,5edca29654fe059801608fc0,130,receiver,design,credit,design-credit,,design,3531.3
5b97f2375612b30001acc4c9,5edca29654fe059801608fc0,131,sender,travel,handle,haq-tih-tezalipu-qip-teliqulo-puwirefa-wepitula-pofepilu-zah-peh,peh,,6293.9
5b97f2375612b30001acc4c9,5edca29654fe059801608fc0,132,receiver,number,review,number-review,,number,1927.3
5b97f2375612b30001acc4c9,5edca29654fe059801608fc0,133,sender,review,family,haq-tih-tezalipu-qip-teliqulo-puwirefa-wepitula-pofepilu-zah-peh,puwirefa,,5323.1
5b97f2375612b30001acc4c9,5edca29654fe059801608fc0,134,receiver,travel,online,online-travel,,travel,4103.2
5b97f2375612b30001acc4c9,5edca29654fe059801608fc0,135,sender,review,online,haq-tih-tezalipu-qip-teliqulo-puwirefa-wepitula-pofepilu-zah-peh,pofepilu,,7290.6