participant_id, partner_id, trial_index, trial_type, target_meaning, foil_meaning,             choices, signal_selected, meaning_guess, rt
5edca29654fe059801608fc0,5b97f2375612b30001acc4c9,1,receiver,family,credit,family-credit,,credit,4681.9
5edca29654fe059801608fc0,5b97f2375612b30001acc4c9,2,sender,review,design,haq-tih-tezalipu-qip-teliqulo-puwirefa-wepitula-pofepilu-zah-peh,teliqulo,,4802.7
5edca29654fe059801608fc0,5b97f2375612b30001acc4c9,3,receiver,window,normal,normal-window,,window,2131.2
5edca29654fe059801608fc0,5b97f2375612b30001acc4c9,4,sender,family,handle,haq-tih-tezalipu-qip-teliqulo-puwirefa-wepitula-pofepilu-zah-peh,pofepilu,,5356.5
5edca29654fe059801608fc0,5b97f2375612b30001acc4c9,5,receiver,travel,review,travel-review,,travel,1840.1
5edca29654fe059801608fc0,5b97f2375612b30001acc4c9,6,sender,family,credit,haq-tih-tezalipu-qip-teliqulo-puwirefa-wepitula-pofepilu-zah-peh,pofepilu,,5358.4
5edca29654fe059801608fc0,5b97f2375612b30001acc4c9,7,receiver,window,design,window-design,,window,1809.8
5edca29654fe059801608fc0,5b97f2375612b30001acc4c9,8,sender,normal,review,haq-tih-tezalipu-qip-teliqulo-puwirefa-wepitula-pofepilu-zah-peh,puwirefa,,4667.2
5edca29654fe059801608fc0,5b97f2375612b30001acc4c9,9,receiver,family,handle,family-handle,,family,1658.8
5edca29654fe059801608fc0,5b97f2375612b30001acc4c9,10,sender,window,credit,haq-tih-tezalipu-qip-teliqulo-puwirefa-wepitula-pofepilu-zah-peh,wepitula,,3184
5edca29654fe059801608fc0,5b97f2375612b30001acc4c9,11,receiver,handle,credit,credit-handle,,credit,3037.8
5edca29654fe059801608fc0,5b97f2375612b30001acc4c9,12,sender,handle,online,haq-tih-tezalipu-qip-teliqulo-puwirefa-wepitula-pofepilu-zah-peh,tezalipu,,5192.5
5edca29654fe059801608fc0,5b97f2375612b30001acc4c9,13,receiver,handle,credit,credit-handle,,credit,8274.6
5edca29654fe059801608fc0,5b97f2375612b30001acc4c9,14,sender,normal,online,haq-tih-tezalipu-qip-teliqulo-puwirefa-wepitula-pofepilu-zah-peh,tezalipu,,4929
5edca29654fe059801608fc0,5b97f2375612b30001acc4c9,15,receiver,normal,handle,normal-handle,,handle,3693.8
5edca29654fe059801608fc0,5b97f2375612b30001acc4c9,16,sender,window,travel,haq-tih-tezalipu-qip-teliqulo-puwirefa-wepitula-pofepilu-zah-peh,wepitula,,2315.3
5edca29654fe059801608fc0,5b97f2375612b30001acc4c9,17,receiver,window,normal,normal-window,,window,3310.1
5edca29654fe059801608fc0,5b97f2375612b30001acc4c9,18,sender,number,online,haq-tih-tezalipu-qip-teliqulo-puwirefa-wepitula-pofepilu-zah-peh,haq,,7738.2
5edca29654fe059801608fc0,5b97f2375612b30001acc4c9,19,receiver,window,normal,window-normal,,window,2143.5
5edca29654fe059801608fc0,5b97f2375612b30001acc4c9,20,sender,normal,handle,haq-tih-tezalipu-qip-teliqulo-puwirefa-wepitula-pofepilu-zah-peh,wepitula,,9282.6
5edca29654fe059801608fc0,5b97f2375612b30001acc4c9,21,receiver,review,design,design-review,,review,6589.1
5edca29654fe059801608fc0,5b97f2375612b30001acc4c9,22,sender,travel,number,haq-tih-tezalipu-qip-teliqulo-puwirefa-wepitula-pofepilu-zah-peh,pofepilu,,10435
5edca29654fe059801608fc0,5b97f2375612b30001acc4c9,23,receiver,review,credit,credit-review,,credit,3599.6
5edca29654fe059801608fc0,5b97f2375612b30001acc4c9,24,sender,normal,family,haq-tih-tezalipu-qip-teliqulo-puwirefa-wepitula-pofepilu-zah-peh,pofepilu,,5373.7
5edca29654fe059801608fc0,5b97f2375612b30001acc4c9,25,receiver,number,credit,number-credit,,number,4507.7
5edca29654fe059801608fc0,5b97f2375612b30001acc4c9,26,sender,review,design,haq-tih-tezalipu-qip-teliqulo-puwirefa-wepitula-pofepilu-zah-peh,puwirefa,,3995.8
5edca29654fe059801608fc0,5b97f2375612b30001acc4c9,27,receiver,online,credit,credit-online,,online,5346.9
5edca29654fe059801608fc0,5b97f2375612b30001acc4c9,28,sender,travel,design,haq-tih-tezalipu-qip-teliqulo-puwirefa-wepitula-pofepilu-zah-peh,teliqulo,,5415.4
5edca29654fe059801608fc0,5b97f2375612b30001acc4c9,29,receiver,travel,number,travel-number,,travel,3432.7
5edca29654fe059801608fc0,5b97f2375612b30001acc4c9,30,sender,normal,number,haq-tih-tezalipu-qip-teliqulo-puwirefa-wepitula-pofepilu-zah-peh,peh,,9183.2
5edca29654fe059801608fc0,5b97f2375612b30001acc4c9,31,receiver,window,normal,window-normal,,window,4100.8
5edca29654fe059801608fc0,5b97f2375612b30001acc4c9,32,sender,travel,family,haq-tih-tezalipu-qip-teliqulo-puwirefa-wepitula-pofepilu-zah-peh,tezalipu,,8593.2
5edca29654fe059801608fc0,5b97f2375612b30001acc4c9,33,receiver,design,handle,handle-design,,handle,4351.7
5edca29654fe059801608fc0,5b97f2375612b30001acc4c9,34,sender,number,family,haq-tih-tezalipu-qip-teliqulo-puwirefa-wepitula-pofepilu-zah-peh,haq,,9794.5
5edca29654fe059801608fc0,5b97f2375612b30001acc4c9,35,receiver,number,handle,number-handle,,number,3123.3
5edca29654fe059801608fc0,5b97f2375612b30001acc4c9,36,sender,design,online,haq-tih-tezalipu-qip-teliqulo-puwirefa-wepitula-pofepilu-zah-peh,tih,,4733.9
5edca29654fe059801608fc0,5b97f2375612b30001acc4c9,37,receiver,family,handle,handle-family,,handle,7314.6
5edca29654fe059801608fc0,5b97f2375612b30001acc4c9,38,sender,family,credit,haq-tih-tezalipu-qip-teliqulo-puwirefa-wepitula-pofepilu-zah-peh,pofepilu,,5711.6
5edca29654fe059801608fc0,5b97f2375612b30001acc4c9,39,receiver,window,family,family-window,,window,3369.7
5edca29654fe059801608fc0,5b97f2375612b30001acc4c9,40,sender,number,online,haq-tih-tezalipu-qip-teliqulo-puwirefa-wepitula-pofepilu-zah-peh,haq,,5965.9
5edca29654fe059801608fc0,5b97f2375612b30001acc4c9,41,receiver,normal,travel,normal-travel,,travel,7879.6
5edca29654fe059801608fc0,5b97f2375612b30001acc4c9,42,sender,handle,online,haq-tih-tezalipu-qip-teliqulo-puwirefa-wepitula-pofepilu-zah-peh,peh,,6371.5
5edca29654fe059801608fc0,5b97f2375612b30001acc4c9,43,receiver,family,credit,credit-family,,family,6786.8
5edca29654fe059801608fc0,5b97f2375612b30001acc4c9,44,sender,number,family,haq-tih-tezalipu-qip-teliqulo-puwirefa-wepitula-pofepilu-zah-peh,haq,,4267
5edca29654fe059801608fc0,5b97f2375612b30001acc4c9,45,receiver,review,design,review-design,,review,5934.5
5edca29654fe059801608fc0,5b97f2375612b30001acc4c9,46,sender,travel,number,haq-tih-tezalipu-qip-teliqulo-puwirefa-wepitula-pofepilu-zah-peh,tezalipu,,7659.6
5edca29654fe059801608fc0,5b97f2375612b30001acc4c9,47,receiver,family,handle,handle-family,,family,3503.4
5edca29654fe059801608fc0,5b97f2375612b30001acc4c9,48,sender,family,online,haq-tih-tezalipu-qip-teliqulo-puwirefa-wepitula-pofepilu-zah-peh,tezalipu,,3626.8
5edca29654fe059801608fc0,5b97f2375612b30001acc4c9,49,receiver,family,online,online-family,,online,3838.4
5edca29654fe059801608fc0,5b97f2375612b30001acc4c9,50,sender,travel,credit,haq-tih-tezalipu-qip-teliqulo-puwirefa-wepitula-pofepilu-zah-peh,puwirefa,,8246.4
5edca29654fe059801608fc0,5b97f2375612b30001acc4c9,51,receiver,design,handle,design-handle,,design,8339.9
5edca29654fe059801608fc0,5b97f2375612b30001acc4c9,52,sender,number,design,haq-tih-tezalipu-qip-teliqulo-puwirefa-wepitula-pofepilu-zah-peh,haq,,7783.1
5edca29654fe059801608fc0,5b97f2375612b30001acc4c9,53,receiver,handle,credit,handle-credit,,credit,8508
5edca29654fe059801608fc0,5b97f2375612b30001acc4c9,54,sender,travel,design,haq-tih-tezalipu-qip-teliqulo-puwirefa-wepitula-pofepilu-zah-peh,tih,,6370.3
5edca29654fe059801608fc0,5b97f2375612b30001acc4c9,55,receiver,normal,review,review-normal,,normal,4090.8
5edca29654fe059801608fc0,5b97f2375612b30001acc4c9,56,sender,number,design,haq-tih-tezalipu-qip-teliqulo-puwirefa-wepitula-pofepilu-zah-peh,haq,,3486.8
5edca29654fe059801608fc0,5b97f2375612b30001acc4c9,57,receiver,travel,number,number-travel,,travel,5186.4
5edca29654fe059801608fc0,5b97f2375612b30001acc4c9,58,sender,review,design,haq-tih-tezalipu-qip-teliqulo-puwirefa-wepitula-pofepilu-zah-peh,puwirefa,,9172.2
5edca29654fe059801608fc0,5b97f2375612b30001acc4c9,59,receiver,window,online,online-window,,window,2279.8
5edca29654fe059801608fc0,5b97f2375612b30001acc4c9,60,sender,window,normal,haq-tih-tezalipu-qip-teliqulo-puwirefa-wepitula-pofepilu-zah-peh,wepitula,,1914.5
5edca29654fe059801608fc0,5b97f2375612b30001acc4c9,61,receiver,review,online,review-online,,review,3306.6
5edca29654fe059801608fc0,5b97f2375612b30001acc4c9,62,sender,online,credit,haq-tih-tezalipu-qip-teliqulo-puwirefa-wepitula-pofepilu-zah-peh,qip,,5416
5edca29654fe059801608fc0,5b97f2375612b30001acc4c9,63,receiver,window,online,window-online,,window,2745.8
5edca29654fe059801608fc0,5b97f2375612b30001acc4c9,64,sender,handle,credit,haq-tih-tezalipu-qip-teliqulo-puwirefa-wepitula-pofepilu-zah-peh,peh,,4436.5
5edca29654fe059801608fc0,5b97f2375612b30001acc4c9,65,receiver,review,design,design-review,,design,7036.3
5edca29654fe059801608fc0,5b97f2375612b30001acc4c9,66,sender,window,design,haq-tih-tezalipu-qip-teliqulo-puwirefa-wepitula-pofepilu-zah-peh,wepitula,,3360.8
5edca29654fe059801608fc0,5b97f2375612b30001acc4c9,67,receiver,online,credit,online-credit,,online,4975.4
5edca29654fe059801608fc0,5b97f2375612b30001acc4c9,68,sender,travel,handle,haq-tih-tezalipu-qip-teliqulo-puwirefa-wepitula-pofepilu-zah-peh,tezalipu,,7225.2
5edca29654fe059801608fc0,5b97f2375612b30001acc4c9,69,receiver,review,design,review-design,,review,2591.8
5edca29654fe059801608fc0,5b97f2375612b30001acc4c9,70,sender,window,normal,haq-tih-tezalipu-qip-teliqulo-puwirefa-wepitula-pofepilu-zah-peh,wepitula,,2312
5edca29654fe059801608fc0,5b97f2375612b30001acc4c9,71,receiver,family,online,online-family,,family,4683.7
5edca29654fe059801608fc0,5b97f2375612b30001acc4c9,72,sender,travel,number,haq-tih-tezalipu-qip-teliqulo-puwirefa-wepitula-pofepilu-zah-peh,tezalipu,,7723.5
5edca29654fe059801608fc0,5b97f2375612b30001acc4c9,73,receiver,travel,family,family-travel,,family,3723.4
5edca29654fe059801608fc0,5b97f2375612b30001acc4c9,74,sender,window,family,haq-tih-tezalipu-qip-teliqulo-puwirefa-wepitula-pofepilu-zah-peh,wepitula,,2114.5
5edca29654fe059801608fc0,5b97f2375612b30001acc4c9,75,receiver,travel,number,travel-number,,travel,4229.8
5edca29654fe059801608fc0,5b97f2375612b30001acc4c9,76,sender,review,design,haq-tih-tezalipu-qip-teliqulo-puwirefa-wepitula-pofepilu-zah-peh,puwirefa,,6853.4
5edca29654fe059801608fc0,5b97f2375612b30001acc4c9,77,receiver,family,online,online-family,,online,4162.8
5edca29654fe059801608fc0,5b97f2375612b30001acc4c9,78,sender,travel,number,haq-tih-tezalipu-qip-teliqulo-puwirefa-wepitula-pofepilu-zah-peh,tezalipu,,4417.8
5edca29654fe059801608fc0,5b97f2375612b30001acc4c9,79,receiver,handle,online,online-handle,,handle,5043.9
5edca29654fe059801608fc0,5b97f2375612b30001acc4c9,80,sender,normal,family,haq-tih-tezalipu-qip-teliqulo-puwirefa-wepitula-pofepilu-zah-peh,puwirefa,,5905.1
5edca29654fe059801608fc0,5b97f2375612b30001acc4c9,81,receiver,window,normal,window-normal,,window,2712.4
5edca29654fe059801608fc0,5b97f2375612b30001acc4c9,82,sender,review,design,haq-tih-tezalipu-qip-teliqulo-puwirefa-wepitula-pofepilu-zah-peh,puwirefa,,3465
5edca29654fe059801608fc0,5b97f2375612b30001acc4c9,83,receiver,travel,number,number-travel,,number,12882.7
5edca29654fe059801608fc0,5b97f2375612b30001acc4c9,84,sender,family,credit,haq-tih-tezalipu-qip-teliqulo-puwirefa-wepitula-pofepilu-zah-peh,tezalipu,,5369.7
5edca29654fe059801608fc0,5b97f2375612b30001acc4c9,85,receiver,family,handle,handle-family,,family,5557.8
5edca29654fe059801608fc0,5b97f2375612b30001acc4c9,86,sender,window,review,haq-tih-tezalipu-qip-teliqulo-puwirefa-wepitula-pofepilu-zah-peh,wepitula,,2641.9
5edca29654fe059801608fc0,5b97f2375612b30001acc4c9,87,receiver,window,review,review-window,,window,1646.4
5edca29654fe059801608fc0,5b97f2375612b30001acc4c9,88,sender,handle,online,haq-tih-tezalipu-qip-teliqulo-puwirefa-wepitula-pofepilu-zah-peh,peh,,5228.5
5edca29654fe059801608fc0,5b97f2375612b30001acc4c9,89,receiver,window,number,number-window,,window,2086.9
5edca29654fe059801608fc0,5b97f2375612b30001acc4c9,90,sender,normal,online,haq-tih-tezalipu-qip-teliqulo-puwirefa-wepitula-pofepilu-zah-peh,puwirefa,,5378.3
5edca29654fe059801608fc0,5b97f2375612b30001acc4c9,91,receiver,review,credit,credit-review,,review,4240
5edca29654fe059801608fc0,5b97f2375612b30001acc4c9,92,sender,window,normal,haq-tih-tezalipu-qip-teliqulo-puwirefa-wepitula-pofepilu-zah-peh,wepitula,,1483.2
5edca29654fe059801608fc0,5b97f2375612b30001acc4c9,93,receiver,travel,review,travel-review,,travel,3692.3
5edca29654fe059801608fc0,5b97f2375612b30001acc4c9,94,sender,design,online,haq-tih-tezalipu-qip-teliqulo-puwirefa-wepitula-pofepilu-zah-peh,tih,,4496.1
5edca29654fe059801608fc0,5b97f2375612b30001acc4c9,95,receiver,review,design,review-design,,review,4702.2
5edca29654fe059801608fc0,5b97f2375612b30001acc4c9,96,sender,number,review,haq-tih-tezalipu-qip-teliqulo-puwirefa-wepitula-pofepilu-zah-peh,haq,,3432.5
5edca29654fe059801608fc0,5b97f2375612b30001acc4c9,97,receiver,review,handle,review-handle,,review,9304.8
5edca29654fe059801608fc0,5b97f2375612b30001acc4c9,98,sender,design,family,haq-tih-tezalipu-qip-teliqulo-puwirefa-wepitula-pofepilu-zah-peh,tih,,5045.8
5edca29654fe059801608fc0,5b97f2375612b30001acc4c9,99,receiver,review,family,family-review,,review,3016.3
5edca29654fe059801608fc0,5b97f2375612b30001acc4c9,100,sender,travel,online,haq-tih-tezalipu-qip-teliqulo-puwirefa-wepitula-pofepilu-zah-peh,puwirefa,,6553.6
5edca29654fe059801608fc0,5b97f2375612b30001acc4c9,101,receiver,window,normal,window-normal,,window,2193.1
5edca29654fe059801608fc0,5b97f2375612b30001acc4c9,102,sender,window,handle,haq-tih-tezalipu-qip-teliqulo-puwirefa-wepitula-pofepilu-zah-peh,wepitula,,1291.6
5edca29654fe059801608fc0,5b97f2375612b30001acc4c9,103,receiver,number,credit,credit-number,,number,3270.7
5edca29654fe059801608fc0,5b97f2375612b30001acc4c9,104,sender,window,travel,haq-tih-tezalipu-qip-teliqulo-puwirefa-wepitula-pofepilu-zah-peh,wepitula,,2261.4
5edca29654fe059801608fc0,5b97f2375612b30001acc4c9,105,receiver,design,family,family-design,,design,4469.4
5edca29654fe059801608fc0,5b97f2375612b30001acc4c9,106,sender,window,number,haq-tih-tezalipu-qip-teliqulo-puwirefa-wepitula-pofepilu-zah-peh,wepitula,,3224.2
5edca29654fe059801608fc0,5b97f2375612b30001acc4c9,107,receiver,online,credit,credit-online,,online,2594.7
5edca29654fe059801608fc0,5b97f2375612b30001acc4c9,108,sender,normal,number,haq-tih-tezalipu-qip-teliqulo-puwirefa-wepitula-pofepilu-zah-peh,puwirefa,,6076.9
5edca29654fe059801608fc0,5b97f2375612b30001acc4c9,109,receiver,handle,credit,credit-handle,,handle,10493.2
5edca29654fe059801608fc0,5b97f2375612b30001acc4c9,110,sender,travel,number,haq-tih-tezalipu-qip-teliqulo-puwirefa-wepitula-pofepilu-zah-peh,teliqulo,,4922
5edca29654fe059801608fc0,5b97f2375612b30001acc4c9,111,receiver,family,online,family-online,,family,4826.8
5edca29654fe059801608fc0,5b97f2375612b30001acc4c9,112,sender,normal,design,haq-tih-tezalipu-qip-teliqulo-puwirefa-wepitula-pofepilu-zah-peh,puwirefa,,6732
5edca29654fe059801608fc0,5b97f2375612b30001acc4c9,113,receiver,travel,number,travel-number,,travel,7095.6
5edca29654fe059801608fc0,5b97f2375612b30001acc4c9,114,sender,normal,travel,haq-tih-tezalipu-qip-teliqulo-puwirefa-wepitula-pofepilu-zah-peh,puwirefa,,3948.4
5edca29654fe059801608fc0,5b97f2375612b30001acc4c9,115,receiver,window,handle,window-handle,,window,2050.7
5edca29654fe059801608fc0,5b97f2375612b30001acc4c9,116,sender,online,credit,haq-tih-tezalipu-qip-teliqulo-puwirefa-wepitula-pofepilu-zah-peh,qip,,4534.1
5edca29654fe059801608fc0,5b97f2375612b30001acc4c9,117,receiver,window,credit,credit-window,,window,1423.4
5edca29654fe059801608fc0,5b97f2375612b30001acc4c9,118,sender,review,design,haq-tih-tezalipu-qip-teliqulo-puwirefa-wepitula-pofepilu-zah-peh,puwirefa,,3630.7
5edca29654fe059801608fc0,5b97f2375612b30001acc4c9,119,receiver,normal,credit,credit-normal,,normal,5695
5edca29654fe059801608fc0,5b97f2375612b30001acc4c9,120,sender,travel,number,haq-tih-tezalipu-qip-teliqulo-puwirefa-wepitula-pofepilu-zah-peh,teliqulo,,5264.9
5edca29654fe059801608fc0,5b97f2375612b30001acc4c9,121,receiver,window,normal,window-normal,,window,1728.3
5edca29654fe059801608fc0,5b97f2375612b30001acc4c9,122,sender,review,handle,haq-tih-tezalipu-qip-teliqulo-puwirefa-wepitula-pofepilu-zah-peh,puwirefa,,3214.1
5edca29654fe059801608fc0,5b97f2375612b30001acc4c9,123,receiver,number,handle,handle-number,,number,2658.7
5edca29654fe059801608fc0,5b97f2375612b30001acc4c9,124,sender,handle,online,haq-tih-tezalipu-qip-teliqulo-puwirefa-wepitula-pofepilu-zah-peh,peh,,3710.4
5edca29654fe059801608fc0,5b97f2375612b30001acc4c9,125,receiver,normal,credit,credit-normal,,normal,4303.5
5edca29654fe059801608fc0,5b97f2375612b30001acc4c9,126,sender,travel,credit,haq-tih-tezalipu-qip-teliqulo-puwirefa-wepitula-pofepilu-zah-peh,tih,,4825.7
5edca29654fe059801608fc0,5b97f2375612b30001acc4c9,127,receiver,window,normal,window-normal,,window,2020
5edca29654fe059801608fc0,5b97f2375612b30001acc4c9,128,sender,design,credit,haq-tih-tezalipu-qip-teliqulo-puwirefa-wepitula-pofepilu-zah-peh,tih,,3663.6
5edca29654fe059801608fc0,5b97f2375612b30001acc4c9,129,receiver,normal,design,design-normal,,design,5428.3
5edca29654fe059801608fc0,5b97f2375612b30001acc4c9,130,sender,design,credit,haq-tih-tezalipu-qip-teliqulo-puwirefa-wepitula-pofepilu-zah-peh,tih,,4396.4
5edca29654fe059801608fc0,5b97f2375612b30001acc4c9,131,receiver,travel,handle,handle-travel,,handle,5260
5edca29654fe059801608fc0,5b97f2375612b30001acc4c9,132,sender,number,review,haq-tih-tezalipu-qip-teliqulo-puwirefa-wepitula-pofepilu-zah-peh,haq,,7081
5edca29654fe059801608fc0,5b97f2375612b30001acc4c9,133,receiver,review,family,review-family,,review,2653.9
5edca29654fe059801608fc0,5b97f2375612b30001acc4c9,134,sender,travel,online,haq-tih-tezalipu-qip-teliqulo-puwirefa-wepitula-pofepilu-zah-peh,tih,,3884.8
5edca29654fe059801608fc0,5b97f2375612b30001acc4c9,135,receiver,review,online,review-online,,online,8304.7