participant_id, partner_id, trial_index, trial_type, target_meaning, foil_meaning,             choices, signal_selected, meaning_guess, rt
55e356dac70c7a00052a57ec,60e02be4699a3f5cbe314e99,1,receiver,second,coffee,coffee-second,,second,2625.1
55e356dac70c7a00052a57ec,60e02be4699a3f5cbe314e99,2,sender,credit,review,nidaweli-kuh-peh-qip-tezalipu-saqotiwe-meh-puwirefa-hix-lehaqifu,tezalipu,,4962
55e356dac70c7a00052a57ec,60e02be4699a3f5cbe314e99,3,receiver,family,handle,handle-family,,family,2157.8
55e356dac70c7a00052a57ec,60e02be4699a3f5cbe314e99,4,sender,handle,course,nidaweli-kuh-peh-qip-tezalipu-saqotiwe-meh-puwirefa-hix-lehaqifu,kuh,,6896.5
55e356dac70c7a00052a57ec,60e02be4699a3f5cbe314e99,5,receiver,system,course,course-system,,system,3142.4
55e356dac70c7a00052a57ec,60e02be4699a3f5cbe314e99,6,sender,number,normal,nidaweli-kuh-peh-qip-tezalipu-saqotiwe-meh-puwirefa-hix-lehaqifu,tezalipu,,5862
55e356dac70c7a00052a57ec,60e02be4699a3f5cbe314e99,7,receiver,second,course,course-second,,second,2006.5
55e356dac70c7a00052a57ec,60e02be4699a3f5cbe314e99,8,sender,system,coffee,nidaweli-kuh-peh-qip-tezalipu-saqotiwe-meh-puwirefa-hix-lehaqifu,qip,,5005.4
55e356dac70c7a00052a57ec,60e02be4699a3f5cbe314e99,9,receiver,system,second,system-second,,system,2317.6
55e356dac70c7a00052a57ec,60e02be4699a3f5cbe314e99,10,sender,system,family,nidaweli-kuh-peh-qip-tezalipu-saqotiwe-meh-puwirefa-hix-lehaqifu,hix,,4647.1
55e356dac70c7a00052a57ec,60e02be4699a3f5cbe314e99,11,receiver,review,handle,review-handle,,handle,2986.8
55e356dac70c7a00052a57ec,60e02be4699a3f5cbe314e99,12,sender,credit,handle,nidaweli-kuh-peh-qip-tezalipu-saqotiwe-meh-puwirefa-hix-lehaqifu,meh,,8751.6
55e356dac70c7a00052a57ec,60e02be4699a3f5cbe314e99,13,receiver,system,second,system-second,,system,2472.7
55e356dac70c7a00052a57ec,60e02be4699a3f5cbe314e99,14,sender,system,normal,nidaweli-kuh-peh-qip-tezalipu-saqotiwe-meh-puwirefa-hix-lehaqifu,puwirefa,,3963.5
55e356dac70c7a00052a57ec,60e02be4699a3f5cbe314e99,15,receiver,credit,handle,handle-credit,,credit,2440.4
55e356dac70c7a00052a57ec,60e02be4699a3f5cbe314e99,16,sender,credit,review,nidaweli-kuh-peh-qip-tezalipu-saqotiwe-meh-puwirefa-hix-lehaqifu,nidaweli,,4448.1
55e356dac70c7a00052a57ec,60e02be4699a3f5cbe314e99,17,receiver,number,credit,number-credit,,number,2122.6
55e356dac70c7a00052a57ec,60e02be4699a3f5cbe314e99,18,sender,number,second,nidaweli-kuh-peh-qip-tezalipu-saqotiwe-meh-puwirefa-hix-lehaqifu,puwirefa,,5169.2
55e356dac70c7a00052a57ec,60e02be4699a3f5cbe314e99,19,receiver,handle,course,course-handle,,handle,2197.8
55e356dac70c7a00052a57ec,60e02be4699a3f5cbe314e99,20,sender,number,family,nidaweli-kuh-peh-qip-tezalipu-saqotiwe-meh-puwirefa-hix-lehaqifu,kuh,,5010.9
55e356dac70c7a00052a57ec,60e02be4699a3f5cbe314e99,21,receiver,credit,review,credit-review,,credit,2707.9
55e356dac70c7a00052a57ec,60e02be4699a3f5cbe314e99,22,sender,coffee,course,nidaweli-kuh-peh-qip-tezalipu-saqotiwe-meh-puwirefa-hix-lehaqifu,peh,,8538.1
55e356dac70c7a00052a57ec,60e02be4699a3f5cbe314e99,23,receiver,number,review,number-review,,review,3148.1
55e356dac70c7a00052a57ec,60e02be4699a3f5cbe314e99,24,sender,system,review,nidaweli-kuh-peh-qip-tezalipu-saqotiwe-meh-puwirefa-hix-lehaqifu,nidaweli,,7250.8
55e356dac70c7a00052a57ec,60e02be4699a3f5cbe314e99,25,receiver,number,handle,handle-number,,number,3205.4
55e356dac70c7a00052a57ec,60e02be4699a3f5cbe314e99,26,sender,system,credit,nidaweli-kuh-peh-qip-tezalipu-saqotiwe-meh-puwirefa-hix-lehaqifu,tezalipu,,3355.9
55e356dac70c7a00052a57ec,60e02be4699a3f5cbe314e99,27,receiver,system,number,number-system,,system,2247.5
55e356dac70c7a00052a57ec,60e02be4699a3f5cbe314e99,28,sender,system,credit,nidaweli-kuh-peh-qip-tezalipu-saqotiwe-meh-puwirefa-hix-lehaqifu,puwirefa,,4729.1
55e356dac70c7a00052a57ec,60e02be4699a3f5cbe314e99,29,receiver,handle,course,course-handle,,handle,4045.3
55e356dac70c7a00052a57ec,60e02be4699a3f5cbe314e99,30,sender,credit,course,nidaweli-kuh-peh-qip-tezalipu-saqotiwe-meh-puwirefa-hix-lehaqifu,tezalipu,,3192.7
55e356dac70c7a00052a57ec,60e02be4699a3f5cbe314e99,31,receiver,review,handle,review-handle,,review,3694.2
55e356dac70c7a00052a57ec,60e02be4699a3f5cbe314e99,32,sender,second,handle,nidaweli-kuh-peh-qip-tezalipu-saqotiwe-meh-puwirefa-hix-lehaqifu,peh,,5831
55e356dac70c7a00052a57ec,60e02be4699a3f5cbe314e99,33,receiver,coffee,course,course-coffee,,coffee,2552
55e356dac70c7a00052a57ec,60e02be4699a3f5cbe314e99,34,sender,second,handle,nidaweli-kuh-peh-qip-tezalipu-saqotiwe-meh-puwirefa-hix-lehaqifu,lehaqifu,,2912.8
55e356dac70c7a00052a57ec,60e02be4699a3f5cbe314e99,35,receiver,normal,family,normal-family,,family,2052.5
55e356dac70c7a00052a57ec,60e02be4699a3f5cbe314e99,36,sender,system,course,nidaweli-kuh-peh-qip-tezalipu-saqotiwe-meh-puwirefa-hix-lehaqifu,puwirefa,,3852.4
55e356dac70c7a00052a57ec,60e02be4699a3f5cbe314e99,37,receiver,number,normal,number-normal,,number,2296.2
55e356dac70c7a00052a57ec,60e02be4699a3f5cbe314e99,38,sender,coffee,course,nidaweli-kuh-peh-qip-tezalipu-saqotiwe-meh-puwirefa-hix-lehaqifu,qip,,4253
55e356dac70c7a00052a57ec,60e02be4699a3f5cbe314e99,39,receiver,second,course,second-course,,second,2896.3
55e356dac70c7a00052a57ec,60e02be4699a3f5cbe314e99,40,sender,number,family,nidaweli-kuh-peh-qip-tezalipu-saqotiwe-meh-puwirefa-hix-lehaqifu,hix,,3965
55e356dac70c7a00052a57ec,60e02be4699a3f5cbe314e99,41,receiver,number,review,number-review,,number,1536.8
55e356dac70c7a00052a57ec,60e02be4699a3f5cbe314e99,42,sender,system,coffee,nidaweli-kuh-peh-qip-tezalipu-saqotiwe-meh-puwirefa-hix-lehaqifu,nidaweli,,6275.7
55e356dac70c7a00052a57ec,60e02be4699a3f5cbe314e99,43,receiver,second,family,second-family,,second,2273.9
55e356dac70c7a00052a57ec,60e02be4699a3f5cbe314e99,44,sender,number,family,nidaweli-kuh-peh-qip-tezalipu-saqotiwe-meh-puwirefa-hix-lehaqifu,hix,,4881.5
55e356dac70c7a00052a57ec,60e02be4699a3f5cbe314e99,45,receiver,credit,second,second-credit,,credit,2028
55e356dac70c7a00052a57ec,60e02be4699a3f5cbe314e99,46,sender,number,coffee,nidaweli-kuh-peh-qip-tezalipu-saqotiwe-meh-puwirefa-hix-lehaqifu,kuh,,3776.1
55e356dac70c7a00052a57ec,60e02be4699a3f5cbe314e99,47,receiver,normal,coffee,coffee-normal,,coffee,1381.5
55e356dac70c7a00052a57ec,60e02be4699a3f5cbe314e99,48,sender,normal,review,nidaweli-kuh-peh-qip-tezalipu-saqotiwe-meh-puwirefa-hix-lehaqifu,saqotiwe,,3394.2
55e356dac70c7a00052a57ec,60e02be4699a3f5cbe314e99,49,receiver,normal,second,second-normal,,normal,1569.5
55e356dac70c7a00052a57ec,60e02be4699a3f5cbe314e99,50,sender,normal,coffee,nidaweli-kuh-peh-qip-tezalipu-saqotiwe-meh-puwirefa-hix-lehaqifu,meh,,3216.5
55e356dac70c7a00052a57ec,60e02be4699a3f5cbe314e99,51,receiver,review,family,family-review,,family,2896.6
55e356dac70c7a00052a57ec,60e02be4699a3f5cbe314e99,52,sender,coffee,family,nidaweli-kuh-peh-qip-tezalipu-saqotiwe-meh-puwirefa-hix-lehaqifu,qip,,1836.3
55e356dac70c7a00052a57ec,60e02be4699a3f5cbe314e99,53,receiver,coffee,family,family-coffee,,coffee,1258.9
55e356dac70c7a00052a57ec,60e02be4699a3f5cbe314e99,54,sender,credit,coffee,nidaweli-kuh-peh-qip-tezalipu-saqotiwe-meh-puwirefa-hix-lehaqifu,puwirefa,,3767.8
55e356dac70c7a00052a57ec,60e02be4699a3f5cbe314e99,55,receiver,review,handle,handle-review,,review,1577.8
55e356dac70c7a00052a57ec,60e02be4699a3f5cbe314e99,56,sender,credit,family,nidaweli-kuh-peh-qip-tezalipu-saqotiwe-meh-puwirefa-hix-lehaqifu,qip,,4479.7
55e356dac70c7a00052a57ec,60e02be4699a3f5cbe314e99,57,receiver,system,course,course-system,,system,1875.1
55e356dac70c7a00052a57ec,60e02be4699a3f5cbe314e99,58,sender,credit,course,nidaweli-kuh-peh-qip-tezalipu-saqotiwe-meh-puwirefa-hix-lehaqifu,nidaweli,,3064.8
55e356dac70c7a00052a57ec,60e02be4699a3f5cbe314e99,59,receiver,normal,review,review-normal,,review,2115.4
55e356dac70c7a00052a57ec,60e02be4699a3f5cbe314e99,60,sender,family,course,nidaweli-kuh-peh-qip-tezalipu-saqotiwe-meh-puwirefa-hix-lehaqifu,lehaqifu,,6544
55e356dac70c7a00052a57ec,60e02be4699a3f5cbe314e99,61,receiver,credit,course,course-credit,,credit,1615.9
55e356dac70c7a00052a57ec,60e02be4699a3f5cbe314e99,62,sender,coffee,family,nidaweli-kuh-peh-qip-tezalipu-saqotiwe-meh-puwirefa-hix-lehaqifu,qip,,2859.5
55e356dac70c7a00052a57ec,60e02be4699a3f5cbe314e99,63,receiver,family,handle,handle-family,,family,1364
55e356dac70c7a00052a57ec,60e02be4699a3f5cbe314e99,64,sender,system,number,nidaweli-kuh-peh-qip-tezalipu-saqotiwe-meh-puwirefa-hix-lehaqifu,nidaweli,,3353.6
55e356dac70c7a00052a57ec,60e02be4699a3f5cbe314e99,65,receiver,normal,family,normal-family,,family,1743.5
55e356dac70c7a00052a57ec,60e02be4699a3f5cbe314e99,66,sender,second,review,nidaweli-kuh-peh-qip-tezalipu-saqotiwe-meh-puwirefa-hix-lehaqifu,meh,,3080.5
55e356dac70c7a00052a57ec,60e02be4699a3f5cbe314e99,67,receiver,number,course,course-number,,number,1380.5
55e356dac70c7a00052a57ec,60e02be4699a3f5cbe314e99,68,sender,review,course,nidaweli-kuh-peh-qip-tezalipu-saqotiwe-meh-puwirefa-hix-lehaqifu,puwirefa,,4551.3
55e356dac70c7a00052a57ec,60e02be4699a3f5cbe314e99,69,receiver,number,normal,number-normal,,normal,1804.8
55e356dac70c7a00052a57ec,60e02be4699a3f5cbe314e99,70,sender,second,handle,nidaweli-kuh-peh-qip-tezalipu-saqotiwe-meh-puwirefa-hix-lehaqifu,tezalipu,,2337.6
55e356dac70c7a00052a57ec,60e02be4699a3f5cbe314e99,71,receiver,coffee,review,coffee-review,,coffee,1188.5
55e356dac70c7a00052a57ec,60e02be4699a3f5cbe314e99,72,sender,normal,second,nidaweli-kuh-peh-qip-tezalipu-saqotiwe-meh-puwirefa-hix-lehaqifu,tezalipu,,2177.4
55e356dac70c7a00052a57ec,60e02be4699a3f5cbe314e99,73,receiver,family,course,family-course,,course,1427.6
55e356dac70c7a00052a57ec,60e02be4699a3f5cbe314e99,74,sender,family,handle,nidaweli-kuh-peh-qip-tezalipu-saqotiwe-meh-puwirefa-hix-lehaqifu,nidaweli,,3023.9
55e356dac70c7a00052a57ec,60e02be4699a3f5cbe314e99,75,receiver,number,handle,handle-number,,number,1067.9
55e356dac70c7a00052a57ec,60e02be4699a3f5cbe314e99,76,sender,normal,family,nidaweli-kuh-peh-qip-tezalipu-saqotiwe-meh-puwirefa-hix-lehaqifu,saqotiwe,,2080.2
55e356dac70c7a00052a57ec,60e02be4699a3f5cbe314e99,77,receiver,review,family,review-family,,family,992.9
55e356dac70c7a00052a57ec,60e02be4699a3f5cbe314e99,78,sender,family,course,nidaweli-kuh-peh-qip-tezalipu-saqotiwe-meh-puwirefa-hix-lehaqifu,saqotiwe,,5579.3
55e356dac70c7a00052a57ec,60e02be4699a3f5cbe314e99,79,receiver,credit,handle,handle-credit,,credit,1475.2
55e356dac70c7a00052a57ec,60e02be4699a3f5cbe314e99,80,sender,number,credit,nidaweli-kuh-peh-qip-tezalipu-saqotiwe-meh-puwirefa-hix-lehaqifu,peh,,3304.6
55e356dac70c7a00052a57ec,60e02be4699a3f5cbe314e99,81,receiver,system,handle,system-handle,,system,1338.3
55e356dac70c7a00052a57ec,60e02be4699a3f5cbe314e99,82,sender,coffee,handle,nidaweli-kuh-peh-qip-tezalipu-saqotiwe-meh-puwirefa-hix-lehaqifu,qip,,2036.7
55e356dac70c7a00052a57ec,60e02be4699a3f5cbe314e99,83,receiver,review,course,course-review,,review,1573.9
55e356dac70c7a00052a57ec,60e02be4699a3f5cbe314e99,84,sender,number,credit,nidaweli-kuh-peh-qip-tezalipu-saqotiwe-meh-puwirefa-hix-lehaqifu,hix,,2519.4
55e356dac70c7a00052a57ec,60e02be4699a3f5cbe314e99,85,receiver,system,review,review-system,,review,1483.7
55e356dac70c7a00052a57ec,60e02be4699a3f5cbe314e99,86,sender,coffee,review,nidaweli-kuh-peh-qip-tezalipu-saqotiwe-meh-puwirefa-hix-lehaqifu,peh,,6474.8
55e356dac70c7a00052a57ec,60e02be4699a3f5cbe314e99,87,receiver,number,course,number-course,,course,1561.6
55e356dac70c7a00052a57ec,60e02be4699a3f5cbe314e99,88,sender,normal,review,nidaweli-kuh-peh-qip-tezalipu-saqotiwe-meh-puwirefa-hix-lehaqifu,kuh,,4858.4
55e356dac70c7a00052a57ec,60e02be4699a3f5cbe314e99,89,receiver,normal,course,normal-course,,normal,1720.5
55e356dac70c7a00052a57ec,60e02be4699a3f5cbe314e99,90,sender,number,review,nidaweli-kuh-peh-qip-tezalipu-saqotiwe-meh-puwirefa-hix-lehaqifu,tezalipu,,1533
55e356dac70c7a00052a57ec,60e02be4699a3f5cbe314e99,91,receiver,review,family,review-family,,family,2280.6
55e356dac70c7a00052a57ec,60e02be4699a3f5cbe314e99,92,sender,credit,second,nidaweli-kuh-peh-qip-tezalipu-saqotiwe-meh-puwirefa-hix-lehaqifu,saqotiwe,,2616.2
55e356dac70c7a00052a57ec,60e02be4699a3f5cbe314e99,93,receiver,coffee,handle,coffee-handle,,handle,1552
55e356dac70c7a00052a57ec,60e02be4699a3f5cbe314e99,94,sender,normal,course,nidaweli-kuh-peh-qip-tezalipu-saqotiwe-meh-puwirefa-hix-lehaqifu,lehaqifu,,3492.7
55e356dac70c7a00052a57ec,60e02be4699a3f5cbe314e99,95,receiver,system,family,family-system,,system,1320.1
55e356dac70c7a00052a57ec,60e02be4699a3f5cbe314e99,96,sender,number,coffee,nidaweli-kuh-peh-qip-tezalipu-saqotiwe-meh-puwirefa-hix-lehaqifu,tezalipu,,2367.4
55e356dac70c7a00052a57ec,60e02be4699a3f5cbe314e99,97,receiver,credit,coffee,coffee-credit,,coffee,2998.6
55e356dac70c7a00052a57ec,60e02be4699a3f5cbe314e99,98,sender,normal,credit,nidaweli-kuh-peh-qip-tezalipu-saqotiwe-meh-puwirefa-hix-lehaqifu,qip,,3164
55e356dac70c7a00052a57ec,60e02be4699a3f5cbe314e99,99,receiver,normal,credit,normal-credit,,credit,1559.4
55e356dac70c7a00052a57ec,60e02be4699a3f5cbe314e99,100,sender,second,review,nidaweli-kuh-peh-qip-tezalipu-saqotiwe-meh-puwirefa-hix-lehaqifu,puwirefa,,1893.3
55e356dac70c7a00052a57ec,60e02be4699a3f5cbe314e99,101,receiver,normal,handle,handle-normal,,normal,1067.4
55e356dac70c7a00052a57ec,60e02be4699a3f5cbe314e99,102,sender,coffee,handle,nidaweli-kuh-peh-qip-tezalipu-saqotiwe-meh-puwirefa-hix-lehaqifu,meh,,4866.5
55e356dac70c7a00052a57ec,60e02be4699a3f5cbe314e99,103,receiver,number,handle,handle-number,,handle,2400.3
55e356dac70c7a00052a57ec,60e02be4699a3f5cbe314e99,104,sender,number,second,nidaweli-kuh-peh-qip-tezalipu-saqotiwe-meh-puwirefa-hix-lehaqifu,peh,,2762.8
55e356dac70c7a00052a57ec,60e02be4699a3f5cbe314e99,105,receiver,number,course,number-course,,number,1469
55e356dac70c7a00052a57ec,60e02be4699a3f5cbe314e99,106,sender,number,coffee,nidaweli-kuh-peh-qip-tezalipu-saqotiwe-meh-puwirefa-hix-lehaqifu,peh,,2363
55e356dac70c7a00052a57ec,60e02be4699a3f5cbe314e99,107,receiver,normal,handle,normal-handle,,handle,1337
55e356dac70c7a00052a57ec,60e02be4699a3f5cbe314e99,108,sender,system,family,nidaweli-kuh-peh-qip-tezalipu-saqotiwe-meh-puwirefa-hix-lehaqifu,tezalipu,,1563.9
55e356dac70c7a00052a57ec,60e02be4699a3f5cbe314e99,109,receiver,system,coffee,coffee-system,,system,3249.5
55e356dac70c7a00052a57ec,60e02be4699a3f5cbe314e99,110,sender,credit,second,nidaweli-kuh-peh-qip-tezalipu-saqotiwe-meh-puwirefa-hix-lehaqifu,puwirefa,,2348.6
55e356dac70c7a00052a57ec,60e02be4699a3f5cbe314e99,111,receiver,system,normal,system-normal,,normal,1302
55e356dac70c7a00052a57ec,60e02be4699a3f5cbe314e99,112,sender,review,course,nidaweli-kuh-peh-qip-tezalipu-saqotiwe-meh-puwirefa-hix-lehaqifu,peh,,3013.3
55e356dac70c7a00052a57ec,60e02be4699a3f5cbe314e99,113,receiver,second,review,review-second,,second,2181.3
55e356dac70c7a00052a57ec,60e02be4699a3f5cbe314e99,114,sender,second,coffee,nidaweli-kuh-peh-qip-tezalipu-saqotiwe-meh-puwirefa-hix-lehaqifu,saqotiwe,,3497.5
55e356dac70c7a00052a57ec,60e02be4699a3f5cbe314e99,115,receiver,normal,second,second-normal,,normal,1998.1
55e356dac70c7a00052a57ec,60e02be4699a3f5cbe314e99,116,sender,normal,credit,nidaweli-kuh-peh-qip-tezalipu-saqotiwe-meh-puwirefa-hix-lehaqifu,meh,,2361.9
55e356dac70c7a00052a57ec,60e02be4699a3f5cbe314e99,117,receiver,normal,course,normal-course,,normal,1249.7
55e356dac70c7a00052a57ec,60e02be4699a3f5cbe314e99,118,sender,credit,family,nidaweli-kuh-peh-qip-tezalipu-saqotiwe-meh-puwirefa-hix-lehaqifu,puwirefa,,1756.4
55e356dac70c7a00052a57ec,60e02be4699a3f5cbe314e99,119,receiver,system,credit,credit-system,,system,1356.8
55e356dac70c7a00052a57ec,60e02be4699a3f5cbe314e99,120,sender,second,coffee,nidaweli-kuh-peh-qip-tezalipu-saqotiwe-meh-puwirefa-hix-lehaqifu,qip,,1791.3
55e356dac70c7a00052a57ec,60e02be4699a3f5cbe314e99,121,receiver,normal,coffee,coffee-normal,,normal,1296.4
55e356dac70c7a00052a57ec,60e02be4699a3f5cbe314e99,122,sender,second,family,nidaweli-kuh-peh-qip-tezalipu-saqotiwe-meh-puwirefa-hix-lehaqifu,kuh,,4980.3
55e356dac70c7a00052a57ec,60e02be4699a3f5cbe314e99,123,receiver,second,family,family-second,,second,1074.3
55e356dac70c7a00052a57ec,60e02be4699a3f5cbe314e99,124,sender,system,second,nidaweli-kuh-peh-qip-tezalipu-saqotiwe-meh-puwirefa-hix-lehaqifu,tezalipu,,1636.9
55e356dac70c7a00052a57ec,60e02be4699a3f5cbe314e99,125,receiver,system,handle,system-handle,,system,1123.8
55e356dac70c7a00052a57ec,60e02be4699a3f5cbe314e99,126,sender,system,review,nidaweli-kuh-peh-qip-tezalipu-saqotiwe-meh-puwirefa-hix-lehaqifu,lehaqifu,,4074.5
55e356dac70c7a00052a57ec,60e02be4699a3f5cbe314e99,127,receiver,credit,family,credit-family,,credit,1859.9
55e356dac70c7a00052a57ec,60e02be4699a3f5cbe314e99,128,sender,system,normal,nidaweli-kuh-peh-qip-tezalipu-saqotiwe-meh-puwirefa-hix-lehaqifu,saqotiwe,,1417.1
55e356dac70c7a00052a57ec,60e02be4699a3f5cbe314e99,129,receiver,coffee,review,review-coffee,,coffee,1267
55e356dac70c7a00052a57ec,60e02be4699a3f5cbe314e99,130,sender,system,number,nidaweli-kuh-peh-qip-tezalipu-saqotiwe-meh-puwirefa-hix-lehaqifu,nidaweli,,2402.4
55e356dac70c7a00052a57ec,60e02be4699a3f5cbe314e99,131,receiver,second,course,course-second,,course,2047
55e356dac70c7a00052a57ec,60e02be4699a3f5cbe314e99,132,sender,credit,coffee,nidaweli-kuh-peh-qip-tezalipu-saqotiwe-meh-puwirefa-hix-lehaqifu,tezalipu,,2324.9
55e356dac70c7a00052a57ec,60e02be4699a3f5cbe314e99,133,receiver,normal,handle,handle-normal,,normal,8977.2
55e356dac70c7a00052a57ec,60e02be4699a3f5cbe314e99,134,sender,system,handle,nidaweli-kuh-peh-qip-tezalipu-saqotiwe-meh-puwirefa-hix-lehaqifu,saqotiwe,,1409.2
55e356dac70c7a00052a57ec,60e02be4699a3f5cbe314e99,135,receiver,number,second,number-second,,number,2017.6