participant_id, partner_id, trial_index, trial_type, target_meaning, foil_meaning,             choices, signal_selected, meaning_guess, rt
60e02be4699a3f5cbe314e99,55e356dac70c7a00052a57ec,1,sender,second,coffee,nidaweli-kuh-peh-qip-tezalipu-saqotiwe-meh-puwirefa-hix-lehaqifu,saqotiwe,,8292.6
60e02be4699a3f5cbe314e99,55e356dac70c7a00052a57ec,2,receiver,credit,review,credit-review,,review,4562.4
60e02be4699a3f5cbe314e99,55e356dac70c7a00052a57ec,3,sender,family,handle,nidaweli-kuh-peh-qip-tezalipu-saqotiwe-meh-puwirefa-hix-lehaqifu,puwirefa,,5111.4
60e02be4699a3f5cbe314e99,55e356dac70c7a00052a57ec,4,receiver,handle,course,course-handle,,course,3580.9
60e02be4699a3f5cbe314e99,55e356dac70c7a00052a57ec,5,sender,system,course,nidaweli-kuh-peh-qip-tezalipu-saqotiwe-meh-puwirefa-hix-lehaqifu,lehaqifu,,4667.2
60e02be4699a3f5cbe314e99,55e356dac70c7a00052a57ec,6,receiver,number,normal,normal-number,,normal,3464.5
60e02be4699a3f5cbe314e99,55e356dac70c7a00052a57ec,7,sender,second,course,nidaweli-kuh-peh-qip-tezalipu-saqotiwe-meh-puwirefa-hix-lehaqifu,peh,,5635.8
60e02be4699a3f5cbe314e99,55e356dac70c7a00052a57ec,8,receiver,system,coffee,system-coffee,,coffee,1818.3
60e02be4699a3f5cbe314e99,55e356dac70c7a00052a57ec,9,sender,system,second,nidaweli-kuh-peh-qip-tezalipu-saqotiwe-meh-puwirefa-hix-lehaqifu,hix,,4682
60e02be4699a3f5cbe314e99,55e356dac70c7a00052a57ec,10,receiver,system,family,family-system,,family,3567.5
60e02be4699a3f5cbe314e99,55e356dac70c7a00052a57ec,11,sender,review,handle,nidaweli-kuh-peh-qip-tezalipu-saqotiwe-meh-puwirefa-hix-lehaqifu,nidaweli,,3367
60e02be4699a3f5cbe314e99,55e356dac70c7a00052a57ec,12,receiver,credit,handle,handle-credit,,credit,3277.4
60e02be4699a3f5cbe314e99,55e356dac70c7a00052a57ec,13,sender,system,second,nidaweli-kuh-peh-qip-tezalipu-saqotiwe-meh-puwirefa-hix-lehaqifu,saqotiwe,,7282.6
60e02be4699a3f5cbe314e99,55e356dac70c7a00052a57ec,14,receiver,system,normal,system-normal,,normal,2524.7
60e02be4699a3f5cbe314e99,55e356dac70c7a00052a57ec,15,sender,credit,handle,nidaweli-kuh-peh-qip-tezalipu-saqotiwe-meh-puwirefa-hix-lehaqifu,qip,,3770.4
60e02be4699a3f5cbe314e99,55e356dac70c7a00052a57ec,16,receiver,credit,review,credit-review,,review,2217.7
60e02be4699a3f5cbe314e99,55e356dac70c7a00052a57ec,17,sender,number,credit,nidaweli-kuh-peh-qip-tezalipu-saqotiwe-meh-puwirefa-hix-lehaqifu,lehaqifu,,8874.8
60e02be4699a3f5cbe314e99,55e356dac70c7a00052a57ec,18,receiver,number,second,second-number,,second,2343.3
60e02be4699a3f5cbe314e99,55e356dac70c7a00052a57ec,19,sender,handle,course,nidaweli-kuh-peh-qip-tezalipu-saqotiwe-meh-puwirefa-hix-lehaqifu,nidaweli,,4919.4
60e02be4699a3f5cbe314e99,55e356dac70c7a00052a57ec,20,receiver,number,family,number-family,,family,2260.3
60e02be4699a3f5cbe314e99,55e356dac70c7a00052a57ec,21,sender,credit,review,nidaweli-kuh-peh-qip-tezalipu-saqotiwe-meh-puwirefa-hix-lehaqifu,meh,,1463.9
60e02be4699a3f5cbe314e99,55e356dac70c7a00052a57ec,22,receiver,coffee,course,course-coffee,,coffee,2212
60e02be4699a3f5cbe314e99,55e356dac70c7a00052a57ec,23,sender,number,review,nidaweli-kuh-peh-qip-tezalipu-saqotiwe-meh-puwirefa-hix-lehaqifu,hix,,2786.9
60e02be4699a3f5cbe314e99,55e356dac70c7a00052a57ec,24,receiver,system,review,review-system,,review,3060.7
60e02be4699a3f5cbe314e99,55e356dac70c7a00052a57ec,25,sender,number,handle,nidaweli-kuh-peh-qip-tezalipu-saqotiwe-meh-puwirefa-hix-lehaqifu,kuh,,3382.2
60e02be4699a3f5cbe314e99,55e356dac70c7a00052a57ec,26,receiver,system,credit,credit-system,,credit,1862.1
60e02be4699a3f5cbe314e99,55e356dac70c7a00052a57ec,27,sender,system,number,nidaweli-kuh-peh-qip-tezalipu-saqotiwe-meh-puwirefa-hix-lehaqifu,puwirefa,,1621.5
60e02be4699a3f5cbe314e99,55e356dac70c7a00052a57ec,28,receiver,system,credit,system-credit,,system,1932.4
60e02be4699a3f5cbe314e99,55e356dac70c7a00052a57ec,29,sender,handle,course,nidaweli-kuh-peh-qip-tezalipu-saqotiwe-meh-puwirefa-hix-lehaqifu,puwirefa,,2710.5
60e02be4699a3f5cbe314e99,55e356dac70c7a00052a57ec,30,receiver,credit,course,course-credit,,course,1263.1
60e02be4699a3f5cbe314e99,55e356dac70c7a00052a57ec,31,sender,review,handle,nidaweli-kuh-peh-qip-tezalipu-saqotiwe-meh-puwirefa-hix-lehaqifu,tezalipu,,1285.1
60e02be4699a3f5cbe314e99,55e356dac70c7a00052a57ec,32,receiver,second,handle,second-handle,,second,1305.8
60e02be4699a3f5cbe314e99,55e356dac70c7a00052a57ec,33,sender,coffee,course,nidaweli-kuh-peh-qip-tezalipu-saqotiwe-meh-puwirefa-hix-lehaqifu,qip,,1300.1
60e02be4699a3f5cbe314e99,55e356dac70c7a00052a57ec,34,receiver,second,handle,handle-second,,second,1602.5
60e02be4699a3f5cbe314e99,55e356dac70c7a00052a57ec,35,sender,normal,family,nidaweli-kuh-peh-qip-tezalipu-saqotiwe-meh-puwirefa-hix-lehaqifu,qip,,944.5
60e02be4699a3f5cbe314e99,55e356dac70c7a00052a57ec,36,receiver,system,course,course-system,,course,1314.9
60e02be4699a3f5cbe314e99,55e356dac70c7a00052a57ec,37,sender,number,normal,nidaweli-kuh-peh-qip-tezalipu-saqotiwe-meh-puwirefa-hix-lehaqifu,qip,,1080.6
60e02be4699a3f5cbe314e99,55e356dac70c7a00052a57ec,38,receiver,coffee,course,course-coffee,,course,1249.3
60e02be4699a3f5cbe314e99,55e356dac70c7a00052a57ec,39,sender,second,course,nidaweli-kuh-peh-qip-tezalipu-saqotiwe-meh-puwirefa-hix-lehaqifu,qip,,1233
60e02be4699a3f5cbe314e99,55e356dac70c7a00052a57ec,40,receiver,number,family,family-number,,family,1237.7
60e02be4699a3f5cbe314e99,55e356dac70c7a00052a57ec,41,sender,number,review,nidaweli-kuh-peh-qip-tezalipu-saqotiwe-meh-puwirefa-hix-lehaqifu,qip,,1023.8
60e02be4699a3f5cbe314e99,55e356dac70c7a00052a57ec,42,receiver,system,coffee,coffee-system,,system,1411
60e02be4699a3f5cbe314e99,55e356dac70c7a00052a57ec,43,sender,second,family,nidaweli-kuh-peh-qip-tezalipu-saqotiwe-meh-puwirefa-hix-lehaqifu,qip,,1039.5
60e02be4699a3f5cbe314e99,55e356dac70c7a00052a57ec,44,receiver,number,family,family-number,,family,1610.4
60e02be4699a3f5cbe314e99,55e356dac70c7a00052a57ec,45,sender,credit,second,nidaweli-kuh-peh-qip-tezalipu-saqotiwe-meh-puwirefa-hix-lehaqifu,qip,,1009.1
60e02be4699a3f5cbe314e99,55e356dac70c7a00052a57ec,46,receiver,number,coffee,coffee-number,,coffee,1506.1
60e02be4699a3f5cbe314e99,55e356dac70c7a00052a57ec,47,sender,normal,coffee,nidaweli-kuh-peh-qip-tezalipu-saqotiwe-meh-puwirefa-hix-lehaqifu,qip,,1016
60e02be4699a3f5cbe314e99,55e356dac70c7a00052a57ec,48,receiver,normal,review,review-normal,,normal,1013.1
60e02be4699a3f5cbe314e99,55e356dac70c7a00052a57ec,49,sender,normal,second,nidaweli-kuh-peh-qip-tezalipu-saqotiwe-meh-puwirefa-hix-lehaqifu,meh,,964
60e02be4699a3f5cbe314e99,55e356dac70c7a00052a57ec,50,receiver,normal,coffee,normal-coffee,,coffee,986.4
60e02be4699a3f5cbe314e99,55e356dac70c7a00052a57ec,51,sender,review,family,nidaweli-kuh-peh-qip-tezalipu-saqotiwe-meh-puwirefa-hix-lehaqifu,kuh,,2162.4
60e02be4699a3f5cbe314e99,55e356dac70c7a00052a57ec,52,receiver,coffee,family,coffee-family,,coffee,1330.4
60e02be4699a3f5cbe314e99,55e356dac70c7a00052a57ec,53,sender,coffee,family,nidaweli-kuh-peh-qip-tezalipu-saqotiwe-meh-puwirefa-hix-lehaqifu,qip,,1147.5
60e02be4699a3f5cbe314e99,55e356dac70c7a00052a57ec,54,receiver,credit,coffee,coffee-credit,,credit,2063
60e02be4699a3f5cbe314e99,55e356dac70c7a00052a57ec,55,sender,review,handle,nidaweli-kuh-peh-qip-tezalipu-saqotiwe-meh-puwirefa-hix-lehaqifu,saqotiwe,,1853.8
60e02be4699a3f5cbe314e99,55e356dac70c7a00052a57ec,56,receiver,credit,family,credit-family,,family,1836.7
60e02be4699a3f5cbe314e99,55e356dac70c7a00052a57ec,57,sender,system,course,nidaweli-kuh-peh-qip-tezalipu-saqotiwe-meh-puwirefa-hix-lehaqifu,puwirefa,,7891.8
60e02be4699a3f5cbe314e99,55e356dac70c7a00052a57ec,58,receiver,credit,course,credit-course,,credit,1510.9
60e02be4699a3f5cbe314e99,55e356dac70c7a00052a57ec,59,sender,normal,review,nidaweli-kuh-peh-qip-tezalipu-saqotiwe-meh-puwirefa-hix-lehaqifu,qip,,3123.6
60e02be4699a3f5cbe314e99,55e356dac70c7a00052a57ec,60,receiver,family,course,family-course,,course,1918
60e02be4699a3f5cbe314e99,55e356dac70c7a00052a57ec,61,sender,credit,course,nidaweli-kuh-peh-qip-tezalipu-saqotiwe-meh-puwirefa-hix-lehaqifu,saqotiwe,,3578.6
60e02be4699a3f5cbe314e99,55e356dac70c7a00052a57ec,62,receiver,coffee,family,family-coffee,,family,1515.5
60e02be4699a3f5cbe314e99,55e356dac70c7a00052a57ec,63,sender,family,handle,nidaweli-kuh-peh-qip-tezalipu-saqotiwe-meh-puwirefa-hix-lehaqifu,saqotiwe,,5172.8
60e02be4699a3f5cbe314e99,55e356dac70c7a00052a57ec,64,receiver,system,number,system-number,,number,1563.7
60e02be4699a3f5cbe314e99,55e356dac70c7a00052a57ec,65,sender,normal,family,nidaweli-kuh-peh-qip-tezalipu-saqotiwe-meh-puwirefa-hix-lehaqifu,peh,,2077.9
60e02be4699a3f5cbe314e99,55e356dac70c7a00052a57ec,66,receiver,second,review,review-second,,second,1128.7
60e02be4699a3f5cbe314e99,55e356dac70c7a00052a57ec,67,sender,number,course,nidaweli-kuh-peh-qip-tezalipu-saqotiwe-meh-puwirefa-hix-lehaqifu,hix,,1561.6
60e02be4699a3f5cbe314e99,55e356dac70c7a00052a57ec,68,receiver,review,course,course-review,,course,1349.3
60e02be4699a3f5cbe314e99,55e356dac70c7a00052a57ec,69,sender,number,normal,nidaweli-kuh-peh-qip-tezalipu-saqotiwe-meh-puwirefa-hix-lehaqifu,qip,,1328.1
60e02be4699a3f5cbe314e99,55e356dac70c7a00052a57ec,70,receiver,second,handle,handle-second,,handle,1139.1
60e02be4699a3f5cbe314e99,55e356dac70c7a00052a57ec,71,sender,coffee,review,nidaweli-kuh-peh-qip-tezalipu-saqotiwe-meh-puwirefa-hix-lehaqifu,lehaqifu,,1116.1
60e02be4699a3f5cbe314e99,55e356dac70c7a00052a57ec,72,receiver,normal,second,normal-second,,second,1332.9
60e02be4699a3f5cbe314e99,55e356dac70c7a00052a57ec,73,sender,family,course,nidaweli-kuh-peh-qip-tezalipu-saqotiwe-meh-puwirefa-hix-lehaqifu,nidaweli,,1059
60e02be4699a3f5cbe314e99,55e356dac70c7a00052a57ec,74,receiver,family,handle,handle-family,,handle,1781.3
60e02be4699a3f5cbe314e99,55e356dac70c7a00052a57ec,75,sender,number,handle,nidaweli-kuh-peh-qip-tezalipu-saqotiwe-meh-puwirefa-hix-lehaqifu,qip,,1305
60e02be4699a3f5cbe314e99,55e356dac70c7a00052a57ec,76,receiver,normal,family,family-normal,,normal,913.3
60e02be4699a3f5cbe314e99,55e356dac70c7a00052a57ec,77,sender,review,family,nidaweli-kuh-peh-qip-tezalipu-saqotiwe-meh-puwirefa-hix-lehaqifu,puwirefa,,930.4
60e02be4699a3f5cbe314e99,55e356dac70c7a00052a57ec,78,receiver,family,course,family-course,,family,960.9
60e02be4699a3f5cbe314e99,55e356dac70c7a00052a57ec,79,sender,credit,handle,nidaweli-kuh-peh-qip-tezalipu-saqotiwe-meh-puwirefa-hix-lehaqifu,peh,,1258.9
60e02be4699a3f5cbe314e99,55e356dac70c7a00052a57ec,80,receiver,number,credit,number-credit,,credit,896.5
60e02be4699a3f5cbe314e99,55e356dac70c7a00052a57ec,81,sender,system,handle,nidaweli-kuh-peh-qip-tezalipu-saqotiwe-meh-puwirefa-hix-lehaqifu,tezalipu,,2655
60e02be4699a3f5cbe314e99,55e356dac70c7a00052a57ec,82,receiver,coffee,handle,handle-coffee,,handle,1370.7
60e02be4699a3f5cbe314e99,55e356dac70c7a00052a57ec,83,sender,review,course,nidaweli-kuh-peh-qip-tezalipu-saqotiwe-meh-puwirefa-hix-lehaqifu,puwirefa,,1402.9
60e02be4699a3f5cbe314e99,55e356dac70c7a00052a57ec,84,receiver,number,credit,credit-number,,credit,940.6
60e02be4699a3f5cbe314e99,55e356dac70c7a00052a57ec,85,sender,system,review,nidaweli-kuh-peh-qip-tezalipu-saqotiwe-meh-puwirefa-hix-lehaqifu,meh,,1616.6
60e02be4699a3f5cbe314e99,55e356dac70c7a00052a57ec,86,receiver,coffee,review,coffee-review,,review,815.4
60e02be4699a3f5cbe314e99,55e356dac70c7a00052a57ec,87,sender,number,course,nidaweli-kuh-peh-qip-tezalipu-saqotiwe-meh-puwirefa-hix-lehaqifu,peh,,2512.5
60e02be4699a3f5cbe314e99,55e356dac70c7a00052a57ec,88,receiver,normal,review,normal-review,,review,768.1
60e02be4699a3f5cbe314e99,55e356dac70c7a00052a57ec,89,sender,normal,course,nidaweli-kuh-peh-qip-tezalipu-saqotiwe-meh-puwirefa-hix-lehaqifu,lehaqifu,,2494.4
60e02be4699a3f5cbe314e99,55e356dac70c7a00052a57ec,90,receiver,number,review,number-review,,review,1202.1
60e02be4699a3f5cbe314e99,55e356dac70c7a00052a57ec,91,sender,review,family,nidaweli-kuh-peh-qip-tezalipu-saqotiwe-meh-puwirefa-hix-lehaqifu,saqotiwe,,1356.7
60e02be4699a3f5cbe314e99,55e356dac70c7a00052a57ec,92,receiver,credit,second,credit-second,,second,917.1
60e02be4699a3f5cbe314e99,55e356dac70c7a00052a57ec,93,sender,coffee,handle,nidaweli-kuh-peh-qip-tezalipu-saqotiwe-meh-puwirefa-hix-lehaqifu,qip,,1128.8
60e02be4699a3f5cbe314e99,55e356dac70c7a00052a57ec,94,receiver,normal,course,course-normal,,course,1580.7
60e02be4699a3f5cbe314e99,55e356dac70c7a00052a57ec,95,sender,system,family,nidaweli-kuh-peh-qip-tezalipu-saqotiwe-meh-puwirefa-hix-lehaqifu,puwirefa,,2335.2
60e02be4699a3f5cbe314e99,55e356dac70c7a00052a57ec,96,receiver,number,coffee,coffee-number,,number,1813.2
60e02be4699a3f5cbe314e99,55e356dac70c7a00052a57ec,97,sender,credit,coffee,nidaweli-kuh-peh-qip-tezalipu-saqotiwe-meh-puwirefa-hix-lehaqifu,meh,,1367.9
60e02be4699a3f5cbe314e99,55e356dac70c7a00052a57ec,98,receiver,normal,credit,normal-credit,,credit,1569.5
60e02be4699a3f5cbe314e99,55e356dac70c7a00052a57ec,99,sender,normal,credit,nidaweli-kuh-peh-qip-tezalipu-saqotiwe-meh-puwirefa-hix-lehaqifu,nidaweli,,2851.8
60e02be4699a3f5cbe314e99,55e356dac70c7a00052a57ec,100,receiver,second,review,second-review,,second,632.9
60e02be4699a3f5cbe314e99,55e356dac70c7a00052a57ec,101,sender,normal,handle,nidaweli-kuh-peh-qip-tezalipu-saqotiwe-meh-puwirefa-hix-lehaqifu,kuh,,908.9
60e02be4699a3f5cbe314e99,55e356dac70c7a00052a57ec,102,receiver,coffee,handle,handle-coffee,,coffee,1217.9
60e02be4699a3f5cbe314e99,55e356dac70c7a00052a57ec,103,sender,number,handle,nidaweli-kuh-peh-qip-tezalipu-saqotiwe-meh-puwirefa-hix-lehaqifu,peh,,780.2
60e02be4699a3f5cbe314e99,55e356dac70c7a00052a57ec,104,receiver,number,second,number-second,,number,1880.2
60e02be4699a3f5cbe314e99,55e356dac70c7a00052a57ec,105,sender,number,course,nidaweli-kuh-peh-qip-tezalipu-saqotiwe-meh-puwirefa-hix-lehaqifu,peh,,1792.1
60e02be4699a3f5cbe314e99,55e356dac70c7a00052a57ec,106,receiver,number,coffee,number-coffee,,coffee,1756.8
60e02be4699a3f5cbe314e99,55e356dac70c7a00052a57ec,107,sender,normal,handle,nidaweli-kuh-peh-qip-tezalipu-saqotiwe-meh-puwirefa-hix-lehaqifu,qip,,719.9
60e02be4699a3f5cbe314e99,55e356dac70c7a00052a57ec,108,receiver,system,family,system-family,,family,929.8
60e02be4699a3f5cbe314e99,55e356dac70c7a00052a57ec,109,sender,system,coffee,nidaweli-kuh-peh-qip-tezalipu-saqotiwe-meh-puwirefa-hix-lehaqifu,tezalipu,,1303.3
60e02be4699a3f5cbe314e99,55e356dac70c7a00052a57ec,110,receiver,credit,second,credit-second,,second,669.3
60e02be4699a3f5cbe314e99,55e356dac70c7a00052a57ec,111,sender,system,normal,nidaweli-kuh-peh-qip-tezalipu-saqotiwe-meh-puwirefa-hix-lehaqifu,saqotiwe,,966.3
60e02be4699a3f5cbe314e99,55e356dac70c7a00052a57ec,112,receiver,review,course,review-course,,course,595.9
60e02be4699a3f5cbe314e99,55e356dac70c7a00052a57ec,113,sender,second,review,nidaweli-kuh-peh-qip-tezalipu-saqotiwe-meh-puwirefa-hix-lehaqifu,saqotiwe,,1270.9
60e02be4699a3f5cbe314e99,55e356dac70c7a00052a57ec,114,receiver,second,coffee,coffee-second,,coffee,537.4
60e02be4699a3f5cbe314e99,55e356dac70c7a00052a57ec,115,sender,normal,second,nidaweli-kuh-peh-qip-tezalipu-saqotiwe-meh-puwirefa-hix-lehaqifu,meh,,1354.4
60e02be4699a3f5cbe314e99,55e356dac70c7a00052a57ec,116,receiver,normal,credit,normal-credit,,credit,1208.6
60e02be4699a3f5cbe314e99,55e356dac70c7a00052a57ec,117,sender,normal,course,nidaweli-kuh-peh-qip-tezalipu-saqotiwe-meh-puwirefa-hix-lehaqifu,meh,,1209
60e02be4699a3f5cbe314e99,55e356dac70c7a00052a57ec,118,receiver,credit,family,family-credit,,family,919.3
60e02be4699a3f5cbe314e99,55e356dac70c7a00052a57ec,119,sender,system,credit,nidaweli-kuh-peh-qip-tezalipu-saqotiwe-meh-puwirefa-hix-lehaqifu,puwirefa,,943.4
60e02be4699a3f5cbe314e99,55e356dac70c7a00052a57ec,120,receiver,second,coffee,second-coffee,,coffee,708
60e02be4699a3f5cbe314e99,55e356dac70c7a00052a57ec,121,sender,normal,coffee,nidaweli-kuh-peh-qip-tezalipu-saqotiwe-meh-puwirefa-hix-lehaqifu,hix,,1417.6
60e02be4699a3f5cbe314e99,55e356dac70c7a00052a57ec,122,receiver,second,family,second-family,,family,1103.9
60e02be4699a3f5cbe314e99,55e356dac70c7a00052a57ec,123,sender,second,family,nidaweli-kuh-peh-qip-tezalipu-saqotiwe-meh-puwirefa-hix-lehaqifu,hix,,1158.3
60e02be4699a3f5cbe314e99,55e356dac70c7a00052a57ec,124,receiver,system,second,second-system,,second,1288.4
60e02be4699a3f5cbe314e99,55e356dac70c7a00052a57ec,125,sender,system,handle,nidaweli-kuh-peh-qip-tezalipu-saqotiwe-meh-puwirefa-hix-lehaqifu,lehaqifu,,983.6
60e02be4699a3f5cbe314e99,55e356dac70c7a00052a57ec,126,receiver,system,review,review-system,,system,487.5
60e02be4699a3f5cbe314e99,55e356dac70c7a00052a57ec,127,sender,credit,family,nidaweli-kuh-peh-qip-tezalipu-saqotiwe-meh-puwirefa-hix-lehaqifu,tezalipu,,1460.6
60e02be4699a3f5cbe314e99,55e356dac70c7a00052a57ec,128,receiver,system,normal,system-normal,,normal,1030.8
60e02be4699a3f5cbe314e99,55e356dac70c7a00052a57ec,129,sender,coffee,review,nidaweli-kuh-peh-qip-tezalipu-saqotiwe-meh-puwirefa-hix-lehaqifu,meh,,947.8
60e02be4699a3f5cbe314e99,55e356dac70c7a00052a57ec,130,receiver,system,number,number-system,,number,543
60e02be4699a3f5cbe314e99,55e356dac70c7a00052a57ec,131,sender,second,course,nidaweli-kuh-peh-qip-tezalipu-saqotiwe-meh-puwirefa-hix-lehaqifu,tezalipu,,762.9
60e02be4699a3f5cbe314e99,55e356dac70c7a00052a57ec,132,receiver,credit,coffee,coffee-credit,,credit,935
60e02be4699a3f5cbe314e99,55e356dac70c7a00052a57ec,133,sender,normal,handle,nidaweli-kuh-peh-qip-tezalipu-saqotiwe-meh-puwirefa-hix-lehaqifu,kuh,,1206.8
60e02be4699a3f5cbe314e99,55e356dac70c7a00052a57ec,134,receiver,system,handle,handle-system,,system,1338.4
60e02be4699a3f5cbe314e99,55e356dac70c7a00052a57ec,135,sender,number,second,nidaweli-kuh-peh-qip-tezalipu-saqotiwe-meh-puwirefa-hix-lehaqifu,meh,,1105.3