participant_id, partner_id, trial_index, trial_type, target_meaning, foil_meaning,             choices, signal_selected, meaning_guess, rt
5b3b3de3c49ecb00010a92d9,60b8f2c365ec36a3395896b6,1,receiver,window,online,online-window,,window,9952
5b3b3de3c49ecb00010a92d9,60b8f2c365ec36a3395896b6,2,sender,window,health,qux-kuh-tezalipu-peh-teliqulo-pofepilu-haq-ralonefi-lehaqifu-wuk,haq,,7686.5
5b3b3de3c49ecb00010a92d9,60b8f2c365ec36a3395896b6,3,receiver,garden,health,garden-health,,garden,4394.4
5b3b3de3c49ecb00010a92d9,60b8f2c365ec36a3395896b6,4,sender,design,online,qux-kuh-tezalipu-peh-teliqulo-pofepilu-haq-ralonefi-lehaqifu-wuk,qux,,11764.8
5b3b3de3c49ecb00010a92d9,60b8f2c365ec36a3395896b6,5,receiver,garden,credit,garden-credit,,garden,5011.4
5b3b3de3c49ecb00010a92d9,60b8f2c365ec36a3395896b6,6,sender,school,health,qux-kuh-tezalipu-peh-teliqulo-pofepilu-haq-ralonefi-lehaqifu-wuk,wuk,,3381.3
5b3b3de3c49ecb00010a92d9,60b8f2c365ec36a3395896b6,7,receiver,people,credit,credit-people,,people,2539.8
5b3b3de3c49ecb00010a92d9,60b8f2c365ec36a3395896b6,8,sender,branch,online,qux-kuh-tezalipu-peh-teliqulo-pofepilu-haq-ralonefi-lehaqifu-wuk,haq,,3639.7
5b3b3de3c49ecb00010a92d9,60b8f2c365ec36a3395896b6,9,receiver,design,online,online-design,,design,4256.9
5b3b3de3c49ecb00010a92d9,60b8f2c365ec36a3395896b6,10,sender,design,branch,qux-kuh-tezalipu-peh-teliqulo-pofepilu-haq-ralonefi-lehaqifu-wuk,qux,,2584.9
5b3b3de3c49ecb00010a92d9,60b8f2c365ec36a3395896b6,11,receiver,garden,health,garden-health,,garden,2720
5b3b3de3c49ecb00010a92d9,60b8f2c365ec36a3395896b6,12,sender,school,branch,qux-kuh-tezalipu-peh-teliqulo-pofepilu-haq-ralonefi-lehaqifu-wuk,kuh,,6958.5
5b3b3de3c49ecb00010a92d9,60b8f2c365ec36a3395896b6,13,receiver,design,health,design-health,,design,3413.4
5b3b3de3c49ecb00010a92d9,60b8f2c365ec36a3395896b6,14,sender,garden,window,qux-kuh-tezalipu-peh-teliqulo-pofepilu-haq-ralonefi-lehaqifu-wuk,ralonefi,,2736.2
5b3b3de3c49ecb00010a92d9,60b8f2c365ec36a3395896b6,15,receiver,design,school,design-school,,design,2707.3
5b3b3de3c49ecb00010a92d9,60b8f2c365ec36a3395896b6,16,sender,design,garden,qux-kuh-tezalipu-peh-teliqulo-pofepilu-haq-ralonefi-lehaqifu-wuk,qux,,4301
5b3b3de3c49ecb00010a92d9,60b8f2c365ec36a3395896b6,17,receiver,school,people,school-people,,school,3476.1
5b3b3de3c49ecb00010a92d9,60b8f2c365ec36a3395896b6,18,sender,design,window,qux-kuh-tezalipu-peh-teliqulo-pofepilu-haq-ralonefi-lehaqifu-wuk,qux,,3405.2
5b3b3de3c49ecb00010a92d9,60b8f2c365ec36a3395896b6,19,receiver,garden,school,garden-school,,garden,2339.3
5b3b3de3c49ecb00010a92d9,60b8f2c365ec36a3395896b6,20,sender,design,online,qux-kuh-tezalipu-peh-teliqulo-pofepilu-haq-ralonefi-lehaqifu-wuk,qux,,4169.6
5b3b3de3c49ecb00010a92d9,60b8f2c365ec36a3395896b6,21,receiver,change,health,change-health,,change,2193.4
5b3b3de3c49ecb00010a92d9,60b8f2c365ec36a3395896b6,22,sender,design,people,qux-kuh-tezalipu-peh-teliqulo-pofepilu-haq-ralonefi-lehaqifu-wuk,qux,,2893.8
5b3b3de3c49ecb00010a92d9,60b8f2c365ec36a3395896b6,23,receiver,change,design,design-change,,change,2904
5b3b3de3c49ecb00010a92d9,60b8f2c365ec36a3395896b6,24,sender,change,credit,qux-kuh-tezalipu-peh-teliqulo-pofepilu-haq-ralonefi-lehaqifu-wuk,lehaqifu,,8455.3
5b3b3de3c49ecb00010a92d9,60b8f2c365ec36a3395896b6,25,receiver,people,branch,people-branch,,people,12181.4
5b3b3de3c49ecb00010a92d9,60b8f2c365ec36a3395896b6,26,sender,design,credit,qux-kuh-tezalipu-peh-teliqulo-pofepilu-haq-ralonefi-lehaqifu-wuk,qux,,7795
5b3b3de3c49ecb00010a92d9,60b8f2c365ec36a3395896b6,27,receiver,change,window,window-change,,window,3187.9
5b3b3de3c49ecb00010a92d9,60b8f2c365ec36a3395896b6,28,sender,garden,school,qux-kuh-tezalipu-peh-teliqulo-pofepilu-haq-ralonefi-lehaqifu-wuk,kuh,,7092.4
5b3b3de3c49ecb00010a92d9,60b8f2c365ec36a3395896b6,29,receiver,school,health,school-health,,school,3942.9
5b3b3de3c49ecb00010a92d9,60b8f2c365ec36a3395896b6,30,sender,school,window,qux-kuh-tezalipu-peh-teliqulo-pofepilu-haq-ralonefi-lehaqifu-wuk,lehaqifu,,6320.4
5b3b3de3c49ecb00010a92d9,60b8f2c365ec36a3395896b6,31,receiver,people,health,people-health,,people,2388.4
5b3b3de3c49ecb00010a92d9,60b8f2c365ec36a3395896b6,32,sender,branch,credit,qux-kuh-tezalipu-peh-teliqulo-pofepilu-haq-ralonefi-lehaqifu-wuk,tezalipu,,2859.1
5b3b3de3c49ecb00010a92d9,60b8f2c365ec36a3395896b6,33,receiver,garden,window,garden-window,,window,12049
5b3b3de3c49ecb00010a92d9,60b8f2c365ec36a3395896b6,34,sender,garden,online,qux-kuh-tezalipu-peh-teliqulo-pofepilu-haq-ralonefi-lehaqifu-wuk,kuh,,7283.2
5b3b3de3c49ecb00010a92d9,60b8f2c365ec36a3395896b6,35,receiver,garden,credit,credit-garden,,credit,2623.7
5b3b3de3c49ecb00010a92d9,60b8f2c365ec36a3395896b6,36,sender,health,branch,qux-kuh-tezalipu-peh-teliqulo-pofepilu-haq-ralonefi-lehaqifu-wuk,haq,,1742.7
5b3b3de3c49ecb00010a92d9,60b8f2c365ec36a3395896b6,37,receiver,school,online,school-online,,school,3847.8
5b3b3de3c49ecb00010a92d9,60b8f2c365ec36a3395896b6,38,sender,health,branch,qux-kuh-tezalipu-peh-teliqulo-pofepilu-haq-ralonefi-lehaqifu-wuk,haq,,3341.8
5b3b3de3c49ecb00010a92d9,60b8f2c365ec36a3395896b6,39,receiver,change,school,change-school,,change,4264.2
5b3b3de3c49ecb00010a92d9,60b8f2c365ec36a3395896b6,40,sender,health,credit,qux-kuh-tezalipu-peh-teliqulo-pofepilu-haq-ralonefi-lehaqifu-wuk,haq,,1590.5
5b3b3de3c49ecb00010a92d9,60b8f2c365ec36a3395896b6,41,receiver,people,health,health-people,,people,2364.7
5b3b3de3c49ecb00010a92d9,60b8f2c365ec36a3395896b6,42,sender,branch,credit,qux-kuh-tezalipu-peh-teliqulo-pofepilu-haq-ralonefi-lehaqifu-wuk,teliqulo,,3908.2
5b3b3de3c49ecb00010a92d9,60b8f2c365ec36a3395896b6,43,receiver,people,credit,people-credit,,people,1267.1
5b3b3de3c49ecb00010a92d9,60b8f2c365ec36a3395896b6,44,sender,design,garden,qux-kuh-tezalipu-peh-teliqulo-pofepilu-haq-ralonefi-lehaqifu-wuk,ralonefi,,5274.3
5b3b3de3c49ecb00010a92d9,60b8f2c365ec36a3395896b6,45,receiver,people,online,people-online,,people,1596.2
5b3b3de3c49ecb00010a92d9,60b8f2c365ec36a3395896b6,46,sender,window,health,qux-kuh-tezalipu-peh-teliqulo-pofepilu-haq-ralonefi-lehaqifu-wuk,wuk,,2714.6
5b3b3de3c49ecb00010a92d9,60b8f2c365ec36a3395896b6,47,receiver,design,branch,design-branch,,design,3321.8
5b3b3de3c49ecb00010a92d9,60b8f2c365ec36a3395896b6,48,sender,change,online,qux-kuh-tezalipu-peh-teliqulo-pofepilu-haq-ralonefi-lehaqifu-wuk,haq,,2895.1
5b3b3de3c49ecb00010a92d9,60b8f2c365ec36a3395896b6,49,receiver,school,people,school-people,,school,3451.3
5b3b3de3c49ecb00010a92d9,60b8f2c365ec36a3395896b6,50,sender,window,online,qux-kuh-tezalipu-peh-teliqulo-pofepilu-haq-ralonefi-lehaqifu-wuk,wuk,,3015.4
5b3b3de3c49ecb00010a92d9,60b8f2c365ec36a3395896b6,51,receiver,garden,branch,garden-branch,,garden,1807.6
5b3b3de3c49ecb00010a92d9,60b8f2c365ec36a3395896b6,52,sender,design,people,qux-kuh-tezalipu-peh-teliqulo-pofepilu-haq-ralonefi-lehaqifu-wuk,qux,,4648.7
5b3b3de3c49ecb00010a92d9,60b8f2c365ec36a3395896b6,53,receiver,health,online,health-online,,health,1580.1
5b3b3de3c49ecb00010a92d9,60b8f2c365ec36a3395896b6,54,sender,school,online,qux-kuh-tezalipu-peh-teliqulo-pofepilu-haq-ralonefi-lehaqifu-wuk,wuk,,2355.7
5b3b3de3c49ecb00010a92d9,60b8f2c365ec36a3395896b6,55,receiver,garden,branch,branch-garden,,garden,1899.4
5b3b3de3c49ecb00010a92d9,60b8f2c365ec36a3395896b6,56,sender,change,health,qux-kuh-tezalipu-peh-teliqulo-pofepilu-haq-ralonefi-lehaqifu-wuk,kuh,,2558.6
5b3b3de3c49ecb00010a92d9,60b8f2c365ec36a3395896b6,57,receiver,school,window,window-school,,window,2031.9
5b3b3de3c49ecb00010a92d9,60b8f2c365ec36a3395896b6,58,sender,garden,school,qux-kuh-tezalipu-peh-teliqulo-pofepilu-haq-ralonefi-lehaqifu-wuk,ralonefi,,1797.6
5b3b3de3c49ecb00010a92d9,60b8f2c365ec36a3395896b6,59,receiver,window,branch,window-branch,,branch,2548.9
5b3b3de3c49ecb00010a92d9,60b8f2c365ec36a3395896b6,60,sender,change,garden,qux-kuh-tezalipu-peh-teliqulo-pofepilu-haq-ralonefi-lehaqifu-wuk,kuh,,8526.4
5b3b3de3c49ecb00010a92d9,60b8f2c365ec36a3395896b6,61,receiver,change,window,change-window,,change,3283.7
5b3b3de3c49ecb00010a92d9,60b8f2c365ec36a3395896b6,62,sender,garden,window,qux-kuh-tezalipu-peh-teliqulo-pofepilu-haq-ralonefi-lehaqifu-wuk,ralonefi,,3421.9
5b3b3de3c49ecb00010a92d9,60b8f2c365ec36a3395896b6,63,receiver,garden,people,people-garden,,garden,1575.7
5b3b3de3c49ecb00010a92d9,60b8f2c365ec36a3395896b6,64,sender,people,branch,qux-kuh-tezalipu-peh-teliqulo-pofepilu-haq-ralonefi-lehaqifu-wuk,pofepilu,,3353.4
5b3b3de3c49ecb00010a92d9,60b8f2c365ec36a3395896b6,65,receiver,school,credit,school-credit,,credit,4348.2
5b3b3de3c49ecb00010a92d9,60b8f2c365ec36a3395896b6,66,sender,window,people,qux-kuh-tezalipu-peh-teliqulo-pofepilu-haq-ralonefi-lehaqifu-wuk,wuk,,3297.2
5b3b3de3c49ecb00010a92d9,60b8f2c365ec36a3395896b6,67,receiver,change,design,design-change,,design,3277.8
5b3b3de3c49ecb00010a92d9,60b8f2c365ec36a3395896b6,68,sender,window,credit,qux-kuh-tezalipu-peh-teliqulo-pofepilu-haq-ralonefi-lehaqifu-wuk,wuk,,3787.8
5b3b3de3c49ecb00010a92d9,60b8f2c365ec36a3395896b6,69,receiver,change,design,change-design,,design,2452.4
5b3b3de3c49ecb00010a92d9,60b8f2c365ec36a3395896b6,70,sender,people,health,qux-kuh-tezalipu-peh-teliqulo-pofepilu-haq-ralonefi-lehaqifu-wuk,pofepilu,,1913.7
5b3b3de3c49ecb00010a92d9,60b8f2c365ec36a3395896b6,71,receiver,window,people,people-window,,window,2621.4
5b3b3de3c49ecb00010a92d9,60b8f2c365ec36a3395896b6,72,sender,design,window,qux-kuh-tezalipu-peh-teliqulo-pofepilu-haq-ralonefi-lehaqifu-wuk,kuh,,3236.7
5b3b3de3c49ecb00010a92d9,60b8f2c365ec36a3395896b6,73,receiver,design,health,design-health,,design,1697.5
5b3b3de3c49ecb00010a92d9,60b8f2c365ec36a3395896b6,74,sender,change,people,qux-kuh-tezalipu-peh-teliqulo-pofepilu-haq-ralonefi-lehaqifu-wuk,qux,,1824.9
5b3b3de3c49ecb00010a92d9,60b8f2c365ec36a3395896b6,75,receiver,health,credit,credit-health,,health,1509.7
5b3b3de3c49ecb00010a92d9,60b8f2c365ec36a3395896b6,76,sender,credit,online,qux-kuh-tezalipu-peh-teliqulo-pofepilu-haq-ralonefi-lehaqifu-wuk,teliqulo,,3075.4
5b3b3de3c49ecb00010a92d9,60b8f2c365ec36a3395896b6,77,receiver,window,people,people-window,,window,3073.3
5b3b3de3c49ecb00010a92d9,60b8f2c365ec36a3395896b6,78,sender,change,garden,qux-kuh-tezalipu-peh-teliqulo-pofepilu-haq-ralonefi-lehaqifu-wuk,qux,,1945.4
5b3b3de3c49ecb00010a92d9,60b8f2c365ec36a3395896b6,79,receiver,school,credit,school-credit,,school,2512.4
5b3b3de3c49ecb00010a92d9,60b8f2c365ec36a3395896b6,80,sender,branch,online,qux-kuh-tezalipu-peh-teliqulo-pofepilu-haq-ralonefi-lehaqifu-wuk,teliqulo,,16990
5b3b3de3c49ecb00010a92d9,60b8f2c365ec36a3395896b6,81,receiver,health,branch,health-branch,,health,6525.8
5b3b3de3c49ecb00010a92d9,60b8f2c365ec36a3395896b6,82,sender,branch,online,qux-kuh-tezalipu-peh-teliqulo-pofepilu-haq-ralonefi-lehaqifu-wuk,peh,,3650.2
5b3b3de3c49ecb00010a92d9,60b8f2c365ec36a3395896b6,83,receiver,people,online,online-people,,people,1461.5
5b3b3de3c49ecb00010a92d9,60b8f2c365ec36a3395896b6,84,sender,design,school,qux-kuh-tezalipu-peh-teliqulo-pofepilu-haq-ralonefi-lehaqifu-wuk,kuh,,2372.3
5b3b3de3c49ecb00010a92d9,60b8f2c365ec36a3395896b6,85,receiver,change,people,change-people,,change,4356.6
5b3b3de3c49ecb00010a92d9,60b8f2c365ec36a3395896b6,86,sender,credit,online,qux-kuh-tezalipu-peh-teliqulo-pofepilu-haq-ralonefi-lehaqifu-wuk,tezalipu,,6553.8
5b3b3de3c49ecb00010a92d9,60b8f2c365ec36a3395896b6,87,receiver,school,branch,school-branch,,school,4123.7
5b3b3de3c49ecb00010a92d9,60b8f2c365ec36a3395896b6,88,sender,design,health,qux-kuh-tezalipu-peh-teliqulo-pofepilu-haq-ralonefi-lehaqifu-wuk,kuh,,4852.3
5b3b3de3c49ecb00010a92d9,60b8f2c365ec36a3395896b6,89,receiver,branch,credit,credit-branch,,credit,2434.9
5b3b3de3c49ecb00010a92d9,60b8f2c365ec36a3395896b6,90,sender,window,branch,qux-kuh-tezalipu-peh-teliqulo-pofepilu-haq-ralonefi-lehaqifu-wuk,wuk,,2586.8
5b3b3de3c49ecb00010a92d9,60b8f2c365ec36a3395896b6,91,receiver,change,online,online-change,,change,2257.1
5b3b3de3c49ecb00010a92d9,60b8f2c365ec36a3395896b6,92,sender,change,people,qux-kuh-tezalipu-peh-teliqulo-pofepilu-haq-ralonefi-lehaqifu-wuk,qux,,1784.2
5b3b3de3c49ecb00010a92d9,60b8f2c365ec36a3395896b6,93,receiver,people,credit,credit-people,,people,4918
5b3b3de3c49ecb00010a92d9,60b8f2c365ec36a3395896b6,94,sender,health,online,qux-kuh-tezalipu-peh-teliqulo-pofepilu-haq-ralonefi-lehaqifu-wuk,haq,,1763.3
5b3b3de3c49ecb00010a92d9,60b8f2c365ec36a3395896b6,95,receiver,school,online,online-school,,online,2410.2
5b3b3de3c49ecb00010a92d9,60b8f2c365ec36a3395896b6,96,sender,window,credit,qux-kuh-tezalipu-peh-teliqulo-pofepilu-haq-ralonefi-lehaqifu-wuk,pofepilu,,13587.9
5b3b3de3c49ecb00010a92d9,60b8f2c365ec36a3395896b6,97,receiver,design,credit,design-credit,,credit,5781.2
5b3b3de3c49ecb00010a92d9,60b8f2c365ec36a3395896b6,98,sender,change,school,qux-kuh-tezalipu-peh-teliqulo-pofepilu-haq-ralonefi-lehaqifu-wuk,qux,,2661.4
5b3b3de3c49ecb00010a92d9,60b8f2c365ec36a3395896b6,99,receiver,garden,credit,garden-credit,,garden,1769.8
5b3b3de3c49ecb00010a92d9,60b8f2c365ec36a3395896b6,100,sender,change,online,qux-kuh-tezalipu-peh-teliqulo-pofepilu-haq-ralonefi-lehaqifu-wuk,kuh,,2123.2
5b3b3de3c49ecb00010a92d9,60b8f2c365ec36a3395896b6,101,receiver,design,school,school-design,,design,2169.6
5b3b3de3c49ecb00010a92d9,60b8f2c365ec36a3395896b6,102,sender,garden,branch,qux-kuh-tezalipu-peh-teliqulo-pofepilu-haq-ralonefi-lehaqifu-wuk,ralonefi,,3667.3
5b3b3de3c49ecb00010a92d9,60b8f2c365ec36a3395896b6,103,receiver,change,garden,change-garden,,change,1639.8
5b3b3de3c49ecb00010a92d9,60b8f2c365ec36a3395896b6,104,sender,school,people,qux-kuh-tezalipu-peh-teliqulo-pofepilu-haq-ralonefi-lehaqifu-wuk,lehaqifu,,4126.8
5b3b3de3c49ecb00010a92d9,60b8f2c365ec36a3395896b6,105,receiver,window,health,health-window,,window,2750.5
5b3b3de3c49ecb00010a92d9,60b8f2c365ec36a3395896b6,106,sender,change,health,qux-kuh-tezalipu-peh-teliqulo-pofepilu-haq-ralonefi-lehaqifu-wuk,teliqulo,,2937.7
5b3b3de3c49ecb00010a92d9,60b8f2c365ec36a3395896b6,107,receiver,change,school,school-change,,change,2035.8
5b3b3de3c49ecb00010a92d9,60b8f2c365ec36a3395896b6,108,sender,school,health,qux-kuh-tezalipu-peh-teliqulo-pofepilu-haq-ralonefi-lehaqifu-wuk,teliqulo,,2404.7
5b3b3de3c49ecb00010a92d9,60b8f2c365ec36a3395896b6,109,receiver,school,window,window-school,,window,4353.2
5b3b3de3c49ecb00010a92d9,60b8f2c365ec36a3395896b6,110,sender,people,branch,qux-kuh-tezalipu-peh-teliqulo-pofepilu-haq-ralonefi-lehaqifu-wuk,pofepilu,,2578.5
5b3b3de3c49ecb00010a92d9,60b8f2c365ec36a3395896b6,111,receiver,garden,people,people-garden,,garden,2697.8
5b3b3de3c49ecb00010a92d9,60b8f2c365ec36a3395896b6,112,sender,garden,health,qux-kuh-tezalipu-peh-teliqulo-pofepilu-haq-ralonefi-lehaqifu-wuk,ralonefi,,2264.3
5b3b3de3c49ecb00010a92d9,60b8f2c365ec36a3395896b6,113,receiver,school,credit,credit-school,,school,12594.5
5b3b3de3c49ecb00010a92d9,60b8f2c365ec36a3395896b6,114,sender,health,online,qux-kuh-tezalipu-peh-teliqulo-pofepilu-haq-ralonefi-lehaqifu-wuk,haq,,1611.5
5b3b3de3c49ecb00010a92d9,60b8f2c365ec36a3395896b6,115,receiver,garden,online,garden-online,,garden,2143.5
5b3b3de3c49ecb00010a92d9,60b8f2c365ec36a3395896b6,116,sender,design,branch,qux-kuh-tezalipu-peh-teliqulo-pofepilu-haq-ralonefi-lehaqifu-wuk,qux,,2415.6
5b3b3de3c49ecb00010a92d9,60b8f2c365ec36a3395896b6,117,receiver,design,people,design-people,,design,2616.7
5b3b3de3c49ecb00010a92d9,60b8f2c365ec36a3395896b6,118,sender,school,branch,qux-kuh-tezalipu-peh-teliqulo-pofepilu-haq-ralonefi-lehaqifu-wuk,wuk,,5208.7
5b3b3de3c49ecb00010a92d9,60b8f2c365ec36a3395896b6,119,receiver,change,branch,branch-change,,change,1681.3
5b3b3de3c49ecb00010a92d9,60b8f2c365ec36a3395896b6,120,sender,window,online,qux-kuh-tezalipu-peh-teliqulo-pofepilu-haq-ralonefi-lehaqifu-wuk,wuk,,2225.2
5b3b3de3c49ecb00010a92d9,60b8f2c365ec36a3395896b6,121,receiver,change,credit,credit-change,,change,2122.6
5b3b3de3c49ecb00010a92d9,60b8f2c365ec36a3395896b6,122,sender,change,window,qux-kuh-tezalipu-peh-teliqulo-pofepilu-haq-ralonefi-lehaqifu-wuk,kuh,,3151.7
5b3b3de3c49ecb00010a92d9,60b8f2c365ec36a3395896b6,123,receiver,health,credit,credit-health,,health,1952
5b3b3de3c49ecb00010a92d9,60b8f2c365ec36a3395896b6,124,sender,garden,people,qux-kuh-tezalipu-peh-teliqulo-pofepilu-haq-ralonefi-lehaqifu-wuk,ralonefi,,2146.1
5b3b3de3c49ecb00010a92d9,60b8f2c365ec36a3395896b6,125,receiver,change,credit,credit-change,,change,2981.6
5b3b3de3c49ecb00010a92d9,60b8f2c365ec36a3395896b6,126,sender,change,branch,qux-kuh-tezalipu-peh-teliqulo-pofepilu-haq-ralonefi-lehaqifu-wuk,kuh,,3041.3
5b3b3de3c49ecb00010a92d9,60b8f2c365ec36a3395896b6,127,receiver,design,credit,design-credit,,design,1769.5
5b3b3de3c49ecb00010a92d9,60b8f2c365ec36a3395896b6,128,sender,window,branch,qux-kuh-tezalipu-peh-teliqulo-pofepilu-haq-ralonefi-lehaqifu-wuk,wuk,,4143.4
5b3b3de3c49ecb00010a92d9,60b8f2c365ec36a3395896b6,129,receiver,credit,online,online-credit,,credit,2313.7
5b3b3de3c49ecb00010a92d9,60b8f2c365ec36a3395896b6,130,sender,window,credit,qux-kuh-tezalipu-peh-teliqulo-pofepilu-haq-ralonefi-lehaqifu-wuk,wuk,,3177.7
5b3b3de3c49ecb00010a92d9,60b8f2c365ec36a3395896b6,131,receiver,garden,online,garden-online,,garden,1800.7
5b3b3de3c49ecb00010a92d9,60b8f2c365ec36a3395896b6,132,sender,design,garden,qux-kuh-tezalipu-peh-teliqulo-pofepilu-haq-ralonefi-lehaqifu-wuk,qux,,3854
5b3b3de3c49ecb00010a92d9,60b8f2c365ec36a3395896b6,133,receiver,people,online,online-people,,people,2236.1
5b3b3de3c49ecb00010a92d9,60b8f2c365ec36a3395896b6,134,sender,design,window,qux-kuh-tezalipu-peh-teliqulo-pofepilu-haq-ralonefi-lehaqifu-wuk,kuh,,1917
5b3b3de3c49ecb00010a92d9,60b8f2c365ec36a3395896b6,135,receiver,change,branch,change-branch,,change,2671.2