participant_id, partner_id, trial_index, trial_type, target_meaning, foil_meaning,             choices, signal_selected, meaning_guess, rt
60b8f2c365ec36a3395896b6,5b3b3de3c49ecb00010a92d9,1,sender,window,online,qux-kuh-tezalipu-peh-teliqulo-pofepilu-haq-ralonefi-lehaqifu-wuk,teliqulo,,12314.7
60b8f2c365ec36a3395896b6,5b3b3de3c49ecb00010a92d9,2,receiver,window,health,health-window,,health,6099.5
60b8f2c365ec36a3395896b6,5b3b3de3c49ecb00010a92d9,3,sender,garden,health,qux-kuh-tezalipu-peh-teliqulo-pofepilu-haq-ralonefi-lehaqifu-wuk,ralonefi,,33226.3
60b8f2c365ec36a3395896b6,5b3b3de3c49ecb00010a92d9,4,receiver,design,online,online-design,,design,12876
60b8f2c365ec36a3395896b6,5b3b3de3c49ecb00010a92d9,5,sender,garden,credit,qux-kuh-tezalipu-peh-teliqulo-pofepilu-haq-ralonefi-lehaqifu-wuk,ralonefi,,3925.3
60b8f2c365ec36a3395896b6,5b3b3de3c49ecb00010a92d9,6,receiver,school,health,health-school,,health,5873.4
60b8f2c365ec36a3395896b6,5b3b3de3c49ecb00010a92d9,7,sender,people,credit,qux-kuh-tezalipu-peh-teliqulo-pofepilu-haq-ralonefi-lehaqifu-wuk,pofepilu,,11696.3
60b8f2c365ec36a3395896b6,5b3b3de3c49ecb00010a92d9,8,receiver,branch,online,online-branch,,online,3143.5
60b8f2c365ec36a3395896b6,5b3b3de3c49ecb00010a92d9,9,sender,design,online,qux-kuh-tezalipu-peh-teliqulo-pofepilu-haq-ralonefi-lehaqifu-wuk,qux,,26716.8
60b8f2c365ec36a3395896b6,5b3b3de3c49ecb00010a92d9,10,receiver,design,branch,design-branch,,design,4191.5
60b8f2c365ec36a3395896b6,5b3b3de3c49ecb00010a92d9,11,sender,garden,health,qux-kuh-tezalipu-peh-teliqulo-pofepilu-haq-ralonefi-lehaqifu-wuk,ralonefi,,4938.7
60b8f2c365ec36a3395896b6,5b3b3de3c49ecb00010a92d9,12,receiver,school,branch,school-branch,,school,3479.6
60b8f2c365ec36a3395896b6,5b3b3de3c49ecb00010a92d9,13,sender,design,health,qux-kuh-tezalipu-peh-teliqulo-pofepilu-haq-ralonefi-lehaqifu-wuk,qux,,5969.3
60b8f2c365ec36a3395896b6,5b3b3de3c49ecb00010a92d9,14,receiver,garden,window,garden-window,,garden,3768.2
60b8f2c365ec36a3395896b6,5b3b3de3c49ecb00010a92d9,15,sender,design,school,qux-kuh-tezalipu-peh-teliqulo-pofepilu-haq-ralonefi-lehaqifu-wuk,qux,,4195.2
60b8f2c365ec36a3395896b6,5b3b3de3c49ecb00010a92d9,16,receiver,design,garden,garden-design,,design,2520.3
60b8f2c365ec36a3395896b6,5b3b3de3c49ecb00010a92d9,17,sender,school,people,qux-kuh-tezalipu-peh-teliqulo-pofepilu-haq-ralonefi-lehaqifu-wuk,haq,,8308.9
60b8f2c365ec36a3395896b6,5b3b3de3c49ecb00010a92d9,18,receiver,design,window,design-window,,design,2106.1
60b8f2c365ec36a3395896b6,5b3b3de3c49ecb00010a92d9,19,sender,garden,school,qux-kuh-tezalipu-peh-teliqulo-pofepilu-haq-ralonefi-lehaqifu-wuk,ralonefi,,6279
60b8f2c365ec36a3395896b6,5b3b3de3c49ecb00010a92d9,20,receiver,design,online,design-online,,design,1909.6
60b8f2c365ec36a3395896b6,5b3b3de3c49ecb00010a92d9,21,sender,change,health,qux-kuh-tezalipu-peh-teliqulo-pofepilu-haq-ralonefi-lehaqifu-wuk,wuk,,19988
60b8f2c365ec36a3395896b6,5b3b3de3c49ecb00010a92d9,22,receiver,design,people,design-people,,design,1978.9
60b8f2c365ec36a3395896b6,5b3b3de3c49ecb00010a92d9,23,sender,change,design,qux-kuh-tezalipu-peh-teliqulo-pofepilu-haq-ralonefi-lehaqifu-wuk,wuk,,11809
60b8f2c365ec36a3395896b6,5b3b3de3c49ecb00010a92d9,24,receiver,change,credit,credit-change,,credit,5981.6
60b8f2c365ec36a3395896b6,5b3b3de3c49ecb00010a92d9,25,sender,people,branch,qux-kuh-tezalipu-peh-teliqulo-pofepilu-haq-ralonefi-lehaqifu-wuk,pofepilu,,3910.7
60b8f2c365ec36a3395896b6,5b3b3de3c49ecb00010a92d9,26,receiver,design,credit,design-credit,,design,3148.7
60b8f2c365ec36a3395896b6,5b3b3de3c49ecb00010a92d9,27,sender,change,window,qux-kuh-tezalipu-peh-teliqulo-pofepilu-haq-ralonefi-lehaqifu-wuk,wuk,,2913.9
60b8f2c365ec36a3395896b6,5b3b3de3c49ecb00010a92d9,28,receiver,garden,school,garden-school,,school,3431.8
60b8f2c365ec36a3395896b6,5b3b3de3c49ecb00010a92d9,29,sender,school,health,qux-kuh-tezalipu-peh-teliqulo-pofepilu-haq-ralonefi-lehaqifu-wuk,kuh,,7774
60b8f2c365ec36a3395896b6,5b3b3de3c49ecb00010a92d9,30,receiver,school,window,school-window,,school,6971.1
60b8f2c365ec36a3395896b6,5b3b3de3c49ecb00010a92d9,31,sender,people,health,qux-kuh-tezalipu-peh-teliqulo-pofepilu-haq-ralonefi-lehaqifu-wuk,pofepilu,,3193.7
60b8f2c365ec36a3395896b6,5b3b3de3c49ecb00010a92d9,32,receiver,branch,credit,credit-branch,,credit,9543.8
60b8f2c365ec36a3395896b6,5b3b3de3c49ecb00010a92d9,33,sender,garden,window,qux-kuh-tezalipu-peh-teliqulo-pofepilu-haq-ralonefi-lehaqifu-wuk,ralonefi,,5144.6
60b8f2c365ec36a3395896b6,5b3b3de3c49ecb00010a92d9,34,receiver,garden,online,online-garden,,online,3317
60b8f2c365ec36a3395896b6,5b3b3de3c49ecb00010a92d9,35,sender,garden,credit,qux-kuh-tezalipu-peh-teliqulo-pofepilu-haq-ralonefi-lehaqifu-wuk,ralonefi,,3661.4
60b8f2c365ec36a3395896b6,5b3b3de3c49ecb00010a92d9,36,receiver,health,branch,branch-health,,health,3380.8
60b8f2c365ec36a3395896b6,5b3b3de3c49ecb00010a92d9,37,sender,school,online,qux-kuh-tezalipu-peh-teliqulo-pofepilu-haq-ralonefi-lehaqifu-wuk,kuh,,6732.3
60b8f2c365ec36a3395896b6,5b3b3de3c49ecb00010a92d9,38,receiver,health,branch,branch-health,,health,4422.4
60b8f2c365ec36a3395896b6,5b3b3de3c49ecb00010a92d9,39,sender,change,school,qux-kuh-tezalipu-peh-teliqulo-pofepilu-haq-ralonefi-lehaqifu-wuk,wuk,,4809.8
60b8f2c365ec36a3395896b6,5b3b3de3c49ecb00010a92d9,40,receiver,health,credit,health-credit,,health,4691.5
60b8f2c365ec36a3395896b6,5b3b3de3c49ecb00010a92d9,41,sender,people,health,qux-kuh-tezalipu-peh-teliqulo-pofepilu-haq-ralonefi-lehaqifu-wuk,pofepilu,,2084.4
60b8f2c365ec36a3395896b6,5b3b3de3c49ecb00010a92d9,42,receiver,branch,credit,credit-branch,,branch,3267.4
60b8f2c365ec36a3395896b6,5b3b3de3c49ecb00010a92d9,43,sender,people,credit,qux-kuh-tezalipu-peh-teliqulo-pofepilu-haq-ralonefi-lehaqifu-wuk,pofepilu,,2100.3
60b8f2c365ec36a3395896b6,5b3b3de3c49ecb00010a92d9,44,receiver,design,garden,garden-design,,design,10137.9
60b8f2c365ec36a3395896b6,5b3b3de3c49ecb00010a92d9,45,sender,people,online,qux-kuh-tezalipu-peh-teliqulo-pofepilu-haq-ralonefi-lehaqifu-wuk,pofepilu,,2242.7
60b8f2c365ec36a3395896b6,5b3b3de3c49ecb00010a92d9,46,receiver,window,health,window-health,,health,7835
60b8f2c365ec36a3395896b6,5b3b3de3c49ecb00010a92d9,47,sender,design,branch,qux-kuh-tezalipu-peh-teliqulo-pofepilu-haq-ralonefi-lehaqifu-wuk,haq,,21312.9
60b8f2c365ec36a3395896b6,5b3b3de3c49ecb00010a92d9,48,receiver,change,online,online-change,,change,2793.4
60b8f2c365ec36a3395896b6,5b3b3de3c49ecb00010a92d9,49,sender,school,people,qux-kuh-tezalipu-peh-teliqulo-pofepilu-haq-ralonefi-lehaqifu-wuk,wuk,,14036.6
60b8f2c365ec36a3395896b6,5b3b3de3c49ecb00010a92d9,50,receiver,window,online,online-window,,online,8400.2
60b8f2c365ec36a3395896b6,5b3b3de3c49ecb00010a92d9,51,sender,garden,branch,qux-kuh-tezalipu-peh-teliqulo-pofepilu-haq-ralonefi-lehaqifu-wuk,ralonefi,,5306.9
60b8f2c365ec36a3395896b6,5b3b3de3c49ecb00010a92d9,52,receiver,design,people,people-design,,people,4490
60b8f2c365ec36a3395896b6,5b3b3de3c49ecb00010a92d9,53,sender,health,online,qux-kuh-tezalipu-peh-teliqulo-pofepilu-haq-ralonefi-lehaqifu-wuk,haq,,2942.1
60b8f2c365ec36a3395896b6,5b3b3de3c49ecb00010a92d9,54,receiver,school,online,school-online,,school,2687.5
60b8f2c365ec36a3395896b6,5b3b3de3c49ecb00010a92d9,55,sender,garden,branch,qux-kuh-tezalipu-peh-teliqulo-pofepilu-haq-ralonefi-lehaqifu-wuk,ralonefi,,3666.3
60b8f2c365ec36a3395896b6,5b3b3de3c49ecb00010a92d9,56,receiver,change,health,health-change,,change,3910.9
60b8f2c365ec36a3395896b6,5b3b3de3c49ecb00010a92d9,57,sender,school,window,qux-kuh-tezalipu-peh-teliqulo-pofepilu-haq-ralonefi-lehaqifu-wuk,wuk,,16192.7
60b8f2c365ec36a3395896b6,5b3b3de3c49ecb00010a92d9,58,receiver,garden,school,garden-school,,garden,2942.2
60b8f2c365ec36a3395896b6,5b3b3de3c49ecb00010a92d9,59,sender,window,branch,qux-kuh-tezalipu-peh-teliqulo-pofepilu-haq-ralonefi-lehaqifu-wuk,teliqulo,,8745
60b8f2c365ec36a3395896b6,5b3b3de3c49ecb00010a92d9,60,receiver,change,garden,change-garden,,change,3448
60b8f2c365ec36a3395896b6,5b3b3de3c49ecb00010a92d9,61,sender,change,window,qux-kuh-tezalipu-peh-teliqulo-pofepilu-haq-ralonefi-lehaqifu-wuk,kuh,,4968
60b8f2c365ec36a3395896b6,5b3b3de3c49ecb00010a92d9,62,receiver,garden,window,garden-window,,garden,8819.8
60b8f2c365ec36a3395896b6,5b3b3de3c49ecb00010a92d9,63,sender,garden,people,qux-kuh-tezalipu-peh-teliqulo-pofepilu-haq-ralonefi-lehaqifu-wuk,ralonefi,,2632.4
60b8f2c365ec36a3395896b6,5b3b3de3c49ecb00010a92d9,64,receiver,people,branch,people-branch,,people,2651.1
60b8f2c365ec36a3395896b6,5b3b3de3c49ecb00010a92d9,65,sender,school,credit,qux-kuh-tezalipu-peh-teliqulo-pofepilu-haq-ralonefi-lehaqifu-wuk,wuk,,2434.4
60b8f2c365ec36a3395896b6,5b3b3de3c49ecb00010a92d9,66,receiver,window,people,window-people,,window,4727.5
60b8f2c365ec36a3395896b6,5b3b3de3c49ecb00010a92d9,67,sender,change,design,qux-kuh-tezalipu-peh-teliqulo-pofepilu-haq-ralonefi-lehaqifu-wuk,kuh,,9379.9
60b8f2c365ec36a3395896b6,5b3b3de3c49ecb00010a92d9,68,receiver,window,credit,credit-window,,credit,2855.4
60b8f2c365ec36a3395896b6,5b3b3de3c49ecb00010a92d9,69,sender,change,design,qux-kuh-tezalipu-peh-teliqulo-pofepilu-haq-ralonefi-lehaqifu-wuk,kuh,,10120.6
60b8f2c365ec36a3395896b6,5b3b3de3c49ecb00010a92d9,70,receiver,people,health,people-health,,people,1846.7
60b8f2c365ec36a3395896b6,5b3b3de3c49ecb00010a92d9,71,sender,window,people,qux-kuh-tezalipu-peh-teliqulo-pofepilu-haq-ralonefi-lehaqifu-wuk,teliqulo,,3827.7
60b8f2c365ec36a3395896b6,5b3b3de3c49ecb00010a92d9,72,receiver,design,window,design-window,,design,3567.9
60b8f2c365ec36a3395896b6,5b3b3de3c49ecb00010a92d9,73,sender,design,health,qux-kuh-tezalipu-peh-teliqulo-pofepilu-haq-ralonefi-lehaqifu-wuk,kuh,,3090.7
60b8f2c365ec36a3395896b6,5b3b3de3c49ecb00010a92d9,74,receiver,change,people,change-people,,change,2647.1
60b8f2c365ec36a3395896b6,5b3b3de3c49ecb00010a92d9,75,sender,health,credit,qux-kuh-tezalipu-peh-teliqulo-pofepilu-haq-ralonefi-lehaqifu-wuk,haq,,2280.3
60b8f2c365ec36a3395896b6,5b3b3de3c49ecb00010a92d9,76,receiver,credit,online,credit-online,,online,3528.6
60b8f2c365ec36a3395896b6,5b3b3de3c49ecb00010a92d9,77,sender,window,people,qux-kuh-tezalipu-peh-teliqulo-pofepilu-haq-ralonefi-lehaqifu-wuk,teliqulo,,5428.2
60b8f2c365ec36a3395896b6,5b3b3de3c49ecb00010a92d9,78,receiver,change,garden,garden-change,,change,1940.7
60b8f2c365ec36a3395896b6,5b3b3de3c49ecb00010a92d9,79,sender,school,credit,qux-kuh-tezalipu-peh-teliqulo-pofepilu-haq-ralonefi-lehaqifu-wuk,wuk,,9646.6
60b8f2c365ec36a3395896b6,5b3b3de3c49ecb00010a92d9,80,receiver,branch,online,branch-online,,branch,4608.6
60b8f2c365ec36a3395896b6,5b3b3de3c49ecb00010a92d9,81,sender,health,branch,qux-kuh-tezalipu-peh-teliqulo-pofepilu-haq-ralonefi-lehaqifu-wuk,haq,,2047.1
60b8f2c365ec36a3395896b6,5b3b3de3c49ecb00010a92d9,82,receiver,branch,online,branch-online,,online,3951.2
60b8f2c365ec36a3395896b6,5b3b3de3c49ecb00010a92d9,83,sender,people,online,qux-kuh-tezalipu-peh-teliqulo-pofepilu-haq-ralonefi-lehaqifu-wuk,pofepilu,,5416.8
60b8f2c365ec36a3395896b6,5b3b3de3c49ecb00010a92d9,84,receiver,design,school,school-design,,design,3979.7
60b8f2c365ec36a3395896b6,5b3b3de3c49ecb00010a92d9,85,sender,change,people,qux-kuh-tezalipu-peh-teliqulo-pofepilu-haq-ralonefi-lehaqifu-wuk,qux,,11039.3
60b8f2c365ec36a3395896b6,5b3b3de3c49ecb00010a92d9,86,receiver,credit,online,online-credit,,online,6783.5
60b8f2c365ec36a3395896b6,5b3b3de3c49ecb00010a92d9,87,sender,school,branch,qux-kuh-tezalipu-peh-teliqulo-pofepilu-haq-ralonefi-lehaqifu-wuk,wuk,,2614.2
60b8f2c365ec36a3395896b6,5b3b3de3c49ecb00010a92d9,88,receiver,design,health,health-design,,design,4299.5
60b8f2c365ec36a3395896b6,5b3b3de3c49ecb00010a92d9,89,sender,branch,credit,qux-kuh-tezalipu-peh-teliqulo-pofepilu-haq-ralonefi-lehaqifu-wuk,tezalipu,,13183.3
60b8f2c365ec36a3395896b6,5b3b3de3c49ecb00010a92d9,90,receiver,window,branch,window-branch,,branch,7931.8
60b8f2c365ec36a3395896b6,5b3b3de3c49ecb00010a92d9,91,sender,change,online,qux-kuh-tezalipu-peh-teliqulo-pofepilu-haq-ralonefi-lehaqifu-wuk,qux,,7047.5
60b8f2c365ec36a3395896b6,5b3b3de3c49ecb00010a92d9,92,receiver,change,people,change-people,,change,5785.4
60b8f2c365ec36a3395896b6,5b3b3de3c49ecb00010a92d9,93,sender,people,credit,qux-kuh-tezalipu-peh-teliqulo-pofepilu-haq-ralonefi-lehaqifu-wuk,pofepilu,,5495
60b8f2c365ec36a3395896b6,5b3b3de3c49ecb00010a92d9,94,receiver,health,online,health-online,,health,2018.5
60b8f2c365ec36a3395896b6,5b3b3de3c49ecb00010a92d9,95,sender,school,online,qux-kuh-tezalipu-peh-teliqulo-pofepilu-haq-ralonefi-lehaqifu-wuk,wuk,,12758.8
60b8f2c365ec36a3395896b6,5b3b3de3c49ecb00010a92d9,96,receiver,window,credit,window-credit,,credit,5348.2
60b8f2c365ec36a3395896b6,5b3b3de3c49ecb00010a92d9,97,sender,design,credit,qux-kuh-tezalipu-peh-teliqulo-pofepilu-haq-ralonefi-lehaqifu-wuk,kuh,,6514.6
60b8f2c365ec36a3395896b6,5b3b3de3c49ecb00010a92d9,98,receiver,change,school,school-change,,change,2174.1
60b8f2c365ec36a3395896b6,5b3b3de3c49ecb00010a92d9,99,sender,garden,credit,qux-kuh-tezalipu-peh-teliqulo-pofepilu-haq-ralonefi-lehaqifu-wuk,ralonefi,,4591
60b8f2c365ec36a3395896b6,5b3b3de3c49ecb00010a92d9,100,receiver,change,online,online-change,,online,2365.3
60b8f2c365ec36a3395896b6,5b3b3de3c49ecb00010a92d9,101,sender,design,school,qux-kuh-tezalipu-peh-teliqulo-pofepilu-haq-ralonefi-lehaqifu-wuk,kuh,,12331.3
60b8f2c365ec36a3395896b6,5b3b3de3c49ecb00010a92d9,102,receiver,garden,branch,garden-branch,,branch,4005.5
60b8f2c365ec36a3395896b6,5b3b3de3c49ecb00010a92d9,103,sender,change,garden,qux-kuh-tezalipu-peh-teliqulo-pofepilu-haq-ralonefi-lehaqifu-wuk,qux,,5437.4
60b8f2c365ec36a3395896b6,5b3b3de3c49ecb00010a92d9,104,receiver,school,people,school-people,,people,3583.2
60b8f2c365ec36a3395896b6,5b3b3de3c49ecb00010a92d9,105,sender,window,health,qux-kuh-tezalipu-peh-teliqulo-pofepilu-haq-ralonefi-lehaqifu-wuk,teliqulo,,5547.4
60b8f2c365ec36a3395896b6,5b3b3de3c49ecb00010a92d9,106,receiver,change,health,change-health,,health,4605.6
60b8f2c365ec36a3395896b6,5b3b3de3c49ecb00010a92d9,107,sender,change,school,qux-kuh-tezalipu-peh-teliqulo-pofepilu-haq-ralonefi-lehaqifu-wuk,qux,,3402
60b8f2c365ec36a3395896b6,5b3b3de3c49ecb00010a92d9,108,receiver,school,health,school-health,,school,3922.1
60b8f2c365ec36a3395896b6,5b3b3de3c49ecb00010a92d9,109,sender,school,window,qux-kuh-tezalipu-peh-teliqulo-pofepilu-haq-ralonefi-lehaqifu-wuk,teliqulo,,1842
60b8f2c365ec36a3395896b6,5b3b3de3c49ecb00010a92d9,110,receiver,people,branch,people-branch,,people,2678.7
60b8f2c365ec36a3395896b6,5b3b3de3c49ecb00010a92d9,111,sender,garden,people,qux-kuh-tezalipu-peh-teliqulo-pofepilu-haq-ralonefi-lehaqifu-wuk,ralonefi,,2364
60b8f2c365ec36a3395896b6,5b3b3de3c49ecb00010a92d9,112,receiver,garden,health,health-garden,,garden,2428.2
60b8f2c365ec36a3395896b6,5b3b3de3c49ecb00010a92d9,113,sender,school,credit,qux-kuh-tezalipu-peh-teliqulo-pofepilu-haq-ralonefi-lehaqifu-wuk,tezalipu,,6119.2
60b8f2c365ec36a3395896b6,5b3b3de3c49ecb00010a92d9,114,receiver,health,online,online-health,,health,2455.7
60b8f2c365ec36a3395896b6,5b3b3de3c49ecb00010a92d9,115,sender,garden,online,qux-kuh-tezalipu-peh-teliqulo-pofepilu-haq-ralonefi-lehaqifu-wuk,ralonefi,,2622.5
60b8f2c365ec36a3395896b6,5b3b3de3c49ecb00010a92d9,116,receiver,design,branch,branch-design,,branch,8140
60b8f2c365ec36a3395896b6,5b3b3de3c49ecb00010a92d9,117,sender,design,people,qux-kuh-tezalipu-peh-teliqulo-pofepilu-haq-ralonefi-lehaqifu-wuk,kuh,,11874.4
60b8f2c365ec36a3395896b6,5b3b3de3c49ecb00010a92d9,118,receiver,school,branch,school-branch,,school,1732.3
60b8f2c365ec36a3395896b6,5b3b3de3c49ecb00010a92d9,119,sender,change,branch,qux-kuh-tezalipu-peh-teliqulo-pofepilu-haq-ralonefi-lehaqifu-wuk,qux,,3356.8
60b8f2c365ec36a3395896b6,5b3b3de3c49ecb00010a92d9,120,receiver,window,online,window-online,,window,3670.3
60b8f2c365ec36a3395896b6,5b3b3de3c49ecb00010a92d9,121,sender,change,credit,qux-kuh-tezalipu-peh-teliqulo-pofepilu-haq-ralonefi-lehaqifu-wuk,qux,,3112.7
60b8f2c365ec36a3395896b6,5b3b3de3c49ecb00010a92d9,122,receiver,change,window,change-window,,window,4356.9
60b8f2c365ec36a3395896b6,5b3b3de3c49ecb00010a92d9,123,sender,health,credit,qux-kuh-tezalipu-peh-teliqulo-pofepilu-haq-ralonefi-lehaqifu-wuk,haq,,2264.8
60b8f2c365ec36a3395896b6,5b3b3de3c49ecb00010a92d9,124,receiver,garden,people,people-garden,,garden,1904.2
60b8f2c365ec36a3395896b6,5b3b3de3c49ecb00010a92d9,125,sender,change,credit,qux-kuh-tezalipu-peh-teliqulo-pofepilu-haq-ralonefi-lehaqifu-wuk,qux,,3446
60b8f2c365ec36a3395896b6,5b3b3de3c49ecb00010a92d9,126,receiver,change,branch,branch-change,,branch,3380.9
60b8f2c365ec36a3395896b6,5b3b3de3c49ecb00010a92d9,127,sender,design,credit,qux-kuh-tezalipu-peh-teliqulo-pofepilu-haq-ralonefi-lehaqifu-wuk,kuh,,4795.6
60b8f2c365ec36a3395896b6,5b3b3de3c49ecb00010a92d9,128,receiver,window,branch,window-branch,,branch,4117.6
60b8f2c365ec36a3395896b6,5b3b3de3c49ecb00010a92d9,129,sender,credit,online,qux-kuh-tezalipu-peh-teliqulo-pofepilu-haq-ralonefi-lehaqifu-wuk,lehaqifu,,5133.1
60b8f2c365ec36a3395896b6,5b3b3de3c49ecb00010a92d9,130,receiver,window,credit,credit-window,,window,3466.9
60b8f2c365ec36a3395896b6,5b3b3de3c49ecb00010a92d9,131,sender,garden,online,qux-kuh-tezalipu-peh-teliqulo-pofepilu-haq-ralonefi-lehaqifu-wuk,ralonefi,,4442.1
60b8f2c365ec36a3395896b6,5b3b3de3c49ecb00010a92d9,132,receiver,design,garden,design-garden,,design,4602.6
60b8f2c365ec36a3395896b6,5b3b3de3c49ecb00010a92d9,133,sender,people,online,qux-kuh-tezalipu-peh-teliqulo-pofepilu-haq-ralonefi-lehaqifu-wuk,pofepilu,,1635
60b8f2c365ec36a3395896b6,5b3b3de3c49ecb00010a92d9,134,receiver,design,window,window-design,,design,2684.4
60b8f2c365ec36a3395896b6,5b3b3de3c49ecb00010a92d9,135,sender,change,branch,qux-kuh-tezalipu-peh-teliqulo-pofepilu-haq-ralonefi-lehaqifu-wuk,qux,,2505.1