participant_id, partner_id, trial_index, trial_type, target_meaning, foil_meaning,             choices, signal_selected, meaning_guess, rt
5a94d2e989de8200013ecab6,610989f5a53fc140b54538e0,1,receiver,design,ground,ground-design,,ground,4409.1
5a94d2e989de8200013ecab6,610989f5a53fc140b54538e0,2,sender,credit,travel,ralonefi-saqotiwe-teliqulo-hiwaponu-tih-wuk-kuh-meh-hix-puwirefa,wuk,,4947.7
5a94d2e989de8200013ecab6,610989f5a53fc140b54538e0,3,receiver,ground,travel,travel-ground,,ground,1646.3
5a94d2e989de8200013ecab6,610989f5a53fc140b54538e0,4,sender,design,number,ralonefi-saqotiwe-teliqulo-hiwaponu-tih-wuk-kuh-meh-hix-puwirefa,kuh,,5078.2
5a94d2e989de8200013ecab6,610989f5a53fc140b54538e0,5,receiver,market,number,market-number,,number,3661.5
5a94d2e989de8200013ecab6,610989f5a53fc140b54538e0,6,sender,change,credit,ralonefi-saqotiwe-teliqulo-hiwaponu-tih-wuk-kuh-meh-hix-puwirefa,puwirefa,,8047.6
5a94d2e989de8200013ecab6,610989f5a53fc140b54538e0,7,receiver,future,review,review-future,,review,3920.6
5a94d2e989de8200013ecab6,610989f5a53fc140b54538e0,8,sender,change,design,ralonefi-saqotiwe-teliqulo-hiwaponu-tih-wuk-kuh-meh-hix-puwirefa,meh,,6088.3
5a94d2e989de8200013ecab6,610989f5a53fc140b54538e0,9,receiver,credit,market,credit-market,,credit,2160.8
5a94d2e989de8200013ecab6,610989f5a53fc140b54538e0,10,sender,number,review,ralonefi-saqotiwe-teliqulo-hiwaponu-tih-wuk-kuh-meh-hix-puwirefa,wuk,,4602.3
5a94d2e989de8200013ecab6,610989f5a53fc140b54538e0,11,receiver,ground,number,ground-number,,number,2470.1
5a94d2e989de8200013ecab6,610989f5a53fc140b54538e0,12,sender,future,market,ralonefi-saqotiwe-teliqulo-hiwaponu-tih-wuk-kuh-meh-hix-puwirefa,puwirefa,,4584.4
5a94d2e989de8200013ecab6,610989f5a53fc140b54538e0,13,receiver,future,market,future-market,,future,2485.2
5a94d2e989de8200013ecab6,610989f5a53fc140b54538e0,14,sender,change,ground,ralonefi-saqotiwe-teliqulo-hiwaponu-tih-wuk-kuh-meh-hix-puwirefa,ralonefi,,4540.4
5a94d2e989de8200013ecab6,610989f5a53fc140b54538e0,15,receiver,design,travel,design-travel,,travel,3702.5
5a94d2e989de8200013ecab6,610989f5a53fc140b54538e0,16,sender,future,travel,ralonefi-saqotiwe-teliqulo-hiwaponu-tih-wuk-kuh-meh-hix-puwirefa,puwirefa,,5284.1
5a94d2e989de8200013ecab6,610989f5a53fc140b54538e0,17,receiver,ground,review,ground-review,,review,1929.1
5a94d2e989de8200013ecab6,610989f5a53fc140b54538e0,18,sender,change,future,ralonefi-saqotiwe-teliqulo-hiwaponu-tih-wuk-kuh-meh-hix-puwirefa,kuh,,5159.2
5a94d2e989de8200013ecab6,610989f5a53fc140b54538e0,19,receiver,credit,ground,ground-credit,,credit,3563.6
5a94d2e989de8200013ecab6,610989f5a53fc140b54538e0,20,sender,market,number,ralonefi-saqotiwe-teliqulo-hiwaponu-tih-wuk-kuh-meh-hix-puwirefa,kuh,,6703
5a94d2e989de8200013ecab6,610989f5a53fc140b54538e0,21,receiver,course,travel,travel-course,,travel,2573.1
5a94d2e989de8200013ecab6,610989f5a53fc140b54538e0,22,sender,ground,travel,ralonefi-saqotiwe-teliqulo-hiwaponu-tih-wuk-kuh-meh-hix-puwirefa,ralonefi,,3021.5
5a94d2e989de8200013ecab6,610989f5a53fc140b54538e0,23,receiver,course,review,course-review,,course,2269
5a94d2e989de8200013ecab6,610989f5a53fc140b54538e0,24,sender,course,market,ralonefi-saqotiwe-teliqulo-hiwaponu-tih-wuk-kuh-meh-hix-puwirefa,ralonefi,,2573.8
5a94d2e989de8200013ecab6,610989f5a53fc140b54538e0,25,receiver,course,market,market-course,,course,1697.5
5a94d2e989de8200013ecab6,610989f5a53fc140b54538e0,26,sender,future,travel,ralonefi-saqotiwe-teliqulo-hiwaponu-tih-wuk-kuh-meh-hix-puwirefa,puwirefa,,2079.5
5a94d2e989de8200013ecab6,610989f5a53fc140b54538e0,27,receiver,ground,market,market-ground,,ground,2998.1
5a94d2e989de8200013ecab6,610989f5a53fc140b54538e0,28,sender,credit,number,ralonefi-saqotiwe-teliqulo-hiwaponu-tih-wuk-kuh-meh-hix-puwirefa,kuh,,2618
5a94d2e989de8200013ecab6,610989f5a53fc140b54538e0,29,receiver,change,future,change-future,,change,2947.8
5a94d2e989de8200013ecab6,610989f5a53fc140b54538e0,30,sender,course,future,ralonefi-saqotiwe-teliqulo-hiwaponu-tih-wuk-kuh-meh-hix-puwirefa,ralonefi,,4024.7
5a94d2e989de8200013ecab6,610989f5a53fc140b54538e0,31,receiver,number,review,review-number,,number,1688.2
5a94d2e989de8200013ecab6,610989f5a53fc140b54538e0,32,sender,course,travel,ralonefi-saqotiwe-teliqulo-hiwaponu-tih-wuk-kuh-meh-hix-puwirefa,ralonefi,,2160.3
5a94d2e989de8200013ecab6,610989f5a53fc140b54538e0,33,receiver,course,future,course-future,,course,1423.7
5a94d2e989de8200013ecab6,610989f5a53fc140b54538e0,34,sender,credit,future,ralonefi-saqotiwe-teliqulo-hiwaponu-tih-wuk-kuh-meh-hix-puwirefa,kuh,,2177.8
5a94d2e989de8200013ecab6,610989f5a53fc140b54538e0,35,receiver,credit,future,credit-future,,credit,2954.9
5a94d2e989de8200013ecab6,610989f5a53fc140b54538e0,36,sender,design,market,ralonefi-saqotiwe-teliqulo-hiwaponu-tih-wuk-kuh-meh-hix-puwirefa,teliqulo,,6265.1
5a94d2e989de8200013ecab6,610989f5a53fc140b54538e0,37,receiver,ground,market,ground-market,,market,2144.2
5a94d2e989de8200013ecab6,610989f5a53fc140b54538e0,38,sender,future,market,ralonefi-saqotiwe-teliqulo-hiwaponu-tih-wuk-kuh-meh-hix-puwirefa,puwirefa,,4724.7
5a94d2e989de8200013ecab6,610989f5a53fc140b54538e0,39,receiver,design,market,design-market,,design,2264.8
5a94d2e989de8200013ecab6,610989f5a53fc140b54538e0,40,sender,change,ground,ralonefi-saqotiwe-teliqulo-hiwaponu-tih-wuk-kuh-meh-hix-puwirefa,tih,,6874.4
5a94d2e989de8200013ecab6,610989f5a53fc140b54538e0,41,receiver,course,number,course-number,,number,2191.6
5a94d2e989de8200013ecab6,610989f5a53fc140b54538e0,42,sender,change,travel,ralonefi-saqotiwe-teliqulo-hiwaponu-tih-wuk-kuh-meh-hix-puwirefa,kuh,,2440
5a94d2e989de8200013ecab6,610989f5a53fc140b54538e0,43,receiver,design,travel,design-travel,,design,4197.6
5a94d2e989de8200013ecab6,610989f5a53fc140b54538e0,44,sender,number,travel,ralonefi-saqotiwe-teliqulo-hiwaponu-tih-wuk-kuh-meh-hix-puwirefa,wuk,,4413.9
5a94d2e989de8200013ecab6,610989f5a53fc140b54538e0,45,receiver,course,travel,course-travel,,travel,1975.2
5a94d2e989de8200013ecab6,610989f5a53fc140b54538e0,46,sender,design,review,ralonefi-saqotiwe-teliqulo-hiwaponu-tih-wuk-kuh-meh-hix-puwirefa,teliqulo,,2781.4
5a94d2e989de8200013ecab6,610989f5a53fc140b54538e0,47,receiver,design,market,design-market,,design,2346.8
5a94d2e989de8200013ecab6,610989f5a53fc140b54538e0,48,sender,design,number,ralonefi-saqotiwe-teliqulo-hiwaponu-tih-wuk-kuh-meh-hix-puwirefa,teliqulo,,3514.5
5a94d2e989de8200013ecab6,610989f5a53fc140b54538e0,49,receiver,review,travel,review-travel,,review,2632.6
5a94d2e989de8200013ecab6,610989f5a53fc140b54538e0,50,sender,course,design,ralonefi-saqotiwe-teliqulo-hiwaponu-tih-wuk-kuh-meh-hix-puwirefa,wuk,,7591.6
5a94d2e989de8200013ecab6,610989f5a53fc140b54538e0,51,receiver,credit,travel,travel-credit,,credit,2328.4
5a94d2e989de8200013ecab6,610989f5a53fc140b54538e0,52,sender,ground,number,ralonefi-saqotiwe-teliqulo-hiwaponu-tih-wuk-kuh-meh-hix-puwirefa,ralonefi,,1581.9
5a94d2e989de8200013ecab6,610989f5a53fc140b54538e0,53,receiver,ground,review,review-ground,,ground,9834.2
5a94d2e989de8200013ecab6,610989f5a53fc140b54538e0,54,sender,change,future,ralonefi-saqotiwe-teliqulo-hiwaponu-tih-wuk-kuh-meh-hix-puwirefa,wuk,,3657
5a94d2e989de8200013ecab6,610989f5a53fc140b54538e0,55,receiver,design,future,future-design,,design,1985.9
5a94d2e989de8200013ecab6,610989f5a53fc140b54538e0,56,sender,course,market,ralonefi-saqotiwe-teliqulo-hiwaponu-tih-wuk-kuh-meh-hix-puwirefa,kuh,,4608.1
5a94d2e989de8200013ecab6,610989f5a53fc140b54538e0,57,receiver,course,ground,course-ground,,course,3214.5
5a94d2e989de8200013ecab6,610989f5a53fc140b54538e0,58,sender,ground,travel,ralonefi-saqotiwe-teliqulo-hiwaponu-tih-wuk-kuh-meh-hix-puwirefa,ralonefi,,1737.1
5a94d2e989de8200013ecab6,610989f5a53fc140b54538e0,59,receiver,credit,review,credit-review,,credit,4721.4
5a94d2e989de8200013ecab6,610989f5a53fc140b54538e0,60,sender,change,credit,ralonefi-saqotiwe-teliqulo-hiwaponu-tih-wuk-kuh-meh-hix-puwirefa,kuh,,3157.6
5a94d2e989de8200013ecab6,610989f5a53fc140b54538e0,61,receiver,course,design,design-course,,course,2150.7
5a94d2e989de8200013ecab6,610989f5a53fc140b54538e0,62,sender,change,review,ralonefi-saqotiwe-teliqulo-hiwaponu-tih-wuk-kuh-meh-hix-puwirefa,kuh,,1419.8
5a94d2e989de8200013ecab6,610989f5a53fc140b54538e0,63,receiver,credit,design,credit-design,,design,1421.2
5a94d2e989de8200013ecab6,610989f5a53fc140b54538e0,64,sender,design,ground,ralonefi-saqotiwe-teliqulo-hiwaponu-tih-wuk-kuh-meh-hix-puwirefa,hiwaponu,,1771.3
5a94d2e989de8200013ecab6,610989f5a53fc140b54538e0,65,receiver,market,number,market-number,,market,1978.8
5a94d2e989de8200013ecab6,610989f5a53fc140b54538e0,66,sender,credit,market,ralonefi-saqotiwe-teliqulo-hiwaponu-tih-wuk-kuh-meh-hix-puwirefa,kuh,,1591.4
5a94d2e989de8200013ecab6,610989f5a53fc140b54538e0,67,receiver,ground,market,ground-market,,ground,2276.2
5a94d2e989de8200013ecab6,610989f5a53fc140b54538e0,68,sender,future,ground,ralonefi-saqotiwe-teliqulo-hiwaponu-tih-wuk-kuh-meh-hix-puwirefa,puwirefa,,1734.5
5a94d2e989de8200013ecab6,610989f5a53fc140b54538e0,69,receiver,ground,review,review-ground,,ground,3553.6
5a94d2e989de8200013ecab6,610989f5a53fc140b54538e0,70,sender,future,review,ralonefi-saqotiwe-teliqulo-hiwaponu-tih-wuk-kuh-meh-hix-puwirefa,puwirefa,,1854.7
5a94d2e989de8200013ecab6,610989f5a53fc140b54538e0,71,receiver,change,ground,ground-change,,change,2323.5
5a94d2e989de8200013ecab6,610989f5a53fc140b54538e0,72,sender,credit,number,ralonefi-saqotiwe-teliqulo-hiwaponu-tih-wuk-kuh-meh-hix-puwirefa,kuh,,1367.9
5a94d2e989de8200013ecab6,610989f5a53fc140b54538e0,73,receiver,change,number,change-number,,number,1913.2
5a94d2e989de8200013ecab6,610989f5a53fc140b54538e0,74,sender,change,travel,ralonefi-saqotiwe-teliqulo-hiwaponu-tih-wuk-kuh-meh-hix-puwirefa,kuh,,1493.4
5a94d2e989de8200013ecab6,610989f5a53fc140b54538e0,75,receiver,ground,number,ground-number,,ground,1485.2
5a94d2e989de8200013ecab6,610989f5a53fc140b54538e0,76,sender,market,travel,ralonefi-saqotiwe-teliqulo-hiwaponu-tih-wuk-kuh-meh-hix-puwirefa,hiwaponu,,3702.2
5a94d2e989de8200013ecab6,610989f5a53fc140b54538e0,77,receiver,change,design,design-change,,change,2559.3
5a94d2e989de8200013ecab6,610989f5a53fc140b54538e0,78,sender,course,ground,ralonefi-saqotiwe-teliqulo-hiwaponu-tih-wuk-kuh-meh-hix-puwirefa,hiwaponu,,2893.1
5a94d2e989de8200013ecab6,610989f5a53fc140b54538e0,79,receiver,credit,market,credit-market,,credit,2280.9
5a94d2e989de8200013ecab6,610989f5a53fc140b54538e0,80,sender,credit,design,ralonefi-saqotiwe-teliqulo-hiwaponu-tih-wuk-kuh-meh-hix-puwirefa,hiwaponu,,1380.3
5a94d2e989de8200013ecab6,610989f5a53fc140b54538e0,81,receiver,design,travel,design-travel,,design,3223.4
5a94d2e989de8200013ecab6,610989f5a53fc140b54538e0,82,sender,future,ground,ralonefi-saqotiwe-teliqulo-hiwaponu-tih-wuk-kuh-meh-hix-puwirefa,puwirefa,,4718.2
5a94d2e989de8200013ecab6,610989f5a53fc140b54538e0,83,receiver,design,number,number-design,,design,1992.4
5a94d2e989de8200013ecab6,610989f5a53fc140b54538e0,84,sender,change,credit,ralonefi-saqotiwe-teliqulo-hiwaponu-tih-wuk-kuh-meh-hix-puwirefa,kuh,,1749.6
5a94d2e989de8200013ecab6,610989f5a53fc140b54538e0,85,receiver,design,future,design-future,,design,1434.3
5a94d2e989de8200013ecab6,610989f5a53fc140b54538e0,86,sender,change,market,ralonefi-saqotiwe-teliqulo-hiwaponu-tih-wuk-kuh-meh-hix-puwirefa,kuh,,1496.4
5a94d2e989de8200013ecab6,610989f5a53fc140b54538e0,87,receiver,credit,review,review-credit,,credit,2255.7
5a94d2e989de8200013ecab6,610989f5a53fc140b54538e0,88,sender,future,review,ralonefi-saqotiwe-teliqulo-hiwaponu-tih-wuk-kuh-meh-hix-puwirefa,puwirefa,,1416.9
5a94d2e989de8200013ecab6,610989f5a53fc140b54538e0,89,receiver,course,future,course-future,,future,2106.7
5a94d2e989de8200013ecab6,610989f5a53fc140b54538e0,90,sender,course,review,ralonefi-saqotiwe-teliqulo-hiwaponu-tih-wuk-kuh-meh-hix-puwirefa,meh,,1838.2
5a94d2e989de8200013ecab6,610989f5a53fc140b54538e0,91,receiver,change,number,number-change,,number,1998.8
5a94d2e989de8200013ecab6,610989f5a53fc140b54538e0,92,sender,change,review,ralonefi-saqotiwe-teliqulo-hiwaponu-tih-wuk-kuh-meh-hix-puwirefa,tih,,2216.2
5a94d2e989de8200013ecab6,610989f5a53fc140b54538e0,93,receiver,change,course,course-change,,change,1623.6
5a94d2e989de8200013ecab6,610989f5a53fc140b54538e0,94,sender,market,review,ralonefi-saqotiwe-teliqulo-hiwaponu-tih-wuk-kuh-meh-hix-puwirefa,hiwaponu,,2955.1
5a94d2e989de8200013ecab6,610989f5a53fc140b54538e0,95,receiver,change,review,review-change,,change,2298
5a94d2e989de8200013ecab6,610989f5a53fc140b54538e0,96,sender,market,travel,ralonefi-saqotiwe-teliqulo-hiwaponu-tih-wuk-kuh-meh-hix-puwirefa,hiwaponu,,2137.2
5a94d2e989de8200013ecab6,610989f5a53fc140b54538e0,97,receiver,change,number,change-number,,number,1439.9
5a94d2e989de8200013ecab6,610989f5a53fc140b54538e0,98,sender,credit,review,ralonefi-saqotiwe-teliqulo-hiwaponu-tih-wuk-kuh-meh-hix-puwirefa,kuh,,1488.8
5a94d2e989de8200013ecab6,610989f5a53fc140b54538e0,99,receiver,course,number,number-course,,number,1680.5
5a94d2e989de8200013ecab6,610989f5a53fc140b54538e0,100,sender,design,review,ralonefi-saqotiwe-teliqulo-hiwaponu-tih-wuk-kuh-meh-hix-puwirefa,teliqulo,,2456.9
5a94d2e989de8200013ecab6,610989f5a53fc140b54538e0,101,receiver,change,market,market-change,,change,1920.6
5a94d2e989de8200013ecab6,610989f5a53fc140b54538e0,102,sender,future,travel,ralonefi-saqotiwe-teliqulo-hiwaponu-tih-wuk-kuh-meh-hix-puwirefa,puwirefa,,1452.8
5a94d2e989de8200013ecab6,610989f5a53fc140b54538e0,103,receiver,market,review,review-market,,market,2444.5
5a94d2e989de8200013ecab6,610989f5a53fc140b54538e0,104,sender,credit,ground,ralonefi-saqotiwe-teliqulo-hiwaponu-tih-wuk-kuh-meh-hix-puwirefa,kuh,,1397.9
5a94d2e989de8200013ecab6,610989f5a53fc140b54538e0,105,receiver,course,credit,course-credit,,credit,1741.8
5a94d2e989de8200013ecab6,610989f5a53fc140b54538e0,106,sender,credit,number,ralonefi-saqotiwe-teliqulo-hiwaponu-tih-wuk-kuh-meh-hix-puwirefa,tih,,1463.7
5a94d2e989de8200013ecab6,610989f5a53fc140b54538e0,107,receiver,market,travel,market-travel,,market,2934.2
5a94d2e989de8200013ecab6,610989f5a53fc140b54538e0,108,sender,number,travel,ralonefi-saqotiwe-teliqulo-hiwaponu-tih-wuk-kuh-meh-hix-puwirefa,tih,,3058
5a94d2e989de8200013ecab6,610989f5a53fc140b54538e0,109,receiver,future,ground,future-ground,,ground,2038.9
5a94d2e989de8200013ecab6,610989f5a53fc140b54538e0,110,sender,credit,future,ralonefi-saqotiwe-teliqulo-hiwaponu-tih-wuk-kuh-meh-hix-puwirefa,kuh,,1713.6
5a94d2e989de8200013ecab6,610989f5a53fc140b54538e0,111,receiver,course,number,course-number,,number,2029.8
5a94d2e989de8200013ecab6,610989f5a53fc140b54538e0,112,sender,design,review,ralonefi-saqotiwe-teliqulo-hiwaponu-tih-wuk-kuh-meh-hix-puwirefa,teliqulo,,2003.1
5a94d2e989de8200013ecab6,610989f5a53fc140b54538e0,113,receiver,change,design,design-change,,change,1678.3
5a94d2e989de8200013ecab6,610989f5a53fc140b54538e0,114,sender,review,travel,ralonefi-saqotiwe-teliqulo-hiwaponu-tih-wuk-kuh-meh-hix-puwirefa,saqotiwe,,2196.1
5a94d2e989de8200013ecab6,610989f5a53fc140b54538e0,115,receiver,future,number,future-number,,future,2043.8
5a94d2e989de8200013ecab6,610989f5a53fc140b54538e0,116,sender,course,ground,ralonefi-saqotiwe-teliqulo-hiwaponu-tih-wuk-kuh-meh-hix-puwirefa,saqotiwe,,2975.7
5a94d2e989de8200013ecab6,610989f5a53fc140b54538e0,117,receiver,future,number,number-future,,future,1661.4
5a94d2e989de8200013ecab6,610989f5a53fc140b54538e0,118,sender,course,credit,ralonefi-saqotiwe-teliqulo-hiwaponu-tih-wuk-kuh-meh-hix-puwirefa,saqotiwe,,6540.2
5a94d2e989de8200013ecab6,610989f5a53fc140b54538e0,119,receiver,course,design,course-design,,course,2262.5
5a94d2e989de8200013ecab6,610989f5a53fc140b54538e0,120,sender,market,review,ralonefi-saqotiwe-teliqulo-hiwaponu-tih-wuk-kuh-meh-hix-puwirefa,meh,,2195.8
5a94d2e989de8200013ecab6,610989f5a53fc140b54538e0,121,receiver,change,travel,travel-change,,change,1464.2
5a94d2e989de8200013ecab6,610989f5a53fc140b54538e0,122,sender,credit,design,ralonefi-saqotiwe-teliqulo-hiwaponu-tih-wuk-kuh-meh-hix-puwirefa,kuh,,1284.6
5a94d2e989de8200013ecab6,610989f5a53fc140b54538e0,123,receiver,number,review,review-number,,number,1806.9
5a94d2e989de8200013ecab6,610989f5a53fc140b54538e0,124,sender,review,travel,ralonefi-saqotiwe-teliqulo-hiwaponu-tih-wuk-kuh-meh-hix-puwirefa,ralonefi,,3220.9
5a94d2e989de8200013ecab6,610989f5a53fc140b54538e0,125,receiver,change,course,change-course,,course,2188.5
5a94d2e989de8200013ecab6,610989f5a53fc140b54538e0,126,sender,number,travel,ralonefi-saqotiwe-teliqulo-hiwaponu-tih-wuk-kuh-meh-hix-puwirefa,tih,,2176
5a94d2e989de8200013ecab6,610989f5a53fc140b54538e0,127,receiver,future,number,future-number,,future,1606.8
5a94d2e989de8200013ecab6,610989f5a53fc140b54538e0,128,sender,credit,travel,ralonefi-saqotiwe-teliqulo-hiwaponu-tih-wuk-kuh-meh-hix-puwirefa,kuh,,2401.8
5a94d2e989de8200013ecab6,610989f5a53fc140b54538e0,129,receiver,change,course,change-course,,change,1744
5a94d2e989de8200013ecab6,610989f5a53fc140b54538e0,130,sender,design,future,ralonefi-saqotiwe-teliqulo-hiwaponu-tih-wuk-kuh-meh-hix-puwirefa,teliqulo,,1920.6
5a94d2e989de8200013ecab6,610989f5a53fc140b54538e0,131,receiver,change,market,change-market,,change,1850.3
5a94d2e989de8200013ecab6,610989f5a53fc140b54538e0,132,sender,course,review,ralonefi-saqotiwe-teliqulo-hiwaponu-tih-wuk-kuh-meh-hix-puwirefa,hiwaponu,,1760.5
5a94d2e989de8200013ecab6,610989f5a53fc140b54538e0,133,receiver,design,ground,design-ground,,ground,1782.1
5a94d2e989de8200013ecab6,610989f5a53fc140b54538e0,134,sender,credit,ground,ralonefi-saqotiwe-teliqulo-hiwaponu-tih-wuk-kuh-meh-hix-puwirefa,kuh,,1198
5a94d2e989de8200013ecab6,610989f5a53fc140b54538e0,135,receiver,course,credit,credit-course,,credit,1903.5