participant_id, partner_id, trial_index, trial_type, target_meaning, foil_meaning,             choices, signal_selected, meaning_guess, rt
610989f5a53fc140b54538e0,5a94d2e989de8200013ecab6,1,sender,design,ground,ralonefi-saqotiwe-teliqulo-hiwaponu-tih-wuk-kuh-meh-hix-puwirefa,ralonefi,,10413
610989f5a53fc140b54538e0,5a94d2e989de8200013ecab6,2,receiver,credit,travel,credit-travel,,travel,3397.4
610989f5a53fc140b54538e0,5a94d2e989de8200013ecab6,3,sender,ground,travel,ralonefi-saqotiwe-teliqulo-hiwaponu-tih-wuk-kuh-meh-hix-puwirefa,ralonefi,,5477.6
610989f5a53fc140b54538e0,5a94d2e989de8200013ecab6,4,receiver,design,number,design-number,,number,2275.1
610989f5a53fc140b54538e0,5a94d2e989de8200013ecab6,5,sender,market,number,ralonefi-saqotiwe-teliqulo-hiwaponu-tih-wuk-kuh-meh-hix-puwirefa,wuk,,12182.7
610989f5a53fc140b54538e0,5a94d2e989de8200013ecab6,6,receiver,change,credit,credit-change,,change,3833
610989f5a53fc140b54538e0,5a94d2e989de8200013ecab6,7,sender,future,review,ralonefi-saqotiwe-teliqulo-hiwaponu-tih-wuk-kuh-meh-hix-puwirefa,hiwaponu,,10823.3
610989f5a53fc140b54538e0,5a94d2e989de8200013ecab6,8,receiver,change,design,change-design,,design,3998.5
610989f5a53fc140b54538e0,5a94d2e989de8200013ecab6,9,sender,credit,market,ralonefi-saqotiwe-teliqulo-hiwaponu-tih-wuk-kuh-meh-hix-puwirefa,kuh,,11245
610989f5a53fc140b54538e0,5a94d2e989de8200013ecab6,10,receiver,number,review,number-review,,review,3924.9
610989f5a53fc140b54538e0,5a94d2e989de8200013ecab6,11,sender,ground,number,ralonefi-saqotiwe-teliqulo-hiwaponu-tih-wuk-kuh-meh-hix-puwirefa,hix,,11127.1
610989f5a53fc140b54538e0,5a94d2e989de8200013ecab6,12,receiver,future,market,future-market,,future,4420.3
610989f5a53fc140b54538e0,5a94d2e989de8200013ecab6,13,sender,future,market,ralonefi-saqotiwe-teliqulo-hiwaponu-tih-wuk-kuh-meh-hix-puwirefa,puwirefa,,4110.9
610989f5a53fc140b54538e0,5a94d2e989de8200013ecab6,14,receiver,change,ground,ground-change,,ground,3841.9
610989f5a53fc140b54538e0,5a94d2e989de8200013ecab6,15,sender,design,travel,ralonefi-saqotiwe-teliqulo-hiwaponu-tih-wuk-kuh-meh-hix-puwirefa,kuh,,15008.4
610989f5a53fc140b54538e0,5a94d2e989de8200013ecab6,16,receiver,future,travel,future-travel,,future,2420.7
610989f5a53fc140b54538e0,5a94d2e989de8200013ecab6,17,sender,ground,review,ralonefi-saqotiwe-teliqulo-hiwaponu-tih-wuk-kuh-meh-hix-puwirefa,hix,,2197.4
610989f5a53fc140b54538e0,5a94d2e989de8200013ecab6,18,receiver,change,future,future-change,,change,2138.1
610989f5a53fc140b54538e0,5a94d2e989de8200013ecab6,19,sender,credit,ground,ralonefi-saqotiwe-teliqulo-hiwaponu-tih-wuk-kuh-meh-hix-puwirefa,meh,,9739.5
610989f5a53fc140b54538e0,5a94d2e989de8200013ecab6,20,receiver,market,number,market-number,,market,4183.4
610989f5a53fc140b54538e0,5a94d2e989de8200013ecab6,21,sender,course,travel,ralonefi-saqotiwe-teliqulo-hiwaponu-tih-wuk-kuh-meh-hix-puwirefa,ralonefi,,10693.3
610989f5a53fc140b54538e0,5a94d2e989de8200013ecab6,22,receiver,ground,travel,travel-ground,,travel,1909.2
610989f5a53fc140b54538e0,5a94d2e989de8200013ecab6,23,sender,course,review,ralonefi-saqotiwe-teliqulo-hiwaponu-tih-wuk-kuh-meh-hix-puwirefa,ralonefi,,13050.3
610989f5a53fc140b54538e0,5a94d2e989de8200013ecab6,24,receiver,course,market,course-market,,course,1743.2
610989f5a53fc140b54538e0,5a94d2e989de8200013ecab6,25,sender,course,market,ralonefi-saqotiwe-teliqulo-hiwaponu-tih-wuk-kuh-meh-hix-puwirefa,ralonefi,,1681.9
610989f5a53fc140b54538e0,5a94d2e989de8200013ecab6,26,receiver,future,travel,future-travel,,future,2152.1
610989f5a53fc140b54538e0,5a94d2e989de8200013ecab6,27,sender,ground,market,ralonefi-saqotiwe-teliqulo-hiwaponu-tih-wuk-kuh-meh-hix-puwirefa,hix,,2801.8
610989f5a53fc140b54538e0,5a94d2e989de8200013ecab6,28,receiver,credit,number,number-credit,,number,3588.4
610989f5a53fc140b54538e0,5a94d2e989de8200013ecab6,29,sender,change,future,ralonefi-saqotiwe-teliqulo-hiwaponu-tih-wuk-kuh-meh-hix-puwirefa,saqotiwe,,8550.8
610989f5a53fc140b54538e0,5a94d2e989de8200013ecab6,30,receiver,course,future,course-future,,course,3040
610989f5a53fc140b54538e0,5a94d2e989de8200013ecab6,31,sender,number,review,ralonefi-saqotiwe-teliqulo-hiwaponu-tih-wuk-kuh-meh-hix-puwirefa,kuh,,9548.5
610989f5a53fc140b54538e0,5a94d2e989de8200013ecab6,32,receiver,course,travel,travel-course,,course,4350
610989f5a53fc140b54538e0,5a94d2e989de8200013ecab6,33,sender,course,future,ralonefi-saqotiwe-teliqulo-hiwaponu-tih-wuk-kuh-meh-hix-puwirefa,ralonefi,,2396.4
610989f5a53fc140b54538e0,5a94d2e989de8200013ecab6,34,receiver,credit,future,credit-future,,credit,6838.5
610989f5a53fc140b54538e0,5a94d2e989de8200013ecab6,35,sender,credit,future,ralonefi-saqotiwe-teliqulo-hiwaponu-tih-wuk-kuh-meh-hix-puwirefa,kuh,,6063.5
610989f5a53fc140b54538e0,5a94d2e989de8200013ecab6,36,receiver,design,market,market-design,,design,2838.8
610989f5a53fc140b54538e0,5a94d2e989de8200013ecab6,37,sender,ground,market,ralonefi-saqotiwe-teliqulo-hiwaponu-tih-wuk-kuh-meh-hix-puwirefa,hix,,11282.9
610989f5a53fc140b54538e0,5a94d2e989de8200013ecab6,38,receiver,future,market,market-future,,future,2485.4
610989f5a53fc140b54538e0,5a94d2e989de8200013ecab6,39,sender,design,market,ralonefi-saqotiwe-teliqulo-hiwaponu-tih-wuk-kuh-meh-hix-puwirefa,teliqulo,,8634.9
610989f5a53fc140b54538e0,5a94d2e989de8200013ecab6,40,receiver,change,ground,ground-change,,change,1931.8
610989f5a53fc140b54538e0,5a94d2e989de8200013ecab6,41,sender,course,number,ralonefi-saqotiwe-teliqulo-hiwaponu-tih-wuk-kuh-meh-hix-puwirefa,wuk,,16821.3
610989f5a53fc140b54538e0,5a94d2e989de8200013ecab6,42,receiver,change,travel,travel-change,,change,4457.1
610989f5a53fc140b54538e0,5a94d2e989de8200013ecab6,43,sender,design,travel,ralonefi-saqotiwe-teliqulo-hiwaponu-tih-wuk-kuh-meh-hix-puwirefa,teliqulo,,12391.7
610989f5a53fc140b54538e0,5a94d2e989de8200013ecab6,44,receiver,number,travel,travel-number,,travel,6950.5
610989f5a53fc140b54538e0,5a94d2e989de8200013ecab6,45,sender,course,travel,ralonefi-saqotiwe-teliqulo-hiwaponu-tih-wuk-kuh-meh-hix-puwirefa,meh,,23376.7
610989f5a53fc140b54538e0,5a94d2e989de8200013ecab6,46,receiver,design,review,review-design,,design,9973.8
610989f5a53fc140b54538e0,5a94d2e989de8200013ecab6,47,sender,design,market,ralonefi-saqotiwe-teliqulo-hiwaponu-tih-wuk-kuh-meh-hix-puwirefa,teliqulo,,4962.5
610989f5a53fc140b54538e0,5a94d2e989de8200013ecab6,48,receiver,design,number,number-design,,design,2538.8
610989f5a53fc140b54538e0,5a94d2e989de8200013ecab6,49,sender,review,travel,ralonefi-saqotiwe-teliqulo-hiwaponu-tih-wuk-kuh-meh-hix-puwirefa,ralonefi,,7322.1
610989f5a53fc140b54538e0,5a94d2e989de8200013ecab6,50,receiver,course,design,design-course,,course,2049.3
610989f5a53fc140b54538e0,5a94d2e989de8200013ecab6,51,sender,credit,travel,ralonefi-saqotiwe-teliqulo-hiwaponu-tih-wuk-kuh-meh-hix-puwirefa,wuk,,14152.9
610989f5a53fc140b54538e0,5a94d2e989de8200013ecab6,52,receiver,ground,number,ground-number,,number,4086
610989f5a53fc140b54538e0,5a94d2e989de8200013ecab6,53,sender,ground,review,ralonefi-saqotiwe-teliqulo-hiwaponu-tih-wuk-kuh-meh-hix-puwirefa,hix,,2428.7
610989f5a53fc140b54538e0,5a94d2e989de8200013ecab6,54,receiver,change,future,future-change,,change,4239.6
610989f5a53fc140b54538e0,5a94d2e989de8200013ecab6,55,sender,design,future,ralonefi-saqotiwe-teliqulo-hiwaponu-tih-wuk-kuh-meh-hix-puwirefa,teliqulo,,4339.7
610989f5a53fc140b54538e0,5a94d2e989de8200013ecab6,56,receiver,course,market,course-market,,market,5153.9
610989f5a53fc140b54538e0,5a94d2e989de8200013ecab6,57,sender,course,ground,ralonefi-saqotiwe-teliqulo-hiwaponu-tih-wuk-kuh-meh-hix-puwirefa,kuh,,9409.3
610989f5a53fc140b54538e0,5a94d2e989de8200013ecab6,58,receiver,ground,travel,travel-ground,,travel,6082.2
610989f5a53fc140b54538e0,5a94d2e989de8200013ecab6,59,sender,credit,review,ralonefi-saqotiwe-teliqulo-hiwaponu-tih-wuk-kuh-meh-hix-puwirefa,kuh,,12038.5
610989f5a53fc140b54538e0,5a94d2e989de8200013ecab6,60,receiver,change,credit,credit-change,,credit,2536
610989f5a53fc140b54538e0,5a94d2e989de8200013ecab6,61,sender,course,design,ralonefi-saqotiwe-teliqulo-hiwaponu-tih-wuk-kuh-meh-hix-puwirefa,hiwaponu,,10524.9
610989f5a53fc140b54538e0,5a94d2e989de8200013ecab6,62,receiver,change,review,review-change,,change,1917
610989f5a53fc140b54538e0,5a94d2e989de8200013ecab6,63,sender,credit,design,ralonefi-saqotiwe-teliqulo-hiwaponu-tih-wuk-kuh-meh-hix-puwirefa,hiwaponu,,3778.3
610989f5a53fc140b54538e0,5a94d2e989de8200013ecab6,64,receiver,design,ground,design-ground,,ground,2058.2
610989f5a53fc140b54538e0,5a94d2e989de8200013ecab6,65,sender,market,number,ralonefi-saqotiwe-teliqulo-hiwaponu-tih-wuk-kuh-meh-hix-puwirefa,meh,,3857.3
610989f5a53fc140b54538e0,5a94d2e989de8200013ecab6,66,receiver,credit,market,market-credit,,credit,2141.8
610989f5a53fc140b54538e0,5a94d2e989de8200013ecab6,67,sender,ground,market,ralonefi-saqotiwe-teliqulo-hiwaponu-tih-wuk-kuh-meh-hix-puwirefa,hix,,1678.9
610989f5a53fc140b54538e0,5a94d2e989de8200013ecab6,68,receiver,future,ground,future-ground,,future,2709.2
610989f5a53fc140b54538e0,5a94d2e989de8200013ecab6,69,sender,ground,review,ralonefi-saqotiwe-teliqulo-hiwaponu-tih-wuk-kuh-meh-hix-puwirefa,hix,,2969.2
610989f5a53fc140b54538e0,5a94d2e989de8200013ecab6,70,receiver,future,review,future-review,,future,1272.6
610989f5a53fc140b54538e0,5a94d2e989de8200013ecab6,71,sender,change,ground,ralonefi-saqotiwe-teliqulo-hiwaponu-tih-wuk-kuh-meh-hix-puwirefa,hiwaponu,,4039.4
610989f5a53fc140b54538e0,5a94d2e989de8200013ecab6,72,receiver,credit,number,credit-number,,credit,2798.4
610989f5a53fc140b54538e0,5a94d2e989de8200013ecab6,73,sender,change,number,ralonefi-saqotiwe-teliqulo-hiwaponu-tih-wuk-kuh-meh-hix-puwirefa,tih,,9466.7
610989f5a53fc140b54538e0,5a94d2e989de8200013ecab6,74,receiver,change,travel,change-travel,,change,1986.9
610989f5a53fc140b54538e0,5a94d2e989de8200013ecab6,75,sender,ground,number,ralonefi-saqotiwe-teliqulo-hiwaponu-tih-wuk-kuh-meh-hix-puwirefa,hix,,2468.7
610989f5a53fc140b54538e0,5a94d2e989de8200013ecab6,76,receiver,market,travel,market-travel,,travel,3004.2
610989f5a53fc140b54538e0,5a94d2e989de8200013ecab6,77,sender,change,design,ralonefi-saqotiwe-teliqulo-hiwaponu-tih-wuk-kuh-meh-hix-puwirefa,tih,,4022.3
610989f5a53fc140b54538e0,5a94d2e989de8200013ecab6,78,receiver,course,ground,ground-course,,course,3239.6
610989f5a53fc140b54538e0,5a94d2e989de8200013ecab6,79,sender,credit,market,ralonefi-saqotiwe-teliqulo-hiwaponu-tih-wuk-kuh-meh-hix-puwirefa,hiwaponu,,14265.5
610989f5a53fc140b54538e0,5a94d2e989de8200013ecab6,80,receiver,credit,design,design-credit,,credit,1651.4
610989f5a53fc140b54538e0,5a94d2e989de8200013ecab6,81,sender,design,travel,ralonefi-saqotiwe-teliqulo-hiwaponu-tih-wuk-kuh-meh-hix-puwirefa,teliqulo,,6649.8
610989f5a53fc140b54538e0,5a94d2e989de8200013ecab6,82,receiver,future,ground,ground-future,,future,1605.6
610989f5a53fc140b54538e0,5a94d2e989de8200013ecab6,83,sender,design,number,ralonefi-saqotiwe-teliqulo-hiwaponu-tih-wuk-kuh-meh-hix-puwirefa,teliqulo,,2663.2
610989f5a53fc140b54538e0,5a94d2e989de8200013ecab6,84,receiver,change,credit,change-credit,,change,5879.8
610989f5a53fc140b54538e0,5a94d2e989de8200013ecab6,85,sender,design,future,ralonefi-saqotiwe-teliqulo-hiwaponu-tih-wuk-kuh-meh-hix-puwirefa,teliqulo,,1714.2
610989f5a53fc140b54538e0,5a94d2e989de8200013ecab6,86,receiver,change,market,market-change,,change,1401
610989f5a53fc140b54538e0,5a94d2e989de8200013ecab6,87,sender,credit,review,ralonefi-saqotiwe-teliqulo-hiwaponu-tih-wuk-kuh-meh-hix-puwirefa,hiwaponu,,3663.8
610989f5a53fc140b54538e0,5a94d2e989de8200013ecab6,88,receiver,future,review,review-future,,future,2110.2
610989f5a53fc140b54538e0,5a94d2e989de8200013ecab6,89,sender,course,future,ralonefi-saqotiwe-teliqulo-hiwaponu-tih-wuk-kuh-meh-hix-puwirefa,meh,,12244.1
610989f5a53fc140b54538e0,5a94d2e989de8200013ecab6,90,receiver,course,review,review-course,,course,1254.2
610989f5a53fc140b54538e0,5a94d2e989de8200013ecab6,91,sender,change,number,ralonefi-saqotiwe-teliqulo-hiwaponu-tih-wuk-kuh-meh-hix-puwirefa,tih,,4405.8
610989f5a53fc140b54538e0,5a94d2e989de8200013ecab6,92,receiver,change,review,review-change,,change,1220.3
610989f5a53fc140b54538e0,5a94d2e989de8200013ecab6,93,sender,change,course,ralonefi-saqotiwe-teliqulo-hiwaponu-tih-wuk-kuh-meh-hix-puwirefa,tih,,1174.6
610989f5a53fc140b54538e0,5a94d2e989de8200013ecab6,94,receiver,market,review,market-review,,market,2799.9
610989f5a53fc140b54538e0,5a94d2e989de8200013ecab6,95,sender,change,review,ralonefi-saqotiwe-teliqulo-hiwaponu-tih-wuk-kuh-meh-hix-puwirefa,tih,,1499.1
610989f5a53fc140b54538e0,5a94d2e989de8200013ecab6,96,receiver,market,travel,travel-market,,market,3780
610989f5a53fc140b54538e0,5a94d2e989de8200013ecab6,97,sender,change,number,ralonefi-saqotiwe-teliqulo-hiwaponu-tih-wuk-kuh-meh-hix-puwirefa,tih,,1379.7
610989f5a53fc140b54538e0,5a94d2e989de8200013ecab6,98,receiver,credit,review,credit-review,,credit,2701.7
610989f5a53fc140b54538e0,5a94d2e989de8200013ecab6,99,sender,course,number,ralonefi-saqotiwe-teliqulo-hiwaponu-tih-wuk-kuh-meh-hix-puwirefa,tih,,9094.2
610989f5a53fc140b54538e0,5a94d2e989de8200013ecab6,100,receiver,design,review,design-review,,design,2940.8
610989f5a53fc140b54538e0,5a94d2e989de8200013ecab6,101,sender,change,market,ralonefi-saqotiwe-teliqulo-hiwaponu-tih-wuk-kuh-meh-hix-puwirefa,tih,,2248.5
610989f5a53fc140b54538e0,5a94d2e989de8200013ecab6,102,receiver,future,travel,future-travel,,future,1294
610989f5a53fc140b54538e0,5a94d2e989de8200013ecab6,103,sender,market,review,ralonefi-saqotiwe-teliqulo-hiwaponu-tih-wuk-kuh-meh-hix-puwirefa,hiwaponu,,4169.3
610989f5a53fc140b54538e0,5a94d2e989de8200013ecab6,104,receiver,credit,ground,credit-ground,,credit,1954.5
610989f5a53fc140b54538e0,5a94d2e989de8200013ecab6,105,sender,course,credit,ralonefi-saqotiwe-teliqulo-hiwaponu-tih-wuk-kuh-meh-hix-puwirefa,tih,,15661.6
610989f5a53fc140b54538e0,5a94d2e989de8200013ecab6,106,receiver,credit,number,credit-number,,credit,1604.8
610989f5a53fc140b54538e0,5a94d2e989de8200013ecab6,107,sender,market,travel,ralonefi-saqotiwe-teliqulo-hiwaponu-tih-wuk-kuh-meh-hix-puwirefa,hiwaponu,,2423.3
610989f5a53fc140b54538e0,5a94d2e989de8200013ecab6,108,receiver,number,travel,travel-number,,number,4736.9
610989f5a53fc140b54538e0,5a94d2e989de8200013ecab6,109,sender,future,ground,ralonefi-saqotiwe-teliqulo-hiwaponu-tih-wuk-kuh-meh-hix-puwirefa,puwirefa,,3462.8
610989f5a53fc140b54538e0,5a94d2e989de8200013ecab6,110,receiver,credit,future,credit-future,,credit,2167.9
610989f5a53fc140b54538e0,5a94d2e989de8200013ecab6,111,sender,course,number,ralonefi-saqotiwe-teliqulo-hiwaponu-tih-wuk-kuh-meh-hix-puwirefa,saqotiwe,,7979.8
610989f5a53fc140b54538e0,5a94d2e989de8200013ecab6,112,receiver,design,review,review-design,,design,2292.9
610989f5a53fc140b54538e0,5a94d2e989de8200013ecab6,113,sender,change,design,ralonefi-saqotiwe-teliqulo-hiwaponu-tih-wuk-kuh-meh-hix-puwirefa,tih,,3466.5
610989f5a53fc140b54538e0,5a94d2e989de8200013ecab6,114,receiver,review,travel,travel-review,,travel,3072.8
610989f5a53fc140b54538e0,5a94d2e989de8200013ecab6,115,sender,future,number,ralonefi-saqotiwe-teliqulo-hiwaponu-tih-wuk-kuh-meh-hix-puwirefa,puwirefa,,4467.8
610989f5a53fc140b54538e0,5a94d2e989de8200013ecab6,116,receiver,course,ground,ground-course,,course,1677.4
610989f5a53fc140b54538e0,5a94d2e989de8200013ecab6,117,sender,future,number,ralonefi-saqotiwe-teliqulo-hiwaponu-tih-wuk-kuh-meh-hix-puwirefa,puwirefa,,1659.7
610989f5a53fc140b54538e0,5a94d2e989de8200013ecab6,118,receiver,course,credit,credit-course,,credit,5131.3
610989f5a53fc140b54538e0,5a94d2e989de8200013ecab6,119,sender,course,design,ralonefi-saqotiwe-teliqulo-hiwaponu-tih-wuk-kuh-meh-hix-puwirefa,saqotiwe,,3610.4
610989f5a53fc140b54538e0,5a94d2e989de8200013ecab6,120,receiver,market,review,review-market,,review,3015.5
610989f5a53fc140b54538e0,5a94d2e989de8200013ecab6,121,sender,change,travel,ralonefi-saqotiwe-teliqulo-hiwaponu-tih-wuk-kuh-meh-hix-puwirefa,tih,,1696.4
610989f5a53fc140b54538e0,5a94d2e989de8200013ecab6,122,receiver,credit,design,design-credit,,credit,2439.9
610989f5a53fc140b54538e0,5a94d2e989de8200013ecab6,123,sender,number,review,ralonefi-saqotiwe-teliqulo-hiwaponu-tih-wuk-kuh-meh-hix-puwirefa,kuh,,8170.7
610989f5a53fc140b54538e0,5a94d2e989de8200013ecab6,124,receiver,review,travel,travel-review,,review,2731.9
610989f5a53fc140b54538e0,5a94d2e989de8200013ecab6,125,sender,change,course,ralonefi-saqotiwe-teliqulo-hiwaponu-tih-wuk-kuh-meh-hix-puwirefa,kuh,,2739.4
610989f5a53fc140b54538e0,5a94d2e989de8200013ecab6,126,receiver,number,travel,travel-number,,number,1869
610989f5a53fc140b54538e0,5a94d2e989de8200013ecab6,127,sender,future,number,ralonefi-saqotiwe-teliqulo-hiwaponu-tih-wuk-kuh-meh-hix-puwirefa,puwirefa,,1676
610989f5a53fc140b54538e0,5a94d2e989de8200013ecab6,128,receiver,credit,travel,travel-credit,,credit,2555.6
610989f5a53fc140b54538e0,5a94d2e989de8200013ecab6,129,sender,change,course,ralonefi-saqotiwe-teliqulo-hiwaponu-tih-wuk-kuh-meh-hix-puwirefa,tih,,5520.2
610989f5a53fc140b54538e0,5a94d2e989de8200013ecab6,130,receiver,design,future,future-design,,design,1822.3
610989f5a53fc140b54538e0,5a94d2e989de8200013ecab6,131,sender,change,market,ralonefi-saqotiwe-teliqulo-hiwaponu-tih-wuk-kuh-meh-hix-puwirefa,tih,,3331.7
610989f5a53fc140b54538e0,5a94d2e989de8200013ecab6,132,receiver,course,review,review-course,,review,2960.8
610989f5a53fc140b54538e0,5a94d2e989de8200013ecab6,133,sender,design,ground,ralonefi-saqotiwe-teliqulo-hiwaponu-tih-wuk-kuh-meh-hix-puwirefa,teliqulo,,4611.5
610989f5a53fc140b54538e0,5a94d2e989de8200013ecab6,134,receiver,credit,ground,credit-ground,,credit,1634.2
610989f5a53fc140b54538e0,5a94d2e989de8200013ecab6,135,sender,course,credit,ralonefi-saqotiwe-teliqulo-hiwaponu-tih-wuk-kuh-meh-hix-puwirefa,kuh,,4963.1