participant_id, partner_id, trial_index, trial_type, target_meaning, foil_meaning,             choices, signal_selected, meaning_guess, rt
5964a054b9153e000161710d,5e3723a2c0b2896ad554be73,1,receiver,player,budget,budget-player,,player,9191.3
5964a054b9153e000161710d,5e3723a2c0b2896ad554be73,2,sender,former,public,kuh-qux-haq-hiwaponu-wuk-tih-saqotiwe-lehaqifu-puwirefa-tezalipu,wuk,,7858.6
5964a054b9153e000161710d,5e3723a2c0b2896ad554be73,3,receiver,author,budget,author-budget,,author,7045.8
5964a054b9153e000161710d,5e3723a2c0b2896ad554be73,4,sender,coffee,ground,kuh-qux-haq-hiwaponu-wuk-tih-saqotiwe-lehaqifu-puwirefa-tezalipu,kuh,,6391.5
5964a054b9153e000161710d,5e3723a2c0b2896ad554be73,5,receiver,window,family,window-family,,window,3060.1
5964a054b9153e000161710d,5e3723a2c0b2896ad554be73,6,sender,handle,player,kuh-qux-haq-hiwaponu-wuk-tih-saqotiwe-lehaqifu-puwirefa-tezalipu,hiwaponu,,5379.2
5964a054b9153e000161710d,5e3723a2c0b2896ad554be73,7,receiver,family,handle,family-handle,,handle,4001.7
5964a054b9153e000161710d,5e3723a2c0b2896ad554be73,8,sender,window,coffee,kuh-qux-haq-hiwaponu-wuk-tih-saqotiwe-lehaqifu-puwirefa-tezalipu,haq,,2859.6
5964a054b9153e000161710d,5e3723a2c0b2896ad554be73,9,receiver,window,family,family-window,,window,5054.6
5964a054b9153e000161710d,5e3723a2c0b2896ad554be73,10,sender,handle,public,kuh-qux-haq-hiwaponu-wuk-tih-saqotiwe-lehaqifu-puwirefa-tezalipu,kuh,,10277.2
5964a054b9153e000161710d,5e3723a2c0b2896ad554be73,11,receiver,window,family,window-family,,family,3094.4
5964a054b9153e000161710d,5e3723a2c0b2896ad554be73,12,sender,family,budget,kuh-qux-haq-hiwaponu-wuk-tih-saqotiwe-lehaqifu-puwirefa-tezalipu,hiwaponu,,2935.8
5964a054b9153e000161710d,5e3723a2c0b2896ad554be73,13,receiver,author,former,former-author,,former,3184.1
5964a054b9153e000161710d,5e3723a2c0b2896ad554be73,14,sender,family,ground,kuh-qux-haq-hiwaponu-wuk-tih-saqotiwe-lehaqifu-puwirefa-tezalipu,haq,,2737.2
5964a054b9153e000161710d,5e3723a2c0b2896ad554be73,15,receiver,window,ground,window-ground,,window,2644.1
5964a054b9153e000161710d,5e3723a2c0b2896ad554be73,16,sender,window,family,kuh-qux-haq-hiwaponu-wuk-tih-saqotiwe-lehaqifu-puwirefa-tezalipu,hiwaponu,,2314.9
5964a054b9153e000161710d,5e3723a2c0b2896ad554be73,17,receiver,player,coffee,coffee-player,,player,5473.7
5964a054b9153e000161710d,5e3723a2c0b2896ad554be73,18,sender,window,ground,kuh-qux-haq-hiwaponu-wuk-tih-saqotiwe-lehaqifu-puwirefa-tezalipu,wuk,,3984.1
5964a054b9153e000161710d,5e3723a2c0b2896ad554be73,19,receiver,player,ground,player-ground,,ground,3203.9
5964a054b9153e000161710d,5e3723a2c0b2896ad554be73,20,sender,author,budget,kuh-qux-haq-hiwaponu-wuk-tih-saqotiwe-lehaqifu-puwirefa-tezalipu,hiwaponu,,3060.1
5964a054b9153e000161710d,5e3723a2c0b2896ad554be73,21,receiver,author,former,author-former,,author,2611.3
5964a054b9153e000161710d,5e3723a2c0b2896ad554be73,22,sender,author,public,kuh-qux-haq-hiwaponu-wuk-tih-saqotiwe-lehaqifu-puwirefa-tezalipu,hiwaponu,,6309.8
5964a054b9153e000161710d,5e3723a2c0b2896ad554be73,23,receiver,author,former,author-former,,author,2255.2
5964a054b9153e000161710d,5e3723a2c0b2896ad554be73,24,sender,ground,budget,kuh-qux-haq-hiwaponu-wuk-tih-saqotiwe-lehaqifu-puwirefa-tezalipu,haq,,4048.1
5964a054b9153e000161710d,5e3723a2c0b2896ad554be73,25,receiver,former,handle,former-handle,,former,4723.8
5964a054b9153e000161710d,5e3723a2c0b2896ad554be73,26,sender,former,player,kuh-qux-haq-hiwaponu-wuk-tih-saqotiwe-lehaqifu-puwirefa-tezalipu,hiwaponu,,2491.2
5964a054b9153e000161710d,5e3723a2c0b2896ad554be73,27,receiver,author,family,author-family,,author,3092.7
5964a054b9153e000161710d,5e3723a2c0b2896ad554be73,28,sender,coffee,ground,kuh-qux-haq-hiwaponu-wuk-tih-saqotiwe-lehaqifu-puwirefa-tezalipu,kuh,,3300.3
5964a054b9153e000161710d,5e3723a2c0b2896ad554be73,29,receiver,handle,ground,handle-ground,,handle,5492.7
5964a054b9153e000161710d,5e3723a2c0b2896ad554be73,30,sender,author,former,kuh-qux-haq-hiwaponu-wuk-tih-saqotiwe-lehaqifu-puwirefa-tezalipu,hiwaponu,,3960.3
5964a054b9153e000161710d,5e3723a2c0b2896ad554be73,31,receiver,former,budget,budget-former,,budget,4626
5964a054b9153e000161710d,5e3723a2c0b2896ad554be73,32,sender,family,public,kuh-qux-haq-hiwaponu-wuk-tih-saqotiwe-lehaqifu-puwirefa-tezalipu,hiwaponu,,5221.1
5964a054b9153e000161710d,5e3723a2c0b2896ad554be73,33,receiver,ground,budget,ground-budget,,ground,5574.1
5964a054b9153e000161710d,5e3723a2c0b2896ad554be73,34,sender,window,public,kuh-qux-haq-hiwaponu-wuk-tih-saqotiwe-lehaqifu-puwirefa-tezalipu,haq,,6608
5964a054b9153e000161710d,5e3723a2c0b2896ad554be73,35,receiver,handle,budget,handle-budget,,budget,3315.5
5964a054b9153e000161710d,5e3723a2c0b2896ad554be73,36,sender,handle,public,kuh-qux-haq-hiwaponu-wuk-tih-saqotiwe-lehaqifu-puwirefa-tezalipu,haq,,6740.1
5964a054b9153e000161710d,5e3723a2c0b2896ad554be73,37,receiver,coffee,public,coffee-public,,coffee,4165.9
5964a054b9153e000161710d,5e3723a2c0b2896ad554be73,38,sender,author,former,kuh-qux-haq-hiwaponu-wuk-tih-saqotiwe-lehaqifu-puwirefa-tezalipu,hiwaponu,,4365.4
5964a054b9153e000161710d,5e3723a2c0b2896ad554be73,39,receiver,handle,coffee,coffee-handle,,coffee,2448.2
5964a054b9153e000161710d,5e3723a2c0b2896ad554be73,40,sender,author,ground,kuh-qux-haq-hiwaponu-wuk-tih-saqotiwe-lehaqifu-puwirefa-tezalipu,hiwaponu,,2632.8
5964a054b9153e000161710d,5e3723a2c0b2896ad554be73,41,receiver,author,coffee,author-coffee,,author,5930.3
5964a054b9153e000161710d,5e3723a2c0b2896ad554be73,42,sender,handle,player,kuh-qux-haq-hiwaponu-wuk-tih-saqotiwe-lehaqifu-puwirefa-tezalipu,hiwaponu,,2931.3
5964a054b9153e000161710d,5e3723a2c0b2896ad554be73,43,receiver,coffee,budget,budget-coffee,,coffee,1845.3
5964a054b9153e000161710d,5e3723a2c0b2896ad554be73,44,sender,player,public,kuh-qux-haq-hiwaponu-wuk-tih-saqotiwe-lehaqifu-puwirefa-tezalipu,hiwaponu,,2734.7
5964a054b9153e000161710d,5e3723a2c0b2896ad554be73,45,receiver,author,former,author-former,,author,2320.6
5964a054b9153e000161710d,5e3723a2c0b2896ad554be73,46,sender,former,window,kuh-qux-haq-hiwaponu-wuk-tih-saqotiwe-lehaqifu-puwirefa-tezalipu,haq,,3825.9
5964a054b9153e000161710d,5e3723a2c0b2896ad554be73,47,receiver,window,budget,budget-window,,window,3468.9
5964a054b9153e000161710d,5e3723a2c0b2896ad554be73,48,sender,window,public,kuh-qux-haq-hiwaponu-wuk-tih-saqotiwe-lehaqifu-puwirefa-tezalipu,haq,,4431.5
5964a054b9153e000161710d,5e3723a2c0b2896ad554be73,49,receiver,author,ground,ground-author,,author,2362.1
5964a054b9153e000161710d,5e3723a2c0b2896ad554be73,50,sender,family,coffee,kuh-qux-haq-hiwaponu-wuk-tih-saqotiwe-lehaqifu-puwirefa-tezalipu,kuh,,3070
5964a054b9153e000161710d,5e3723a2c0b2896ad554be73,51,receiver,family,budget,family-budget,,budget,4526.7
5964a054b9153e000161710d,5e3723a2c0b2896ad554be73,52,sender,author,former,kuh-qux-haq-hiwaponu-wuk-tih-saqotiwe-lehaqifu-puwirefa-tezalipu,hiwaponu,,3114.4
5964a054b9153e000161710d,5e3723a2c0b2896ad554be73,53,receiver,window,family,window-family,,window,2973.7
5964a054b9153e000161710d,5e3723a2c0b2896ad554be73,54,sender,public,ground,kuh-qux-haq-hiwaponu-wuk-tih-saqotiwe-lehaqifu-puwirefa-tezalipu,hiwaponu,,3204.9
5964a054b9153e000161710d,5e3723a2c0b2896ad554be73,55,receiver,family,ground,ground-family,,ground,3278.5
5964a054b9153e000161710d,5e3723a2c0b2896ad554be73,56,sender,handle,budget,kuh-qux-haq-hiwaponu-wuk-tih-saqotiwe-lehaqifu-puwirefa-tezalipu,saqotiwe,,3746.8
5964a054b9153e000161710d,5e3723a2c0b2896ad554be73,57,receiver,former,ground,former-ground,,ground,3630.3
5964a054b9153e000161710d,5e3723a2c0b2896ad554be73,58,sender,coffee,public,kuh-qux-haq-hiwaponu-wuk-tih-saqotiwe-lehaqifu-puwirefa-tezalipu,kuh,,3262.7
5964a054b9153e000161710d,5e3723a2c0b2896ad554be73,59,receiver,handle,player,player-handle,,handle,2632.5
5964a054b9153e000161710d,5e3723a2c0b2896ad554be73,60,sender,family,handle,kuh-qux-haq-hiwaponu-wuk-tih-saqotiwe-lehaqifu-puwirefa-tezalipu,hiwaponu,,2888.5
5964a054b9153e000161710d,5e3723a2c0b2896ad554be73,61,receiver,author,former,former-author,,author,2401.5
5964a054b9153e000161710d,5e3723a2c0b2896ad554be73,62,sender,author,public,kuh-qux-haq-hiwaponu-wuk-tih-saqotiwe-lehaqifu-puwirefa-tezalipu,hiwaponu,,2568.3
5964a054b9153e000161710d,5e3723a2c0b2896ad554be73,63,receiver,handle,player,handle-player,,handle,4190.3
5964a054b9153e000161710d,5e3723a2c0b2896ad554be73,64,sender,author,handle,kuh-qux-haq-hiwaponu-wuk-tih-saqotiwe-lehaqifu-puwirefa-tezalipu,hiwaponu,,3142.8
5964a054b9153e000161710d,5e3723a2c0b2896ad554be73,65,receiver,handle,player,player-handle,,handle,2635.2
5964a054b9153e000161710d,5e3723a2c0b2896ad554be73,66,sender,handle,player,kuh-qux-haq-hiwaponu-wuk-tih-saqotiwe-lehaqifu-puwirefa-tezalipu,kuh,,5076
5964a054b9153e000161710d,5e3723a2c0b2896ad554be73,67,receiver,handle,player,handle-player,,handle,1715.2
5964a054b9153e000161710d,5e3723a2c0b2896ad554be73,68,sender,former,coffee,kuh-qux-haq-hiwaponu-wuk-tih-saqotiwe-lehaqifu-puwirefa-tezalipu,kuh,,3724.3
5964a054b9153e000161710d,5e3723a2c0b2896ad554be73,69,receiver,author,former,former-author,,author,2572.9
5964a054b9153e000161710d,5e3723a2c0b2896ad554be73,70,sender,player,budget,kuh-qux-haq-hiwaponu-wuk-tih-saqotiwe-lehaqifu-puwirefa-tezalipu,hiwaponu,,2308.1
5964a054b9153e000161710d,5e3723a2c0b2896ad554be73,71,receiver,coffee,public,public-coffee,,coffee,2285.3
5964a054b9153e000161710d,5e3723a2c0b2896ad554be73,72,sender,former,handle,kuh-qux-haq-hiwaponu-wuk-tih-saqotiwe-lehaqifu-puwirefa-tezalipu,haq,,3352.7
5964a054b9153e000161710d,5e3723a2c0b2896ad554be73,73,receiver,handle,ground,ground-handle,,handle,1983.2
5964a054b9153e000161710d,5e3723a2c0b2896ad554be73,74,sender,coffee,public,kuh-qux-haq-hiwaponu-wuk-tih-saqotiwe-lehaqifu-puwirefa-tezalipu,kuh,,2010.2
5964a054b9153e000161710d,5e3723a2c0b2896ad554be73,75,receiver,public,budget,budget-public,,budget,4855
5964a054b9153e000161710d,5e3723a2c0b2896ad554be73,76,sender,handle,player,kuh-qux-haq-hiwaponu-wuk-tih-saqotiwe-lehaqifu-puwirefa-tezalipu,hiwaponu,,3319.3
5964a054b9153e000161710d,5e3723a2c0b2896ad554be73,77,receiver,former,ground,ground-former,,ground,3661.9
5964a054b9153e000161710d,5e3723a2c0b2896ad554be73,78,sender,ground,budget,kuh-qux-haq-hiwaponu-wuk-tih-saqotiwe-lehaqifu-puwirefa-tezalipu,wuk,,3393.2
5964a054b9153e000161710d,5e3723a2c0b2896ad554be73,79,receiver,author,coffee,coffee-author,,author,2512.3
5964a054b9153e000161710d,5e3723a2c0b2896ad554be73,80,sender,author,family,kuh-qux-haq-hiwaponu-wuk-tih-saqotiwe-lehaqifu-puwirefa-tezalipu,hiwaponu,,3653.8
5964a054b9153e000161710d,5e3723a2c0b2896ad554be73,81,receiver,coffee,budget,coffee-budget,,coffee,2570
5964a054b9153e000161710d,5e3723a2c0b2896ad554be73,82,sender,coffee,budget,kuh-qux-haq-hiwaponu-wuk-tih-saqotiwe-lehaqifu-puwirefa-tezalipu,kuh,,3059.9
5964a054b9153e000161710d,5e3723a2c0b2896ad554be73,83,receiver,author,former,author-former,,author,2326.8
5964a054b9153e000161710d,5e3723a2c0b2896ad554be73,84,sender,former,window,kuh-qux-haq-hiwaponu-wuk-tih-saqotiwe-lehaqifu-puwirefa-tezalipu,wuk,,5790.4
5964a054b9153e000161710d,5e3723a2c0b2896ad554be73,85,receiver,handle,player,handle-player,,handle,4511.5
5964a054b9153e000161710d,5e3723a2c0b2896ad554be73,86,sender,public,ground,kuh-qux-haq-hiwaponu-wuk-tih-saqotiwe-lehaqifu-puwirefa-tezalipu,hiwaponu,,2060.3
5964a054b9153e000161710d,5e3723a2c0b2896ad554be73,87,receiver,author,player,player-author,,author,2664.5
5964a054b9153e000161710d,5e3723a2c0b2896ad554be73,88,sender,author,former,kuh-qux-haq-hiwaponu-wuk-tih-saqotiwe-lehaqifu-puwirefa-tezalipu,hiwaponu,,2511.9
5964a054b9153e000161710d,5e3723a2c0b2896ad554be73,89,receiver,public,budget,budget-public,,public,1920.4
5964a054b9153e000161710d,5e3723a2c0b2896ad554be73,90,sender,public,budget,kuh-qux-haq-hiwaponu-wuk-tih-saqotiwe-lehaqifu-puwirefa-tezalipu,hiwaponu,,2814.1
5964a054b9153e000161710d,5e3723a2c0b2896ad554be73,91,receiver,handle,player,player-handle,,handle,2077.9
5964a054b9153e000161710d,5e3723a2c0b2896ad554be73,92,sender,family,public,kuh-qux-haq-hiwaponu-wuk-tih-saqotiwe-lehaqifu-puwirefa-tezalipu,hiwaponu,,2792.9
5964a054b9153e000161710d,5e3723a2c0b2896ad554be73,93,receiver,public,budget,budget-public,,public,1862.2
5964a054b9153e000161710d,5e3723a2c0b2896ad554be73,94,sender,coffee,public,kuh-qux-haq-hiwaponu-wuk-tih-saqotiwe-lehaqifu-puwirefa-tezalipu,kuh,,2199.7
5964a054b9153e000161710d,5e3723a2c0b2896ad554be73,95,receiver,coffee,ground,coffee-ground,,coffee,1681
5964a054b9153e000161710d,5e3723a2c0b2896ad554be73,96,sender,window,family,kuh-qux-haq-hiwaponu-wuk-tih-saqotiwe-lehaqifu-puwirefa-tezalipu,hiwaponu,,3334.2
5964a054b9153e000161710d,5e3723a2c0b2896ad554be73,97,receiver,window,handle,handle-window,,window,4814.9
5964a054b9153e000161710d,5e3723a2c0b2896ad554be73,98,sender,former,public,kuh-qux-haq-hiwaponu-wuk-tih-saqotiwe-lehaqifu-puwirefa-tezalipu,haq,,5248
5964a054b9153e000161710d,5e3723a2c0b2896ad554be73,99,receiver,window,family,window-family,,family,2369
5964a054b9153e000161710d,5e3723a2c0b2896ad554be73,100,sender,player,ground,kuh-qux-haq-hiwaponu-wuk-tih-saqotiwe-lehaqifu-puwirefa-tezalipu,haq,,2778.5
5964a054b9153e000161710d,5e3723a2c0b2896ad554be73,101,receiver,window,player,window-player,,window,2958.9
5964a054b9153e000161710d,5e3723a2c0b2896ad554be73,102,sender,public,ground,kuh-qux-haq-hiwaponu-wuk-tih-saqotiwe-lehaqifu-puwirefa-tezalipu,hiwaponu,,2655.5
5964a054b9153e000161710d,5e3723a2c0b2896ad554be73,103,receiver,handle,player,player-handle,,handle,2028.2
5964a054b9153e000161710d,5e3723a2c0b2896ad554be73,104,sender,window,coffee,kuh-qux-haq-hiwaponu-wuk-tih-saqotiwe-lehaqifu-puwirefa-tezalipu,wuk,,3076.8
5964a054b9153e000161710d,5e3723a2c0b2896ad554be73,105,receiver,family,player,family-player,,player,3292.9
5964a054b9153e000161710d,5e3723a2c0b2896ad554be73,106,sender,public,budget,kuh-qux-haq-hiwaponu-wuk-tih-saqotiwe-lehaqifu-puwirefa-tezalipu,hiwaponu,,4512.1
5964a054b9153e000161710d,5e3723a2c0b2896ad554be73,107,receiver,coffee,budget,coffee-budget,,coffee,1659.4
5964a054b9153e000161710d,5e3723a2c0b2896ad554be73,108,sender,public,ground,kuh-qux-haq-hiwaponu-wuk-tih-saqotiwe-lehaqifu-puwirefa-tezalipu,hiwaponu,,3132.7
5964a054b9153e000161710d,5e3723a2c0b2896ad554be73,109,receiver,player,coffee,coffee-player,,coffee,1541.1
5964a054b9153e000161710d,5e3723a2c0b2896ad554be73,110,sender,window,family,kuh-qux-haq-hiwaponu-wuk-tih-saqotiwe-lehaqifu-puwirefa-tezalipu,hiwaponu,,2119.5
5964a054b9153e000161710d,5e3723a2c0b2896ad554be73,111,receiver,former,coffee,former-coffee,,coffee,2018.8
5964a054b9153e000161710d,5e3723a2c0b2896ad554be73,112,sender,window,budget,kuh-qux-haq-hiwaponu-wuk-tih-saqotiwe-lehaqifu-puwirefa-tezalipu,haq,,2158.5
5964a054b9153e000161710d,5e3723a2c0b2896ad554be73,113,receiver,author,window,window-author,,author,1946
5964a054b9153e000161710d,5e3723a2c0b2896ad554be73,114,sender,family,coffee,kuh-qux-haq-hiwaponu-wuk-tih-saqotiwe-lehaqifu-puwirefa-tezalipu,kuh,,1558.7
5964a054b9153e000161710d,5e3723a2c0b2896ad554be73,115,receiver,former,family,family-former,,family,2834.8
5964a054b9153e000161710d,5e3723a2c0b2896ad554be73,116,sender,window,player,kuh-qux-haq-hiwaponu-wuk-tih-saqotiwe-lehaqifu-puwirefa-tezalipu,haq,,2542
5964a054b9153e000161710d,5e3723a2c0b2896ad554be73,117,receiver,window,family,window-family,,window,2851.8
5964a054b9153e000161710d,5e3723a2c0b2896ad554be73,118,sender,author,handle,kuh-qux-haq-hiwaponu-wuk-tih-saqotiwe-lehaqifu-puwirefa-tezalipu,hiwaponu,,1986.2
5964a054b9153e000161710d,5e3723a2c0b2896ad554be73,119,receiver,public,ground,ground-public,,public,2431
5964a054b9153e000161710d,5e3723a2c0b2896ad554be73,120,sender,former,budget,kuh-qux-haq-hiwaponu-wuk-tih-saqotiwe-lehaqifu-puwirefa-tezalipu,haq,,3368.7
5964a054b9153e000161710d,5e3723a2c0b2896ad554be73,121,receiver,player,public,player-public,,player,2317
5964a054b9153e000161710d,5e3723a2c0b2896ad554be73,122,sender,ground,budget,kuh-qux-haq-hiwaponu-wuk-tih-saqotiwe-lehaqifu-puwirefa-tezalipu,haq,,2973.2
5964a054b9153e000161710d,5e3723a2c0b2896ad554be73,123,receiver,former,player,player-former,,former,4589
5964a054b9153e000161710d,5e3723a2c0b2896ad554be73,124,sender,coffee,ground,kuh-qux-haq-hiwaponu-wuk-tih-saqotiwe-lehaqifu-puwirefa-tezalipu,kuh,,3655.4
5964a054b9153e000161710d,5e3723a2c0b2896ad554be73,125,receiver,handle,coffee,handle-coffee,,coffee,1956.8
5964a054b9153e000161710d,5e3723a2c0b2896ad554be73,126,sender,window,family,kuh-qux-haq-hiwaponu-wuk-tih-saqotiwe-lehaqifu-puwirefa-tezalipu,haq,,3785.2
5964a054b9153e000161710d,5e3723a2c0b2896ad554be73,127,receiver,coffee,budget,coffee-budget,,coffee,2092.4
5964a054b9153e000161710d,5e3723a2c0b2896ad554be73,128,sender,window,handle,kuh-qux-haq-hiwaponu-wuk-tih-saqotiwe-lehaqifu-puwirefa-tezalipu,haq,,2430.4
5964a054b9153e000161710d,5e3723a2c0b2896ad554be73,129,receiver,former,family,family-former,,former,4017.7
5964a054b9153e000161710d,5e3723a2c0b2896ad554be73,130,sender,family,player,kuh-qux-haq-hiwaponu-wuk-tih-saqotiwe-lehaqifu-puwirefa-tezalipu,hiwaponu,,3018.8
5964a054b9153e000161710d,5e3723a2c0b2896ad554be73,131,receiver,coffee,ground,coffee-ground,,coffee,1385.3
5964a054b9153e000161710d,5e3723a2c0b2896ad554be73,132,sender,ground,budget,kuh-qux-haq-hiwaponu-wuk-tih-saqotiwe-lehaqifu-puwirefa-tezalipu,haq,,3282.8
5964a054b9153e000161710d,5e3723a2c0b2896ad554be73,133,receiver,window,family,window-family,,window,2966.5
5964a054b9153e000161710d,5e3723a2c0b2896ad554be73,134,sender,author,player,kuh-qux-haq-hiwaponu-wuk-tih-saqotiwe-lehaqifu-puwirefa-tezalipu,hiwaponu,,2281.3
5964a054b9153e000161710d,5e3723a2c0b2896ad554be73,135,receiver,author,window,author-window,,author,2529.3