participant_id, partner_id, trial_index, trial_type, target_meaning, foil_meaning,             choices, signal_selected, meaning_guess, rt
5e3723a2c0b2896ad554be73,5964a054b9153e000161710d,1,sender,player,budget,kuh-qux-haq-hiwaponu-wuk-tih-saqotiwe-lehaqifu-puwirefa-tezalipu,hiwaponu,,10095
5e3723a2c0b2896ad554be73,5964a054b9153e000161710d,2,receiver,former,public,former-public,,former,5546
5e3723a2c0b2896ad554be73,5964a054b9153e000161710d,3,sender,author,budget,kuh-qux-haq-hiwaponu-wuk-tih-saqotiwe-lehaqifu-puwirefa-tezalipu,hiwaponu,,14194
5e3723a2c0b2896ad554be73,5964a054b9153e000161710d,4,receiver,coffee,ground,coffee-ground,,coffee,3708
5e3723a2c0b2896ad554be73,5964a054b9153e000161710d,5,sender,window,family,kuh-qux-haq-hiwaponu-wuk-tih-saqotiwe-lehaqifu-puwirefa-tezalipu,haq,,10727
5e3723a2c0b2896ad554be73,5964a054b9153e000161710d,6,receiver,handle,player,handle-player,,handle,6183
5e3723a2c0b2896ad554be73,5964a054b9153e000161710d,7,sender,family,handle,kuh-qux-haq-hiwaponu-wuk-tih-saqotiwe-lehaqifu-puwirefa-tezalipu,hiwaponu,,4690
5e3723a2c0b2896ad554be73,5964a054b9153e000161710d,8,receiver,window,coffee,coffee-window,,window,2942
5e3723a2c0b2896ad554be73,5964a054b9153e000161710d,9,sender,window,family,kuh-qux-haq-hiwaponu-wuk-tih-saqotiwe-lehaqifu-puwirefa-tezalipu,haq,,16114
5e3723a2c0b2896ad554be73,5964a054b9153e000161710d,10,receiver,handle,public,handle-public,,handle,7048
5e3723a2c0b2896ad554be73,5964a054b9153e000161710d,11,sender,window,family,kuh-qux-haq-hiwaponu-wuk-tih-saqotiwe-lehaqifu-puwirefa-tezalipu,haq,,9975
5e3723a2c0b2896ad554be73,5964a054b9153e000161710d,12,receiver,family,budget,budget-family,,budget,2589
5e3723a2c0b2896ad554be73,5964a054b9153e000161710d,13,sender,author,former,kuh-qux-haq-hiwaponu-wuk-tih-saqotiwe-lehaqifu-puwirefa-tezalipu,lehaqifu,,6242
5e3723a2c0b2896ad554be73,5964a054b9153e000161710d,14,receiver,family,ground,ground-family,,ground,5469
5e3723a2c0b2896ad554be73,5964a054b9153e000161710d,15,sender,window,ground,kuh-qux-haq-hiwaponu-wuk-tih-saqotiwe-lehaqifu-puwirefa-tezalipu,haq,,5034
5e3723a2c0b2896ad554be73,5964a054b9153e000161710d,16,receiver,window,family,window-family,,family,4997
5e3723a2c0b2896ad554be73,5964a054b9153e000161710d,17,sender,player,coffee,kuh-qux-haq-hiwaponu-wuk-tih-saqotiwe-lehaqifu-puwirefa-tezalipu,qux,,9677
5e3723a2c0b2896ad554be73,5964a054b9153e000161710d,18,receiver,window,ground,ground-window,,ground,5493
5e3723a2c0b2896ad554be73,5964a054b9153e000161710d,19,sender,player,ground,kuh-qux-haq-hiwaponu-wuk-tih-saqotiwe-lehaqifu-puwirefa-tezalipu,tih,,5313
5e3723a2c0b2896ad554be73,5964a054b9153e000161710d,20,receiver,author,budget,budget-author,,author,5326
5e3723a2c0b2896ad554be73,5964a054b9153e000161710d,21,sender,author,former,kuh-qux-haq-hiwaponu-wuk-tih-saqotiwe-lehaqifu-puwirefa-tezalipu,hiwaponu,,7655
5e3723a2c0b2896ad554be73,5964a054b9153e000161710d,22,receiver,author,public,author-public,,author,5680
5e3723a2c0b2896ad554be73,5964a054b9153e000161710d,23,sender,author,former,kuh-qux-haq-hiwaponu-wuk-tih-saqotiwe-lehaqifu-puwirefa-tezalipu,hiwaponu,,5883
5e3723a2c0b2896ad554be73,5964a054b9153e000161710d,24,receiver,ground,budget,budget-ground,,budget,6064
5e3723a2c0b2896ad554be73,5964a054b9153e000161710d,25,sender,former,handle,kuh-qux-haq-hiwaponu-wuk-tih-saqotiwe-lehaqifu-puwirefa-tezalipu,wuk,,6451
5e3723a2c0b2896ad554be73,5964a054b9153e000161710d,26,receiver,former,player,player-former,,former,9038
5e3723a2c0b2896ad554be73,5964a054b9153e000161710d,27,sender,author,family,kuh-qux-haq-hiwaponu-wuk-tih-saqotiwe-lehaqifu-puwirefa-tezalipu,hiwaponu,,3947
5e3723a2c0b2896ad554be73,5964a054b9153e000161710d,28,receiver,coffee,ground,ground-coffee,,coffee,7180
5e3723a2c0b2896ad554be73,5964a054b9153e000161710d,29,sender,handle,ground,kuh-qux-haq-hiwaponu-wuk-tih-saqotiwe-lehaqifu-puwirefa-tezalipu,wuk,,9512
5e3723a2c0b2896ad554be73,5964a054b9153e000161710d,30,receiver,author,former,author-former,,author,4359
5e3723a2c0b2896ad554be73,5964a054b9153e000161710d,31,sender,former,budget,kuh-qux-haq-hiwaponu-wuk-tih-saqotiwe-lehaqifu-puwirefa-tezalipu,wuk,,22492
5e3723a2c0b2896ad554be73,5964a054b9153e000161710d,32,receiver,family,public,public-family,,public,16152
5e3723a2c0b2896ad554be73,5964a054b9153e000161710d,33,sender,ground,budget,kuh-qux-haq-hiwaponu-wuk-tih-saqotiwe-lehaqifu-puwirefa-tezalipu,tih,,3670
5e3723a2c0b2896ad554be73,5964a054b9153e000161710d,34,receiver,window,public,public-window,,window,17039
5e3723a2c0b2896ad554be73,5964a054b9153e000161710d,35,sender,handle,budget,kuh-qux-haq-hiwaponu-wuk-tih-saqotiwe-lehaqifu-puwirefa-tezalipu,wuk,,9086
5e3723a2c0b2896ad554be73,5964a054b9153e000161710d,36,receiver,handle,public,handle-public,,handle,16206
5e3723a2c0b2896ad554be73,5964a054b9153e000161710d,37,sender,coffee,public,kuh-qux-haq-hiwaponu-wuk-tih-saqotiwe-lehaqifu-puwirefa-tezalipu,kuh,,13159
5e3723a2c0b2896ad554be73,5964a054b9153e000161710d,38,receiver,author,former,author-former,,author,5764
5e3723a2c0b2896ad554be73,5964a054b9153e000161710d,39,sender,handle,coffee,kuh-qux-haq-hiwaponu-wuk-tih-saqotiwe-lehaqifu-puwirefa-tezalipu,haq,,9992
5e3723a2c0b2896ad554be73,5964a054b9153e000161710d,40,receiver,author,ground,ground-author,,author,1609
5e3723a2c0b2896ad554be73,5964a054b9153e000161710d,41,sender,author,coffee,kuh-qux-haq-hiwaponu-wuk-tih-saqotiwe-lehaqifu-puwirefa-tezalipu,hiwaponu,,3887
5e3723a2c0b2896ad554be73,5964a054b9153e000161710d,42,receiver,handle,player,player-handle,,player,3234
5e3723a2c0b2896ad554be73,5964a054b9153e000161710d,43,sender,coffee,budget,kuh-qux-haq-hiwaponu-wuk-tih-saqotiwe-lehaqifu-puwirefa-tezalipu,kuh,,4430
5e3723a2c0b2896ad554be73,5964a054b9153e000161710d,44,receiver,player,public,public-player,,player,5336
5e3723a2c0b2896ad554be73,5964a054b9153e000161710d,45,sender,author,former,kuh-qux-haq-hiwaponu-wuk-tih-saqotiwe-lehaqifu-puwirefa-tezalipu,hiwaponu,,7352
5e3723a2c0b2896ad554be73,5964a054b9153e000161710d,46,receiver,former,window,former-window,,window,4522
5e3723a2c0b2896ad554be73,5964a054b9153e000161710d,47,sender,window,budget,kuh-qux-haq-hiwaponu-wuk-tih-saqotiwe-lehaqifu-puwirefa-tezalipu,haq,,4326
5e3723a2c0b2896ad554be73,5964a054b9153e000161710d,48,receiver,window,public,public-window,,window,2406
5e3723a2c0b2896ad554be73,5964a054b9153e000161710d,49,sender,author,ground,kuh-qux-haq-hiwaponu-wuk-tih-saqotiwe-lehaqifu-puwirefa-tezalipu,hiwaponu,,1606
5e3723a2c0b2896ad554be73,5964a054b9153e000161710d,50,receiver,family,coffee,family-coffee,,coffee,4387
5e3723a2c0b2896ad554be73,5964a054b9153e000161710d,51,sender,family,budget,kuh-qux-haq-hiwaponu-wuk-tih-saqotiwe-lehaqifu-puwirefa-tezalipu,wuk,,6469
5e3723a2c0b2896ad554be73,5964a054b9153e000161710d,52,receiver,author,former,former-author,,author,1754
5e3723a2c0b2896ad554be73,5964a054b9153e000161710d,53,sender,window,family,kuh-qux-haq-hiwaponu-wuk-tih-saqotiwe-lehaqifu-puwirefa-tezalipu,haq,,4648
5e3723a2c0b2896ad554be73,5964a054b9153e000161710d,54,receiver,public,ground,ground-public,,ground,2494
5e3723a2c0b2896ad554be73,5964a054b9153e000161710d,55,sender,family,ground,kuh-qux-haq-hiwaponu-wuk-tih-saqotiwe-lehaqifu-puwirefa-tezalipu,saqotiwe,,4706
5e3723a2c0b2896ad554be73,5964a054b9153e000161710d,56,receiver,handle,budget,handle-budget,,budget,7423
5e3723a2c0b2896ad554be73,5964a054b9153e000161710d,57,sender,former,ground,kuh-qux-haq-hiwaponu-wuk-tih-saqotiwe-lehaqifu-puwirefa-tezalipu,tih,,5491
5e3723a2c0b2896ad554be73,5964a054b9153e000161710d,58,receiver,coffee,public,coffee-public,,coffee,3989
5e3723a2c0b2896ad554be73,5964a054b9153e000161710d,59,sender,handle,player,kuh-qux-haq-hiwaponu-wuk-tih-saqotiwe-lehaqifu-puwirefa-tezalipu,kuh,,12371
5e3723a2c0b2896ad554be73,5964a054b9153e000161710d,60,receiver,family,handle,family-handle,,family,4417
5e3723a2c0b2896ad554be73,5964a054b9153e000161710d,61,sender,author,former,kuh-qux-haq-hiwaponu-wuk-tih-saqotiwe-lehaqifu-puwirefa-tezalipu,hiwaponu,,6508
5e3723a2c0b2896ad554be73,5964a054b9153e000161710d,62,receiver,author,public,author-public,,author,1711
5e3723a2c0b2896ad554be73,5964a054b9153e000161710d,63,sender,handle,player,kuh-qux-haq-hiwaponu-wuk-tih-saqotiwe-lehaqifu-puwirefa-tezalipu,kuh,,4308
5e3723a2c0b2896ad554be73,5964a054b9153e000161710d,64,receiver,author,handle,handle-author,,author,1496
5e3723a2c0b2896ad554be73,5964a054b9153e000161710d,65,sender,handle,player,kuh-qux-haq-hiwaponu-wuk-tih-saqotiwe-lehaqifu-puwirefa-tezalipu,kuh,,3394
5e3723a2c0b2896ad554be73,5964a054b9153e000161710d,66,receiver,handle,player,player-handle,,handle,3751
5e3723a2c0b2896ad554be73,5964a054b9153e000161710d,67,sender,handle,player,kuh-qux-haq-hiwaponu-wuk-tih-saqotiwe-lehaqifu-puwirefa-tezalipu,kuh,,2346
5e3723a2c0b2896ad554be73,5964a054b9153e000161710d,68,receiver,former,coffee,former-coffee,,coffee,1439
5e3723a2c0b2896ad554be73,5964a054b9153e000161710d,69,sender,author,former,kuh-qux-haq-hiwaponu-wuk-tih-saqotiwe-lehaqifu-puwirefa-tezalipu,hiwaponu,,8146
5e3723a2c0b2896ad554be73,5964a054b9153e000161710d,70,receiver,player,budget,budget-player,,player,3476
5e3723a2c0b2896ad554be73,5964a054b9153e000161710d,71,sender,coffee,public,kuh-qux-haq-hiwaponu-wuk-tih-saqotiwe-lehaqifu-puwirefa-tezalipu,kuh,,4948
5e3723a2c0b2896ad554be73,5964a054b9153e000161710d,72,receiver,former,handle,former-handle,,former,4635
5e3723a2c0b2896ad554be73,5964a054b9153e000161710d,73,sender,handle,ground,kuh-qux-haq-hiwaponu-wuk-tih-saqotiwe-lehaqifu-puwirefa-tezalipu,kuh,,10831
5e3723a2c0b2896ad554be73,5964a054b9153e000161710d,74,receiver,coffee,public,coffee-public,,coffee,1570
5e3723a2c0b2896ad554be73,5964a054b9153e000161710d,75,sender,public,budget,kuh-qux-haq-hiwaponu-wuk-tih-saqotiwe-lehaqifu-puwirefa-tezalipu,wuk,,8773
5e3723a2c0b2896ad554be73,5964a054b9153e000161710d,76,receiver,handle,player,player-handle,,player,3646
5e3723a2c0b2896ad554be73,5964a054b9153e000161710d,77,sender,former,ground,kuh-qux-haq-hiwaponu-wuk-tih-saqotiwe-lehaqifu-puwirefa-tezalipu,lehaqifu,,5667
5e3723a2c0b2896ad554be73,5964a054b9153e000161710d,78,receiver,ground,budget,ground-budget,,budget,5732
5e3723a2c0b2896ad554be73,5964a054b9153e000161710d,79,sender,author,coffee,kuh-qux-haq-hiwaponu-wuk-tih-saqotiwe-lehaqifu-puwirefa-tezalipu,hiwaponu,,8653
5e3723a2c0b2896ad554be73,5964a054b9153e000161710d,80,receiver,author,family,author-family,,author,1715
5e3723a2c0b2896ad554be73,5964a054b9153e000161710d,81,sender,coffee,budget,kuh-qux-haq-hiwaponu-wuk-tih-saqotiwe-lehaqifu-puwirefa-tezalipu,kuh,,5824
5e3723a2c0b2896ad554be73,5964a054b9153e000161710d,82,receiver,coffee,budget,budget-coffee,,coffee,1525
5e3723a2c0b2896ad554be73,5964a054b9153e000161710d,83,sender,author,former,kuh-qux-haq-hiwaponu-wuk-tih-saqotiwe-lehaqifu-puwirefa-tezalipu,hiwaponu,,1601
5e3723a2c0b2896ad554be73,5964a054b9153e000161710d,84,receiver,former,window,window-former,,former,5406
5e3723a2c0b2896ad554be73,5964a054b9153e000161710d,85,sender,handle,player,kuh-qux-haq-hiwaponu-wuk-tih-saqotiwe-lehaqifu-puwirefa-tezalipu,kuh,,7786
5e3723a2c0b2896ad554be73,5964a054b9153e000161710d,86,receiver,public,ground,ground-public,,ground,4915
5e3723a2c0b2896ad554be73,5964a054b9153e000161710d,87,sender,author,player,kuh-qux-haq-hiwaponu-wuk-tih-saqotiwe-lehaqifu-puwirefa-tezalipu,hiwaponu,,7313
5e3723a2c0b2896ad554be73,5964a054b9153e000161710d,88,receiver,author,former,author-former,,author,1344
5e3723a2c0b2896ad554be73,5964a054b9153e000161710d,89,sender,public,budget,kuh-qux-haq-hiwaponu-wuk-tih-saqotiwe-lehaqifu-puwirefa-tezalipu,hiwaponu,,5048
5e3723a2c0b2896ad554be73,5964a054b9153e000161710d,90,receiver,public,budget,budget-public,,public,2380
5e3723a2c0b2896ad554be73,5964a054b9153e000161710d,91,sender,handle,player,kuh-qux-haq-hiwaponu-wuk-tih-saqotiwe-lehaqifu-puwirefa-tezalipu,kuh,,3598
5e3723a2c0b2896ad554be73,5964a054b9153e000161710d,92,receiver,family,public,family-public,,public,2020
5e3723a2c0b2896ad554be73,5964a054b9153e000161710d,93,sender,public,budget,kuh-qux-haq-hiwaponu-wuk-tih-saqotiwe-lehaqifu-puwirefa-tezalipu,hiwaponu,,4656
5e3723a2c0b2896ad554be73,5964a054b9153e000161710d,94,receiver,coffee,public,public-coffee,,coffee,1459
5e3723a2c0b2896ad554be73,5964a054b9153e000161710d,95,sender,coffee,ground,kuh-qux-haq-hiwaponu-wuk-tih-saqotiwe-lehaqifu-puwirefa-tezalipu,kuh,,4157
5e3723a2c0b2896ad554be73,5964a054b9153e000161710d,96,receiver,window,family,window-family,,family,31517
5e3723a2c0b2896ad554be73,5964a054b9153e000161710d,97,sender,window,handle,kuh-qux-haq-hiwaponu-wuk-tih-saqotiwe-lehaqifu-puwirefa-tezalipu,hiwaponu,,2144
5e3723a2c0b2896ad554be73,5964a054b9153e000161710d,98,receiver,former,public,public-former,,former,18062
5e3723a2c0b2896ad554be73,5964a054b9153e000161710d,99,sender,window,family,kuh-qux-haq-hiwaponu-wuk-tih-saqotiwe-lehaqifu-puwirefa-tezalipu,hiwaponu,,6133
5e3723a2c0b2896ad554be73,5964a054b9153e000161710d,100,receiver,player,ground,player-ground,,ground,5140
5e3723a2c0b2896ad554be73,5964a054b9153e000161710d,101,sender,window,player,kuh-qux-haq-hiwaponu-wuk-tih-saqotiwe-lehaqifu-puwirefa-tezalipu,haq,,3184
5e3723a2c0b2896ad554be73,5964a054b9153e000161710d,102,receiver,public,ground,public-ground,,public,3255
5e3723a2c0b2896ad554be73,5964a054b9153e000161710d,103,sender,handle,player,kuh-qux-haq-hiwaponu-wuk-tih-saqotiwe-lehaqifu-puwirefa-tezalipu,kuh,,6036
5e3723a2c0b2896ad554be73,5964a054b9153e000161710d,104,receiver,window,coffee,coffee-window,,coffee,7078
5e3723a2c0b2896ad554be73,5964a054b9153e000161710d,105,sender,family,player,kuh-qux-haq-hiwaponu-wuk-tih-saqotiwe-lehaqifu-puwirefa-tezalipu,hiwaponu,,4398
5e3723a2c0b2896ad554be73,5964a054b9153e000161710d,106,receiver,public,budget,public-budget,,public,2907
5e3723a2c0b2896ad554be73,5964a054b9153e000161710d,107,sender,coffee,budget,kuh-qux-haq-hiwaponu-wuk-tih-saqotiwe-lehaqifu-puwirefa-tezalipu,kuh,,2218
5e3723a2c0b2896ad554be73,5964a054b9153e000161710d,108,receiver,public,ground,public-ground,,public,4059
5e3723a2c0b2896ad554be73,5964a054b9153e000161710d,109,sender,player,coffee,kuh-qux-haq-hiwaponu-wuk-tih-saqotiwe-lehaqifu-puwirefa-tezalipu,kuh,,7410
5e3723a2c0b2896ad554be73,5964a054b9153e000161710d,110,receiver,window,family,window-family,,family,2188
5e3723a2c0b2896ad554be73,5964a054b9153e000161710d,111,sender,former,coffee,kuh-qux-haq-hiwaponu-wuk-tih-saqotiwe-lehaqifu-puwirefa-tezalipu,kuh,,4342
5e3723a2c0b2896ad554be73,5964a054b9153e000161710d,112,receiver,window,budget,budget-window,,window,4049
5e3723a2c0b2896ad554be73,5964a054b9153e000161710d,113,sender,author,window,kuh-qux-haq-hiwaponu-wuk-tih-saqotiwe-lehaqifu-puwirefa-tezalipu,hiwaponu,,2029
5e3723a2c0b2896ad554be73,5964a054b9153e000161710d,114,receiver,family,coffee,coffee-family,,coffee,1658
5e3723a2c0b2896ad554be73,5964a054b9153e000161710d,115,sender,former,family,kuh-qux-haq-hiwaponu-wuk-tih-saqotiwe-lehaqifu-puwirefa-tezalipu,hiwaponu,,5429
5e3723a2c0b2896ad554be73,5964a054b9153e000161710d,116,receiver,window,player,player-window,,window,2766
5e3723a2c0b2896ad554be73,5964a054b9153e000161710d,117,sender,window,family,kuh-qux-haq-hiwaponu-wuk-tih-saqotiwe-lehaqifu-puwirefa-tezalipu,haq,,2687
5e3723a2c0b2896ad554be73,5964a054b9153e000161710d,118,receiver,author,handle,handle-author,,author,3055
5e3723a2c0b2896ad554be73,5964a054b9153e000161710d,119,sender,public,ground,kuh-qux-haq-hiwaponu-wuk-tih-saqotiwe-lehaqifu-puwirefa-tezalipu,hiwaponu,,4787
5e3723a2c0b2896ad554be73,5964a054b9153e000161710d,120,receiver,former,budget,budget-former,,former,4479
5e3723a2c0b2896ad554be73,5964a054b9153e000161710d,121,sender,player,public,kuh-qux-haq-hiwaponu-wuk-tih-saqotiwe-lehaqifu-puwirefa-tezalipu,hiwaponu,,2964
5e3723a2c0b2896ad554be73,5964a054b9153e000161710d,122,receiver,ground,budget,budget-ground,,ground,4392
5e3723a2c0b2896ad554be73,5964a054b9153e000161710d,123,sender,former,player,kuh-qux-haq-hiwaponu-wuk-tih-saqotiwe-lehaqifu-puwirefa-tezalipu,wuk,,10459
5e3723a2c0b2896ad554be73,5964a054b9153e000161710d,124,receiver,coffee,ground,coffee-ground,,coffee,2110
5e3723a2c0b2896ad554be73,5964a054b9153e000161710d,125,sender,handle,coffee,kuh-qux-haq-hiwaponu-wuk-tih-saqotiwe-lehaqifu-puwirefa-tezalipu,kuh,,4562
5e3723a2c0b2896ad554be73,5964a054b9153e000161710d,126,receiver,window,family,window-family,,window,4723
5e3723a2c0b2896ad554be73,5964a054b9153e000161710d,127,sender,coffee,budget,kuh-qux-haq-hiwaponu-wuk-tih-saqotiwe-lehaqifu-puwirefa-tezalipu,kuh,,1843
5e3723a2c0b2896ad554be73,5964a054b9153e000161710d,128,receiver,window,handle,window-handle,,window,3492
5e3723a2c0b2896ad554be73,5964a054b9153e000161710d,129,sender,former,family,kuh-qux-haq-hiwaponu-wuk-tih-saqotiwe-lehaqifu-puwirefa-tezalipu,wuk,,14145
5e3723a2c0b2896ad554be73,5964a054b9153e000161710d,130,receiver,family,player,player-family,,player,2847
5e3723a2c0b2896ad554be73,5964a054b9153e000161710d,131,sender,coffee,ground,kuh-qux-haq-hiwaponu-wuk-tih-saqotiwe-lehaqifu-puwirefa-tezalipu,kuh,,2414
5e3723a2c0b2896ad554be73,5964a054b9153e000161710d,132,receiver,ground,budget,ground-budget,,ground,3559
5e3723a2c0b2896ad554be73,5964a054b9153e000161710d,133,sender,window,family,kuh-qux-haq-hiwaponu-wuk-tih-saqotiwe-lehaqifu-puwirefa-tezalipu,haq,,4399
5e3723a2c0b2896ad554be73,5964a054b9153e000161710d,134,receiver,author,player,author-player,,author,2178
5e3723a2c0b2896ad554be73,5964a054b9153e000161710d,135,sender,author,window,kuh-qux-haq-hiwaponu-wuk-tih-saqotiwe-lehaqifu-puwirefa-tezalipu,hiwaponu,,3376