participant_id, partner_id, trial_index, trial_type, target_meaning, foil_meaning,             choices, signal_selected, meaning_guess, rt
5c60501d767686000100150c,601d019311e8a602cf032726,1,sender,number,system,hix-peh-wepitula-tezalipu-puwirefa-tih-qip-lehaqifu-wuk-hiwaponu,hix,,13563.6
5c60501d767686000100150c,601d019311e8a602cf032726,2,receiver,future,design,future-design,,future,5068.9
5c60501d767686000100150c,601d019311e8a602cf032726,3,sender,window,silver,hix-peh-wepitula-tezalipu-puwirefa-tih-qip-lehaqifu-wuk-hiwaponu,peh,,5888.6
5c60501d767686000100150c,601d019311e8a602cf032726,4,receiver,memory,future,memory-future,,memory,3626.6
5c60501d767686000100150c,601d019311e8a602cf032726,5,sender,window,design,hix-peh-wepitula-tezalipu-puwirefa-tih-qip-lehaqifu-wuk-hiwaponu,wepitula,,3723.3
5c60501d767686000100150c,601d019311e8a602cf032726,6,receiver,people,number,people-number,,people,2658.2
5c60501d767686000100150c,601d019311e8a602cf032726,7,sender,people,signal,hix-peh-wepitula-tezalipu-puwirefa-tih-qip-lehaqifu-wuk-hiwaponu,tezalipu,,4167.7
5c60501d767686000100150c,601d019311e8a602cf032726,8,receiver,window,silver,window-silver,,window,6218.9
5c60501d767686000100150c,601d019311e8a602cf032726,9,sender,people,silver,hix-peh-wepitula-tezalipu-puwirefa-tih-qip-lehaqifu-wuk-hiwaponu,puwirefa,,6514.9
5c60501d767686000100150c,601d019311e8a602cf032726,10,receiver,system,signal,signal-system,,signal,3922.1
5c60501d767686000100150c,601d019311e8a602cf032726,11,sender,police,silver,hix-peh-wepitula-tezalipu-puwirefa-tih-qip-lehaqifu-wuk-hiwaponu,tih,,8722.9
5c60501d767686000100150c,601d019311e8a602cf032726,12,receiver,police,design,design-police,,police,3788.6
5c60501d767686000100150c,601d019311e8a602cf032726,13,sender,window,design,hix-peh-wepitula-tezalipu-puwirefa-tih-qip-lehaqifu-wuk-hiwaponu,qip,,4099.7
5c60501d767686000100150c,601d019311e8a602cf032726,14,receiver,number,silver,number-silver,,silver,3062.5
5c60501d767686000100150c,601d019311e8a602cf032726,15,sender,people,system,hix-peh-wepitula-tezalipu-puwirefa-tih-qip-lehaqifu-wuk-hiwaponu,qip,,11822.2
5c60501d767686000100150c,601d019311e8a602cf032726,16,receiver,window,design,design-window,,window,4232.8
5c60501d767686000100150c,601d019311e8a602cf032726,17,sender,number,window,hix-peh-wepitula-tezalipu-puwirefa-tih-qip-lehaqifu-wuk-hiwaponu,wepitula,,4757.6
5c60501d767686000100150c,601d019311e8a602cf032726,18,receiver,silver,signal,silver-signal,,silver,4760.7
5c60501d767686000100150c,601d019311e8a602cf032726,19,sender,memory,people,hix-peh-wepitula-tezalipu-puwirefa-tih-qip-lehaqifu-wuk-hiwaponu,hix,,7408.9
5c60501d767686000100150c,601d019311e8a602cf032726,20,receiver,memory,people,people-memory,,people,3961.9
5c60501d767686000100150c,601d019311e8a602cf032726,21,sender,memory,police,hix-peh-wepitula-tezalipu-puwirefa-tih-qip-lehaqifu-wuk-hiwaponu,puwirefa,,9121.6
5c60501d767686000100150c,601d019311e8a602cf032726,22,receiver,silver,design,silver-design,,silver,4718.9
5c60501d767686000100150c,601d019311e8a602cf032726,23,sender,silver,signal,hix-peh-wepitula-tezalipu-puwirefa-tih-qip-lehaqifu-wuk-hiwaponu,tih,,3757.7
5c60501d767686000100150c,601d019311e8a602cf032726,24,receiver,number,system,system-number,,system,3251
5c60501d767686000100150c,601d019311e8a602cf032726,25,sender,system,silver,hix-peh-wepitula-tezalipu-puwirefa-tih-qip-lehaqifu-wuk-hiwaponu,wepitula,,8234.8
5c60501d767686000100150c,601d019311e8a602cf032726,26,receiver,number,signal,signal-number,,signal,4487.8
5c60501d767686000100150c,601d019311e8a602cf032726,27,sender,memory,people,hix-peh-wepitula-tezalipu-puwirefa-tih-qip-lehaqifu-wuk-hiwaponu,tezalipu,,9723.9
5c60501d767686000100150c,601d019311e8a602cf032726,28,receiver,memory,people,people-memory,,people,3919.5
5c60501d767686000100150c,601d019311e8a602cf032726,29,sender,signal,design,hix-peh-wepitula-tezalipu-puwirefa-tih-qip-lehaqifu-wuk-hiwaponu,peh,,6596.4
5c60501d767686000100150c,601d019311e8a602cf032726,30,receiver,police,future,future-police,,future,3314.5
5c60501d767686000100150c,601d019311e8a602cf032726,31,sender,signal,design,hix-peh-wepitula-tezalipu-puwirefa-tih-qip-lehaqifu-wuk-hiwaponu,qip,,5722
5c60501d767686000100150c,601d019311e8a602cf032726,32,receiver,number,system,system-number,,system,3502.6
5c60501d767686000100150c,601d019311e8a602cf032726,33,sender,police,future,hix-peh-wepitula-tezalipu-puwirefa-tih-qip-lehaqifu-wuk-hiwaponu,puwirefa,,5399.1
5c60501d767686000100150c,601d019311e8a602cf032726,34,receiver,future,window,window-future,,window,2201.4
5c60501d767686000100150c,601d019311e8a602cf032726,35,sender,number,system,hix-peh-wepitula-tezalipu-puwirefa-tih-qip-lehaqifu-wuk-hiwaponu,tih,,2408.3
5c60501d767686000100150c,601d019311e8a602cf032726,36,receiver,system,police,system-police,,system,4252.4
5c60501d767686000100150c,601d019311e8a602cf032726,37,sender,number,system,hix-peh-wepitula-tezalipu-puwirefa-tih-qip-lehaqifu-wuk-hiwaponu,tih,,7504.5
5c60501d767686000100150c,601d019311e8a602cf032726,38,receiver,police,future,police-future,,police,4079.6
5c60501d767686000100150c,601d019311e8a602cf032726,39,sender,system,future,hix-peh-wepitula-tezalipu-puwirefa-tih-qip-lehaqifu-wuk-hiwaponu,qip,,7458.6
5c60501d767686000100150c,601d019311e8a602cf032726,40,receiver,police,future,future-police,,police,2180.3
5c60501d767686000100150c,601d019311e8a602cf032726,41,sender,memory,future,hix-peh-wepitula-tezalipu-puwirefa-tih-qip-lehaqifu-wuk-hiwaponu,tih,,5415.8
5c60501d767686000100150c,601d019311e8a602cf032726,42,receiver,future,silver,silver-future,,silver,3329.3
5c60501d767686000100150c,601d019311e8a602cf032726,43,sender,memory,system,hix-peh-wepitula-tezalipu-puwirefa-tih-qip-lehaqifu-wuk-hiwaponu,wepitula,,6311.4
5c60501d767686000100150c,601d019311e8a602cf032726,44,receiver,system,window,system-window,,window,1909.9
5c60501d767686000100150c,601d019311e8a602cf032726,45,sender,number,system,hix-peh-wepitula-tezalipu-puwirefa-tih-qip-lehaqifu-wuk-hiwaponu,tih,,2384.7
5c60501d767686000100150c,601d019311e8a602cf032726,46,receiver,window,signal,window-signal,,signal,2833.3
5c60501d767686000100150c,601d019311e8a602cf032726,47,sender,number,design,hix-peh-wepitula-tezalipu-puwirefa-tih-qip-lehaqifu-wuk-hiwaponu,puwirefa,,2799.2
5c60501d767686000100150c,601d019311e8a602cf032726,48,receiver,system,design,system-design,,design,2118.4
5c60501d767686000100150c,601d019311e8a602cf032726,49,sender,police,window,hix-peh-wepitula-tezalipu-puwirefa-tih-qip-lehaqifu-wuk-hiwaponu,puwirefa,,2306
5c60501d767686000100150c,601d019311e8a602cf032726,50,receiver,memory,signal,signal-memory,,signal,2843.2
5c60501d767686000100150c,601d019311e8a602cf032726,51,sender,memory,police,hix-peh-wepitula-tezalipu-puwirefa-tih-qip-lehaqifu-wuk-hiwaponu,puwirefa,,2770.7
5c60501d767686000100150c,601d019311e8a602cf032726,52,receiver,memory,people,memory-people,,memory,2297.8
5c60501d767686000100150c,601d019311e8a602cf032726,53,sender,police,future,hix-peh-wepitula-tezalipu-puwirefa-tih-qip-lehaqifu-wuk-hiwaponu,tih,,4713.5
5c60501d767686000100150c,601d019311e8a602cf032726,54,receiver,memory,window,window-memory,,memory,2724.9
5c60501d767686000100150c,601d019311e8a602cf032726,55,sender,silver,design,hix-peh-wepitula-tezalipu-puwirefa-tih-qip-lehaqifu-wuk-hiwaponu,tezalipu,,5000.3
5c60501d767686000100150c,601d019311e8a602cf032726,56,receiver,memory,design,design-memory,,memory,2139.8
5c60501d767686000100150c,601d019311e8a602cf032726,57,sender,people,signal,hix-peh-wepitula-tezalipu-puwirefa-tih-qip-lehaqifu-wuk-hiwaponu,peh,,3784.7
5c60501d767686000100150c,601d019311e8a602cf032726,58,receiver,people,future,future-people,,future,4258.8
5c60501d767686000100150c,601d019311e8a602cf032726,59,sender,people,window,hix-peh-wepitula-tezalipu-puwirefa-tih-qip-lehaqifu-wuk-hiwaponu,wepitula,,2268.5
5c60501d767686000100150c,601d019311e8a602cf032726,60,receiver,number,system,number-system,,number,2058.2
5c60501d767686000100150c,601d019311e8a602cf032726,61,sender,people,silver,hix-peh-wepitula-tezalipu-puwirefa-tih-qip-lehaqifu-wuk-hiwaponu,puwirefa,,4225.1
5c60501d767686000100150c,601d019311e8a602cf032726,62,receiver,memory,number,number-memory,,memory,1915.2
5c60501d767686000100150c,601d019311e8a602cf032726,63,sender,police,window,hix-peh-wepitula-tezalipu-puwirefa-tih-qip-lehaqifu-wuk-hiwaponu,tezalipu,,3649.1
5c60501d767686000100150c,601d019311e8a602cf032726,64,receiver,signal,design,signal-design,,design,2185.8
5c60501d767686000100150c,601d019311e8a602cf032726,65,sender,memory,design,hix-peh-wepitula-tezalipu-puwirefa-tih-qip-lehaqifu-wuk-hiwaponu,wepitula,,4360.4
5c60501d767686000100150c,601d019311e8a602cf032726,66,receiver,police,future,police-future,,future,3054.7
5c60501d767686000100150c,601d019311e8a602cf032726,67,sender,signal,design,hix-peh-wepitula-tezalipu-puwirefa-tih-qip-lehaqifu-wuk-hiwaponu,tih,,2596.5
5c60501d767686000100150c,601d019311e8a602cf032726,68,receiver,window,silver,silver-window,,window,1565.2
5c60501d767686000100150c,601d019311e8a602cf032726,69,sender,police,future,hix-peh-wepitula-tezalipu-puwirefa-tih-qip-lehaqifu-wuk-hiwaponu,tezalipu,,2484.3
5c60501d767686000100150c,601d019311e8a602cf032726,70,receiver,memory,people,people-memory,,memory,2534.9
5c60501d767686000100150c,601d019311e8a602cf032726,71,sender,memory,silver,hix-peh-wepitula-tezalipu-puwirefa-tih-qip-lehaqifu-wuk-hiwaponu,qip,,5795.8
5c60501d767686000100150c,601d019311e8a602cf032726,72,receiver,future,window,window-future,,future,3738.7
5c60501d767686000100150c,601d019311e8a602cf032726,73,sender,system,signal,hix-peh-wepitula-tezalipu-puwirefa-tih-qip-lehaqifu-wuk-hiwaponu,tih,,2698.1
5c60501d767686000100150c,601d019311e8a602cf032726,74,receiver,silver,signal,signal-silver,,signal,2614.8
5c60501d767686000100150c,601d019311e8a602cf032726,75,sender,number,system,hix-peh-wepitula-tezalipu-puwirefa-tih-qip-lehaqifu-wuk-hiwaponu,tih,,3606.3
5c60501d767686000100150c,601d019311e8a602cf032726,76,receiver,silver,signal,silver-signal,,silver,3212.3
5c60501d767686000100150c,601d019311e8a602cf032726,77,sender,future,design,hix-peh-wepitula-tezalipu-puwirefa-tih-qip-lehaqifu-wuk-hiwaponu,qip,,3745
5c60501d767686000100150c,601d019311e8a602cf032726,78,receiver,number,system,system-number,,number,1817.1
5c60501d767686000100150c,601d019311e8a602cf032726,79,sender,people,future,hix-peh-wepitula-tezalipu-puwirefa-tih-qip-lehaqifu-wuk-hiwaponu,hix,,4151.8
5c60501d767686000100150c,601d019311e8a602cf032726,80,receiver,memory,people,people-memory,,memory,1510.2
5c60501d767686000100150c,601d019311e8a602cf032726,81,sender,number,future,hix-peh-wepitula-tezalipu-puwirefa-tih-qip-lehaqifu-wuk-hiwaponu,qip,,3354
5c60501d767686000100150c,601d019311e8a602cf032726,82,receiver,police,future,future-police,,police,1630.1
5c60501d767686000100150c,601d019311e8a602cf032726,83,sender,silver,design,hix-peh-wepitula-tezalipu-puwirefa-tih-qip-lehaqifu-wuk-hiwaponu,puwirefa,,3768
5c60501d767686000100150c,601d019311e8a602cf032726,84,receiver,number,system,number-system,,number,2090.7
5c60501d767686000100150c,601d019311e8a602cf032726,85,sender,police,silver,hix-peh-wepitula-tezalipu-puwirefa-tih-qip-lehaqifu-wuk-hiwaponu,puwirefa,,2233.5
5c60501d767686000100150c,601d019311e8a602cf032726,86,receiver,memory,system,system-memory,,memory,1472.4
5c60501d767686000100150c,601d019311e8a602cf032726,87,sender,window,signal,hix-peh-wepitula-tezalipu-puwirefa-tih-qip-lehaqifu-wuk-hiwaponu,wepitula,,2025.3
5c60501d767686000100150c,601d019311e8a602cf032726,88,receiver,police,design,design-police,,design,3863.4
5c60501d767686000100150c,601d019311e8a602cf032726,89,sender,people,design,hix-peh-wepitula-tezalipu-puwirefa-tih-qip-lehaqifu-wuk-hiwaponu,tih,,3339.2
5c60501d767686000100150c,601d019311e8a602cf032726,90,receiver,future,silver,future-silver,,silver,1817.2
5c60501d767686000100150c,601d019311e8a602cf032726,91,sender,people,design,hix-peh-wepitula-tezalipu-puwirefa-tih-qip-lehaqifu-wuk-hiwaponu,peh,,4241.9
5c60501d767686000100150c,601d019311e8a602cf032726,92,receiver,police,future,police-future,,police,1883.9
5c60501d767686000100150c,601d019311e8a602cf032726,93,sender,number,future,hix-peh-wepitula-tezalipu-puwirefa-tih-qip-lehaqifu-wuk-hiwaponu,tih,,1989
5c60501d767686000100150c,601d019311e8a602cf032726,94,receiver,system,design,design-system,,design,3418.9
5c60501d767686000100150c,601d019311e8a602cf032726,95,sender,police,signal,hix-peh-wepitula-tezalipu-puwirefa-tih-qip-lehaqifu-wuk-hiwaponu,puwirefa,,2571.5
5c60501d767686000100150c,601d019311e8a602cf032726,96,receiver,future,signal,future-signal,,signal,2281.9
5c60501d767686000100150c,601d019311e8a602cf032726,97,sender,police,signal,hix-peh-wepitula-tezalipu-puwirefa-tih-qip-lehaqifu-wuk-hiwaponu,puwirefa,,2467.2
5c60501d767686000100150c,601d019311e8a602cf032726,98,receiver,memory,people,memory-people,,memory,2237.2
5c60501d767686000100150c,601d019311e8a602cf032726,99,sender,people,system,hix-peh-wepitula-tezalipu-puwirefa-tih-qip-lehaqifu-wuk-hiwaponu,peh,,3914.3
5c60501d767686000100150c,601d019311e8a602cf032726,100,receiver,window,signal,window-signal,,window,1610.4
5c60501d767686000100150c,601d019311e8a602cf032726,101,sender,number,signal,hix-peh-wepitula-tezalipu-puwirefa-tih-qip-lehaqifu-wuk-hiwaponu,tih,,1812.1
5c60501d767686000100150c,601d019311e8a602cf032726,102,receiver,people,number,people-number,,number,2383.2
5c60501d767686000100150c,601d019311e8a602cf032726,103,sender,system,window,hix-peh-wepitula-tezalipu-puwirefa-tih-qip-lehaqifu-wuk-hiwaponu,wepitula,,1965.3
5c60501d767686000100150c,601d019311e8a602cf032726,104,receiver,window,signal,signal-window,,signal,2278.9
5c60501d767686000100150c,601d019311e8a602cf032726,105,sender,window,signal,hix-peh-wepitula-tezalipu-puwirefa-tih-qip-lehaqifu-wuk-hiwaponu,puwirefa,,3190.6
5c60501d767686000100150c,601d019311e8a602cf032726,106,receiver,number,window,number-window,,window,1962.9
5c60501d767686000100150c,601d019311e8a602cf032726,107,sender,window,silver,hix-peh-wepitula-tezalipu-puwirefa-tih-qip-lehaqifu-wuk-hiwaponu,hix,,5296.7
5c60501d767686000100150c,601d019311e8a602cf032726,108,receiver,number,police,police-number,,number,2915.8
5c60501d767686000100150c,601d019311e8a602cf032726,109,sender,memory,people,hix-peh-wepitula-tezalipu-puwirefa-tih-qip-lehaqifu-wuk-hiwaponu,tih,,5960.7
5c60501d767686000100150c,601d019311e8a602cf032726,110,receiver,police,future,future-police,,police,1822.8
5c60501d767686000100150c,601d019311e8a602cf032726,111,sender,memory,number,hix-peh-wepitula-tezalipu-puwirefa-tih-qip-lehaqifu-wuk-hiwaponu,tih,,2737.5
5c60501d767686000100150c,601d019311e8a602cf032726,112,receiver,system,police,police-system,,police,2518.7
5c60501d767686000100150c,601d019311e8a602cf032726,113,sender,system,silver,hix-peh-wepitula-tezalipu-puwirefa-tih-qip-lehaqifu-wuk-hiwaponu,puwirefa,,2335.8
5c60501d767686000100150c,601d019311e8a602cf032726,114,receiver,window,design,design-window,,window,1633.8
5c60501d767686000100150c,601d019311e8a602cf032726,115,sender,people,window,hix-peh-wepitula-tezalipu-puwirefa-tih-qip-lehaqifu-wuk-hiwaponu,tezalipu,,3861
5c60501d767686000100150c,601d019311e8a602cf032726,116,receiver,memory,people,people-memory,,memory,1943.7
5c60501d767686000100150c,601d019311e8a602cf032726,117,sender,number,police,hix-peh-wepitula-tezalipu-puwirefa-tih-qip-lehaqifu-wuk-hiwaponu,tih,,3170.9
5c60501d767686000100150c,601d019311e8a602cf032726,118,receiver,number,silver,number-silver,,silver,3340.5
5c60501d767686000100150c,601d019311e8a602cf032726,119,sender,silver,signal,hix-peh-wepitula-tezalipu-puwirefa-tih-qip-lehaqifu-wuk-hiwaponu,tih,,3111.1
5c60501d767686000100150c,601d019311e8a602cf032726,120,receiver,memory,people,people-memory,,memory,1679.9
5c60501d767686000100150c,601d019311e8a602cf032726,121,sender,memory,signal,hix-peh-wepitula-tezalipu-puwirefa-tih-qip-lehaqifu-wuk-hiwaponu,wepitula,,6598.3
5c60501d767686000100150c,601d019311e8a602cf032726,122,receiver,silver,design,design-silver,,design,2261.2
5c60501d767686000100150c,601d019311e8a602cf032726,123,sender,window,silver,hix-peh-wepitula-tezalipu-puwirefa-tih-qip-lehaqifu-wuk-hiwaponu,wepitula,,2017
5c60501d767686000100150c,601d019311e8a602cf032726,124,receiver,number,system,system-number,,number,1434.3
5c60501d767686000100150c,601d019311e8a602cf032726,125,sender,people,police,hix-peh-wepitula-tezalipu-puwirefa-tih-qip-lehaqifu-wuk-hiwaponu,tezalipu,,4430.8
5c60501d767686000100150c,601d019311e8a602cf032726,126,receiver,system,future,future-system,,future,2236.2
5c60501d767686000100150c,601d019311e8a602cf032726,127,sender,silver,design,hix-peh-wepitula-tezalipu-puwirefa-tih-qip-lehaqifu-wuk-hiwaponu,tih,,4521.4
5c60501d767686000100150c,601d019311e8a602cf032726,128,receiver,police,future,future-police,,police,2248.4
5c60501d767686000100150c,601d019311e8a602cf032726,129,sender,people,police,hix-peh-wepitula-tezalipu-puwirefa-tih-qip-lehaqifu-wuk-hiwaponu,tih,,2527.2
5c60501d767686000100150c,601d019311e8a602cf032726,130,receiver,window,design,design-window,,window,2451.7
5c60501d767686000100150c,601d019311e8a602cf032726,131,sender,future,signal,hix-peh-wepitula-tezalipu-puwirefa-tih-qip-lehaqifu-wuk-hiwaponu,hix,,5538.9
5c60501d767686000100150c,601d019311e8a602cf032726,132,receiver,memory,window,window-memory,,window,2153.6
5c60501d767686000100150c,601d019311e8a602cf032726,133,sender,memory,silver,hix-peh-wepitula-tezalipu-puwirefa-tih-qip-lehaqifu-wuk-hiwaponu,puwirefa,,2359.5
5c60501d767686000100150c,601d019311e8a602cf032726,134,receiver,signal,design,design-signal,,design,2534.2
5c60501d767686000100150c,601d019311e8a602cf032726,135,sender,number,design,hix-peh-wepitula-tezalipu-puwirefa-tih-qip-lehaqifu-wuk-hiwaponu,tih,,1902.7