participant_id, partner_id, trial_index, trial_type, target_meaning, foil_meaning,             choices, signal_selected, meaning_guess, rt
601d019311e8a602cf032726,5c60501d767686000100150c,1,receiver,number,system,number-system,,number,6046.7
601d019311e8a602cf032726,5c60501d767686000100150c,2,sender,future,design,hix-peh-wepitula-tezalipu-puwirefa-tih-qip-lehaqifu-wuk-hiwaponu,puwirefa,,14144.5
601d019311e8a602cf032726,5c60501d767686000100150c,3,receiver,window,silver,window-silver,,window,4432.8
601d019311e8a602cf032726,5c60501d767686000100150c,4,sender,memory,future,hix-peh-wepitula-tezalipu-puwirefa-tih-qip-lehaqifu-wuk-hiwaponu,tezalipu,,13606.6
601d019311e8a602cf032726,5c60501d767686000100150c,5,receiver,window,design,design-window,,window,2498.7
601d019311e8a602cf032726,5c60501d767686000100150c,6,sender,people,number,hix-peh-wepitula-tezalipu-puwirefa-tih-qip-lehaqifu-wuk-hiwaponu,hiwaponu,,7738.3
601d019311e8a602cf032726,5c60501d767686000100150c,7,receiver,people,signal,signal-people,,signal,4521.1
601d019311e8a602cf032726,5c60501d767686000100150c,8,sender,window,silver,hix-peh-wepitula-tezalipu-puwirefa-tih-qip-lehaqifu-wuk-hiwaponu,puwirefa,,5235
601d019311e8a602cf032726,5c60501d767686000100150c,9,receiver,people,silver,silver-people,,people,4003.2
601d019311e8a602cf032726,5c60501d767686000100150c,10,sender,system,signal,hix-peh-wepitula-tezalipu-puwirefa-tih-qip-lehaqifu-wuk-hiwaponu,tih,,15522.8
601d019311e8a602cf032726,5c60501d767686000100150c,11,receiver,police,silver,silver-police,,police,3985.9
601d019311e8a602cf032726,5c60501d767686000100150c,12,sender,police,design,hix-peh-wepitula-tezalipu-puwirefa-tih-qip-lehaqifu-wuk-hiwaponu,tih,,3621.1
601d019311e8a602cf032726,5c60501d767686000100150c,13,receiver,window,design,window-design,,window,2363.7
601d019311e8a602cf032726,5c60501d767686000100150c,14,sender,number,silver,hix-peh-wepitula-tezalipu-puwirefa-tih-qip-lehaqifu-wuk-hiwaponu,puwirefa,,12415.3
601d019311e8a602cf032726,5c60501d767686000100150c,15,receiver,people,system,people-system,,people,5042.3
601d019311e8a602cf032726,5c60501d767686000100150c,16,sender,window,design,hix-peh-wepitula-tezalipu-puwirefa-tih-qip-lehaqifu-wuk-hiwaponu,wepitula,,5709.6
601d019311e8a602cf032726,5c60501d767686000100150c,17,receiver,number,window,window-number,,number,3773.1
601d019311e8a602cf032726,5c60501d767686000100150c,18,sender,silver,signal,hix-peh-wepitula-tezalipu-puwirefa-tih-qip-lehaqifu-wuk-hiwaponu,tih,,8905.4
601d019311e8a602cf032726,5c60501d767686000100150c,19,receiver,memory,people,memory-people,,memory,6272.7
601d019311e8a602cf032726,5c60501d767686000100150c,20,sender,memory,people,hix-peh-wepitula-tezalipu-puwirefa-tih-qip-lehaqifu-wuk-hiwaponu,hix,,3278.4
601d019311e8a602cf032726,5c60501d767686000100150c,21,receiver,memory,police,police-memory,,police,3772.6
601d019311e8a602cf032726,5c60501d767686000100150c,22,sender,silver,design,hix-peh-wepitula-tezalipu-puwirefa-tih-qip-lehaqifu-wuk-hiwaponu,tih,,8255.2
601d019311e8a602cf032726,5c60501d767686000100150c,23,receiver,silver,signal,signal-silver,,silver,5321.2
601d019311e8a602cf032726,5c60501d767686000100150c,24,sender,number,system,hix-peh-wepitula-tezalipu-puwirefa-tih-qip-lehaqifu-wuk-hiwaponu,qip,,3585.2
601d019311e8a602cf032726,5c60501d767686000100150c,25,receiver,system,silver,silver-system,,system,7108.6
601d019311e8a602cf032726,5c60501d767686000100150c,26,sender,number,signal,hix-peh-wepitula-tezalipu-puwirefa-tih-qip-lehaqifu-wuk-hiwaponu,qip,,4626.7
601d019311e8a602cf032726,5c60501d767686000100150c,27,receiver,memory,people,memory-people,,people,4907
601d019311e8a602cf032726,5c60501d767686000100150c,28,sender,memory,people,hix-peh-wepitula-tezalipu-puwirefa-tih-qip-lehaqifu-wuk-hiwaponu,hiwaponu,,12613.4
601d019311e8a602cf032726,5c60501d767686000100150c,29,receiver,signal,design,design-signal,,design,3190.3
601d019311e8a602cf032726,5c60501d767686000100150c,30,sender,police,future,hix-peh-wepitula-tezalipu-puwirefa-tih-qip-lehaqifu-wuk-hiwaponu,tezalipu,,2490
601d019311e8a602cf032726,5c60501d767686000100150c,31,receiver,signal,design,signal-design,,signal,2830.8
601d019311e8a602cf032726,5c60501d767686000100150c,32,sender,number,system,hix-peh-wepitula-tezalipu-puwirefa-tih-qip-lehaqifu-wuk-hiwaponu,tih,,4058.1
601d019311e8a602cf032726,5c60501d767686000100150c,33,receiver,police,future,police-future,,future,5400.2
601d019311e8a602cf032726,5c60501d767686000100150c,34,sender,future,window,hix-peh-wepitula-tezalipu-puwirefa-tih-qip-lehaqifu-wuk-hiwaponu,wepitula,,4800.3
601d019311e8a602cf032726,5c60501d767686000100150c,35,receiver,number,system,number-system,,number,5669.1
601d019311e8a602cf032726,5c60501d767686000100150c,36,sender,system,police,hix-peh-wepitula-tezalipu-puwirefa-tih-qip-lehaqifu-wuk-hiwaponu,tezalipu,,5132.8
601d019311e8a602cf032726,5c60501d767686000100150c,37,receiver,number,system,number-system,,number,2732.5
601d019311e8a602cf032726,5c60501d767686000100150c,38,sender,police,future,hix-peh-wepitula-tezalipu-puwirefa-tih-qip-lehaqifu-wuk-hiwaponu,puwirefa,,10623.2
601d019311e8a602cf032726,5c60501d767686000100150c,39,receiver,system,future,system-future,,system,3161.3
601d019311e8a602cf032726,5c60501d767686000100150c,40,sender,police,future,hix-peh-wepitula-tezalipu-puwirefa-tih-qip-lehaqifu-wuk-hiwaponu,puwirefa,,6408.7
601d019311e8a602cf032726,5c60501d767686000100150c,41,receiver,memory,future,memory-future,,future,5767.3
601d019311e8a602cf032726,5c60501d767686000100150c,42,sender,future,silver,hix-peh-wepitula-tezalipu-puwirefa-tih-qip-lehaqifu-wuk-hiwaponu,puwirefa,,9626.4
601d019311e8a602cf032726,5c60501d767686000100150c,43,receiver,memory,system,memory-system,,memory,4866.7
601d019311e8a602cf032726,5c60501d767686000100150c,44,sender,system,window,hix-peh-wepitula-tezalipu-puwirefa-tih-qip-lehaqifu-wuk-hiwaponu,wepitula,,4330.4
601d019311e8a602cf032726,5c60501d767686000100150c,45,receiver,number,system,number-system,,number,2385.3
601d019311e8a602cf032726,5c60501d767686000100150c,46,sender,window,signal,hix-peh-wepitula-tezalipu-puwirefa-tih-qip-lehaqifu-wuk-hiwaponu,puwirefa,,7676.7
601d019311e8a602cf032726,5c60501d767686000100150c,47,receiver,number,design,design-number,,design,4162.1
601d019311e8a602cf032726,5c60501d767686000100150c,48,sender,system,design,hix-peh-wepitula-tezalipu-puwirefa-tih-qip-lehaqifu-wuk-hiwaponu,wepitula,,3835
601d019311e8a602cf032726,5c60501d767686000100150c,49,receiver,police,window,window-police,,window,3782.5
601d019311e8a602cf032726,5c60501d767686000100150c,50,sender,memory,signal,hix-peh-wepitula-tezalipu-puwirefa-tih-qip-lehaqifu-wuk-hiwaponu,hiwaponu,,8704.3
601d019311e8a602cf032726,5c60501d767686000100150c,51,receiver,memory,police,police-memory,,police,6233.7
601d019311e8a602cf032726,5c60501d767686000100150c,52,sender,memory,people,hix-peh-wepitula-tezalipu-puwirefa-tih-qip-lehaqifu-wuk-hiwaponu,puwirefa,,2783.8
601d019311e8a602cf032726,5c60501d767686000100150c,53,receiver,police,future,police-future,,future,1681.5
601d019311e8a602cf032726,5c60501d767686000100150c,54,sender,memory,window,hix-peh-wepitula-tezalipu-puwirefa-tih-qip-lehaqifu-wuk-hiwaponu,puwirefa,,4409.4
601d019311e8a602cf032726,5c60501d767686000100150c,55,receiver,silver,design,design-silver,,silver,3962.1
601d019311e8a602cf032726,5c60501d767686000100150c,56,sender,memory,design,hix-peh-wepitula-tezalipu-puwirefa-tih-qip-lehaqifu-wuk-hiwaponu,puwirefa,,8220.9
601d019311e8a602cf032726,5c60501d767686000100150c,57,receiver,people,signal,people-signal,,signal,3038.5
601d019311e8a602cf032726,5c60501d767686000100150c,58,sender,people,future,hix-peh-wepitula-tezalipu-puwirefa-tih-qip-lehaqifu-wuk-hiwaponu,peh,,5385.1
601d019311e8a602cf032726,5c60501d767686000100150c,59,receiver,people,window,window-people,,people,4640.1
601d019311e8a602cf032726,5c60501d767686000100150c,60,sender,number,system,hix-peh-wepitula-tezalipu-puwirefa-tih-qip-lehaqifu-wuk-hiwaponu,qip,,5519.6
601d019311e8a602cf032726,5c60501d767686000100150c,61,receiver,people,silver,people-silver,,silver,2990.2
601d019311e8a602cf032726,5c60501d767686000100150c,62,sender,memory,number,hix-peh-wepitula-tezalipu-puwirefa-tih-qip-lehaqifu-wuk-hiwaponu,tih,,3383.5
601d019311e8a602cf032726,5c60501d767686000100150c,63,receiver,police,window,window-police,,police,2674.6
601d019311e8a602cf032726,5c60501d767686000100150c,64,sender,signal,design,hix-peh-wepitula-tezalipu-puwirefa-tih-qip-lehaqifu-wuk-hiwaponu,tih,,9267.6
601d019311e8a602cf032726,5c60501d767686000100150c,65,receiver,memory,design,design-memory,,design,2649.7
601d019311e8a602cf032726,5c60501d767686000100150c,66,sender,police,future,hix-peh-wepitula-tezalipu-puwirefa-tih-qip-lehaqifu-wuk-hiwaponu,tezalipu,,4765.9
601d019311e8a602cf032726,5c60501d767686000100150c,67,receiver,signal,design,design-signal,,signal,2293.4
601d019311e8a602cf032726,5c60501d767686000100150c,68,sender,window,silver,hix-peh-wepitula-tezalipu-puwirefa-tih-qip-lehaqifu-wuk-hiwaponu,wepitula,,3176.7
601d019311e8a602cf032726,5c60501d767686000100150c,69,receiver,police,future,future-police,,police,2488.6
601d019311e8a602cf032726,5c60501d767686000100150c,70,sender,memory,people,hix-peh-wepitula-tezalipu-puwirefa-tih-qip-lehaqifu-wuk-hiwaponu,puwirefa,,6041
601d019311e8a602cf032726,5c60501d767686000100150c,71,receiver,memory,silver,memory-silver,,memory,5358.5
601d019311e8a602cf032726,5c60501d767686000100150c,72,sender,future,window,hix-peh-wepitula-tezalipu-puwirefa-tih-qip-lehaqifu-wuk-hiwaponu,puwirefa,,6779.2
601d019311e8a602cf032726,5c60501d767686000100150c,73,receiver,system,signal,system-signal,,signal,4479.5
601d019311e8a602cf032726,5c60501d767686000100150c,74,sender,silver,signal,hix-peh-wepitula-tezalipu-puwirefa-tih-qip-lehaqifu-wuk-hiwaponu,tih,,3423.1
601d019311e8a602cf032726,5c60501d767686000100150c,75,receiver,number,system,number-system,,number,3087.6
601d019311e8a602cf032726,5c60501d767686000100150c,76,sender,silver,signal,hix-peh-wepitula-tezalipu-puwirefa-tih-qip-lehaqifu-wuk-hiwaponu,wepitula,,9337.6
601d019311e8a602cf032726,5c60501d767686000100150c,77,receiver,future,design,future-design,,design,3051.4
601d019311e8a602cf032726,5c60501d767686000100150c,78,sender,number,system,hix-peh-wepitula-tezalipu-puwirefa-tih-qip-lehaqifu-wuk-hiwaponu,qip,,2022.6
601d019311e8a602cf032726,5c60501d767686000100150c,79,receiver,people,future,future-people,,people,3347.3
601d019311e8a602cf032726,5c60501d767686000100150c,80,sender,memory,people,hix-peh-wepitula-tezalipu-puwirefa-tih-qip-lehaqifu-wuk-hiwaponu,qip,,6088.2
601d019311e8a602cf032726,5c60501d767686000100150c,81,receiver,number,future,future-number,,number,4690.8
601d019311e8a602cf032726,5c60501d767686000100150c,82,sender,police,future,hix-peh-wepitula-tezalipu-puwirefa-tih-qip-lehaqifu-wuk-hiwaponu,tezalipu,,5478.1
601d019311e8a602cf032726,5c60501d767686000100150c,83,receiver,silver,design,silver-design,,silver,4581.5
601d019311e8a602cf032726,5c60501d767686000100150c,84,sender,number,system,hix-peh-wepitula-tezalipu-puwirefa-tih-qip-lehaqifu-wuk-hiwaponu,qip,,2127.2
601d019311e8a602cf032726,5c60501d767686000100150c,85,receiver,police,silver,police-silver,,silver,2626.6
601d019311e8a602cf032726,5c60501d767686000100150c,86,sender,memory,system,hix-peh-wepitula-tezalipu-puwirefa-tih-qip-lehaqifu-wuk-hiwaponu,tih,,3432.5
601d019311e8a602cf032726,5c60501d767686000100150c,87,receiver,window,signal,signal-window,,window,2340.6
601d019311e8a602cf032726,5c60501d767686000100150c,88,sender,police,design,hix-peh-wepitula-tezalipu-puwirefa-tih-qip-lehaqifu-wuk-hiwaponu,qip,,2153.6
601d019311e8a602cf032726,5c60501d767686000100150c,89,receiver,people,design,design-people,,design,4538.9
601d019311e8a602cf032726,5c60501d767686000100150c,90,sender,future,silver,hix-peh-wepitula-tezalipu-puwirefa-tih-qip-lehaqifu-wuk-hiwaponu,tezalipu,,3681
601d019311e8a602cf032726,5c60501d767686000100150c,91,receiver,people,design,design-people,,people,3794.7
601d019311e8a602cf032726,5c60501d767686000100150c,92,sender,police,future,hix-peh-wepitula-tezalipu-puwirefa-tih-qip-lehaqifu-wuk-hiwaponu,puwirefa,,3036
601d019311e8a602cf032726,5c60501d767686000100150c,93,receiver,number,future,number-future,,number,2102.7
601d019311e8a602cf032726,5c60501d767686000100150c,94,sender,system,design,hix-peh-wepitula-tezalipu-puwirefa-tih-qip-lehaqifu-wuk-hiwaponu,tih,,4726.8
601d019311e8a602cf032726,5c60501d767686000100150c,95,receiver,police,signal,police-signal,,police,2130.9
601d019311e8a602cf032726,5c60501d767686000100150c,96,sender,future,signal,hix-peh-wepitula-tezalipu-puwirefa-tih-qip-lehaqifu-wuk-hiwaponu,puwirefa,,5215.9
601d019311e8a602cf032726,5c60501d767686000100150c,97,receiver,police,signal,police-signal,,police,2487.6
601d019311e8a602cf032726,5c60501d767686000100150c,98,sender,memory,people,hix-peh-wepitula-tezalipu-puwirefa-tih-qip-lehaqifu-wuk-hiwaponu,tezalipu,,6708
601d019311e8a602cf032726,5c60501d767686000100150c,99,receiver,people,system,people-system,,system,2804.2
601d019311e8a602cf032726,5c60501d767686000100150c,100,sender,window,signal,hix-peh-wepitula-tezalipu-puwirefa-tih-qip-lehaqifu-wuk-hiwaponu,wepitula,,3114.9
601d019311e8a602cf032726,5c60501d767686000100150c,101,receiver,number,signal,signal-number,,number,3186.2
601d019311e8a602cf032726,5c60501d767686000100150c,102,sender,people,number,hix-peh-wepitula-tezalipu-puwirefa-tih-qip-lehaqifu-wuk-hiwaponu,tih,,4059.3
601d019311e8a602cf032726,5c60501d767686000100150c,103,receiver,system,window,system-window,,window,2156.6
601d019311e8a602cf032726,5c60501d767686000100150c,104,sender,window,signal,hix-peh-wepitula-tezalipu-puwirefa-tih-qip-lehaqifu-wuk-hiwaponu,puwirefa,,3568.2
601d019311e8a602cf032726,5c60501d767686000100150c,105,receiver,window,signal,signal-window,,signal,1975.7
601d019311e8a602cf032726,5c60501d767686000100150c,106,sender,number,window,hix-peh-wepitula-tezalipu-puwirefa-tih-qip-lehaqifu-wuk-hiwaponu,qip,,5476.5
601d019311e8a602cf032726,5c60501d767686000100150c,107,receiver,window,silver,window-silver,,window,2738.4
601d019311e8a602cf032726,5c60501d767686000100150c,108,sender,number,police,hix-peh-wepitula-tezalipu-puwirefa-tih-qip-lehaqifu-wuk-hiwaponu,tih,,7380.9
601d019311e8a602cf032726,5c60501d767686000100150c,109,receiver,memory,people,people-memory,,memory,2702
601d019311e8a602cf032726,5c60501d767686000100150c,110,sender,police,future,hix-peh-wepitula-tezalipu-puwirefa-tih-qip-lehaqifu-wuk-hiwaponu,puwirefa,,3687.8
601d019311e8a602cf032726,5c60501d767686000100150c,111,receiver,memory,number,memory-number,,number,4678.2
601d019311e8a602cf032726,5c60501d767686000100150c,112,sender,system,police,hix-peh-wepitula-tezalipu-puwirefa-tih-qip-lehaqifu-wuk-hiwaponu,qip,,4500.3
601d019311e8a602cf032726,5c60501d767686000100150c,113,receiver,system,silver,silver-system,,silver,2320.5
601d019311e8a602cf032726,5c60501d767686000100150c,114,sender,window,design,hix-peh-wepitula-tezalipu-puwirefa-tih-qip-lehaqifu-wuk-hiwaponu,wepitula,,2827.6
601d019311e8a602cf032726,5c60501d767686000100150c,115,receiver,people,window,window-people,,people,2839.5
601d019311e8a602cf032726,5c60501d767686000100150c,116,sender,memory,people,hix-peh-wepitula-tezalipu-puwirefa-tih-qip-lehaqifu-wuk-hiwaponu,tih,,4452.7
601d019311e8a602cf032726,5c60501d767686000100150c,117,receiver,number,police,number-police,,number,2471.1
601d019311e8a602cf032726,5c60501d767686000100150c,118,sender,number,silver,hix-peh-wepitula-tezalipu-puwirefa-tih-qip-lehaqifu-wuk-hiwaponu,tih,,2346.2
601d019311e8a602cf032726,5c60501d767686000100150c,119,receiver,silver,signal,signal-silver,,signal,2004.9
601d019311e8a602cf032726,5c60501d767686000100150c,120,sender,memory,people,hix-peh-wepitula-tezalipu-puwirefa-tih-qip-lehaqifu-wuk-hiwaponu,qip,,4120.9
601d019311e8a602cf032726,5c60501d767686000100150c,121,receiver,memory,signal,signal-memory,,memory,3185.2
601d019311e8a602cf032726,5c60501d767686000100150c,122,sender,silver,design,hix-peh-wepitula-tezalipu-puwirefa-tih-qip-lehaqifu-wuk-hiwaponu,tezalipu,,6498
601d019311e8a602cf032726,5c60501d767686000100150c,123,receiver,window,silver,silver-window,,window,2365.5
601d019311e8a602cf032726,5c60501d767686000100150c,124,sender,number,system,hix-peh-wepitula-tezalipu-puwirefa-tih-qip-lehaqifu-wuk-hiwaponu,tih,,3749.5
601d019311e8a602cf032726,5c60501d767686000100150c,125,receiver,people,police,police-people,,police,2207.9
601d019311e8a602cf032726,5c60501d767686000100150c,126,sender,system,future,hix-peh-wepitula-tezalipu-puwirefa-tih-qip-lehaqifu-wuk-hiwaponu,qip,,1910.6
601d019311e8a602cf032726,5c60501d767686000100150c,127,receiver,silver,design,silver-design,,design,3661.3
601d019311e8a602cf032726,5c60501d767686000100150c,128,sender,police,future,hix-peh-wepitula-tezalipu-puwirefa-tih-qip-lehaqifu-wuk-hiwaponu,tih,,3695.1
601d019311e8a602cf032726,5c60501d767686000100150c,129,receiver,people,police,police-people,,police,1760.2
601d019311e8a602cf032726,5c60501d767686000100150c,130,sender,window,design,hix-peh-wepitula-tezalipu-puwirefa-tih-qip-lehaqifu-wuk-hiwaponu,puwirefa,,2161.2
601d019311e8a602cf032726,5c60501d767686000100150c,131,receiver,future,signal,signal-future,,signal,1741.7
601d019311e8a602cf032726,5c60501d767686000100150c,132,sender,memory,window,hix-peh-wepitula-tezalipu-puwirefa-tih-qip-lehaqifu-wuk-hiwaponu,puwirefa,,4846.2
601d019311e8a602cf032726,5c60501d767686000100150c,133,receiver,memory,silver,memory-silver,,silver,1953.5
601d019311e8a602cf032726,5c60501d767686000100150c,134,sender,signal,design,hix-peh-wepitula-tezalipu-puwirefa-tih-qip-lehaqifu-wuk-hiwaponu,qip,,3278.4
601d019311e8a602cf032726,5c60501d767686000100150c,135,receiver,number,design,design-number,,number,2730.4