participant_id, partner_id, trial_index, trial_type, target_meaning, foil_meaning,             choices, signal_selected, meaning_guess, rt
5ff8c84b13d09115adf1b49d,5bedb3c2e3368e0001e0225c,1,sender,window,family,lehaqifu-nidaweli-pofepilu-tezalipu-qip-teliqulo-qux-meh-hix-kuh,pofepilu,,13407.3
5ff8c84b13d09115adf1b49d,5bedb3c2e3368e0001e0225c,2,receiver,course,window,window-course,,window,3971.8
5ff8c84b13d09115adf1b49d,5bedb3c2e3368e0001e0225c,3,sender,online,normal,lehaqifu-nidaweli-pofepilu-tezalipu-qip-teliqulo-qux-meh-hix-kuh,nidaweli,,9178.2
5ff8c84b13d09115adf1b49d,5bedb3c2e3368e0001e0225c,4,receiver,future,handle,handle-future,,future,3516.4
5ff8c84b13d09115adf1b49d,5bedb3c2e3368e0001e0225c,5,sender,handle,window,lehaqifu-nidaweli-pofepilu-tezalipu-qip-teliqulo-qux-meh-hix-kuh,tezalipu,,16603.7
5ff8c84b13d09115adf1b49d,5bedb3c2e3368e0001e0225c,6,receiver,coffee,course,coffee-course,,coffee,12450.5
5ff8c84b13d09115adf1b49d,5bedb3c2e3368e0001e0225c,7,sender,online,normal,lehaqifu-nidaweli-pofepilu-tezalipu-qip-teliqulo-qux-meh-hix-kuh,qip,,11899.1
5ff8c84b13d09115adf1b49d,5bedb3c2e3368e0001e0225c,8,receiver,handle,change,handle-change,,handle,3942.4
5ff8c84b13d09115adf1b49d,5bedb3c2e3368e0001e0225c,9,sender,window,change,lehaqifu-nidaweli-pofepilu-tezalipu-qip-teliqulo-qux-meh-hix-kuh,tezalipu,,9785.5
5ff8c84b13d09115adf1b49d,5bedb3c2e3368e0001e0225c,10,receiver,future,family,future-family,,family,4752.1
5ff8c84b13d09115adf1b49d,5bedb3c2e3368e0001e0225c,11,sender,future,family,lehaqifu-nidaweli-pofepilu-tezalipu-qip-teliqulo-qux-meh-hix-kuh,kuh,,10874.6
5ff8c84b13d09115adf1b49d,5bedb3c2e3368e0001e0225c,12,receiver,credit,handle,credit-handle,,credit,2446.8
5ff8c84b13d09115adf1b49d,5bedb3c2e3368e0001e0225c,13,sender,coffee,change,lehaqifu-nidaweli-pofepilu-tezalipu-qip-teliqulo-qux-meh-hix-kuh,qux,,10693.9
5ff8c84b13d09115adf1b49d,5bedb3c2e3368e0001e0225c,14,receiver,coffee,course,coffee-course,,coffee,1992.2
5ff8c84b13d09115adf1b49d,5bedb3c2e3368e0001e0225c,15,sender,course,future,lehaqifu-nidaweli-pofepilu-tezalipu-qip-teliqulo-qux-meh-hix-kuh,qip,,7347.6
5ff8c84b13d09115adf1b49d,5bedb3c2e3368e0001e0225c,16,receiver,normal,window,window-normal,,normal,2487.5
5ff8c84b13d09115adf1b49d,5bedb3c2e3368e0001e0225c,17,sender,normal,change,lehaqifu-nidaweli-pofepilu-tezalipu-qip-teliqulo-qux-meh-hix-kuh,nidaweli,,3290.2
5ff8c84b13d09115adf1b49d,5bedb3c2e3368e0001e0225c,18,receiver,future,normal,future-normal,,future,3291
5ff8c84b13d09115adf1b49d,5bedb3c2e3368e0001e0225c,19,sender,credit,change,lehaqifu-nidaweli-pofepilu-tezalipu-qip-teliqulo-qux-meh-hix-kuh,kuh,,10058
5ff8c84b13d09115adf1b49d,5bedb3c2e3368e0001e0225c,20,receiver,online,normal,normal-online,,online,2061.8
5ff8c84b13d09115adf1b49d,5bedb3c2e3368e0001e0225c,21,sender,course,credit,lehaqifu-nidaweli-pofepilu-tezalipu-qip-teliqulo-qux-meh-hix-kuh,qip,,7191.2
5ff8c84b13d09115adf1b49d,5bedb3c2e3368e0001e0225c,22,receiver,credit,normal,normal-credit,,normal,2622.6
5ff8c84b13d09115adf1b49d,5bedb3c2e3368e0001e0225c,23,sender,credit,future,lehaqifu-nidaweli-pofepilu-tezalipu-qip-teliqulo-qux-meh-hix-kuh,meh,,2759.6
5ff8c84b13d09115adf1b49d,5bedb3c2e3368e0001e0225c,24,receiver,online,handle,handle-online,,online,3996.3
5ff8c84b13d09115adf1b49d,5bedb3c2e3368e0001e0225c,25,sender,course,family,lehaqifu-nidaweli-pofepilu-tezalipu-qip-teliqulo-qux-meh-hix-kuh,qip,,6927.5
5ff8c84b13d09115adf1b49d,5bedb3c2e3368e0001e0225c,26,receiver,coffee,normal,coffee-normal,,normal,2863.7
5ff8c84b13d09115adf1b49d,5bedb3c2e3368e0001e0225c,27,sender,window,family,lehaqifu-nidaweli-pofepilu-tezalipu-qip-teliqulo-qux-meh-hix-kuh,tezalipu,,3042.6
5ff8c84b13d09115adf1b49d,5bedb3c2e3368e0001e0225c,28,receiver,coffee,course,coffee-course,,coffee,9342.9
5ff8c84b13d09115adf1b49d,5bedb3c2e3368e0001e0225c,29,sender,course,credit,lehaqifu-nidaweli-pofepilu-tezalipu-qip-teliqulo-qux-meh-hix-kuh,qip,,6236.1
5ff8c84b13d09115adf1b49d,5bedb3c2e3368e0001e0225c,30,receiver,course,online,course-online,,course,4072.5
5ff8c84b13d09115adf1b49d,5bedb3c2e3368e0001e0225c,31,sender,window,change,lehaqifu-nidaweli-pofepilu-tezalipu-qip-teliqulo-qux-meh-hix-kuh,tezalipu,,3662.3
5ff8c84b13d09115adf1b49d,5bedb3c2e3368e0001e0225c,32,receiver,course,change,change-course,,course,6263.4
5ff8c84b13d09115adf1b49d,5bedb3c2e3368e0001e0225c,33,sender,credit,future,lehaqifu-nidaweli-pofepilu-tezalipu-qip-teliqulo-qux-meh-hix-kuh,qux,,3279.4
5ff8c84b13d09115adf1b49d,5bedb3c2e3368e0001e0225c,34,receiver,credit,normal,credit-normal,,normal,3854.4
5ff8c84b13d09115adf1b49d,5bedb3c2e3368e0001e0225c,35,sender,coffee,online,lehaqifu-nidaweli-pofepilu-tezalipu-qip-teliqulo-qux-meh-hix-kuh,meh,,6119.8
5ff8c84b13d09115adf1b49d,5bedb3c2e3368e0001e0225c,36,receiver,future,online,online-future,,future,2709.4
5ff8c84b13d09115adf1b49d,5bedb3c2e3368e0001e0225c,37,sender,window,family,lehaqifu-nidaweli-pofepilu-tezalipu-qip-teliqulo-qux-meh-hix-kuh,tezalipu,,3787.9
5ff8c84b13d09115adf1b49d,5bedb3c2e3368e0001e0225c,38,receiver,normal,family,normal-family,,normal,1963
5ff8c84b13d09115adf1b49d,5bedb3c2e3368e0001e0225c,39,sender,credit,future,lehaqifu-nidaweli-pofepilu-tezalipu-qip-teliqulo-qux-meh-hix-kuh,qux,,2338.4
5ff8c84b13d09115adf1b49d,5bedb3c2e3368e0001e0225c,40,receiver,handle,window,window-handle,,handle,3244
5ff8c84b13d09115adf1b49d,5bedb3c2e3368e0001e0225c,41,sender,handle,window,lehaqifu-nidaweli-pofepilu-tezalipu-qip-teliqulo-qux-meh-hix-kuh,lehaqifu,,2192.7
5ff8c84b13d09115adf1b49d,5bedb3c2e3368e0001e0225c,42,receiver,coffee,future,coffee-future,,future,1745.8
5ff8c84b13d09115adf1b49d,5bedb3c2e3368e0001e0225c,43,sender,handle,change,lehaqifu-nidaweli-pofepilu-tezalipu-qip-teliqulo-qux-meh-hix-kuh,lehaqifu,,2119.4
5ff8c84b13d09115adf1b49d,5bedb3c2e3368e0001e0225c,44,receiver,window,change,window-change,,window,1959.6
5ff8c84b13d09115adf1b49d,5bedb3c2e3368e0001e0225c,45,sender,family,change,lehaqifu-nidaweli-pofepilu-tezalipu-qip-teliqulo-qux-meh-hix-kuh,pofepilu,,2887.9
5ff8c84b13d09115adf1b49d,5bedb3c2e3368e0001e0225c,46,receiver,coffee,family,family-coffee,,family,1997.4
5ff8c84b13d09115adf1b49d,5bedb3c2e3368e0001e0225c,47,sender,coffee,normal,lehaqifu-nidaweli-pofepilu-tezalipu-qip-teliqulo-qux-meh-hix-kuh,meh,,2150.4
5ff8c84b13d09115adf1b49d,5bedb3c2e3368e0001e0225c,48,receiver,course,family,family-course,,course,2047.1
5ff8c84b13d09115adf1b49d,5bedb3c2e3368e0001e0225c,49,sender,credit,future,lehaqifu-nidaweli-pofepilu-tezalipu-qip-teliqulo-qux-meh-hix-kuh,qux,,2369.6
5ff8c84b13d09115adf1b49d,5bedb3c2e3368e0001e0225c,50,receiver,course,normal,course-normal,,course,2366.6
5ff8c84b13d09115adf1b49d,5bedb3c2e3368e0001e0225c,51,sender,normal,family,lehaqifu-nidaweli-pofepilu-tezalipu-qip-teliqulo-qux-meh-hix-kuh,nidaweli,,2175.7
5ff8c84b13d09115adf1b49d,5bedb3c2e3368e0001e0225c,52,receiver,online,normal,normal-online,,normal,3386.9
5ff8c84b13d09115adf1b49d,5bedb3c2e3368e0001e0225c,53,sender,credit,change,lehaqifu-nidaweli-pofepilu-tezalipu-qip-teliqulo-qux-meh-hix-kuh,qux,,1848.8
5ff8c84b13d09115adf1b49d,5bedb3c2e3368e0001e0225c,54,receiver,coffee,future,future-coffee,,future,2108.8
5ff8c84b13d09115adf1b49d,5bedb3c2e3368e0001e0225c,55,sender,online,normal,lehaqifu-nidaweli-pofepilu-tezalipu-qip-teliqulo-qux-meh-hix-kuh,lehaqifu,,4624.4
5ff8c84b13d09115adf1b49d,5bedb3c2e3368e0001e0225c,56,receiver,handle,change,change-handle,,change,2443.4
5ff8c84b13d09115adf1b49d,5bedb3c2e3368e0001e0225c,57,sender,online,family,lehaqifu-nidaweli-pofepilu-tezalipu-qip-teliqulo-qux-meh-hix-kuh,tezalipu,,4314.9
5ff8c84b13d09115adf1b49d,5bedb3c2e3368e0001e0225c,58,receiver,credit,future,future-credit,,future,1837.9
5ff8c84b13d09115adf1b49d,5bedb3c2e3368e0001e0225c,59,sender,coffee,course,lehaqifu-nidaweli-pofepilu-tezalipu-qip-teliqulo-qux-meh-hix-kuh,meh,,1896.2
5ff8c84b13d09115adf1b49d,5bedb3c2e3368e0001e0225c,60,receiver,coffee,handle,coffee-handle,,handle,2015
5ff8c84b13d09115adf1b49d,5bedb3c2e3368e0001e0225c,61,sender,handle,window,lehaqifu-nidaweli-pofepilu-tezalipu-qip-teliqulo-qux-meh-hix-kuh,tezalipu,,2038.7
5ff8c84b13d09115adf1b49d,5bedb3c2e3368e0001e0225c,62,receiver,coffee,credit,credit-coffee,,coffee,4060.1
5ff8c84b13d09115adf1b49d,5bedb3c2e3368e0001e0225c,63,sender,online,window,lehaqifu-nidaweli-pofepilu-tezalipu-qip-teliqulo-qux-meh-hix-kuh,teliqulo,,3337.4
5ff8c84b13d09115adf1b49d,5bedb3c2e3368e0001e0225c,64,receiver,credit,future,future-credit,,future,4106.6
5ff8c84b13d09115adf1b49d,5bedb3c2e3368e0001e0225c,65,sender,online,normal,lehaqifu-nidaweli-pofepilu-tezalipu-qip-teliqulo-qux-meh-hix-kuh,teliqulo,,2147.8
5ff8c84b13d09115adf1b49d,5bedb3c2e3368e0001e0225c,66,receiver,future,window,window-future,,window,3346.7
5ff8c84b13d09115adf1b49d,5bedb3c2e3368e0001e0225c,67,sender,coffee,course,lehaqifu-nidaweli-pofepilu-tezalipu-qip-teliqulo-qux-meh-hix-kuh,meh,,1920.5
5ff8c84b13d09115adf1b49d,5bedb3c2e3368e0001e0225c,68,receiver,online,handle,online-handle,,handle,1402.2
5ff8c84b13d09115adf1b49d,5bedb3c2e3368e0001e0225c,69,sender,online,normal,lehaqifu-nidaweli-pofepilu-tezalipu-qip-teliqulo-qux-meh-hix-kuh,lehaqifu,,3181.6
5ff8c84b13d09115adf1b49d,5bedb3c2e3368e0001e0225c,70,receiver,family,change,family-change,,family,1838.2
5ff8c84b13d09115adf1b49d,5bedb3c2e3368e0001e0225c,71,sender,coffee,course,lehaqifu-nidaweli-pofepilu-tezalipu-qip-teliqulo-qux-meh-hix-kuh,kuh,,4571.5
5ff8c84b13d09115adf1b49d,5bedb3c2e3368e0001e0225c,72,receiver,credit,future,future-credit,,credit,1844.1
5ff8c84b13d09115adf1b49d,5bedb3c2e3368e0001e0225c,73,sender,course,online,lehaqifu-nidaweli-pofepilu-tezalipu-qip-teliqulo-qux-meh-hix-kuh,qux,,5376
5ff8c84b13d09115adf1b49d,5bedb3c2e3368e0001e0225c,74,receiver,family,change,change-family,,family,1695.3
5ff8c84b13d09115adf1b49d,5bedb3c2e3368e0001e0225c,75,sender,handle,change,lehaqifu-nidaweli-pofepilu-tezalipu-qip-teliqulo-qux-meh-hix-kuh,tezalipu,,2613.5
5ff8c84b13d09115adf1b49d,5bedb3c2e3368e0001e0225c,76,receiver,handle,family,handle-family,,family,2845
5ff8c84b13d09115adf1b49d,5bedb3c2e3368e0001e0225c,77,sender,course,normal,lehaqifu-nidaweli-pofepilu-tezalipu-qip-teliqulo-qux-meh-hix-kuh,qux,,1742.9
5ff8c84b13d09115adf1b49d,5bedb3c2e3368e0001e0225c,78,receiver,online,normal,online-normal,,online,2203
5ff8c84b13d09115adf1b49d,5bedb3c2e3368e0001e0225c,79,sender,normal,change,lehaqifu-nidaweli-pofepilu-tezalipu-qip-teliqulo-qux-meh-hix-kuh,nidaweli,,2873.3
5ff8c84b13d09115adf1b49d,5bedb3c2e3368e0001e0225c,80,receiver,normal,handle,normal-handle,,normal,5800.5
5ff8c84b13d09115adf1b49d,5bedb3c2e3368e0001e0225c,81,sender,online,change,lehaqifu-nidaweli-pofepilu-tezalipu-qip-teliqulo-qux-meh-hix-kuh,lehaqifu,,9875.2
5ff8c84b13d09115adf1b49d,5bedb3c2e3368e0001e0225c,82,receiver,future,normal,normal-future,,normal,3120.3
5ff8c84b13d09115adf1b49d,5bedb3c2e3368e0001e0225c,83,sender,handle,family,lehaqifu-nidaweli-pofepilu-tezalipu-qip-teliqulo-qux-meh-hix-kuh,tezalipu,,8095.5
5ff8c84b13d09115adf1b49d,5bedb3c2e3368e0001e0225c,84,receiver,coffee,window,window-coffee,,coffee,1306.3
5ff8c84b13d09115adf1b49d,5bedb3c2e3368e0001e0225c,85,sender,coffee,credit,lehaqifu-nidaweli-pofepilu-tezalipu-qip-teliqulo-qux-meh-hix-kuh,meh,,1505.5
5ff8c84b13d09115adf1b49d,5bedb3c2e3368e0001e0225c,86,receiver,credit,online,credit-online,,credit,2206.1
5ff8c84b13d09115adf1b49d,5bedb3c2e3368e0001e0225c,87,sender,online,change,lehaqifu-nidaweli-pofepilu-tezalipu-qip-teliqulo-qux-meh-hix-kuh,teliqulo,,3553.1
5ff8c84b13d09115adf1b49d,5bedb3c2e3368e0001e0225c,88,receiver,window,change,window-change,,change,2039.2
5ff8c84b13d09115adf1b49d,5bedb3c2e3368e0001e0225c,89,sender,online,family,lehaqifu-nidaweli-pofepilu-tezalipu-qip-teliqulo-qux-meh-hix-kuh,teliqulo,,1669
5ff8c84b13d09115adf1b49d,5bedb3c2e3368e0001e0225c,90,receiver,credit,future,credit-future,,future,2376.9
5ff8c84b13d09115adf1b49d,5bedb3c2e3368e0001e0225c,91,sender,normal,window,lehaqifu-nidaweli-pofepilu-tezalipu-qip-teliqulo-qux-meh-hix-kuh,nidaweli,,1770.7
5ff8c84b13d09115adf1b49d,5bedb3c2e3368e0001e0225c,92,receiver,coffee,course,course-coffee,,course,1795.1
5ff8c84b13d09115adf1b49d,5bedb3c2e3368e0001e0225c,93,sender,coffee,family,lehaqifu-nidaweli-pofepilu-tezalipu-qip-teliqulo-qux-meh-hix-kuh,meh,,1399.9
5ff8c84b13d09115adf1b49d,5bedb3c2e3368e0001e0225c,94,receiver,online,normal,normal-online,,normal,3487.4
5ff8c84b13d09115adf1b49d,5bedb3c2e3368e0001e0225c,95,sender,handle,family,lehaqifu-nidaweli-pofepilu-tezalipu-qip-teliqulo-qux-meh-hix-kuh,tezalipu,,2805.2
5ff8c84b13d09115adf1b49d,5bedb3c2e3368e0001e0225c,96,receiver,course,window,window-course,,window,2697.8
5ff8c84b13d09115adf1b49d,5bedb3c2e3368e0001e0225c,97,sender,handle,change,lehaqifu-nidaweli-pofepilu-tezalipu-qip-teliqulo-qux-meh-hix-kuh,tezalipu,,2168.5
5ff8c84b13d09115adf1b49d,5bedb3c2e3368e0001e0225c,98,receiver,window,family,family-window,,window,3828.5
5ff8c84b13d09115adf1b49d,5bedb3c2e3368e0001e0225c,99,sender,handle,window,lehaqifu-nidaweli-pofepilu-tezalipu-qip-teliqulo-qux-meh-hix-kuh,tezalipu,,2979.2
5ff8c84b13d09115adf1b49d,5bedb3c2e3368e0001e0225c,100,receiver,credit,handle,credit-handle,,credit,1776.2
5ff8c84b13d09115adf1b49d,5bedb3c2e3368e0001e0225c,101,sender,online,normal,lehaqifu-nidaweli-pofepilu-tezalipu-qip-teliqulo-qux-meh-hix-kuh,teliqulo,,2483.1
5ff8c84b13d09115adf1b49d,5bedb3c2e3368e0001e0225c,102,receiver,online,normal,normal-online,,normal,2660.1
5ff8c84b13d09115adf1b49d,5bedb3c2e3368e0001e0225c,103,sender,credit,window,lehaqifu-nidaweli-pofepilu-tezalipu-qip-teliqulo-qux-meh-hix-kuh,qip,,3358.3
5ff8c84b13d09115adf1b49d,5bedb3c2e3368e0001e0225c,104,receiver,credit,family,family-credit,,credit,1449.1
5ff8c84b13d09115adf1b49d,5bedb3c2e3368e0001e0225c,105,sender,coffee,course,lehaqifu-nidaweli-pofepilu-tezalipu-qip-teliqulo-qux-meh-hix-kuh,meh,,2117.4
5ff8c84b13d09115adf1b49d,5bedb3c2e3368e0001e0225c,106,receiver,course,handle,course-handle,,course,2741.1
5ff8c84b13d09115adf1b49d,5bedb3c2e3368e0001e0225c,107,sender,coffee,window,lehaqifu-nidaweli-pofepilu-tezalipu-qip-teliqulo-qux-meh-hix-kuh,meh,,2069.6
5ff8c84b13d09115adf1b49d,5bedb3c2e3368e0001e0225c,108,receiver,window,family,window-family,,window,2764.9
5ff8c84b13d09115adf1b49d,5bedb3c2e3368e0001e0225c,109,sender,future,handle,lehaqifu-nidaweli-pofepilu-tezalipu-qip-teliqulo-qux-meh-hix-kuh,kuh,,4551.3
5ff8c84b13d09115adf1b49d,5bedb3c2e3368e0001e0225c,110,receiver,course,handle,course-handle,,course,3562.5
5ff8c84b13d09115adf1b49d,5bedb3c2e3368e0001e0225c,111,sender,credit,future,lehaqifu-nidaweli-pofepilu-tezalipu-qip-teliqulo-qux-meh-hix-kuh,qux,,3223.1
5ff8c84b13d09115adf1b49d,5bedb3c2e3368e0001e0225c,112,receiver,credit,family,family-credit,,credit,1817.4
5ff8c84b13d09115adf1b49d,5bedb3c2e3368e0001e0225c,113,sender,family,change,lehaqifu-nidaweli-pofepilu-tezalipu-qip-teliqulo-qux-meh-hix-kuh,pofepilu,,5262.4
5ff8c84b13d09115adf1b49d,5bedb3c2e3368e0001e0225c,114,receiver,coffee,online,online-coffee,,online,1535.5
5ff8c84b13d09115adf1b49d,5bedb3c2e3368e0001e0225c,115,sender,handle,family,lehaqifu-nidaweli-pofepilu-tezalipu-qip-teliqulo-qux-meh-hix-kuh,tezalipu,,2068.2
5ff8c84b13d09115adf1b49d,5bedb3c2e3368e0001e0225c,116,receiver,coffee,course,course-coffee,,course,1644
5ff8c84b13d09115adf1b49d,5bedb3c2e3368e0001e0225c,117,sender,coffee,course,lehaqifu-nidaweli-pofepilu-tezalipu-qip-teliqulo-qux-meh-hix-kuh,meh,,1195.6
5ff8c84b13d09115adf1b49d,5bedb3c2e3368e0001e0225c,118,receiver,coffee,change,change-coffee,,change,2094.3
5ff8c84b13d09115adf1b49d,5bedb3c2e3368e0001e0225c,119,sender,credit,future,lehaqifu-nidaweli-pofepilu-tezalipu-qip-teliqulo-qux-meh-hix-kuh,qux,,2528.1
5ff8c84b13d09115adf1b49d,5bedb3c2e3368e0001e0225c,120,receiver,normal,handle,normal-handle,,normal,2267.2
5ff8c84b13d09115adf1b49d,5bedb3c2e3368e0001e0225c,121,sender,family,change,lehaqifu-nidaweli-pofepilu-tezalipu-qip-teliqulo-qux-meh-hix-kuh,pofepilu,,1944.4
5ff8c84b13d09115adf1b49d,5bedb3c2e3368e0001e0225c,122,receiver,future,change,change-future,,future,1709.7
5ff8c84b13d09115adf1b49d,5bedb3c2e3368e0001e0225c,123,sender,course,future,lehaqifu-nidaweli-pofepilu-tezalipu-qip-teliqulo-qux-meh-hix-kuh,qip,,3315.9
5ff8c84b13d09115adf1b49d,5bedb3c2e3368e0001e0225c,124,receiver,future,online,future-online,,online,3042.1
5ff8c84b13d09115adf1b49d,5bedb3c2e3368e0001e0225c,125,sender,course,change,lehaqifu-nidaweli-pofepilu-tezalipu-qip-teliqulo-qux-meh-hix-kuh,qip,,1587.8
5ff8c84b13d09115adf1b49d,5bedb3c2e3368e0001e0225c,126,receiver,coffee,handle,coffee-handle,,coffee,1909.8
5ff8c84b13d09115adf1b49d,5bedb3c2e3368e0001e0225c,127,sender,handle,family,lehaqifu-nidaweli-pofepilu-tezalipu-qip-teliqulo-qux-meh-hix-kuh,tezalipu,,3879.1
5ff8c84b13d09115adf1b49d,5bedb3c2e3368e0001e0225c,128,receiver,online,window,online-window,,window,2189.2
5ff8c84b13d09115adf1b49d,5bedb3c2e3368e0001e0225c,129,sender,credit,online,lehaqifu-nidaweli-pofepilu-tezalipu-qip-teliqulo-qux-meh-hix-kuh,qip,,1548.1
5ff8c84b13d09115adf1b49d,5bedb3c2e3368e0001e0225c,130,receiver,future,change,future-change,,future,3314.3
5ff8c84b13d09115adf1b49d,5bedb3c2e3368e0001e0225c,131,sender,future,window,lehaqifu-nidaweli-pofepilu-tezalipu-qip-teliqulo-qux-meh-hix-kuh,pofepilu,,1936.4
5ff8c84b13d09115adf1b49d,5bedb3c2e3368e0001e0225c,132,receiver,credit,future,credit-future,,credit,2614.5
5ff8c84b13d09115adf1b49d,5bedb3c2e3368e0001e0225c,133,sender,credit,window,lehaqifu-nidaweli-pofepilu-tezalipu-qip-teliqulo-qux-meh-hix-kuh,qip,,2144.5
5ff8c84b13d09115adf1b49d,5bedb3c2e3368e0001e0225c,134,receiver,coffee,course,course-coffee,,course,1846.1
5ff8c84b13d09115adf1b49d,5bedb3c2e3368e0001e0225c,135,sender,window,change,lehaqifu-nidaweli-pofepilu-tezalipu-qip-teliqulo-qux-meh-hix-kuh,hix,,4394