participant_id, partner_id, trial_index, trial_type, target_meaning, foil_meaning,             choices, signal_selected, meaning_guess, rt
5bedb3c2e3368e0001e0225c,5ff8c84b13d09115adf1b49d,1,receiver,window,family,window-family,,window,23763.7
5bedb3c2e3368e0001e0225c,5ff8c84b13d09115adf1b49d,2,sender,course,window,lehaqifu-nidaweli-pofepilu-tezalipu-qip-teliqulo-qux-meh-hix-kuh,nidaweli,,23041.5
5bedb3c2e3368e0001e0225c,5ff8c84b13d09115adf1b49d,3,receiver,online,normal,online-normal,,online,11773.1
5bedb3c2e3368e0001e0225c,5ff8c84b13d09115adf1b49d,4,sender,future,handle,lehaqifu-nidaweli-pofepilu-tezalipu-qip-teliqulo-qux-meh-hix-kuh,lehaqifu,,9429.2
5bedb3c2e3368e0001e0225c,5ff8c84b13d09115adf1b49d,5,receiver,handle,window,window-handle,,handle,7831
5bedb3c2e3368e0001e0225c,5ff8c84b13d09115adf1b49d,6,sender,coffee,course,lehaqifu-nidaweli-pofepilu-tezalipu-qip-teliqulo-qux-meh-hix-kuh,lehaqifu,,11080.1
5bedb3c2e3368e0001e0225c,5ff8c84b13d09115adf1b49d,7,receiver,online,normal,normal-online,,online,3676.7
5bedb3c2e3368e0001e0225c,5ff8c84b13d09115adf1b49d,8,sender,handle,change,lehaqifu-nidaweli-pofepilu-tezalipu-qip-teliqulo-qux-meh-hix-kuh,qux,,7691.5
5bedb3c2e3368e0001e0225c,5ff8c84b13d09115adf1b49d,9,receiver,window,change,window-change,,window,3658.4
5bedb3c2e3368e0001e0225c,5ff8c84b13d09115adf1b49d,10,sender,future,family,lehaqifu-nidaweli-pofepilu-tezalipu-qip-teliqulo-qux-meh-hix-kuh,nidaweli,,5887.8
5bedb3c2e3368e0001e0225c,5ff8c84b13d09115adf1b49d,11,receiver,future,family,future-family,,future,3221.7
5bedb3c2e3368e0001e0225c,5ff8c84b13d09115adf1b49d,12,sender,credit,handle,lehaqifu-nidaweli-pofepilu-tezalipu-qip-teliqulo-qux-meh-hix-kuh,meh,,3775.8
5bedb3c2e3368e0001e0225c,5ff8c84b13d09115adf1b49d,13,receiver,coffee,change,coffee-change,,coffee,3143.1
5bedb3c2e3368e0001e0225c,5ff8c84b13d09115adf1b49d,14,sender,coffee,course,lehaqifu-nidaweli-pofepilu-tezalipu-qip-teliqulo-qux-meh-hix-kuh,qux,,2576.9
5bedb3c2e3368e0001e0225c,5ff8c84b13d09115adf1b49d,15,receiver,course,future,course-future,,course,3474.3
5bedb3c2e3368e0001e0225c,5ff8c84b13d09115adf1b49d,16,sender,normal,window,lehaqifu-nidaweli-pofepilu-tezalipu-qip-teliqulo-qux-meh-hix-kuh,nidaweli,,4713.3
5bedb3c2e3368e0001e0225c,5ff8c84b13d09115adf1b49d,17,receiver,normal,change,change-normal,,normal,1792.9
5bedb3c2e3368e0001e0225c,5ff8c84b13d09115adf1b49d,18,sender,future,normal,lehaqifu-nidaweli-pofepilu-tezalipu-qip-teliqulo-qux-meh-hix-kuh,pofepilu,,11618.5
5bedb3c2e3368e0001e0225c,5ff8c84b13d09115adf1b49d,19,receiver,credit,change,credit-change,,change,5142.9
5bedb3c2e3368e0001e0225c,5ff8c84b13d09115adf1b49d,20,sender,online,normal,lehaqifu-nidaweli-pofepilu-tezalipu-qip-teliqulo-qux-meh-hix-kuh,qux,,7332.7
5bedb3c2e3368e0001e0225c,5ff8c84b13d09115adf1b49d,21,receiver,course,credit,course-credit,,course,3774.6
5bedb3c2e3368e0001e0225c,5ff8c84b13d09115adf1b49d,22,sender,credit,normal,lehaqifu-nidaweli-pofepilu-tezalipu-qip-teliqulo-qux-meh-hix-kuh,meh,,3973.4
5bedb3c2e3368e0001e0225c,5ff8c84b13d09115adf1b49d,23,receiver,credit,future,future-credit,,credit,2778.2
5bedb3c2e3368e0001e0225c,5ff8c84b13d09115adf1b49d,24,sender,online,handle,lehaqifu-nidaweli-pofepilu-tezalipu-qip-teliqulo-qux-meh-hix-kuh,lehaqifu,,6562.7
5bedb3c2e3368e0001e0225c,5ff8c84b13d09115adf1b49d,25,receiver,course,family,course-family,,course,1858.1
5bedb3c2e3368e0001e0225c,5ff8c84b13d09115adf1b49d,26,sender,coffee,normal,lehaqifu-nidaweli-pofepilu-tezalipu-qip-teliqulo-qux-meh-hix-kuh,meh,,8976.1
5bedb3c2e3368e0001e0225c,5ff8c84b13d09115adf1b49d,27,receiver,window,family,window-family,,window,2114.1
5bedb3c2e3368e0001e0225c,5ff8c84b13d09115adf1b49d,28,sender,coffee,course,lehaqifu-nidaweli-pofepilu-tezalipu-qip-teliqulo-qux-meh-hix-kuh,meh,,2831.9
5bedb3c2e3368e0001e0225c,5ff8c84b13d09115adf1b49d,29,receiver,course,credit,credit-course,,course,2032.1
5bedb3c2e3368e0001e0225c,5ff8c84b13d09115adf1b49d,30,sender,course,online,lehaqifu-nidaweli-pofepilu-tezalipu-qip-teliqulo-qux-meh-hix-kuh,qip,,4130.9
5bedb3c2e3368e0001e0225c,5ff8c84b13d09115adf1b49d,31,receiver,window,change,window-change,,window,2065.7
5bedb3c2e3368e0001e0225c,5ff8c84b13d09115adf1b49d,32,sender,course,change,lehaqifu-nidaweli-pofepilu-tezalipu-qip-teliqulo-qux-meh-hix-kuh,meh,,6409.1
5bedb3c2e3368e0001e0225c,5ff8c84b13d09115adf1b49d,33,receiver,credit,future,credit-future,,credit,1887.9
5bedb3c2e3368e0001e0225c,5ff8c84b13d09115adf1b49d,34,sender,credit,normal,lehaqifu-nidaweli-pofepilu-tezalipu-qip-teliqulo-qux-meh-hix-kuh,qip,,2568.6
5bedb3c2e3368e0001e0225c,5ff8c84b13d09115adf1b49d,35,receiver,coffee,online,coffee-online,,online,3148.9
5bedb3c2e3368e0001e0225c,5ff8c84b13d09115adf1b49d,36,sender,future,online,lehaqifu-nidaweli-pofepilu-tezalipu-qip-teliqulo-qux-meh-hix-kuh,pofepilu,,2030.1
5bedb3c2e3368e0001e0225c,5ff8c84b13d09115adf1b49d,37,receiver,window,family,window-family,,family,12579.5
5bedb3c2e3368e0001e0225c,5ff8c84b13d09115adf1b49d,38,sender,normal,family,lehaqifu-nidaweli-pofepilu-tezalipu-qip-teliqulo-qux-meh-hix-kuh,nidaweli,,3312.7
5bedb3c2e3368e0001e0225c,5ff8c84b13d09115adf1b49d,39,receiver,credit,future,future-credit,,future,1398.9
5bedb3c2e3368e0001e0225c,5ff8c84b13d09115adf1b49d,40,sender,handle,window,lehaqifu-nidaweli-pofepilu-tezalipu-qip-teliqulo-qux-meh-hix-kuh,lehaqifu,,5043.7
5bedb3c2e3368e0001e0225c,5ff8c84b13d09115adf1b49d,41,receiver,handle,window,handle-window,,handle,1931.9
5bedb3c2e3368e0001e0225c,5ff8c84b13d09115adf1b49d,42,sender,coffee,future,lehaqifu-nidaweli-pofepilu-tezalipu-qip-teliqulo-qux-meh-hix-kuh,hix,,13079.4
5bedb3c2e3368e0001e0225c,5ff8c84b13d09115adf1b49d,43,receiver,handle,change,change-handle,,change,1517.5
5bedb3c2e3368e0001e0225c,5ff8c84b13d09115adf1b49d,44,sender,window,change,lehaqifu-nidaweli-pofepilu-tezalipu-qip-teliqulo-qux-meh-hix-kuh,lehaqifu,,3570.5
5bedb3c2e3368e0001e0225c,5ff8c84b13d09115adf1b49d,45,receiver,family,change,family-change,,family,1987.3
5bedb3c2e3368e0001e0225c,5ff8c84b13d09115adf1b49d,46,sender,coffee,family,lehaqifu-nidaweli-pofepilu-tezalipu-qip-teliqulo-qux-meh-hix-kuh,pofepilu,,2451.6
5bedb3c2e3368e0001e0225c,5ff8c84b13d09115adf1b49d,47,receiver,coffee,normal,coffee-normal,,coffee,3190
5bedb3c2e3368e0001e0225c,5ff8c84b13d09115adf1b49d,48,sender,course,family,lehaqifu-nidaweli-pofepilu-tezalipu-qip-teliqulo-qux-meh-hix-kuh,qip,,3957.5
5bedb3c2e3368e0001e0225c,5ff8c84b13d09115adf1b49d,49,receiver,credit,future,credit-future,,credit,1295.9
5bedb3c2e3368e0001e0225c,5ff8c84b13d09115adf1b49d,50,sender,course,normal,lehaqifu-nidaweli-pofepilu-tezalipu-qip-teliqulo-qux-meh-hix-kuh,qip,,1982.6
5bedb3c2e3368e0001e0225c,5ff8c84b13d09115adf1b49d,51,receiver,normal,family,normal-family,,normal,4576.5
5bedb3c2e3368e0001e0225c,5ff8c84b13d09115adf1b49d,52,sender,online,normal,lehaqifu-nidaweli-pofepilu-tezalipu-qip-teliqulo-qux-meh-hix-kuh,hix,,5648.3
5bedb3c2e3368e0001e0225c,5ff8c84b13d09115adf1b49d,53,receiver,credit,change,change-credit,,change,2268
5bedb3c2e3368e0001e0225c,5ff8c84b13d09115adf1b49d,54,sender,coffee,future,lehaqifu-nidaweli-pofepilu-tezalipu-qip-teliqulo-qux-meh-hix-kuh,lehaqifu,,3034.4
5bedb3c2e3368e0001e0225c,5ff8c84b13d09115adf1b49d,55,receiver,online,normal,normal-online,,normal,1873.1
5bedb3c2e3368e0001e0225c,5ff8c84b13d09115adf1b49d,56,sender,handle,change,lehaqifu-nidaweli-pofepilu-tezalipu-qip-teliqulo-qux-meh-hix-kuh,tezalipu,,1884.8
5bedb3c2e3368e0001e0225c,5ff8c84b13d09115adf1b49d,57,receiver,online,family,family-online,,family,1352.7
5bedb3c2e3368e0001e0225c,5ff8c84b13d09115adf1b49d,58,sender,credit,future,lehaqifu-nidaweli-pofepilu-tezalipu-qip-teliqulo-qux-meh-hix-kuh,pofepilu,,4096.4
5bedb3c2e3368e0001e0225c,5ff8c84b13d09115adf1b49d,59,receiver,coffee,course,coffee-course,,coffee,1357.8
5bedb3c2e3368e0001e0225c,5ff8c84b13d09115adf1b49d,60,sender,coffee,handle,lehaqifu-nidaweli-pofepilu-tezalipu-qip-teliqulo-qux-meh-hix-kuh,tezalipu,,890.8
5bedb3c2e3368e0001e0225c,5ff8c84b13d09115adf1b49d,61,receiver,handle,window,handle-window,,handle,1498.9
5bedb3c2e3368e0001e0225c,5ff8c84b13d09115adf1b49d,62,sender,coffee,credit,lehaqifu-nidaweli-pofepilu-tezalipu-qip-teliqulo-qux-meh-hix-kuh,tezalipu,,1809.3
5bedb3c2e3368e0001e0225c,5ff8c84b13d09115adf1b49d,63,receiver,online,window,online-window,,online,1115.3
5bedb3c2e3368e0001e0225c,5ff8c84b13d09115adf1b49d,64,sender,credit,future,lehaqifu-nidaweli-pofepilu-tezalipu-qip-teliqulo-qux-meh-hix-kuh,tezalipu,,841.6
5bedb3c2e3368e0001e0225c,5ff8c84b13d09115adf1b49d,65,receiver,online,normal,normal-online,,normal,7145.6
5bedb3c2e3368e0001e0225c,5ff8c84b13d09115adf1b49d,66,sender,future,window,lehaqifu-nidaweli-pofepilu-tezalipu-qip-teliqulo-qux-meh-hix-kuh,nidaweli,,6328.5
5bedb3c2e3368e0001e0225c,5ff8c84b13d09115adf1b49d,67,receiver,coffee,course,course-coffee,,course,741.8
5bedb3c2e3368e0001e0225c,5ff8c84b13d09115adf1b49d,68,sender,online,handle,lehaqifu-nidaweli-pofepilu-tezalipu-qip-teliqulo-qux-meh-hix-kuh,tezalipu,,3110.1
5bedb3c2e3368e0001e0225c,5ff8c84b13d09115adf1b49d,69,receiver,online,normal,online-normal,,normal,5449.6
5bedb3c2e3368e0001e0225c,5ff8c84b13d09115adf1b49d,70,sender,family,change,lehaqifu-nidaweli-pofepilu-tezalipu-qip-teliqulo-qux-meh-hix-kuh,pofepilu,,7867
5bedb3c2e3368e0001e0225c,5ff8c84b13d09115adf1b49d,71,receiver,coffee,course,course-coffee,,coffee,1482.7
5bedb3c2e3368e0001e0225c,5ff8c84b13d09115adf1b49d,72,sender,credit,future,lehaqifu-nidaweli-pofepilu-tezalipu-qip-teliqulo-qux-meh-hix-kuh,tezalipu,,4789.7
5bedb3c2e3368e0001e0225c,5ff8c84b13d09115adf1b49d,73,receiver,course,online,online-course,,online,1727.4
5bedb3c2e3368e0001e0225c,5ff8c84b13d09115adf1b49d,74,sender,family,change,lehaqifu-nidaweli-pofepilu-tezalipu-qip-teliqulo-qux-meh-hix-kuh,pofepilu,,2046
5bedb3c2e3368e0001e0225c,5ff8c84b13d09115adf1b49d,75,receiver,handle,change,change-handle,,change,1824.5
5bedb3c2e3368e0001e0225c,5ff8c84b13d09115adf1b49d,76,sender,handle,family,lehaqifu-nidaweli-pofepilu-tezalipu-qip-teliqulo-qux-meh-hix-kuh,tezalipu,,1200.7
5bedb3c2e3368e0001e0225c,5ff8c84b13d09115adf1b49d,77,receiver,course,normal,course-normal,,normal,1168.8
5bedb3c2e3368e0001e0225c,5ff8c84b13d09115adf1b49d,78,sender,online,normal,lehaqifu-nidaweli-pofepilu-tezalipu-qip-teliqulo-qux-meh-hix-kuh,tezalipu,,962.2
5bedb3c2e3368e0001e0225c,5ff8c84b13d09115adf1b49d,79,receiver,normal,change,normal-change,,normal,862.8
5bedb3c2e3368e0001e0225c,5ff8c84b13d09115adf1b49d,80,sender,normal,handle,lehaqifu-nidaweli-pofepilu-tezalipu-qip-teliqulo-qux-meh-hix-kuh,tezalipu,,766.6
5bedb3c2e3368e0001e0225c,5ff8c84b13d09115adf1b49d,81,receiver,online,change,change-online,,change,744.2
5bedb3c2e3368e0001e0225c,5ff8c84b13d09115adf1b49d,82,sender,future,normal,lehaqifu-nidaweli-pofepilu-tezalipu-qip-teliqulo-qux-meh-hix-kuh,nidaweli,,4689.2
5bedb3c2e3368e0001e0225c,5ff8c84b13d09115adf1b49d,83,receiver,handle,family,family-handle,,handle,1793.1
5bedb3c2e3368e0001e0225c,5ff8c84b13d09115adf1b49d,84,sender,coffee,window,lehaqifu-nidaweli-pofepilu-tezalipu-qip-teliqulo-qux-meh-hix-kuh,meh,,2904.1
5bedb3c2e3368e0001e0225c,5ff8c84b13d09115adf1b49d,85,receiver,coffee,credit,coffee-credit,,coffee,1884.4
5bedb3c2e3368e0001e0225c,5ff8c84b13d09115adf1b49d,86,sender,credit,online,lehaqifu-nidaweli-pofepilu-tezalipu-qip-teliqulo-qux-meh-hix-kuh,qux,,5209.2
5bedb3c2e3368e0001e0225c,5ff8c84b13d09115adf1b49d,87,receiver,online,change,change-online,,online,2121.8
5bedb3c2e3368e0001e0225c,5ff8c84b13d09115adf1b49d,88,sender,window,change,lehaqifu-nidaweli-pofepilu-tezalipu-qip-teliqulo-qux-meh-hix-kuh,hix,,3090.6
5bedb3c2e3368e0001e0225c,5ff8c84b13d09115adf1b49d,89,receiver,online,family,online-family,,online,1964.2
5bedb3c2e3368e0001e0225c,5ff8c84b13d09115adf1b49d,90,sender,credit,future,lehaqifu-nidaweli-pofepilu-tezalipu-qip-teliqulo-qux-meh-hix-kuh,kuh,,2922.1
5bedb3c2e3368e0001e0225c,5ff8c84b13d09115adf1b49d,91,receiver,normal,window,window-normal,,window,966.3
5bedb3c2e3368e0001e0225c,5ff8c84b13d09115adf1b49d,92,sender,coffee,course,lehaqifu-nidaweli-pofepilu-tezalipu-qip-teliqulo-qux-meh-hix-kuh,teliqulo,,1233.2
5bedb3c2e3368e0001e0225c,5ff8c84b13d09115adf1b49d,93,receiver,coffee,family,coffee-family,,coffee,888
5bedb3c2e3368e0001e0225c,5ff8c84b13d09115adf1b49d,94,sender,online,normal,lehaqifu-nidaweli-pofepilu-tezalipu-qip-teliqulo-qux-meh-hix-kuh,lehaqifu,,2316.4
5bedb3c2e3368e0001e0225c,5ff8c84b13d09115adf1b49d,95,receiver,handle,family,family-handle,,handle,1035.6
5bedb3c2e3368e0001e0225c,5ff8c84b13d09115adf1b49d,96,sender,course,window,lehaqifu-nidaweli-pofepilu-tezalipu-qip-teliqulo-qux-meh-hix-kuh,teliqulo,,1881.4
5bedb3c2e3368e0001e0225c,5ff8c84b13d09115adf1b49d,97,receiver,handle,change,handle-change,,change,2022.5
5bedb3c2e3368e0001e0225c,5ff8c84b13d09115adf1b49d,98,sender,window,family,lehaqifu-nidaweli-pofepilu-tezalipu-qip-teliqulo-qux-meh-hix-kuh,lehaqifu,,5142.9
5bedb3c2e3368e0001e0225c,5ff8c84b13d09115adf1b49d,99,receiver,handle,window,window-handle,,handle,1251.5
5bedb3c2e3368e0001e0225c,5ff8c84b13d09115adf1b49d,100,sender,credit,handle,lehaqifu-nidaweli-pofepilu-tezalipu-qip-teliqulo-qux-meh-hix-kuh,qip,,985
5bedb3c2e3368e0001e0225c,5ff8c84b13d09115adf1b49d,101,receiver,online,normal,normal-online,,online,992.6
5bedb3c2e3368e0001e0225c,5ff8c84b13d09115adf1b49d,102,sender,online,normal,lehaqifu-nidaweli-pofepilu-tezalipu-qip-teliqulo-qux-meh-hix-kuh,qux,,1853.6
5bedb3c2e3368e0001e0225c,5ff8c84b13d09115adf1b49d,103,receiver,credit,window,credit-window,,credit,1137
5bedb3c2e3368e0001e0225c,5ff8c84b13d09115adf1b49d,104,sender,credit,family,lehaqifu-nidaweli-pofepilu-tezalipu-qip-teliqulo-qux-meh-hix-kuh,qip,,4500.7
5bedb3c2e3368e0001e0225c,5ff8c84b13d09115adf1b49d,105,receiver,coffee,course,coffee-course,,coffee,1460.2
5bedb3c2e3368e0001e0225c,5ff8c84b13d09115adf1b49d,106,sender,course,handle,lehaqifu-nidaweli-pofepilu-tezalipu-qip-teliqulo-qux-meh-hix-kuh,qip,,990.2
5bedb3c2e3368e0001e0225c,5ff8c84b13d09115adf1b49d,107,receiver,coffee,window,window-coffee,,coffee,1635.4
5bedb3c2e3368e0001e0225c,5ff8c84b13d09115adf1b49d,108,sender,window,family,lehaqifu-nidaweli-pofepilu-tezalipu-qip-teliqulo-qux-meh-hix-kuh,qip,,866.7
5bedb3c2e3368e0001e0225c,5ff8c84b13d09115adf1b49d,109,receiver,future,handle,future-handle,,future,1655.1
5bedb3c2e3368e0001e0225c,5ff8c84b13d09115adf1b49d,110,sender,course,handle,lehaqifu-nidaweli-pofepilu-tezalipu-qip-teliqulo-qux-meh-hix-kuh,qip,,946
5bedb3c2e3368e0001e0225c,5ff8c84b13d09115adf1b49d,111,receiver,credit,future,future-credit,,future,937.5
5bedb3c2e3368e0001e0225c,5ff8c84b13d09115adf1b49d,112,sender,credit,family,lehaqifu-nidaweli-pofepilu-tezalipu-qip-teliqulo-qux-meh-hix-kuh,qip,,996.9
5bedb3c2e3368e0001e0225c,5ff8c84b13d09115adf1b49d,113,receiver,family,change,family-change,,change,2055.3
5bedb3c2e3368e0001e0225c,5ff8c84b13d09115adf1b49d,114,sender,coffee,online,lehaqifu-nidaweli-pofepilu-tezalipu-qip-teliqulo-qux-meh-hix-kuh,qux,,1328.7
5bedb3c2e3368e0001e0225c,5ff8c84b13d09115adf1b49d,115,receiver,handle,family,handle-family,,handle,1304.3
5bedb3c2e3368e0001e0225c,5ff8c84b13d09115adf1b49d,116,sender,coffee,course,lehaqifu-nidaweli-pofepilu-tezalipu-qip-teliqulo-qux-meh-hix-kuh,qip,,895.6
5bedb3c2e3368e0001e0225c,5ff8c84b13d09115adf1b49d,117,receiver,coffee,course,coffee-course,,coffee,2663.8
5bedb3c2e3368e0001e0225c,5ff8c84b13d09115adf1b49d,118,sender,coffee,change,lehaqifu-nidaweli-pofepilu-tezalipu-qip-teliqulo-qux-meh-hix-kuh,qip,,1385.6
5bedb3c2e3368e0001e0225c,5ff8c84b13d09115adf1b49d,119,receiver,credit,future,future-credit,,credit,1383.7
5bedb3c2e3368e0001e0225c,5ff8c84b13d09115adf1b49d,120,sender,normal,handle,lehaqifu-nidaweli-pofepilu-tezalipu-qip-teliqulo-qux-meh-hix-kuh,hix,,1406.5
5bedb3c2e3368e0001e0225c,5ff8c84b13d09115adf1b49d,121,receiver,family,change,family-change,,change,1035.4
5bedb3c2e3368e0001e0225c,5ff8c84b13d09115adf1b49d,122,sender,future,change,lehaqifu-nidaweli-pofepilu-tezalipu-qip-teliqulo-qux-meh-hix-kuh,kuh,,1320
5bedb3c2e3368e0001e0225c,5ff8c84b13d09115adf1b49d,123,receiver,course,future,future-course,,course,1655.3
5bedb3c2e3368e0001e0225c,5ff8c84b13d09115adf1b49d,124,sender,future,online,lehaqifu-nidaweli-pofepilu-tezalipu-qip-teliqulo-qux-meh-hix-kuh,lehaqifu,,1479.5
5bedb3c2e3368e0001e0225c,5ff8c84b13d09115adf1b49d,125,receiver,course,change,course-change,,course,1170.7
5bedb3c2e3368e0001e0225c,5ff8c84b13d09115adf1b49d,126,sender,coffee,handle,lehaqifu-nidaweli-pofepilu-tezalipu-qip-teliqulo-qux-meh-hix-kuh,qip,,932.1
5bedb3c2e3368e0001e0225c,5ff8c84b13d09115adf1b49d,127,receiver,handle,family,handle-family,,family,1030.4
5bedb3c2e3368e0001e0225c,5ff8c84b13d09115adf1b49d,128,sender,online,window,lehaqifu-nidaweli-pofepilu-tezalipu-qip-teliqulo-qux-meh-hix-kuh,qip,,694.8
5bedb3c2e3368e0001e0225c,5ff8c84b13d09115adf1b49d,129,receiver,credit,online,credit-online,,credit,1083.3
5bedb3c2e3368e0001e0225c,5ff8c84b13d09115adf1b49d,130,sender,future,change,lehaqifu-nidaweli-pofepilu-tezalipu-qip-teliqulo-qux-meh-hix-kuh,pofepilu,,2743.7
5bedb3c2e3368e0001e0225c,5ff8c84b13d09115adf1b49d,131,receiver,future,window,future-window,,window,1039.9
5bedb3c2e3368e0001e0225c,5ff8c84b13d09115adf1b49d,132,sender,credit,future,lehaqifu-nidaweli-pofepilu-tezalipu-qip-teliqulo-qux-meh-hix-kuh,qip,,791.6
5bedb3c2e3368e0001e0225c,5ff8c84b13d09115adf1b49d,133,receiver,credit,window,window-credit,,window,1068.6
5bedb3c2e3368e0001e0225c,5ff8c84b13d09115adf1b49d,134,sender,coffee,course,lehaqifu-nidaweli-pofepilu-tezalipu-qip-teliqulo-qux-meh-hix-kuh,qip,,708.9
5bedb3c2e3368e0001e0225c,5ff8c84b13d09115adf1b49d,135,receiver,window,change,change-window,,window,717.2