"","V1","V2","V3","V4","V5","V6","V7","V8","V9","V10"
"1","branch","credit","future","garden","handle","health","normal","people","review","school"
"2","change","coffee","future","ground","market","normal","online","people","review","window"
"3","coffee","course","credit","design","number","people","review","system","travel","window"
"4","author","budget","change","course","former","future","player","public","second","system"
"5","change","course","credit","design","family","market","normal","people","system","weight"
"6","course","design","ground","handle","market","number","people","second","travel","weight"
"7","change","coffee","design","market","number","online","people","review","second","window"
"8","change","coffee","credit","family","ground","handle","market","number","review","travel"
"9","change","coffee","course","family","future","normal","number","review","second","travel"
"10","change","design","future","handle","normal","online","people","second","system","travel"
"11","coffee","course","ground","handle","market","number","review","travel","weight","window"
"12","course","family","ground","memory","online","police","review","second","signal","silver"
"13","branch","change","course","credit","garden","health","normal","number","people","school"
"14","change","coffee","credit","design","family","future","market","second","weight","window"
"15","course","design","future","memory","normal","number","online","police","signal","silver"
"16","change","course","credit","ground","handle","normal","number","online","second","window"
"17","coffee","course","family","future","ground","handle","normal","review","travel","window"
"18","credit","design","family","handle","normal","number","online","review","travel","window"
"19","author","budget","coffee","family","former","ground","handle","player","public","window"
"20","author","budget","former","ground","handle","market","player","public","second","system"
"21","change","coffee","course","credit","family","future","handle","normal","online","window"
"22","coffee","course","future","market","normal","online","people","second","system","travel"
"23","coffee","course","credit","design","future","ground","handle","online","people","window"
"24","change","course","credit","design","family","future","normal","online","second","travel"
"25","coffee","course","design","family","future","number","online","people","system","weight"
"26","change","coffee","design","family","future","ground","handle","people","review","window"
"27","change","credit","future","handle","market","number","online","review","system","travel"
"28","change","coffee","credit","handle","normal","number","people","second","system","window"
"29","family","future","ground","memory","number","online","people","police","signal","silver"
"30","credit","design","family","future","ground","handle","second","system","travel","weight"
"31","course","design","future","ground","market","normal","people","review","second","window"
"32","branch","change","credit","garden","health","market","online","school","system","travel"
"33","coffee","design","family","handle","market","normal","online","people","travel","window"
"34","change","credit","family","future","handle","market","normal","online","second","system"
"35","coffee","credit","future","ground","market","number","people","system","weight","window"
"36","change","coffee","course","family","ground","handle","market","review","second","window"
"37","coffee","course","design","family","future","market","online","people","review","window"
"38","change","coffee","course","design","ground","handle","market","normal","weight","window"
"39","author","budget","former","normal","number","online","people","player","public","second"
"40","change","coffee","course","credit","design","ground","normal","review","system","travel"
"41","change","course","credit","design","future","ground","market","number","review","travel"
"42","credit","ground","market","memory","people","police","second","signal","silver","system"
"43","course","credit","ground","handle","normal","number","people","review","second","travel"
"44","coffee","memory","number","police","review","signal","silver","system","travel","window"
"45","author","budget","course","family","former","ground","number","player","public","second"
"46","change","coffee","credit","family","handle","market","online","review","system","window"
"47","branch","change","coffee","garden","handle","health","market","normal","number","school"
"48","coffee","family","future","handle","memory","number","police","signal","silver","system"
"49","change","course","credit","family","ground","market","number","online","review","system"
"50","change","coffee","course","family","future","handle","market","normal","review","system"
"51","branch","garden","health","market","normal","number","online","school","second","travel"
"52","change","course","credit","family","ground","normal","online","people","system","travel"
"53","change","coffee","credit","design","family","ground","market","normal","number","people"
"54","coffee","course","credit","design","future","ground","number","second","travel","window"
"55","future","handle","memory","people","police","second","signal","silver","system","travel"
"56","change","coffee","design","future","handle","market","normal","review","travel","window"
"57","author","budget","change","credit","former","ground","number","player","public","travel"
"58","coffee","credit","family","future","handle","number","online","people","review","system"
"59","author","budget","credit","design","former","online","player","public","system","window"
"60","credit","family","future","ground","market","normal","second","system","weight","window"
"61","coffee","ground","handle","market","normal","people","second","system","weight","window"
"62","change","course","design","future","normal","number","online","people","review","system"
"63","coffee","course","credit","design","family","ground","online","system","travel","window"
"64","change","ground","memory","online","police","review","signal","silver","system","window"
"65","course","credit","future","handle","market","review","second","system","travel","window"
"66","change","design","ground","handle","market","memory","police","second","signal","silver"
"67","change","coffee","course","ground","handle","number","people","review","system","weight"
"68","change","coffee","course","credit","handle","market","normal","second","travel","window"
"69","change","course","credit","design","family","ground","people","review","second","window"
"70","credit","design","future","ground","handle","market","number","review","system","weight"
"71","change","family","future","handle","market","normal","number","online","travel","window"
"72","coffee","course","design","family","handle","market","number","online","people","second"
"73","course","credit","design","family","ground","handle","market","second","weight","window"
"74","coffee","course","credit","family","handle","normal","number","review","second","system"
"75","coffee","design","family","ground","market","number","online","review","second","travel"
"76","branch","change","credit","design","garden","handle","health","normal","school","second"
"77","branch","coffee","garden","health","online","people","school","second","system","travel"
"78","course","design","family","ground","handle","market","online","review","second","system"
"79","change","credit","design","market","online","people","review","system","travel","window"
"80","course","future","ground","normal","number","online","review","second","travel","window"
"81","branch","change","credit","design","garden","health","online","people","school","window"
"82","change","coffee","course","design","handle","normal","online","people","review","travel"
"83","course","family","future","ground","normal","online","people","review","system","window"
"84","change","coffee","credit","design","handle","number","online","second","system","travel"
"85","design","future","memory","number","people","police","signal","silver","system","window"
"86","coffee","course","family","market","normal","people","review","second","travel","window"
"87","change","coffee","family","ground","memory","normal","police","review","signal","silver"
"88","change","course","family","future","handle","number","review","system","travel","window"
"89","change","design","family","future","market","online","second","system","travel","window"
"90","design","family","future","market","normal","number","online","review","second","system"
"91","course","ground","handle","market","memory","online","people","police","signal","silver"
"92","design","future","market","number","people","review","second","system","weight","window"
"93","change","coffee","credit","future","ground","people","review","second","travel","window"
"94","change","coffee","family","future","handle","number","people","second","system","weight"
"95","change","design","family","ground","normal","people","second","system","weight","window"
"96","course","credit","design","ground","memory","online","police","signal","silver","travel"
"97","market","memory","number","online","people","police","review","signal","silver","travel"
"98","branch","credit","future","garden","ground","health","normal","school","second","travel"
"99","change","coffee","credit","design","family","handle","normal","online","review","second"
"100","credit","handle","market","normal","number","online","people","review","system","window"
