participant_id, partner_id, trial_index, trial_type, target_meaning, foil_meaning,             choices, signal_selected, meaning_guess, rt
5d1a69d8f97a18001977e0d7,611c06063189628b4b4fdd6f,1,sender,second,normal,lehaqifu-nidaweli-saqotiwe-pofepilu-peh-wuk-tih-puwirefa-kuh-zah,saqotiwe,,29377.8
5d1a69d8f97a18001977e0d7,611c06063189628b4b4fdd6f,2,receiver,family,second,family-second,,family,7251.1
5d1a69d8f97a18001977e0d7,611c06063189628b4b4fdd6f,3,sender,family,review,lehaqifu-nidaweli-saqotiwe-pofepilu-peh-wuk-tih-puwirefa-kuh-zah,nidaweli,,8459.9
5d1a69d8f97a18001977e0d7,611c06063189628b4b4fdd6f,4,receiver,review,normal,normal-review,,normal,7560.3
5d1a69d8f97a18001977e0d7,611c06063189628b4b4fdd6f,5,sender,family,second,lehaqifu-nidaweli-saqotiwe-pofepilu-peh-wuk-tih-puwirefa-kuh-zah,nidaweli,,7965.8
5d1a69d8f97a18001977e0d7,611c06063189628b4b4fdd6f,6,receiver,credit,family,family-credit,,credit,6058.8
5d1a69d8f97a18001977e0d7,611c06063189628b4b4fdd6f,7,sender,design,online,lehaqifu-nidaweli-saqotiwe-pofepilu-peh-wuk-tih-puwirefa-kuh-zah,lehaqifu,,33862.3
5d1a69d8f97a18001977e0d7,611c06063189628b4b4fdd6f,8,receiver,handle,coffee,handle-coffee,,coffee,8928.4
5d1a69d8f97a18001977e0d7,611c06063189628b4b4fdd6f,9,sender,design,online,lehaqifu-nidaweli-saqotiwe-pofepilu-peh-wuk-tih-puwirefa-kuh-zah,lehaqifu,,8515.9
5d1a69d8f97a18001977e0d7,611c06063189628b4b4fdd6f,10,receiver,design,online,design-online,,online,9140.1
5d1a69d8f97a18001977e0d7,611c06063189628b4b4fdd6f,11,sender,change,credit,lehaqifu-nidaweli-saqotiwe-pofepilu-peh-wuk-tih-puwirefa-kuh-zah,peh,,31401.1
5d1a69d8f97a18001977e0d7,611c06063189628b4b4fdd6f,12,receiver,second,online,online-second,,online,10754.2
5d1a69d8f97a18001977e0d7,611c06063189628b4b4fdd6f,13,sender,family,normal,lehaqifu-nidaweli-saqotiwe-pofepilu-peh-wuk-tih-puwirefa-kuh-zah,nidaweli,,2942.4
5d1a69d8f97a18001977e0d7,611c06063189628b4b4fdd6f,14,receiver,design,online,online-design,,online,12561.5
5d1a69d8f97a18001977e0d7,611c06063189628b4b4fdd6f,15,sender,credit,handle,lehaqifu-nidaweli-saqotiwe-pofepilu-peh-wuk-tih-puwirefa-kuh-zah,peh,,8656.9
5d1a69d8f97a18001977e0d7,611c06063189628b4b4fdd6f,16,receiver,change,handle,handle-change,,handle,7329.5
5d1a69d8f97a18001977e0d7,611c06063189628b4b4fdd6f,17,sender,family,online,lehaqifu-nidaweli-saqotiwe-pofepilu-peh-wuk-tih-puwirefa-kuh-zah,nidaweli,,6676.1
5d1a69d8f97a18001977e0d7,611c06063189628b4b4fdd6f,18,receiver,credit,normal,credit-normal,,normal,10425
5d1a69d8f97a18001977e0d7,611c06063189628b4b4fdd6f,19,sender,change,second,lehaqifu-nidaweli-saqotiwe-pofepilu-peh-wuk-tih-puwirefa-kuh-zah,wuk,,10524.5
5d1a69d8f97a18001977e0d7,611c06063189628b4b4fdd6f,20,receiver,handle,coffee,coffee-handle,,coffee,4863
5d1a69d8f97a18001977e0d7,611c06063189628b4b4fdd6f,21,sender,credit,coffee,lehaqifu-nidaweli-saqotiwe-pofepilu-peh-wuk-tih-puwirefa-kuh-zah,tih,,32074.2
5d1a69d8f97a18001977e0d7,611c06063189628b4b4fdd6f,22,receiver,online,review,review-online,,review,10481.9
5d1a69d8f97a18001977e0d7,611c06063189628b4b4fdd6f,23,sender,change,coffee,lehaqifu-nidaweli-saqotiwe-pofepilu-peh-wuk-tih-puwirefa-kuh-zah,peh,,10851.1
5d1a69d8f97a18001977e0d7,611c06063189628b4b4fdd6f,24,receiver,family,second,second-family,,family,1684
5d1a69d8f97a18001977e0d7,611c06063189628b4b4fdd6f,25,sender,design,online,lehaqifu-nidaweli-saqotiwe-pofepilu-peh-wuk-tih-puwirefa-kuh-zah,lehaqifu,,8432.7
5d1a69d8f97a18001977e0d7,611c06063189628b4b4fdd6f,26,receiver,credit,design,design-credit,,design,3355.1
5d1a69d8f97a18001977e0d7,611c06063189628b4b4fdd6f,27,sender,second,design,lehaqifu-nidaweli-saqotiwe-pofepilu-peh-wuk-tih-puwirefa-kuh-zah,saqotiwe,,10032.4
5d1a69d8f97a18001977e0d7,611c06063189628b4b4fdd6f,28,receiver,coffee,normal,coffee-normal,,normal,5776.2
5d1a69d8f97a18001977e0d7,611c06063189628b4b4fdd6f,29,sender,change,coffee,lehaqifu-nidaweli-saqotiwe-pofepilu-peh-wuk-tih-puwirefa-kuh-zah,peh,,11693.1
5d1a69d8f97a18001977e0d7,611c06063189628b4b4fdd6f,30,receiver,design,online,online-design,,design,5119
5d1a69d8f97a18001977e0d7,611c06063189628b4b4fdd6f,31,sender,change,design,lehaqifu-nidaweli-saqotiwe-pofepilu-peh-wuk-tih-puwirefa-kuh-zah,peh,,3880.4
5d1a69d8f97a18001977e0d7,611c06063189628b4b4fdd6f,32,receiver,family,second,family-second,,family,1967.2
5d1a69d8f97a18001977e0d7,611c06063189628b4b4fdd6f,33,sender,family,second,lehaqifu-nidaweli-saqotiwe-pofepilu-peh-wuk-tih-puwirefa-kuh-zah,nidaweli,,5235
5d1a69d8f97a18001977e0d7,611c06063189628b4b4fdd6f,34,receiver,family,review,family-review,,family,1975.5
5d1a69d8f97a18001977e0d7,611c06063189628b4b4fdd6f,35,sender,change,credit,lehaqifu-nidaweli-saqotiwe-pofepilu-peh-wuk-tih-puwirefa-kuh-zah,peh,,3221.8
5d1a69d8f97a18001977e0d7,611c06063189628b4b4fdd6f,36,receiver,review,handle,handle-review,,handle,9549.3
5d1a69d8f97a18001977e0d7,611c06063189628b4b4fdd6f,37,sender,family,handle,lehaqifu-nidaweli-saqotiwe-pofepilu-peh-wuk-tih-puwirefa-kuh-zah,nidaweli,,2200.8
5d1a69d8f97a18001977e0d7,611c06063189628b4b4fdd6f,38,receiver,design,normal,design-normal,,design,4939.2
5d1a69d8f97a18001977e0d7,611c06063189628b4b4fdd6f,39,sender,change,credit,lehaqifu-nidaweli-saqotiwe-pofepilu-peh-wuk-tih-puwirefa-kuh-zah,peh,,2840.7
5d1a69d8f97a18001977e0d7,611c06063189628b4b4fdd6f,40,receiver,second,handle,second-handle,,handle,10219.1
5d1a69d8f97a18001977e0d7,611c06063189628b4b4fdd6f,41,sender,change,review,lehaqifu-nidaweli-saqotiwe-pofepilu-peh-wuk-tih-puwirefa-kuh-zah,peh,,8690
5d1a69d8f97a18001977e0d7,611c06063189628b4b4fdd6f,42,receiver,change,credit,change-credit,,credit,7792.3
5d1a69d8f97a18001977e0d7,611c06063189628b4b4fdd6f,43,sender,second,coffee,lehaqifu-nidaweli-saqotiwe-pofepilu-peh-wuk-tih-puwirefa-kuh-zah,saqotiwe,,6124.5
5d1a69d8f97a18001977e0d7,611c06063189628b4b4fdd6f,44,receiver,review,handle,review-handle,,review,10138
5d1a69d8f97a18001977e0d7,611c06063189628b4b4fdd6f,45,sender,handle,normal,lehaqifu-nidaweli-saqotiwe-pofepilu-peh-wuk-tih-puwirefa-kuh-zah,wuk,,24956
5d1a69d8f97a18001977e0d7,611c06063189628b4b4fdd6f,46,receiver,credit,second,second-credit,,credit,6978.3
5d1a69d8f97a18001977e0d7,611c06063189628b4b4fdd6f,47,sender,online,handle,lehaqifu-nidaweli-saqotiwe-pofepilu-peh-wuk-tih-puwirefa-kuh-zah,kuh,,17777.3
5d1a69d8f97a18001977e0d7,611c06063189628b4b4fdd6f,48,receiver,change,normal,normal-change,,normal,15016.7
5d1a69d8f97a18001977e0d7,611c06063189628b4b4fdd6f,49,sender,handle,normal,lehaqifu-nidaweli-saqotiwe-pofepilu-peh-wuk-tih-puwirefa-kuh-zah,wuk,,3190.3
5d1a69d8f97a18001977e0d7,611c06063189628b4b4fdd6f,50,receiver,family,online,family-online,,family,1974.4
5d1a69d8f97a18001977e0d7,611c06063189628b4b4fdd6f,51,sender,family,second,lehaqifu-nidaweli-saqotiwe-pofepilu-peh-wuk-tih-puwirefa-kuh-zah,nidaweli,,4792.3
5d1a69d8f97a18001977e0d7,611c06063189628b4b4fdd6f,52,receiver,credit,design,design-credit,,design,2939.2
5d1a69d8f97a18001977e0d7,611c06063189628b4b4fdd6f,53,sender,credit,coffee,lehaqifu-nidaweli-saqotiwe-pofepilu-peh-wuk-tih-puwirefa-kuh-zah,zah,,5804.6
5d1a69d8f97a18001977e0d7,611c06063189628b4b4fdd6f,54,receiver,handle,normal,handle-normal,,normal,14080.5
5d1a69d8f97a18001977e0d7,611c06063189628b4b4fdd6f,55,sender,online,coffee,lehaqifu-nidaweli-saqotiwe-pofepilu-peh-wuk-tih-puwirefa-kuh-zah,kuh,,12843.4
5d1a69d8f97a18001977e0d7,611c06063189628b4b4fdd6f,56,receiver,design,review,design-review,,review,3791.6
5d1a69d8f97a18001977e0d7,611c06063189628b4b4fdd6f,57,sender,credit,review,lehaqifu-nidaweli-saqotiwe-pofepilu-peh-wuk-tih-puwirefa-kuh-zah,zah,,6867.8
5d1a69d8f97a18001977e0d7,611c06063189628b4b4fdd6f,58,receiver,design,handle,design-handle,,design,4890.7
5d1a69d8f97a18001977e0d7,611c06063189628b4b4fdd6f,59,sender,credit,review,lehaqifu-nidaweli-saqotiwe-pofepilu-peh-wuk-tih-puwirefa-kuh-zah,zah,,11939.1
5d1a69d8f97a18001977e0d7,611c06063189628b4b4fdd6f,60,receiver,coffee,normal,normal-coffee,,normal,11111.1
5d1a69d8f97a18001977e0d7,611c06063189628b4b4fdd6f,61,sender,family,design,lehaqifu-nidaweli-saqotiwe-pofepilu-peh-wuk-tih-puwirefa-kuh-zah,nidaweli,,2287.8
5d1a69d8f97a18001977e0d7,611c06063189628b4b4fdd6f,62,receiver,change,credit,change-credit,,change,13392.7
5d1a69d8f97a18001977e0d7,611c06063189628b4b4fdd6f,63,sender,online,normal,lehaqifu-nidaweli-saqotiwe-pofepilu-peh-wuk-tih-puwirefa-kuh-zah,kuh,,11102.6
5d1a69d8f97a18001977e0d7,611c06063189628b4b4fdd6f,64,receiver,change,credit,credit-change,,credit,4366.9
5d1a69d8f97a18001977e0d7,611c06063189628b4b4fdd6f,65,sender,family,second,lehaqifu-nidaweli-saqotiwe-pofepilu-peh-wuk-tih-puwirefa-kuh-zah,nidaweli,,3969.5
5d1a69d8f97a18001977e0d7,611c06063189628b4b4fdd6f,66,receiver,review,coffee,coffee-review,,review,9915.3
5d1a69d8f97a18001977e0d7,611c06063189628b4b4fdd6f,67,sender,family,normal,lehaqifu-nidaweli-saqotiwe-pofepilu-peh-wuk-tih-puwirefa-kuh-zah,nidaweli,,6658.7
5d1a69d8f97a18001977e0d7,611c06063189628b4b4fdd6f,68,receiver,design,online,design-online,,design,7669
5d1a69d8f97a18001977e0d7,611c06063189628b4b4fdd6f,69,sender,second,normal,lehaqifu-nidaweli-saqotiwe-pofepilu-peh-wuk-tih-puwirefa-kuh-zah,saqotiwe,,10543.2
5d1a69d8f97a18001977e0d7,611c06063189628b4b4fdd6f,70,receiver,credit,handle,credit-handle,,credit,8474.6
5d1a69d8f97a18001977e0d7,611c06063189628b4b4fdd6f,71,sender,handle,coffee,lehaqifu-nidaweli-saqotiwe-pofepilu-peh-wuk-tih-puwirefa-kuh-zah,wuk,,6786.4
5d1a69d8f97a18001977e0d7,611c06063189628b4b4fdd6f,72,receiver,credit,online,credit-online,,online,3422
5d1a69d8f97a18001977e0d7,611c06063189628b4b4fdd6f,73,sender,second,review,lehaqifu-nidaweli-saqotiwe-pofepilu-peh-wuk-tih-puwirefa-kuh-zah,saqotiwe,,4271.4
5d1a69d8f97a18001977e0d7,611c06063189628b4b4fdd6f,74,receiver,change,credit,credit-change,,credit,5640.9
5d1a69d8f97a18001977e0d7,611c06063189628b4b4fdd6f,75,sender,second,design,lehaqifu-nidaweli-saqotiwe-pofepilu-peh-wuk-tih-puwirefa-kuh-zah,saqotiwe,,2792.5
5d1a69d8f97a18001977e0d7,611c06063189628b4b4fdd6f,76,receiver,design,coffee,coffee-design,,design,12671.8
5d1a69d8f97a18001977e0d7,611c06063189628b4b4fdd6f,77,sender,review,coffee,lehaqifu-nidaweli-saqotiwe-pofepilu-peh-wuk-tih-puwirefa-kuh-zah,pofepilu,,6553.3
5d1a69d8f97a18001977e0d7,611c06063189628b4b4fdd6f,78,receiver,coffee,normal,coffee-normal,,normal,11545.1
5d1a69d8f97a18001977e0d7,611c06063189628b4b4fdd6f,79,sender,online,normal,lehaqifu-nidaweli-saqotiwe-pofepilu-peh-wuk-tih-puwirefa-kuh-zah,kuh,,8933
5d1a69d8f97a18001977e0d7,611c06063189628b4b4fdd6f,80,receiver,change,family,change-family,,family,1743.4
5d1a69d8f97a18001977e0d7,611c06063189628b4b4fdd6f,81,sender,coffee,normal,lehaqifu-nidaweli-saqotiwe-pofepilu-peh-wuk-tih-puwirefa-kuh-zah,zah,,4554.3
5d1a69d8f97a18001977e0d7,611c06063189628b4b4fdd6f,82,receiver,second,handle,handle-second,,second,2409.4
5d1a69d8f97a18001977e0d7,611c06063189628b4b4fdd6f,83,sender,change,second,lehaqifu-nidaweli-saqotiwe-pofepilu-peh-wuk-tih-puwirefa-kuh-zah,peh,,3758.2
5d1a69d8f97a18001977e0d7,611c06063189628b4b4fdd6f,84,receiver,review,normal,review-normal,,review,3989
5d1a69d8f97a18001977e0d7,611c06063189628b4b4fdd6f,85,sender,second,review,lehaqifu-nidaweli-saqotiwe-pofepilu-peh-wuk-tih-puwirefa-kuh-zah,saqotiwe,,2835.5
5d1a69d8f97a18001977e0d7,611c06063189628b4b4fdd6f,86,receiver,credit,family,family-credit,,family,5397.9
5d1a69d8f97a18001977e0d7,611c06063189628b4b4fdd6f,87,sender,family,coffee,lehaqifu-nidaweli-saqotiwe-pofepilu-peh-wuk-tih-puwirefa-kuh-zah,nidaweli,,3650.3
5d1a69d8f97a18001977e0d7,611c06063189628b4b4fdd6f,88,receiver,family,second,family-second,,family,1631.4
5d1a69d8f97a18001977e0d7,611c06063189628b4b4fdd6f,89,sender,design,review,lehaqifu-nidaweli-saqotiwe-pofepilu-peh-wuk-tih-puwirefa-kuh-zah,lehaqifu,,5718.9
5d1a69d8f97a18001977e0d7,611c06063189628b4b4fdd6f,90,receiver,review,handle,handle-review,,review,6082.5
5d1a69d8f97a18001977e0d7,611c06063189628b4b4fdd6f,91,sender,design,online,lehaqifu-nidaweli-saqotiwe-pofepilu-peh-wuk-tih-puwirefa-kuh-zah,lehaqifu,,6417.3
5d1a69d8f97a18001977e0d7,611c06063189628b4b4fdd6f,92,receiver,online,coffee,coffee-online,,coffee,3998.2
5d1a69d8f97a18001977e0d7,611c06063189628b4b4fdd6f,93,sender,credit,online,lehaqifu-nidaweli-saqotiwe-pofepilu-peh-wuk-tih-puwirefa-kuh-zah,zah,,12330.4
5d1a69d8f97a18001977e0d7,611c06063189628b4b4fdd6f,94,receiver,change,review,review-change,,review,6049.5
5d1a69d8f97a18001977e0d7,611c06063189628b4b4fdd6f,95,sender,review,normal,lehaqifu-nidaweli-saqotiwe-pofepilu-peh-wuk-tih-puwirefa-kuh-zah,puwirefa,,12305.5
5d1a69d8f97a18001977e0d7,611c06063189628b4b4fdd6f,96,receiver,family,second,second-family,,family,1421.8
5d1a69d8f97a18001977e0d7,611c06063189628b4b4fdd6f,97,sender,review,handle,lehaqifu-nidaweli-saqotiwe-pofepilu-peh-wuk-tih-puwirefa-kuh-zah,puwirefa,,4418
5d1a69d8f97a18001977e0d7,611c06063189628b4b4fdd6f,98,receiver,design,online,online-design,,online,10242.3
5d1a69d8f97a18001977e0d7,611c06063189628b4b4fdd6f,99,sender,second,coffee,lehaqifu-nidaweli-saqotiwe-pofepilu-peh-wuk-tih-puwirefa-kuh-zah,saqotiwe,,2327.2
5d1a69d8f97a18001977e0d7,611c06063189628b4b4fdd6f,100,receiver,handle,coffee,handle-coffee,,coffee,4863.1
5d1a69d8f97a18001977e0d7,611c06063189628b4b4fdd6f,101,sender,change,handle,lehaqifu-nidaweli-saqotiwe-pofepilu-peh-wuk-tih-puwirefa-kuh-zah,pofepilu,,14723.3
5d1a69d8f97a18001977e0d7,611c06063189628b4b4fdd6f,102,receiver,review,handle,review-handle,,review,4907.3
5d1a69d8f97a18001977e0d7,611c06063189628b4b4fdd6f,103,sender,design,handle,lehaqifu-nidaweli-saqotiwe-pofepilu-peh-wuk-tih-puwirefa-kuh-zah,lehaqifu,,4015.3
5d1a69d8f97a18001977e0d7,611c06063189628b4b4fdd6f,104,receiver,design,online,online-design,,online,14872.1
5d1a69d8f97a18001977e0d7,611c06063189628b4b4fdd6f,105,sender,credit,second,lehaqifu-nidaweli-saqotiwe-pofepilu-peh-wuk-tih-puwirefa-kuh-zah,zah,,5485.5
5d1a69d8f97a18001977e0d7,611c06063189628b4b4fdd6f,106,receiver,change,normal,change-normal,,normal,5390
5d1a69d8f97a18001977e0d7,611c06063189628b4b4fdd6f,107,sender,review,normal,lehaqifu-nidaweli-saqotiwe-pofepilu-peh-wuk-tih-puwirefa-kuh-zah,puwirefa,,20581.4
5d1a69d8f97a18001977e0d7,611c06063189628b4b4fdd6f,108,receiver,family,handle,family-handle,,family,2403.3
5d1a69d8f97a18001977e0d7,611c06063189628b4b4fdd6f,109,sender,family,second,lehaqifu-nidaweli-saqotiwe-pofepilu-peh-wuk-tih-puwirefa-kuh-zah,nidaweli,,3764.9
5d1a69d8f97a18001977e0d7,611c06063189628b4b4fdd6f,110,receiver,handle,normal,normal-handle,,normal,4988.8
5d1a69d8f97a18001977e0d7,611c06063189628b4b4fdd6f,111,sender,coffee,normal,lehaqifu-nidaweli-saqotiwe-pofepilu-peh-wuk-tih-puwirefa-kuh-zah,zah,,16591.5
5d1a69d8f97a18001977e0d7,611c06063189628b4b4fdd6f,112,receiver,family,second,second-family,,family,1887.3
5d1a69d8f97a18001977e0d7,611c06063189628b4b4fdd6f,113,sender,change,family,lehaqifu-nidaweli-saqotiwe-pofepilu-peh-wuk-tih-puwirefa-kuh-zah,peh,,4164.1
5d1a69d8f97a18001977e0d7,611c06063189628b4b4fdd6f,114,receiver,design,coffee,design-coffee,,coffee,5993.4
5d1a69d8f97a18001977e0d7,611c06063189628b4b4fdd6f,115,sender,review,normal,lehaqifu-nidaweli-saqotiwe-pofepilu-peh-wuk-tih-puwirefa-kuh-zah,puwirefa,,5169
5d1a69d8f97a18001977e0d7,611c06063189628b4b4fdd6f,116,receiver,review,coffee,review-coffee,,coffee,10251.3
5d1a69d8f97a18001977e0d7,611c06063189628b4b4fdd6f,117,sender,family,coffee,lehaqifu-nidaweli-saqotiwe-pofepilu-peh-wuk-tih-puwirefa-kuh-zah,nidaweli,,2059.2
5d1a69d8f97a18001977e0d7,611c06063189628b4b4fdd6f,118,receiver,handle,coffee,handle-coffee,,coffee,4918.5
5d1a69d8f97a18001977e0d7,611c06063189628b4b4fdd6f,119,sender,online,review,lehaqifu-nidaweli-saqotiwe-pofepilu-peh-wuk-tih-puwirefa-kuh-zah,kuh,,4340.9
5d1a69d8f97a18001977e0d7,611c06063189628b4b4fdd6f,120,receiver,second,online,online-second,,online,6002.1
5d1a69d8f97a18001977e0d7,611c06063189628b4b4fdd6f,121,sender,handle,normal,lehaqifu-nidaweli-saqotiwe-pofepilu-peh-wuk-tih-puwirefa-kuh-zah,wuk,,1855.2
5d1a69d8f97a18001977e0d7,611c06063189628b4b4fdd6f,122,receiver,online,handle,handle-online,,handle,1702.8
5d1a69d8f97a18001977e0d7,611c06063189628b4b4fdd6f,123,sender,change,credit,lehaqifu-nidaweli-saqotiwe-pofepilu-peh-wuk-tih-puwirefa-kuh-zah,peh,,3519.3
5d1a69d8f97a18001977e0d7,611c06063189628b4b4fdd6f,124,receiver,credit,normal,credit-normal,,credit,6748.6
5d1a69d8f97a18001977e0d7,611c06063189628b4b4fdd6f,125,sender,change,credit,lehaqifu-nidaweli-saqotiwe-pofepilu-peh-wuk-tih-puwirefa-kuh-zah,peh,,4538
5d1a69d8f97a18001977e0d7,611c06063189628b4b4fdd6f,126,receiver,change,online,online-change,,change,1831.9
5d1a69d8f97a18001977e0d7,611c06063189628b4b4fdd6f,127,sender,change,design,lehaqifu-nidaweli-saqotiwe-pofepilu-peh-wuk-tih-puwirefa-kuh-zah,peh,,3541.3
5d1a69d8f97a18001977e0d7,611c06063189628b4b4fdd6f,128,receiver,change,credit,change-credit,,change,2216.5
5d1a69d8f97a18001977e0d7,611c06063189628b4b4fdd6f,129,sender,family,design,lehaqifu-nidaweli-saqotiwe-pofepilu-peh-wuk-tih-puwirefa-kuh-zah,nidaweli,,3094.9
5d1a69d8f97a18001977e0d7,611c06063189628b4b4fdd6f,130,receiver,design,normal,normal-design,,design,8468.9
5d1a69d8f97a18001977e0d7,611c06063189628b4b4fdd6f,131,sender,change,credit,lehaqifu-nidaweli-saqotiwe-pofepilu-peh-wuk-tih-puwirefa-kuh-zah,peh,,5601.8
5d1a69d8f97a18001977e0d7,611c06063189628b4b4fdd6f,132,receiver,review,coffee,coffee-review,,coffee,12530.4
5d1a69d8f97a18001977e0d7,611c06063189628b4b4fdd6f,133,sender,design,online,lehaqifu-nidaweli-saqotiwe-pofepilu-peh-wuk-tih-puwirefa-kuh-zah,lehaqifu,,4738.1
5d1a69d8f97a18001977e0d7,611c06063189628b4b4fdd6f,134,receiver,review,coffee,review-coffee,,coffee,9279.9
5d1a69d8f97a18001977e0d7,611c06063189628b4b4fdd6f,135,sender,change,online,lehaqifu-nidaweli-saqotiwe-pofepilu-peh-wuk-tih-puwirefa-kuh-zah,peh,,7815.8