participant_id, partner_id, trial_index, trial_type, target_meaning, foil_meaning,             choices, signal_selected, meaning_guess, rt
611c06063189628b4b4fdd6f,5d1a69d8f97a18001977e0d7,1,receiver,second,normal,normal-second,,normal,17726.8
611c06063189628b4b4fdd6f,5d1a69d8f97a18001977e0d7,2,sender,family,second,lehaqifu-nidaweli-saqotiwe-pofepilu-peh-wuk-tih-puwirefa-kuh-zah,nidaweli,,4275.1
611c06063189628b4b4fdd6f,5d1a69d8f97a18001977e0d7,3,receiver,family,review,family-review,,review,6003.2
611c06063189628b4b4fdd6f,5d1a69d8f97a18001977e0d7,4,sender,review,normal,lehaqifu-nidaweli-saqotiwe-pofepilu-peh-wuk-tih-puwirefa-kuh-zah,nidaweli,,5965.2
611c06063189628b4b4fdd6f,5d1a69d8f97a18001977e0d7,5,receiver,family,second,family-second,,family,1559.1
611c06063189628b4b4fdd6f,5d1a69d8f97a18001977e0d7,6,sender,credit,family,lehaqifu-nidaweli-saqotiwe-pofepilu-peh-wuk-tih-puwirefa-kuh-zah,saqotiwe,,8893.6
611c06063189628b4b4fdd6f,5d1a69d8f97a18001977e0d7,7,receiver,design,online,design-online,,design,5313
611c06063189628b4b4fdd6f,5d1a69d8f97a18001977e0d7,8,sender,handle,coffee,lehaqifu-nidaweli-saqotiwe-pofepilu-peh-wuk-tih-puwirefa-kuh-zah,pofepilu,,7117.3
611c06063189628b4b4fdd6f,5d1a69d8f97a18001977e0d7,9,receiver,design,online,online-design,,design,3620.9
611c06063189628b4b4fdd6f,5d1a69d8f97a18001977e0d7,10,sender,design,online,lehaqifu-nidaweli-saqotiwe-pofepilu-peh-wuk-tih-puwirefa-kuh-zah,pofepilu,,2577.9
611c06063189628b4b4fdd6f,5d1a69d8f97a18001977e0d7,11,receiver,change,credit,change-credit,,change,5335.2
611c06063189628b4b4fdd6f,5d1a69d8f97a18001977e0d7,12,sender,second,online,lehaqifu-nidaweli-saqotiwe-pofepilu-peh-wuk-tih-puwirefa-kuh-zah,nidaweli,,8143.9
611c06063189628b4b4fdd6f,5d1a69d8f97a18001977e0d7,13,receiver,family,normal,family-normal,,family,2171.2
611c06063189628b4b4fdd6f,5d1a69d8f97a18001977e0d7,14,sender,design,online,lehaqifu-nidaweli-saqotiwe-pofepilu-peh-wuk-tih-puwirefa-kuh-zah,pofepilu,,59453.2
611c06063189628b4b4fdd6f,5d1a69d8f97a18001977e0d7,15,receiver,credit,handle,credit-handle,,handle,11744.7
611c06063189628b4b4fdd6f,5d1a69d8f97a18001977e0d7,16,sender,change,handle,lehaqifu-nidaweli-saqotiwe-pofepilu-peh-wuk-tih-puwirefa-kuh-zah,peh,,13130.4
611c06063189628b4b4fdd6f,5d1a69d8f97a18001977e0d7,17,receiver,family,online,family-online,,family,4085
611c06063189628b4b4fdd6f,5d1a69d8f97a18001977e0d7,18,sender,credit,normal,lehaqifu-nidaweli-saqotiwe-pofepilu-peh-wuk-tih-puwirefa-kuh-zah,lehaqifu,,7081
611c06063189628b4b4fdd6f,5d1a69d8f97a18001977e0d7,19,receiver,change,second,second-change,,second,12360.2
611c06063189628b4b4fdd6f,5d1a69d8f97a18001977e0d7,20,sender,handle,coffee,lehaqifu-nidaweli-saqotiwe-pofepilu-peh-wuk-tih-puwirefa-kuh-zah,tih,,9132.5
611c06063189628b4b4fdd6f,5d1a69d8f97a18001977e0d7,21,receiver,credit,coffee,coffee-credit,,coffee,11288.1
611c06063189628b4b4fdd6f,5d1a69d8f97a18001977e0d7,22,sender,online,review,lehaqifu-nidaweli-saqotiwe-pofepilu-peh-wuk-tih-puwirefa-kuh-zah,nidaweli,,14232
611c06063189628b4b4fdd6f,5d1a69d8f97a18001977e0d7,23,receiver,change,coffee,change-coffee,,coffee,6610.9
611c06063189628b4b4fdd6f,5d1a69d8f97a18001977e0d7,24,sender,family,second,lehaqifu-nidaweli-saqotiwe-pofepilu-peh-wuk-tih-puwirefa-kuh-zah,nidaweli,,18490.5
611c06063189628b4b4fdd6f,5d1a69d8f97a18001977e0d7,25,receiver,design,online,online-design,,design,8806.9
611c06063189628b4b4fdd6f,5d1a69d8f97a18001977e0d7,26,sender,credit,design,lehaqifu-nidaweli-saqotiwe-pofepilu-peh-wuk-tih-puwirefa-kuh-zah,lehaqifu,,5403.3
611c06063189628b4b4fdd6f,5d1a69d8f97a18001977e0d7,27,receiver,second,design,design-second,,second,35675
611c06063189628b4b4fdd6f,5d1a69d8f97a18001977e0d7,28,sender,coffee,normal,lehaqifu-nidaweli-saqotiwe-pofepilu-peh-wuk-tih-puwirefa-kuh-zah,tih,,10742.6
611c06063189628b4b4fdd6f,5d1a69d8f97a18001977e0d7,29,receiver,change,coffee,coffee-change,,change,5964.1
611c06063189628b4b4fdd6f,5d1a69d8f97a18001977e0d7,30,sender,design,online,lehaqifu-nidaweli-saqotiwe-pofepilu-peh-wuk-tih-puwirefa-kuh-zah,lehaqifu,,13102.3
611c06063189628b4b4fdd6f,5d1a69d8f97a18001977e0d7,31,receiver,change,design,change-design,,change,15927.5
611c06063189628b4b4fdd6f,5d1a69d8f97a18001977e0d7,32,sender,family,second,lehaqifu-nidaweli-saqotiwe-pofepilu-peh-wuk-tih-puwirefa-kuh-zah,nidaweli,,8505.9
611c06063189628b4b4fdd6f,5d1a69d8f97a18001977e0d7,33,receiver,family,second,second-family,,family,3394.9
611c06063189628b4b4fdd6f,5d1a69d8f97a18001977e0d7,34,sender,family,review,lehaqifu-nidaweli-saqotiwe-pofepilu-peh-wuk-tih-puwirefa-kuh-zah,nidaweli,,2700.7
611c06063189628b4b4fdd6f,5d1a69d8f97a18001977e0d7,35,receiver,change,credit,credit-change,,change,12280.7
611c06063189628b4b4fdd6f,5d1a69d8f97a18001977e0d7,36,sender,review,handle,lehaqifu-nidaweli-saqotiwe-pofepilu-peh-wuk-tih-puwirefa-kuh-zah,saqotiwe,,11193.2
611c06063189628b4b4fdd6f,5d1a69d8f97a18001977e0d7,37,receiver,family,handle,handle-family,,family,23637.5
611c06063189628b4b4fdd6f,5d1a69d8f97a18001977e0d7,38,sender,design,normal,lehaqifu-nidaweli-saqotiwe-pofepilu-peh-wuk-tih-puwirefa-kuh-zah,lehaqifu,,7059.2
611c06063189628b4b4fdd6f,5d1a69d8f97a18001977e0d7,39,receiver,change,credit,change-credit,,change,44895.8
611c06063189628b4b4fdd6f,5d1a69d8f97a18001977e0d7,40,sender,second,handle,lehaqifu-nidaweli-saqotiwe-pofepilu-peh-wuk-tih-puwirefa-kuh-zah,pofepilu,,4958.4
611c06063189628b4b4fdd6f,5d1a69d8f97a18001977e0d7,41,receiver,change,review,review-change,,review,5840
611c06063189628b4b4fdd6f,5d1a69d8f97a18001977e0d7,42,sender,change,credit,lehaqifu-nidaweli-saqotiwe-pofepilu-peh-wuk-tih-puwirefa-kuh-zah,pofepilu,,9993.5
611c06063189628b4b4fdd6f,5d1a69d8f97a18001977e0d7,43,receiver,second,coffee,second-coffee,,second,42236.5
611c06063189628b4b4fdd6f,5d1a69d8f97a18001977e0d7,44,sender,review,handle,lehaqifu-nidaweli-saqotiwe-pofepilu-peh-wuk-tih-puwirefa-kuh-zah,puwirefa,,15570.1
611c06063189628b4b4fdd6f,5d1a69d8f97a18001977e0d7,45,receiver,handle,normal,handle-normal,,normal,24225.4
611c06063189628b4b4fdd6f,5d1a69d8f97a18001977e0d7,46,sender,credit,second,lehaqifu-nidaweli-saqotiwe-pofepilu-peh-wuk-tih-puwirefa-kuh-zah,zah,,7808.8
611c06063189628b4b4fdd6f,5d1a69d8f97a18001977e0d7,47,receiver,online,handle,online-handle,,online,7233.4
611c06063189628b4b4fdd6f,5d1a69d8f97a18001977e0d7,48,sender,change,normal,lehaqifu-nidaweli-saqotiwe-pofepilu-peh-wuk-tih-puwirefa-kuh-zah,tih,,12455
611c06063189628b4b4fdd6f,5d1a69d8f97a18001977e0d7,49,receiver,handle,normal,normal-handle,,normal,4877.7
611c06063189628b4b4fdd6f,5d1a69d8f97a18001977e0d7,50,sender,family,online,lehaqifu-nidaweli-saqotiwe-pofepilu-peh-wuk-tih-puwirefa-kuh-zah,nidaweli,,18330.4
611c06063189628b4b4fdd6f,5d1a69d8f97a18001977e0d7,51,receiver,family,second,second-family,,family,4914
611c06063189628b4b4fdd6f,5d1a69d8f97a18001977e0d7,52,sender,credit,design,lehaqifu-nidaweli-saqotiwe-pofepilu-peh-wuk-tih-puwirefa-kuh-zah,lehaqifu,,30683.1
611c06063189628b4b4fdd6f,5d1a69d8f97a18001977e0d7,53,receiver,credit,coffee,coffee-credit,,credit,12428
611c06063189628b4b4fdd6f,5d1a69d8f97a18001977e0d7,54,sender,handle,normal,lehaqifu-nidaweli-saqotiwe-pofepilu-peh-wuk-tih-puwirefa-kuh-zah,pofepilu,,31223.7
611c06063189628b4b4fdd6f,5d1a69d8f97a18001977e0d7,55,receiver,online,coffee,online-coffee,,online,7755.8
611c06063189628b4b4fdd6f,5d1a69d8f97a18001977e0d7,56,sender,design,review,lehaqifu-nidaweli-saqotiwe-pofepilu-peh-wuk-tih-puwirefa-kuh-zah,puwirefa,,8209.7
611c06063189628b4b4fdd6f,5d1a69d8f97a18001977e0d7,57,receiver,credit,review,review-credit,,credit,10415.8
611c06063189628b4b4fdd6f,5d1a69d8f97a18001977e0d7,58,sender,design,handle,lehaqifu-nidaweli-saqotiwe-pofepilu-peh-wuk-tih-puwirefa-kuh-zah,tih,,14612.4
611c06063189628b4b4fdd6f,5d1a69d8f97a18001977e0d7,59,receiver,credit,review,credit-review,,credit,2338.5
611c06063189628b4b4fdd6f,5d1a69d8f97a18001977e0d7,60,sender,coffee,normal,lehaqifu-nidaweli-saqotiwe-pofepilu-peh-wuk-tih-puwirefa-kuh-zah,zah,,4158.3
611c06063189628b4b4fdd6f,5d1a69d8f97a18001977e0d7,61,receiver,family,design,family-design,,family,1528.5
611c06063189628b4b4fdd6f,5d1a69d8f97a18001977e0d7,62,sender,change,credit,lehaqifu-nidaweli-saqotiwe-pofepilu-peh-wuk-tih-puwirefa-kuh-zah,pofepilu,,10685.5
611c06063189628b4b4fdd6f,5d1a69d8f97a18001977e0d7,63,receiver,online,normal,online-normal,,online,6755.8
611c06063189628b4b4fdd6f,5d1a69d8f97a18001977e0d7,64,sender,change,credit,lehaqifu-nidaweli-saqotiwe-pofepilu-peh-wuk-tih-puwirefa-kuh-zah,zah,,7119.2
611c06063189628b4b4fdd6f,5d1a69d8f97a18001977e0d7,65,receiver,family,second,family-second,,family,5992.3
611c06063189628b4b4fdd6f,5d1a69d8f97a18001977e0d7,66,sender,review,coffee,lehaqifu-nidaweli-saqotiwe-pofepilu-peh-wuk-tih-puwirefa-kuh-zah,zah,,13545.4
611c06063189628b4b4fdd6f,5d1a69d8f97a18001977e0d7,67,receiver,family,normal,normal-family,,family,2843.8
611c06063189628b4b4fdd6f,5d1a69d8f97a18001977e0d7,68,sender,design,online,lehaqifu-nidaweli-saqotiwe-pofepilu-peh-wuk-tih-puwirefa-kuh-zah,tih,,4911.6
611c06063189628b4b4fdd6f,5d1a69d8f97a18001977e0d7,69,receiver,second,normal,normal-second,,second,13959.8
611c06063189628b4b4fdd6f,5d1a69d8f97a18001977e0d7,70,sender,credit,handle,lehaqifu-nidaweli-saqotiwe-pofepilu-peh-wuk-tih-puwirefa-kuh-zah,pofepilu,,9273.2
611c06063189628b4b4fdd6f,5d1a69d8f97a18001977e0d7,71,receiver,handle,coffee,coffee-handle,,handle,8771.7
611c06063189628b4b4fdd6f,5d1a69d8f97a18001977e0d7,72,sender,credit,online,lehaqifu-nidaweli-saqotiwe-pofepilu-peh-wuk-tih-puwirefa-kuh-zah,lehaqifu,,10341.2
611c06063189628b4b4fdd6f,5d1a69d8f97a18001977e0d7,73,receiver,second,review,second-review,,second,4120.6
611c06063189628b4b4fdd6f,5d1a69d8f97a18001977e0d7,74,sender,change,credit,lehaqifu-nidaweli-saqotiwe-pofepilu-peh-wuk-tih-puwirefa-kuh-zah,zah,,18867.2
611c06063189628b4b4fdd6f,5d1a69d8f97a18001977e0d7,75,receiver,second,design,second-design,,second,10619.5
611c06063189628b4b4fdd6f,5d1a69d8f97a18001977e0d7,76,sender,design,coffee,lehaqifu-nidaweli-saqotiwe-pofepilu-peh-wuk-tih-puwirefa-kuh-zah,zah,,24700
611c06063189628b4b4fdd6f,5d1a69d8f97a18001977e0d7,77,receiver,review,coffee,review-coffee,,review,2541.8
611c06063189628b4b4fdd6f,5d1a69d8f97a18001977e0d7,78,sender,coffee,normal,lehaqifu-nidaweli-saqotiwe-pofepilu-peh-wuk-tih-puwirefa-kuh-zah,zah,,2240.7
611c06063189628b4b4fdd6f,5d1a69d8f97a18001977e0d7,79,receiver,online,normal,online-normal,,online,5194.2
611c06063189628b4b4fdd6f,5d1a69d8f97a18001977e0d7,80,sender,change,family,lehaqifu-nidaweli-saqotiwe-pofepilu-peh-wuk-tih-puwirefa-kuh-zah,nidaweli,,1558.9
611c06063189628b4b4fdd6f,5d1a69d8f97a18001977e0d7,81,receiver,coffee,normal,normal-coffee,,coffee,2426.6
611c06063189628b4b4fdd6f,5d1a69d8f97a18001977e0d7,82,sender,second,handle,lehaqifu-nidaweli-saqotiwe-pofepilu-peh-wuk-tih-puwirefa-kuh-zah,saqotiwe,,1978.5
611c06063189628b4b4fdd6f,5d1a69d8f97a18001977e0d7,83,receiver,change,second,second-change,,change,2973.6
611c06063189628b4b4fdd6f,5d1a69d8f97a18001977e0d7,84,sender,review,normal,lehaqifu-nidaweli-saqotiwe-pofepilu-peh-wuk-tih-puwirefa-kuh-zah,puwirefa,,12167.4
611c06063189628b4b4fdd6f,5d1a69d8f97a18001977e0d7,85,receiver,second,review,second-review,,second,1762.3
611c06063189628b4b4fdd6f,5d1a69d8f97a18001977e0d7,86,sender,credit,family,lehaqifu-nidaweli-saqotiwe-pofepilu-peh-wuk-tih-puwirefa-kuh-zah,nidaweli,,1666.5
611c06063189628b4b4fdd6f,5d1a69d8f97a18001977e0d7,87,receiver,family,coffee,family-coffee,,family,4024.6
611c06063189628b4b4fdd6f,5d1a69d8f97a18001977e0d7,88,sender,family,second,lehaqifu-nidaweli-saqotiwe-pofepilu-peh-wuk-tih-puwirefa-kuh-zah,nidaweli,,4925.6
611c06063189628b4b4fdd6f,5d1a69d8f97a18001977e0d7,89,receiver,design,review,review-design,,design,3854.8
611c06063189628b4b4fdd6f,5d1a69d8f97a18001977e0d7,90,sender,review,handle,lehaqifu-nidaweli-saqotiwe-pofepilu-peh-wuk-tih-puwirefa-kuh-zah,puwirefa,,3123.6
611c06063189628b4b4fdd6f,5d1a69d8f97a18001977e0d7,91,receiver,design,online,design-online,,design,6820.5
611c06063189628b4b4fdd6f,5d1a69d8f97a18001977e0d7,92,sender,online,coffee,lehaqifu-nidaweli-saqotiwe-pofepilu-peh-wuk-tih-puwirefa-kuh-zah,zah,,3091.4
611c06063189628b4b4fdd6f,5d1a69d8f97a18001977e0d7,93,receiver,credit,online,credit-online,,credit,8832.1
611c06063189628b4b4fdd6f,5d1a69d8f97a18001977e0d7,94,sender,change,review,lehaqifu-nidaweli-saqotiwe-pofepilu-peh-wuk-tih-puwirefa-kuh-zah,puwirefa,,9170
611c06063189628b4b4fdd6f,5d1a69d8f97a18001977e0d7,95,receiver,review,normal,review-normal,,normal,4819.7
611c06063189628b4b4fdd6f,5d1a69d8f97a18001977e0d7,96,sender,family,second,lehaqifu-nidaweli-saqotiwe-pofepilu-peh-wuk-tih-puwirefa-kuh-zah,nidaweli,,2417.7
611c06063189628b4b4fdd6f,5d1a69d8f97a18001977e0d7,97,receiver,review,handle,handle-review,,review,23417.9
611c06063189628b4b4fdd6f,5d1a69d8f97a18001977e0d7,98,sender,design,online,lehaqifu-nidaweli-saqotiwe-pofepilu-peh-wuk-tih-puwirefa-kuh-zah,tih,,8967.1
611c06063189628b4b4fdd6f,5d1a69d8f97a18001977e0d7,99,receiver,second,coffee,coffee-second,,second,1708.5
611c06063189628b4b4fdd6f,5d1a69d8f97a18001977e0d7,100,sender,handle,coffee,lehaqifu-nidaweli-saqotiwe-pofepilu-peh-wuk-tih-puwirefa-kuh-zah,zah,,34289.4
611c06063189628b4b4fdd6f,5d1a69d8f97a18001977e0d7,101,receiver,change,handle,handle-change,,change,6716.5
611c06063189628b4b4fdd6f,5d1a69d8f97a18001977e0d7,102,sender,review,handle,lehaqifu-nidaweli-saqotiwe-pofepilu-peh-wuk-tih-puwirefa-kuh-zah,puwirefa,,4008.6
611c06063189628b4b4fdd6f,5d1a69d8f97a18001977e0d7,103,receiver,design,handle,handle-design,,design,14081.9
611c06063189628b4b4fdd6f,5d1a69d8f97a18001977e0d7,104,sender,design,online,lehaqifu-nidaweli-saqotiwe-pofepilu-peh-wuk-tih-puwirefa-kuh-zah,pofepilu,,13188.2
611c06063189628b4b4fdd6f,5d1a69d8f97a18001977e0d7,105,receiver,credit,second,second-credit,,credit,5677.3
611c06063189628b4b4fdd6f,5d1a69d8f97a18001977e0d7,106,sender,change,normal,lehaqifu-nidaweli-saqotiwe-pofepilu-peh-wuk-tih-puwirefa-kuh-zah,peh,,24658.5
611c06063189628b4b4fdd6f,5d1a69d8f97a18001977e0d7,107,receiver,review,normal,review-normal,,review,2406.3
611c06063189628b4b4fdd6f,5d1a69d8f97a18001977e0d7,108,sender,family,handle,lehaqifu-nidaweli-saqotiwe-pofepilu-peh-wuk-tih-puwirefa-kuh-zah,nidaweli,,1850.8
611c06063189628b4b4fdd6f,5d1a69d8f97a18001977e0d7,109,receiver,family,second,family-second,,family,1124.3
611c06063189628b4b4fdd6f,5d1a69d8f97a18001977e0d7,110,sender,handle,normal,lehaqifu-nidaweli-saqotiwe-pofepilu-peh-wuk-tih-puwirefa-kuh-zah,tih,,4325.7
611c06063189628b4b4fdd6f,5d1a69d8f97a18001977e0d7,111,receiver,coffee,normal,normal-coffee,,normal,3368.9
611c06063189628b4b4fdd6f,5d1a69d8f97a18001977e0d7,112,sender,family,second,lehaqifu-nidaweli-saqotiwe-pofepilu-peh-wuk-tih-puwirefa-kuh-zah,nidaweli,,1623
611c06063189628b4b4fdd6f,5d1a69d8f97a18001977e0d7,113,receiver,change,family,change-family,,change,3054.8
611c06063189628b4b4fdd6f,5d1a69d8f97a18001977e0d7,114,sender,design,coffee,lehaqifu-nidaweli-saqotiwe-pofepilu-peh-wuk-tih-puwirefa-kuh-zah,puwirefa,,3236.1
611c06063189628b4b4fdd6f,5d1a69d8f97a18001977e0d7,115,receiver,review,normal,review-normal,,review,4108.1
611c06063189628b4b4fdd6f,5d1a69d8f97a18001977e0d7,116,sender,review,coffee,lehaqifu-nidaweli-saqotiwe-pofepilu-peh-wuk-tih-puwirefa-kuh-zah,tih,,3316.8
611c06063189628b4b4fdd6f,5d1a69d8f97a18001977e0d7,117,receiver,family,coffee,coffee-family,,family,1808.9
611c06063189628b4b4fdd6f,5d1a69d8f97a18001977e0d7,118,sender,handle,coffee,lehaqifu-nidaweli-saqotiwe-pofepilu-peh-wuk-tih-puwirefa-kuh-zah,zah,,8148.8
611c06063189628b4b4fdd6f,5d1a69d8f97a18001977e0d7,119,receiver,online,review,review-online,,online,2237.8
611c06063189628b4b4fdd6f,5d1a69d8f97a18001977e0d7,120,sender,second,online,lehaqifu-nidaweli-saqotiwe-pofepilu-peh-wuk-tih-puwirefa-kuh-zah,zah,,7473.2
611c06063189628b4b4fdd6f,5d1a69d8f97a18001977e0d7,121,receiver,handle,normal,handle-normal,,normal,20076.7
611c06063189628b4b4fdd6f,5d1a69d8f97a18001977e0d7,122,sender,online,handle,lehaqifu-nidaweli-saqotiwe-pofepilu-peh-wuk-tih-puwirefa-kuh-zah,wuk,,9437.5
611c06063189628b4b4fdd6f,5d1a69d8f97a18001977e0d7,123,receiver,change,credit,change-credit,,change,37496.4
611c06063189628b4b4fdd6f,5d1a69d8f97a18001977e0d7,124,sender,credit,normal,lehaqifu-nidaweli-saqotiwe-pofepilu-peh-wuk-tih-puwirefa-kuh-zah,peh,,11534.7
611c06063189628b4b4fdd6f,5d1a69d8f97a18001977e0d7,125,receiver,change,credit,change-credit,,change,2177.3
611c06063189628b4b4fdd6f,5d1a69d8f97a18001977e0d7,126,sender,change,online,lehaqifu-nidaweli-saqotiwe-pofepilu-peh-wuk-tih-puwirefa-kuh-zah,peh,,2886.7
611c06063189628b4b4fdd6f,5d1a69d8f97a18001977e0d7,127,receiver,change,design,design-change,,change,4000.7
611c06063189628b4b4fdd6f,5d1a69d8f97a18001977e0d7,128,sender,change,credit,lehaqifu-nidaweli-saqotiwe-pofepilu-peh-wuk-tih-puwirefa-kuh-zah,peh,,3819
611c06063189628b4b4fdd6f,5d1a69d8f97a18001977e0d7,129,receiver,family,design,design-family,,family,1468.8
611c06063189628b4b4fdd6f,5d1a69d8f97a18001977e0d7,130,sender,design,normal,lehaqifu-nidaweli-saqotiwe-pofepilu-peh-wuk-tih-puwirefa-kuh-zah,pofepilu,,24702.6
611c06063189628b4b4fdd6f,5d1a69d8f97a18001977e0d7,131,receiver,change,credit,change-credit,,change,2936.1
611c06063189628b4b4fdd6f,5d1a69d8f97a18001977e0d7,132,sender,review,coffee,lehaqifu-nidaweli-saqotiwe-pofepilu-peh-wuk-tih-puwirefa-kuh-zah,zah,,37708.4
611c06063189628b4b4fdd6f,5d1a69d8f97a18001977e0d7,133,receiver,design,online,online-design,,online,11321.3
611c06063189628b4b4fdd6f,5d1a69d8f97a18001977e0d7,134,sender,review,coffee,lehaqifu-nidaweli-saqotiwe-pofepilu-peh-wuk-tih-puwirefa-kuh-zah,tih,,4726.4
611c06063189628b4b4fdd6f,5d1a69d8f97a18001977e0d7,135,receiver,change,online,change-online,,change,4125.8