participant_id, partner_id, trial_index, trial_type, target_meaning, foil_meaning,             choices, signal_selected, meaning_guess, rt
587d4ed4e4404c0001c9d1b9,5ea01b4b2d7b4d0243d93f78,1,receiver,course,market,market-course,,market,25709
587d4ed4e4404c0001c9d1b9,5ea01b4b2d7b4d0243d93f78,2,sender,market,review,haq-tezalipu-zah-pofepilu-saqotiwe-lehaqifu-meh-kuh-qip-wepitula,tezalipu,,33830
587d4ed4e4404c0001c9d1b9,5ea01b4b2d7b4d0243d93f78,3,receiver,number,travel,travel-number,,number,8750
587d4ed4e4404c0001c9d1b9,5ea01b4b2d7b4d0243d93f78,4,sender,change,market,haq-tezalipu-zah-pofepilu-saqotiwe-lehaqifu-meh-kuh-qip-wepitula,meh,,33197
587d4ed4e4404c0001c9d1b9,5ea01b4b2d7b4d0243d93f78,5,receiver,course,ground,ground-course,,ground,7018
587d4ed4e4404c0001c9d1b9,5ea01b4b2d7b4d0243d93f78,6,sender,review,travel,haq-tezalipu-zah-pofepilu-saqotiwe-lehaqifu-meh-kuh-qip-wepitula,wepitula,,14467
587d4ed4e4404c0001c9d1b9,5ea01b4b2d7b4d0243d93f78,7,receiver,course,design,design-course,,design,3871
587d4ed4e4404c0001c9d1b9,5ea01b4b2d7b4d0243d93f78,8,sender,change,future,haq-tezalipu-zah-pofepilu-saqotiwe-lehaqifu-meh-kuh-qip-wepitula,pofepilu,,16587
587d4ed4e4404c0001c9d1b9,5ea01b4b2d7b4d0243d93f78,9,receiver,change,travel,travel-change,,travel,6363
587d4ed4e4404c0001c9d1b9,5ea01b4b2d7b4d0243d93f78,10,sender,number,travel,haq-tezalipu-zah-pofepilu-saqotiwe-lehaqifu-meh-kuh-qip-wepitula,saqotiwe,,16233
587d4ed4e4404c0001c9d1b9,5ea01b4b2d7b4d0243d93f78,11,receiver,credit,future,credit-future,,credit,7024
587d4ed4e4404c0001c9d1b9,5ea01b4b2d7b4d0243d93f78,12,sender,ground,market,haq-tezalipu-zah-pofepilu-saqotiwe-lehaqifu-meh-kuh-qip-wepitula,haq,,15833
587d4ed4e4404c0001c9d1b9,5ea01b4b2d7b4d0243d93f78,13,receiver,ground,market,ground-market,,market,11952
587d4ed4e4404c0001c9d1b9,5ea01b4b2d7b4d0243d93f78,14,sender,design,number,haq-tezalipu-zah-pofepilu-saqotiwe-lehaqifu-meh-kuh-qip-wepitula,pofepilu,,7997
587d4ed4e4404c0001c9d1b9,5ea01b4b2d7b4d0243d93f78,15,receiver,credit,design,design-credit,,design,7522
587d4ed4e4404c0001c9d1b9,5ea01b4b2d7b4d0243d93f78,16,sender,ground,number,haq-tezalipu-zah-pofepilu-saqotiwe-lehaqifu-meh-kuh-qip-wepitula,haq,,9171
587d4ed4e4404c0001c9d1b9,5ea01b4b2d7b4d0243d93f78,17,receiver,course,number,number-course,,number,3296
587d4ed4e4404c0001c9d1b9,5ea01b4b2d7b4d0243d93f78,18,sender,ground,review,haq-tezalipu-zah-pofepilu-saqotiwe-lehaqifu-meh-kuh-qip-wepitula,tezalipu,,11655
587d4ed4e4404c0001c9d1b9,5ea01b4b2d7b4d0243d93f78,19,receiver,design,travel,design-travel,,travel,6518
587d4ed4e4404c0001c9d1b9,5ea01b4b2d7b4d0243d93f78,20,sender,design,future,haq-tezalipu-zah-pofepilu-saqotiwe-lehaqifu-meh-kuh-qip-wepitula,pofepilu,,11291
587d4ed4e4404c0001c9d1b9,5ea01b4b2d7b4d0243d93f78,21,receiver,market,number,number-market,,market,2977
587d4ed4e4404c0001c9d1b9,5ea01b4b2d7b4d0243d93f78,22,sender,course,travel,haq-tezalipu-zah-pofepilu-saqotiwe-lehaqifu-meh-kuh-qip-wepitula,kuh,,16240
587d4ed4e4404c0001c9d1b9,5ea01b4b2d7b4d0243d93f78,23,receiver,change,ground,ground-change,,ground,4280
587d4ed4e4404c0001c9d1b9,5ea01b4b2d7b4d0243d93f78,24,sender,design,ground,haq-tezalipu-zah-pofepilu-saqotiwe-lehaqifu-meh-kuh-qip-wepitula,haq,,26731
587d4ed4e4404c0001c9d1b9,5ea01b4b2d7b4d0243d93f78,25,receiver,design,number,number-design,,number,3027
587d4ed4e4404c0001c9d1b9,5ea01b4b2d7b4d0243d93f78,26,sender,credit,design,haq-tezalipu-zah-pofepilu-saqotiwe-lehaqifu-meh-kuh-qip-wepitula,qip,,10899
587d4ed4e4404c0001c9d1b9,5ea01b4b2d7b4d0243d93f78,27,receiver,design,review,review-design,,review,4410
587d4ed4e4404c0001c9d1b9,5ea01b4b2d7b4d0243d93f78,28,sender,design,market,haq-tezalipu-zah-pofepilu-saqotiwe-lehaqifu-meh-kuh-qip-wepitula,lehaqifu,,5444
587d4ed4e4404c0001c9d1b9,5ea01b4b2d7b4d0243d93f78,29,receiver,credit,ground,ground-credit,,ground,2381
587d4ed4e4404c0001c9d1b9,5ea01b4b2d7b4d0243d93f78,30,sender,market,review,haq-tezalipu-zah-pofepilu-saqotiwe-lehaqifu-meh-kuh-qip-wepitula,tezalipu,,12793
587d4ed4e4404c0001c9d1b9,5ea01b4b2d7b4d0243d93f78,31,receiver,design,market,market-design,,market,4960
587d4ed4e4404c0001c9d1b9,5ea01b4b2d7b4d0243d93f78,32,sender,course,design,haq-tezalipu-zah-pofepilu-saqotiwe-lehaqifu-meh-kuh-qip-wepitula,kuh,,5460
587d4ed4e4404c0001c9d1b9,5ea01b4b2d7b4d0243d93f78,33,receiver,ground,market,market-ground,,ground,10974
587d4ed4e4404c0001c9d1b9,5ea01b4b2d7b4d0243d93f78,34,sender,course,market,haq-tezalipu-zah-pofepilu-saqotiwe-lehaqifu-meh-kuh-qip-wepitula,meh,,11341
587d4ed4e4404c0001c9d1b9,5ea01b4b2d7b4d0243d93f78,35,receiver,credit,review,review-credit,,review,5422
587d4ed4e4404c0001c9d1b9,5ea01b4b2d7b4d0243d93f78,36,sender,review,travel,haq-tezalipu-zah-pofepilu-saqotiwe-lehaqifu-meh-kuh-qip-wepitula,tezalipu,,13567
587d4ed4e4404c0001c9d1b9,5ea01b4b2d7b4d0243d93f78,37,receiver,design,number,number-design,,number,4046
587d4ed4e4404c0001c9d1b9,5ea01b4b2d7b4d0243d93f78,38,sender,future,ground,haq-tezalipu-zah-pofepilu-saqotiwe-lehaqifu-meh-kuh-qip-wepitula,saqotiwe,,7193
587d4ed4e4404c0001c9d1b9,5ea01b4b2d7b4d0243d93f78,39,receiver,course,travel,travel-course,,travel,6689
587d4ed4e4404c0001c9d1b9,5ea01b4b2d7b4d0243d93f78,40,sender,future,market,haq-tezalipu-zah-pofepilu-saqotiwe-lehaqifu-meh-kuh-qip-wepitula,lehaqifu,,12472
587d4ed4e4404c0001c9d1b9,5ea01b4b2d7b4d0243d93f78,41,receiver,credit,market,credit-market,,credit,4961
587d4ed4e4404c0001c9d1b9,5ea01b4b2d7b4d0243d93f78,42,sender,market,number,haq-tezalipu-zah-pofepilu-saqotiwe-lehaqifu-meh-kuh-qip-wepitula,pofepilu,,13952
587d4ed4e4404c0001c9d1b9,5ea01b4b2d7b4d0243d93f78,43,receiver,course,future,future-course,,course,5384
587d4ed4e4404c0001c9d1b9,5ea01b4b2d7b4d0243d93f78,44,sender,course,future,haq-tezalipu-zah-pofepilu-saqotiwe-lehaqifu-meh-kuh-qip-wepitula,saqotiwe,,19038
587d4ed4e4404c0001c9d1b9,5ea01b4b2d7b4d0243d93f78,45,receiver,market,review,market-review,,review,3771
587d4ed4e4404c0001c9d1b9,5ea01b4b2d7b4d0243d93f78,46,sender,change,travel,haq-tezalipu-zah-pofepilu-saqotiwe-lehaqifu-meh-kuh-qip-wepitula,haq,,6676
587d4ed4e4404c0001c9d1b9,5ea01b4b2d7b4d0243d93f78,47,receiver,ground,travel,travel-ground,,ground,9200
587d4ed4e4404c0001c9d1b9,5ea01b4b2d7b4d0243d93f78,48,sender,design,travel,haq-tezalipu-zah-pofepilu-saqotiwe-lehaqifu-meh-kuh-qip-wepitula,wepitula,,19546
587d4ed4e4404c0001c9d1b9,5ea01b4b2d7b4d0243d93f78,49,receiver,course,number,course-number,,course,8550
587d4ed4e4404c0001c9d1b9,5ea01b4b2d7b4d0243d93f78,50,sender,future,number,haq-tezalipu-zah-pofepilu-saqotiwe-lehaqifu-meh-kuh-qip-wepitula,saqotiwe,,11177
587d4ed4e4404c0001c9d1b9,5ea01b4b2d7b4d0243d93f78,51,receiver,credit,travel,travel-credit,,travel,8973
587d4ed4e4404c0001c9d1b9,5ea01b4b2d7b4d0243d93f78,52,sender,future,travel,haq-tezalipu-zah-pofepilu-saqotiwe-lehaqifu-meh-kuh-qip-wepitula,saqotiwe,,21810
587d4ed4e4404c0001c9d1b9,5ea01b4b2d7b4d0243d93f78,53,receiver,credit,ground,credit-ground,,ground,6120
587d4ed4e4404c0001c9d1b9,5ea01b4b2d7b4d0243d93f78,54,sender,future,ground,haq-tezalipu-zah-pofepilu-saqotiwe-lehaqifu-meh-kuh-qip-wepitula,saqotiwe,,10020
587d4ed4e4404c0001c9d1b9,5ea01b4b2d7b4d0243d93f78,55,receiver,future,review,future-review,,review,10334
587d4ed4e4404c0001c9d1b9,5ea01b4b2d7b4d0243d93f78,56,sender,course,market,haq-tezalipu-zah-pofepilu-saqotiwe-lehaqifu-meh-kuh-qip-wepitula,zah,,5275
587d4ed4e4404c0001c9d1b9,5ea01b4b2d7b4d0243d93f78,57,receiver,credit,ground,credit-ground,,ground,8861
587d4ed4e4404c0001c9d1b9,5ea01b4b2d7b4d0243d93f78,58,sender,future,market,haq-tezalipu-zah-pofepilu-saqotiwe-lehaqifu-meh-kuh-qip-wepitula,saqotiwe,,9906
587d4ed4e4404c0001c9d1b9,5ea01b4b2d7b4d0243d93f78,59,receiver,ground,number,number-ground,,ground,7346
587d4ed4e4404c0001c9d1b9,5ea01b4b2d7b4d0243d93f78,60,sender,course,number,haq-tezalipu-zah-pofepilu-saqotiwe-lehaqifu-meh-kuh-qip-wepitula,qip,,9748
587d4ed4e4404c0001c9d1b9,5ea01b4b2d7b4d0243d93f78,61,receiver,course,credit,credit-course,,course,2971
587d4ed4e4404c0001c9d1b9,5ea01b4b2d7b4d0243d93f78,62,sender,credit,market,haq-tezalipu-zah-pofepilu-saqotiwe-lehaqifu-meh-kuh-qip-wepitula,pofepilu,,7241
587d4ed4e4404c0001c9d1b9,5ea01b4b2d7b4d0243d93f78,63,receiver,change,design,design-change,,change,11304
587d4ed4e4404c0001c9d1b9,5ea01b4b2d7b4d0243d93f78,64,sender,change,number,haq-tezalipu-zah-pofepilu-saqotiwe-lehaqifu-meh-kuh-qip-wepitula,lehaqifu,,11185
587d4ed4e4404c0001c9d1b9,5ea01b4b2d7b4d0243d93f78,65,receiver,course,review,review-course,,course,17552
587d4ed4e4404c0001c9d1b9,5ea01b4b2d7b4d0243d93f78,66,sender,ground,travel,haq-tezalipu-zah-pofepilu-saqotiwe-lehaqifu-meh-kuh-qip-wepitula,haq,,9201
587d4ed4e4404c0001c9d1b9,5ea01b4b2d7b4d0243d93f78,67,receiver,design,market,design-market,,market,13243
587d4ed4e4404c0001c9d1b9,5ea01b4b2d7b4d0243d93f78,68,sender,credit,number,haq-tezalipu-zah-pofepilu-saqotiwe-lehaqifu-meh-kuh-qip-wepitula,pofepilu,,4761
587d4ed4e4404c0001c9d1b9,5ea01b4b2d7b4d0243d93f78,69,receiver,future,market,market-future,,market,4428
587d4ed4e4404c0001c9d1b9,5ea01b4b2d7b4d0243d93f78,70,sender,review,travel,haq-tezalipu-zah-pofepilu-saqotiwe-lehaqifu-meh-kuh-qip-wepitula,tezalipu,,7522
587d4ed4e4404c0001c9d1b9,5ea01b4b2d7b4d0243d93f78,71,receiver,number,review,review-number,,number,17530
587d4ed4e4404c0001c9d1b9,5ea01b4b2d7b4d0243d93f78,72,sender,credit,market,haq-tezalipu-zah-pofepilu-saqotiwe-lehaqifu-meh-kuh-qip-wepitula,pofepilu,,19810
587d4ed4e4404c0001c9d1b9,5ea01b4b2d7b4d0243d93f78,73,receiver,number,review,number-review,,number,11307
587d4ed4e4404c0001c9d1b9,5ea01b4b2d7b4d0243d93f78,74,sender,design,future,haq-tezalipu-zah-pofepilu-saqotiwe-lehaqifu-meh-kuh-qip-wepitula,wepitula,,14468
587d4ed4e4404c0001c9d1b9,5ea01b4b2d7b4d0243d93f78,75,receiver,future,review,review-future,,future,5992
587d4ed4e4404c0001c9d1b9,5ea01b4b2d7b4d0243d93f78,76,sender,design,ground,haq-tezalipu-zah-pofepilu-saqotiwe-lehaqifu-meh-kuh-qip-wepitula,wepitula,,5334
587d4ed4e4404c0001c9d1b9,5ea01b4b2d7b4d0243d93f78,77,receiver,change,future,change-future,,change,9495
587d4ed4e4404c0001c9d1b9,5ea01b4b2d7b4d0243d93f78,78,sender,change,course,haq-tezalipu-zah-pofepilu-saqotiwe-lehaqifu-meh-kuh-qip-wepitula,zah,,6880
587d4ed4e4404c0001c9d1b9,5ea01b4b2d7b4d0243d93f78,79,receiver,course,ground,ground-course,,course,4163
587d4ed4e4404c0001c9d1b9,5ea01b4b2d7b4d0243d93f78,80,sender,future,travel,haq-tezalipu-zah-pofepilu-saqotiwe-lehaqifu-meh-kuh-qip-wepitula,saqotiwe,,8549
587d4ed4e4404c0001c9d1b9,5ea01b4b2d7b4d0243d93f78,81,receiver,future,number,future-number,,number,6626
587d4ed4e4404c0001c9d1b9,5ea01b4b2d7b4d0243d93f78,82,sender,change,review,haq-tezalipu-zah-pofepilu-saqotiwe-lehaqifu-meh-kuh-qip-wepitula,zah,,6535
587d4ed4e4404c0001c9d1b9,5ea01b4b2d7b4d0243d93f78,83,receiver,change,market,market-change,,change,10795
587d4ed4e4404c0001c9d1b9,5ea01b4b2d7b4d0243d93f78,84,sender,ground,number,haq-tezalipu-zah-pofepilu-saqotiwe-lehaqifu-meh-kuh-qip-wepitula,haq,,10427
587d4ed4e4404c0001c9d1b9,5ea01b4b2d7b4d0243d93f78,85,receiver,change,credit,change-credit,,change,7636
587d4ed4e4404c0001c9d1b9,5ea01b4b2d7b4d0243d93f78,86,sender,market,number,haq-tezalipu-zah-pofepilu-saqotiwe-lehaqifu-meh-kuh-qip-wepitula,lehaqifu,,8437
587d4ed4e4404c0001c9d1b9,5ea01b4b2d7b4d0243d93f78,87,receiver,change,course,course-change,,course,7079
587d4ed4e4404c0001c9d1b9,5ea01b4b2d7b4d0243d93f78,88,sender,course,travel,haq-tezalipu-zah-pofepilu-saqotiwe-lehaqifu-meh-kuh-qip-wepitula,zah,,16636
587d4ed4e4404c0001c9d1b9,5ea01b4b2d7b4d0243d93f78,89,receiver,market,travel,market-travel,,travel,3005
587d4ed4e4404c0001c9d1b9,5ea01b4b2d7b4d0243d93f78,90,sender,future,travel,haq-tezalipu-zah-pofepilu-saqotiwe-lehaqifu-meh-kuh-qip-wepitula,saqotiwe,,12242
587d4ed4e4404c0001c9d1b9,5ea01b4b2d7b4d0243d93f78,91,receiver,credit,design,design-credit,,design,7654
587d4ed4e4404c0001c9d1b9,5ea01b4b2d7b4d0243d93f78,92,sender,ground,travel,haq-tezalipu-zah-pofepilu-saqotiwe-lehaqifu-meh-kuh-qip-wepitula,haq,,6610
587d4ed4e4404c0001c9d1b9,5ea01b4b2d7b4d0243d93f78,93,receiver,change,review,review-change,,change,8860
587d4ed4e4404c0001c9d1b9,5ea01b4b2d7b4d0243d93f78,94,sender,design,future,haq-tezalipu-zah-pofepilu-saqotiwe-lehaqifu-meh-kuh-qip-wepitula,wepitula,,8559
587d4ed4e4404c0001c9d1b9,5ea01b4b2d7b4d0243d93f78,95,receiver,credit,number,number-credit,,credit,3394
587d4ed4e4404c0001c9d1b9,5ea01b4b2d7b4d0243d93f78,96,sender,change,travel,haq-tezalipu-zah-pofepilu-saqotiwe-lehaqifu-meh-kuh-qip-wepitula,lehaqifu,,5723
587d4ed4e4404c0001c9d1b9,5ea01b4b2d7b4d0243d93f78,97,receiver,change,ground,ground-change,,change,3205
587d4ed4e4404c0001c9d1b9,5ea01b4b2d7b4d0243d93f78,98,sender,ground,review,haq-tezalipu-zah-pofepilu-saqotiwe-lehaqifu-meh-kuh-qip-wepitula,haq,,13161
587d4ed4e4404c0001c9d1b9,5ea01b4b2d7b4d0243d93f78,99,receiver,credit,future,credit-future,,credit,4109
587d4ed4e4404c0001c9d1b9,5ea01b4b2d7b4d0243d93f78,100,sender,change,design,haq-tezalipu-zah-pofepilu-saqotiwe-lehaqifu-meh-kuh-qip-wepitula,tezalipu,,6477
587d4ed4e4404c0001c9d1b9,5ea01b4b2d7b4d0243d93f78,101,receiver,credit,travel,travel-credit,,travel,10744
587d4ed4e4404c0001c9d1b9,5ea01b4b2d7b4d0243d93f78,102,sender,course,ground,haq-tezalipu-zah-pofepilu-saqotiwe-lehaqifu-meh-kuh-qip-wepitula,zah,,5305
587d4ed4e4404c0001c9d1b9,5ea01b4b2d7b4d0243d93f78,103,receiver,change,ground,change-ground,,change,7320
587d4ed4e4404c0001c9d1b9,5ea01b4b2d7b4d0243d93f78,104,sender,design,ground,haq-tezalipu-zah-pofepilu-saqotiwe-lehaqifu-meh-kuh-qip-wepitula,saqotiwe,,22131
587d4ed4e4404c0001c9d1b9,5ea01b4b2d7b4d0243d93f78,105,receiver,course,future,course-future,,future,9945
587d4ed4e4404c0001c9d1b9,5ea01b4b2d7b4d0243d93f78,106,sender,change,credit,haq-tezalipu-zah-pofepilu-saqotiwe-lehaqifu-meh-kuh-qip-wepitula,wepitula,,4991
587d4ed4e4404c0001c9d1b9,5ea01b4b2d7b4d0243d93f78,107,receiver,change,credit,change-credit,,change,6109
587d4ed4e4404c0001c9d1b9,5ea01b4b2d7b4d0243d93f78,108,sender,market,travel,haq-tezalipu-zah-pofepilu-saqotiwe-lehaqifu-meh-kuh-qip-wepitula,lehaqifu,,6359
587d4ed4e4404c0001c9d1b9,5ea01b4b2d7b4d0243d93f78,109,receiver,credit,review,credit-review,,review,9154
587d4ed4e4404c0001c9d1b9,5ea01b4b2d7b4d0243d93f78,110,sender,future,ground,haq-tezalipu-zah-pofepilu-saqotiwe-lehaqifu-meh-kuh-qip-wepitula,saqotiwe,,4653
587d4ed4e4404c0001c9d1b9,5ea01b4b2d7b4d0243d93f78,111,receiver,course,credit,course-credit,,credit,2928
587d4ed4e4404c0001c9d1b9,5ea01b4b2d7b4d0243d93f78,112,sender,change,future,haq-tezalipu-zah-pofepilu-saqotiwe-lehaqifu-meh-kuh-qip-wepitula,wepitula,,9211
587d4ed4e4404c0001c9d1b9,5ea01b4b2d7b4d0243d93f78,113,receiver,change,review,change-review,,review,6841
587d4ed4e4404c0001c9d1b9,5ea01b4b2d7b4d0243d93f78,114,sender,change,course,haq-tezalipu-zah-pofepilu-saqotiwe-lehaqifu-meh-kuh-qip-wepitula,wepitula,,7695
587d4ed4e4404c0001c9d1b9,5ea01b4b2d7b4d0243d93f78,115,receiver,design,travel,design-travel,,travel,8326
587d4ed4e4404c0001c9d1b9,5ea01b4b2d7b4d0243d93f78,116,sender,future,number,haq-tezalipu-zah-pofepilu-saqotiwe-lehaqifu-meh-kuh-qip-wepitula,saqotiwe,,5984
587d4ed4e4404c0001c9d1b9,5ea01b4b2d7b4d0243d93f78,117,receiver,course,review,course-review,,review,10735
587d4ed4e4404c0001c9d1b9,5ea01b4b2d7b4d0243d93f78,118,sender,ground,review,haq-tezalipu-zah-pofepilu-saqotiwe-lehaqifu-meh-kuh-qip-wepitula,haq,,3165
587d4ed4e4404c0001c9d1b9,5ea01b4b2d7b4d0243d93f78,119,receiver,credit,review,review-credit,,review,5391
587d4ed4e4404c0001c9d1b9,5ea01b4b2d7b4d0243d93f78,120,sender,change,number,haq-tezalipu-zah-pofepilu-saqotiwe-lehaqifu-meh-kuh-qip-wepitula,wepitula,,3754
587d4ed4e4404c0001c9d1b9,5ea01b4b2d7b4d0243d93f78,121,receiver,design,review,design-review,,review,4466
587d4ed4e4404c0001c9d1b9,5ea01b4b2d7b4d0243d93f78,122,sender,change,market,haq-tezalipu-zah-pofepilu-saqotiwe-lehaqifu-meh-kuh-qip-wepitula,wepitula,,11100
587d4ed4e4404c0001c9d1b9,5ea01b4b2d7b4d0243d93f78,123,receiver,course,design,design-course,,course,5346
587d4ed4e4404c0001c9d1b9,5ea01b4b2d7b4d0243d93f78,124,sender,change,number,haq-tezalipu-zah-pofepilu-saqotiwe-lehaqifu-meh-kuh-qip-wepitula,meh,,8029
587d4ed4e4404c0001c9d1b9,5ea01b4b2d7b4d0243d93f78,125,receiver,change,design,change-design,,design,4025
587d4ed4e4404c0001c9d1b9,5ea01b4b2d7b4d0243d93f78,126,sender,future,review,haq-tezalipu-zah-pofepilu-saqotiwe-lehaqifu-meh-kuh-qip-wepitula,saqotiwe,,4847
587d4ed4e4404c0001c9d1b9,5ea01b4b2d7b4d0243d93f78,127,receiver,market,travel,market-travel,,travel,9100
587d4ed4e4404c0001c9d1b9,5ea01b4b2d7b4d0243d93f78,128,sender,credit,travel,haq-tezalipu-zah-pofepilu-saqotiwe-lehaqifu-meh-kuh-qip-wepitula,pofepilu,,11690
587d4ed4e4404c0001c9d1b9,5ea01b4b2d7b4d0243d93f78,129,receiver,credit,future,credit-future,,credit,2888
587d4ed4e4404c0001c9d1b9,5ea01b4b2d7b4d0243d93f78,130,sender,course,review,haq-tezalipu-zah-pofepilu-saqotiwe-lehaqifu-meh-kuh-qip-wepitula,qip,,4397
587d4ed4e4404c0001c9d1b9,5ea01b4b2d7b4d0243d93f78,131,receiver,design,review,review-design,,review,6736
587d4ed4e4404c0001c9d1b9,5ea01b4b2d7b4d0243d93f78,132,sender,credit,number,haq-tezalipu-zah-pofepilu-saqotiwe-lehaqifu-meh-kuh-qip-wepitula,pofepilu,,3929
587d4ed4e4404c0001c9d1b9,5ea01b4b2d7b4d0243d93f78,133,receiver,number,review,review-number,,number,4695
587d4ed4e4404c0001c9d1b9,5ea01b4b2d7b4d0243d93f78,134,sender,number,travel,haq-tezalipu-zah-pofepilu-saqotiwe-lehaqifu-meh-kuh-qip-wepitula,lehaqifu,,5886
587d4ed4e4404c0001c9d1b9,5ea01b4b2d7b4d0243d93f78,135,receiver,course,credit,course-credit,,course,5273