participant_id, partner_id, trial_index, trial_type, target_meaning, foil_meaning,             choices, signal_selected, meaning_guess, rt
5ea01b4b2d7b4d0243d93f78,587d4ed4e4404c0001c9d1b9,1,sender,course,market,haq-tezalipu-zah-pofepilu-saqotiwe-lehaqifu-meh-kuh-qip-wepitula,zah,,8968.9
5ea01b4b2d7b4d0243d93f78,587d4ed4e4404c0001c9d1b9,2,receiver,market,review,market-review,,market,6457.4
5ea01b4b2d7b4d0243d93f78,587d4ed4e4404c0001c9d1b9,3,sender,number,travel,haq-tezalipu-zah-pofepilu-saqotiwe-lehaqifu-meh-kuh-qip-wepitula,saqotiwe,,15986.7
5ea01b4b2d7b4d0243d93f78,587d4ed4e4404c0001c9d1b9,4,receiver,change,market,market-change,,change,4301.4
5ea01b4b2d7b4d0243d93f78,587d4ed4e4404c0001c9d1b9,5,sender,course,ground,haq-tezalipu-zah-pofepilu-saqotiwe-lehaqifu-meh-kuh-qip-wepitula,haq,,16372.9
5ea01b4b2d7b4d0243d93f78,587d4ed4e4404c0001c9d1b9,6,receiver,review,travel,review-travel,,travel,4670.4
5ea01b4b2d7b4d0243d93f78,587d4ed4e4404c0001c9d1b9,7,sender,course,design,haq-tezalipu-zah-pofepilu-saqotiwe-lehaqifu-meh-kuh-qip-wepitula,pofepilu,,9127.9
5ea01b4b2d7b4d0243d93f78,587d4ed4e4404c0001c9d1b9,8,receiver,change,future,future-change,,future,4354.1
5ea01b4b2d7b4d0243d93f78,587d4ed4e4404c0001c9d1b9,9,sender,change,travel,haq-tezalipu-zah-pofepilu-saqotiwe-lehaqifu-meh-kuh-qip-wepitula,lehaqifu,,15455.8
5ea01b4b2d7b4d0243d93f78,587d4ed4e4404c0001c9d1b9,10,receiver,number,travel,number-travel,,number,3745.5
5ea01b4b2d7b4d0243d93f78,587d4ed4e4404c0001c9d1b9,11,sender,credit,future,haq-tezalipu-zah-pofepilu-saqotiwe-lehaqifu-meh-kuh-qip-wepitula,tezalipu,,14916.5
5ea01b4b2d7b4d0243d93f78,587d4ed4e4404c0001c9d1b9,12,receiver,ground,market,ground-market,,ground,3139
5ea01b4b2d7b4d0243d93f78,587d4ed4e4404c0001c9d1b9,13,sender,ground,market,haq-tezalipu-zah-pofepilu-saqotiwe-lehaqifu-meh-kuh-qip-wepitula,tezalipu,,12038.4
5ea01b4b2d7b4d0243d93f78,587d4ed4e4404c0001c9d1b9,14,receiver,design,number,design-number,,design,14293.6
5ea01b4b2d7b4d0243d93f78,587d4ed4e4404c0001c9d1b9,15,sender,credit,design,haq-tezalipu-zah-pofepilu-saqotiwe-lehaqifu-meh-kuh-qip-wepitula,pofepilu,,12228.6
5ea01b4b2d7b4d0243d93f78,587d4ed4e4404c0001c9d1b9,16,receiver,ground,number,ground-number,,ground,4461
5ea01b4b2d7b4d0243d93f78,587d4ed4e4404c0001c9d1b9,17,sender,course,number,haq-tezalipu-zah-pofepilu-saqotiwe-lehaqifu-meh-kuh-qip-wepitula,wepitula,,9353.5
5ea01b4b2d7b4d0243d93f78,587d4ed4e4404c0001c9d1b9,18,receiver,ground,review,review-ground,,review,6527.9
5ea01b4b2d7b4d0243d93f78,587d4ed4e4404c0001c9d1b9,19,sender,design,travel,haq-tezalipu-zah-pofepilu-saqotiwe-lehaqifu-meh-kuh-qip-wepitula,tezalipu,,8469.8
5ea01b4b2d7b4d0243d93f78,587d4ed4e4404c0001c9d1b9,20,receiver,design,future,future-design,,design,4736.4
5ea01b4b2d7b4d0243d93f78,587d4ed4e4404c0001c9d1b9,21,sender,market,number,haq-tezalipu-zah-pofepilu-saqotiwe-lehaqifu-meh-kuh-qip-wepitula,lehaqifu,,12257.5
5ea01b4b2d7b4d0243d93f78,587d4ed4e4404c0001c9d1b9,22,receiver,course,travel,travel-course,,course,5923.4
5ea01b4b2d7b4d0243d93f78,587d4ed4e4404c0001c9d1b9,23,sender,change,ground,haq-tezalipu-zah-pofepilu-saqotiwe-lehaqifu-meh-kuh-qip-wepitula,haq,,7322.6
5ea01b4b2d7b4d0243d93f78,587d4ed4e4404c0001c9d1b9,24,receiver,design,ground,design-ground,,ground,4643.2
5ea01b4b2d7b4d0243d93f78,587d4ed4e4404c0001c9d1b9,25,sender,design,number,haq-tezalipu-zah-pofepilu-saqotiwe-lehaqifu-meh-kuh-qip-wepitula,pofepilu,,6580.3
5ea01b4b2d7b4d0243d93f78,587d4ed4e4404c0001c9d1b9,26,receiver,credit,design,credit-design,,credit,6375.6
5ea01b4b2d7b4d0243d93f78,587d4ed4e4404c0001c9d1b9,27,sender,design,review,haq-tezalipu-zah-pofepilu-saqotiwe-lehaqifu-meh-kuh-qip-wepitula,saqotiwe,,10324.5
5ea01b4b2d7b4d0243d93f78,587d4ed4e4404c0001c9d1b9,28,receiver,design,market,market-design,,design,7271.3
5ea01b4b2d7b4d0243d93f78,587d4ed4e4404c0001c9d1b9,29,sender,credit,ground,haq-tezalipu-zah-pofepilu-saqotiwe-lehaqifu-meh-kuh-qip-wepitula,haq,,7586.5
5ea01b4b2d7b4d0243d93f78,587d4ed4e4404c0001c9d1b9,30,receiver,market,review,market-review,,market,6188.9
5ea01b4b2d7b4d0243d93f78,587d4ed4e4404c0001c9d1b9,31,sender,design,market,haq-tezalipu-zah-pofepilu-saqotiwe-lehaqifu-meh-kuh-qip-wepitula,pofepilu,,10581.9
5ea01b4b2d7b4d0243d93f78,587d4ed4e4404c0001c9d1b9,32,receiver,course,design,course-design,,course,4218.8
5ea01b4b2d7b4d0243d93f78,587d4ed4e4404c0001c9d1b9,33,sender,ground,market,haq-tezalipu-zah-pofepilu-saqotiwe-lehaqifu-meh-kuh-qip-wepitula,tezalipu,,10873.5
5ea01b4b2d7b4d0243d93f78,587d4ed4e4404c0001c9d1b9,34,receiver,course,market,course-market,,course,6600.4
5ea01b4b2d7b4d0243d93f78,587d4ed4e4404c0001c9d1b9,35,sender,credit,review,haq-tezalipu-zah-pofepilu-saqotiwe-lehaqifu-meh-kuh-qip-wepitula,wepitula,,8016.9
5ea01b4b2d7b4d0243d93f78,587d4ed4e4404c0001c9d1b9,36,receiver,review,travel,travel-review,,travel,8705.8
5ea01b4b2d7b4d0243d93f78,587d4ed4e4404c0001c9d1b9,37,sender,design,number,haq-tezalipu-zah-pofepilu-saqotiwe-lehaqifu-meh-kuh-qip-wepitula,pofepilu,,10008.4
5ea01b4b2d7b4d0243d93f78,587d4ed4e4404c0001c9d1b9,38,receiver,future,ground,future-ground,,future,2822.4
5ea01b4b2d7b4d0243d93f78,587d4ed4e4404c0001c9d1b9,39,sender,course,travel,haq-tezalipu-zah-pofepilu-saqotiwe-lehaqifu-meh-kuh-qip-wepitula,lehaqifu,,8982.6
5ea01b4b2d7b4d0243d93f78,587d4ed4e4404c0001c9d1b9,40,receiver,future,market,future-market,,market,3051.1
5ea01b4b2d7b4d0243d93f78,587d4ed4e4404c0001c9d1b9,41,sender,credit,market,haq-tezalipu-zah-pofepilu-saqotiwe-lehaqifu-meh-kuh-qip-wepitula,tezalipu,,6085.7
5ea01b4b2d7b4d0243d93f78,587d4ed4e4404c0001c9d1b9,42,receiver,market,number,market-number,,number,3008.3
5ea01b4b2d7b4d0243d93f78,587d4ed4e4404c0001c9d1b9,43,sender,course,future,haq-tezalipu-zah-pofepilu-saqotiwe-lehaqifu-meh-kuh-qip-wepitula,zah,,6043.3
5ea01b4b2d7b4d0243d93f78,587d4ed4e4404c0001c9d1b9,44,receiver,course,future,course-future,,course,2867.4
5ea01b4b2d7b4d0243d93f78,587d4ed4e4404c0001c9d1b9,45,sender,market,review,haq-tezalipu-zah-pofepilu-saqotiwe-lehaqifu-meh-kuh-qip-wepitula,tezalipu,,6748
5ea01b4b2d7b4d0243d93f78,587d4ed4e4404c0001c9d1b9,46,receiver,change,travel,change-travel,,travel,2712.2
5ea01b4b2d7b4d0243d93f78,587d4ed4e4404c0001c9d1b9,47,sender,ground,travel,haq-tezalipu-zah-pofepilu-saqotiwe-lehaqifu-meh-kuh-qip-wepitula,saqotiwe,,3942.7
5ea01b4b2d7b4d0243d93f78,587d4ed4e4404c0001c9d1b9,48,receiver,design,travel,design-travel,,design,2444.9
5ea01b4b2d7b4d0243d93f78,587d4ed4e4404c0001c9d1b9,49,sender,course,number,haq-tezalipu-zah-pofepilu-saqotiwe-lehaqifu-meh-kuh-qip-wepitula,qip,,3830.3
5ea01b4b2d7b4d0243d93f78,587d4ed4e4404c0001c9d1b9,50,receiver,future,number,future-number,,future,5918.6
5ea01b4b2d7b4d0243d93f78,587d4ed4e4404c0001c9d1b9,51,sender,credit,travel,haq-tezalipu-zah-pofepilu-saqotiwe-lehaqifu-meh-kuh-qip-wepitula,pofepilu,,10980.1
5ea01b4b2d7b4d0243d93f78,587d4ed4e4404c0001c9d1b9,52,receiver,future,travel,future-travel,,travel,2870.9
5ea01b4b2d7b4d0243d93f78,587d4ed4e4404c0001c9d1b9,53,sender,credit,ground,haq-tezalipu-zah-pofepilu-saqotiwe-lehaqifu-meh-kuh-qip-wepitula,haq,,7317.4
5ea01b4b2d7b4d0243d93f78,587d4ed4e4404c0001c9d1b9,54,receiver,future,ground,future-ground,,future,3285.8
5ea01b4b2d7b4d0243d93f78,587d4ed4e4404c0001c9d1b9,55,sender,future,review,haq-tezalipu-zah-pofepilu-saqotiwe-lehaqifu-meh-kuh-qip-wepitula,lehaqifu,,3509.7
5ea01b4b2d7b4d0243d93f78,587d4ed4e4404c0001c9d1b9,56,receiver,course,market,market-course,,course,3152.5
5ea01b4b2d7b4d0243d93f78,587d4ed4e4404c0001c9d1b9,57,sender,credit,ground,haq-tezalipu-zah-pofepilu-saqotiwe-lehaqifu-meh-kuh-qip-wepitula,tezalipu,,9494.5
5ea01b4b2d7b4d0243d93f78,587d4ed4e4404c0001c9d1b9,58,receiver,future,market,market-future,,future,2373.8
5ea01b4b2d7b4d0243d93f78,587d4ed4e4404c0001c9d1b9,59,sender,ground,number,haq-tezalipu-zah-pofepilu-saqotiwe-lehaqifu-meh-kuh-qip-wepitula,haq,,6346.3
5ea01b4b2d7b4d0243d93f78,587d4ed4e4404c0001c9d1b9,60,receiver,course,number,number-course,,number,3043.8
5ea01b4b2d7b4d0243d93f78,587d4ed4e4404c0001c9d1b9,61,sender,course,credit,haq-tezalipu-zah-pofepilu-saqotiwe-lehaqifu-meh-kuh-qip-wepitula,zah,,12171.3
5ea01b4b2d7b4d0243d93f78,587d4ed4e4404c0001c9d1b9,62,receiver,credit,market,market-credit,,market,3047.4
5ea01b4b2d7b4d0243d93f78,587d4ed4e4404c0001c9d1b9,63,sender,change,design,haq-tezalipu-zah-pofepilu-saqotiwe-lehaqifu-meh-kuh-qip-wepitula,lehaqifu,,4334.4
5ea01b4b2d7b4d0243d93f78,587d4ed4e4404c0001c9d1b9,64,receiver,change,number,change-number,,change,3636.7
5ea01b4b2d7b4d0243d93f78,587d4ed4e4404c0001c9d1b9,65,sender,course,review,haq-tezalipu-zah-pofepilu-saqotiwe-lehaqifu-meh-kuh-qip-wepitula,pofepilu,,4134.5
5ea01b4b2d7b4d0243d93f78,587d4ed4e4404c0001c9d1b9,66,receiver,ground,travel,travel-ground,,ground,3935.7
5ea01b4b2d7b4d0243d93f78,587d4ed4e4404c0001c9d1b9,67,sender,design,market,haq-tezalipu-zah-pofepilu-saqotiwe-lehaqifu-meh-kuh-qip-wepitula,pofepilu,,6346.9
5ea01b4b2d7b4d0243d93f78,587d4ed4e4404c0001c9d1b9,68,receiver,credit,number,credit-number,,credit,2526.6
5ea01b4b2d7b4d0243d93f78,587d4ed4e4404c0001c9d1b9,69,sender,future,market,haq-tezalipu-zah-pofepilu-saqotiwe-lehaqifu-meh-kuh-qip-wepitula,lehaqifu,,6085.2
5ea01b4b2d7b4d0243d93f78,587d4ed4e4404c0001c9d1b9,70,receiver,review,travel,review-travel,,travel,3500.8
5ea01b4b2d7b4d0243d93f78,587d4ed4e4404c0001c9d1b9,71,sender,number,review,haq-tezalipu-zah-pofepilu-saqotiwe-lehaqifu-meh-kuh-qip-wepitula,saqotiwe,,4551
5ea01b4b2d7b4d0243d93f78,587d4ed4e4404c0001c9d1b9,72,receiver,credit,market,credit-market,,credit,2414.1
5ea01b4b2d7b4d0243d93f78,587d4ed4e4404c0001c9d1b9,73,sender,number,review,haq-tezalipu-zah-pofepilu-saqotiwe-lehaqifu-meh-kuh-qip-wepitula,saqotiwe,,4242.6
5ea01b4b2d7b4d0243d93f78,587d4ed4e4404c0001c9d1b9,74,receiver,design,future,design-future,,design,3763.6
5ea01b4b2d7b4d0243d93f78,587d4ed4e4404c0001c9d1b9,75,sender,future,review,haq-tezalipu-zah-pofepilu-saqotiwe-lehaqifu-meh-kuh-qip-wepitula,saqotiwe,,4033.4
5ea01b4b2d7b4d0243d93f78,587d4ed4e4404c0001c9d1b9,76,receiver,design,ground,design-ground,,ground,2509.6
5ea01b4b2d7b4d0243d93f78,587d4ed4e4404c0001c9d1b9,77,sender,change,future,haq-tezalipu-zah-pofepilu-saqotiwe-lehaqifu-meh-kuh-qip-wepitula,zah,,4702.1
5ea01b4b2d7b4d0243d93f78,587d4ed4e4404c0001c9d1b9,78,receiver,change,course,course-change,,course,2278.7
5ea01b4b2d7b4d0243d93f78,587d4ed4e4404c0001c9d1b9,79,sender,course,ground,haq-tezalipu-zah-pofepilu-saqotiwe-lehaqifu-meh-kuh-qip-wepitula,zah,,3856.3
5ea01b4b2d7b4d0243d93f78,587d4ed4e4404c0001c9d1b9,80,receiver,future,travel,travel-future,,future,2530.1
5ea01b4b2d7b4d0243d93f78,587d4ed4e4404c0001c9d1b9,81,sender,future,number,haq-tezalipu-zah-pofepilu-saqotiwe-lehaqifu-meh-kuh-qip-wepitula,meh,,2729.5
5ea01b4b2d7b4d0243d93f78,587d4ed4e4404c0001c9d1b9,82,receiver,change,review,review-change,,review,3134.3
5ea01b4b2d7b4d0243d93f78,587d4ed4e4404c0001c9d1b9,83,sender,change,market,haq-tezalipu-zah-pofepilu-saqotiwe-lehaqifu-meh-kuh-qip-wepitula,pofepilu,,5609.2
5ea01b4b2d7b4d0243d93f78,587d4ed4e4404c0001c9d1b9,84,receiver,ground,number,number-ground,,number,1833.4
5ea01b4b2d7b4d0243d93f78,587d4ed4e4404c0001c9d1b9,85,sender,change,credit,haq-tezalipu-zah-pofepilu-saqotiwe-lehaqifu-meh-kuh-qip-wepitula,zah,,4197.8
5ea01b4b2d7b4d0243d93f78,587d4ed4e4404c0001c9d1b9,86,receiver,market,number,market-number,,number,1620.3
5ea01b4b2d7b4d0243d93f78,587d4ed4e4404c0001c9d1b9,87,sender,change,course,haq-tezalipu-zah-pofepilu-saqotiwe-lehaqifu-meh-kuh-qip-wepitula,lehaqifu,,3849.3
5ea01b4b2d7b4d0243d93f78,587d4ed4e4404c0001c9d1b9,88,receiver,course,travel,course-travel,,course,1960.5
5ea01b4b2d7b4d0243d93f78,587d4ed4e4404c0001c9d1b9,89,sender,market,travel,haq-tezalipu-zah-pofepilu-saqotiwe-lehaqifu-meh-kuh-qip-wepitula,meh,,3831.6
5ea01b4b2d7b4d0243d93f78,587d4ed4e4404c0001c9d1b9,90,receiver,future,travel,travel-future,,future,4154.5
5ea01b4b2d7b4d0243d93f78,587d4ed4e4404c0001c9d1b9,91,sender,credit,design,haq-tezalipu-zah-pofepilu-saqotiwe-lehaqifu-meh-kuh-qip-wepitula,qip,,7039
5ea01b4b2d7b4d0243d93f78,587d4ed4e4404c0001c9d1b9,92,receiver,ground,travel,travel-ground,,ground,2078.3
5ea01b4b2d7b4d0243d93f78,587d4ed4e4404c0001c9d1b9,93,sender,change,review,haq-tezalipu-zah-pofepilu-saqotiwe-lehaqifu-meh-kuh-qip-wepitula,lehaqifu,,3131.1
5ea01b4b2d7b4d0243d93f78,587d4ed4e4404c0001c9d1b9,94,receiver,design,future,future-design,,future,2386.2
5ea01b4b2d7b4d0243d93f78,587d4ed4e4404c0001c9d1b9,95,sender,credit,number,haq-tezalipu-zah-pofepilu-saqotiwe-lehaqifu-meh-kuh-qip-wepitula,pofepilu,,3971.8
5ea01b4b2d7b4d0243d93f78,587d4ed4e4404c0001c9d1b9,96,receiver,change,travel,travel-change,,travel,2109.8
5ea01b4b2d7b4d0243d93f78,587d4ed4e4404c0001c9d1b9,97,sender,change,ground,haq-tezalipu-zah-pofepilu-saqotiwe-lehaqifu-meh-kuh-qip-wepitula,tezalipu,,4084.2
5ea01b4b2d7b4d0243d93f78,587d4ed4e4404c0001c9d1b9,98,receiver,ground,review,review-ground,,ground,1792.8
5ea01b4b2d7b4d0243d93f78,587d4ed4e4404c0001c9d1b9,99,sender,credit,future,haq-tezalipu-zah-pofepilu-saqotiwe-lehaqifu-meh-kuh-qip-wepitula,pofepilu,,2870.2
5ea01b4b2d7b4d0243d93f78,587d4ed4e4404c0001c9d1b9,100,receiver,change,design,design-change,,change,2210.2
5ea01b4b2d7b4d0243d93f78,587d4ed4e4404c0001c9d1b9,101,sender,credit,travel,haq-tezalipu-zah-pofepilu-saqotiwe-lehaqifu-meh-kuh-qip-wepitula,kuh,,5294.5
5ea01b4b2d7b4d0243d93f78,587d4ed4e4404c0001c9d1b9,102,receiver,course,ground,course-ground,,course,1434.2
5ea01b4b2d7b4d0243d93f78,587d4ed4e4404c0001c9d1b9,103,sender,change,ground,haq-tezalipu-zah-pofepilu-saqotiwe-lehaqifu-meh-kuh-qip-wepitula,wepitula,,2878.9
5ea01b4b2d7b4d0243d93f78,587d4ed4e4404c0001c9d1b9,104,receiver,design,ground,ground-design,,ground,2903.8
5ea01b4b2d7b4d0243d93f78,587d4ed4e4404c0001c9d1b9,105,sender,course,future,haq-tezalipu-zah-pofepilu-saqotiwe-lehaqifu-meh-kuh-qip-wepitula,wepitula,,3634.2
5ea01b4b2d7b4d0243d93f78,587d4ed4e4404c0001c9d1b9,106,receiver,change,credit,credit-change,,credit,2909.3
5ea01b4b2d7b4d0243d93f78,587d4ed4e4404c0001c9d1b9,107,sender,change,credit,haq-tezalipu-zah-pofepilu-saqotiwe-lehaqifu-meh-kuh-qip-wepitula,wepitula,,2861.6
5ea01b4b2d7b4d0243d93f78,587d4ed4e4404c0001c9d1b9,108,receiver,market,travel,market-travel,,travel,3482.7
5ea01b4b2d7b4d0243d93f78,587d4ed4e4404c0001c9d1b9,109,sender,credit,review,haq-tezalipu-zah-pofepilu-saqotiwe-lehaqifu-meh-kuh-qip-wepitula,lehaqifu,,3254.9
5ea01b4b2d7b4d0243d93f78,587d4ed4e4404c0001c9d1b9,110,receiver,future,ground,ground-future,,ground,2508.2
5ea01b4b2d7b4d0243d93f78,587d4ed4e4404c0001c9d1b9,111,sender,course,credit,haq-tezalipu-zah-pofepilu-saqotiwe-lehaqifu-meh-kuh-qip-wepitula,pofepilu,,3875.1
5ea01b4b2d7b4d0243d93f78,587d4ed4e4404c0001c9d1b9,112,receiver,change,future,change-future,,future,2698.4
5ea01b4b2d7b4d0243d93f78,587d4ed4e4404c0001c9d1b9,113,sender,change,review,haq-tezalipu-zah-pofepilu-saqotiwe-lehaqifu-meh-kuh-qip-wepitula,pofepilu,,3151.2
5ea01b4b2d7b4d0243d93f78,587d4ed4e4404c0001c9d1b9,114,receiver,change,course,course-change,,change,3018.9
5ea01b4b2d7b4d0243d93f78,587d4ed4e4404c0001c9d1b9,115,sender,design,travel,haq-tezalipu-zah-pofepilu-saqotiwe-lehaqifu-meh-kuh-qip-wepitula,lehaqifu,,3111.5
5ea01b4b2d7b4d0243d93f78,587d4ed4e4404c0001c9d1b9,116,receiver,future,number,number-future,,number,3607.4
5ea01b4b2d7b4d0243d93f78,587d4ed4e4404c0001c9d1b9,117,sender,course,review,haq-tezalipu-zah-pofepilu-saqotiwe-lehaqifu-meh-kuh-qip-wepitula,lehaqifu,,2468.5
5ea01b4b2d7b4d0243d93f78,587d4ed4e4404c0001c9d1b9,118,receiver,ground,review,ground-review,,review,2001.6
5ea01b4b2d7b4d0243d93f78,587d4ed4e4404c0001c9d1b9,119,sender,credit,review,haq-tezalipu-zah-pofepilu-saqotiwe-lehaqifu-meh-kuh-qip-wepitula,saqotiwe,,3086.2
5ea01b4b2d7b4d0243d93f78,587d4ed4e4404c0001c9d1b9,120,receiver,change,number,change-number,,number,2330.9
5ea01b4b2d7b4d0243d93f78,587d4ed4e4404c0001c9d1b9,121,sender,design,review,haq-tezalipu-zah-pofepilu-saqotiwe-lehaqifu-meh-kuh-qip-wepitula,lehaqifu,,4499.1
5ea01b4b2d7b4d0243d93f78,587d4ed4e4404c0001c9d1b9,122,receiver,change,market,change-market,,market,4236.8
5ea01b4b2d7b4d0243d93f78,587d4ed4e4404c0001c9d1b9,123,sender,course,design,haq-tezalipu-zah-pofepilu-saqotiwe-lehaqifu-meh-kuh-qip-wepitula,pofepilu,,2944.8
5ea01b4b2d7b4d0243d93f78,587d4ed4e4404c0001c9d1b9,124,receiver,change,number,change-number,,number,2754.4
5ea01b4b2d7b4d0243d93f78,587d4ed4e4404c0001c9d1b9,125,sender,change,design,haq-tezalipu-zah-pofepilu-saqotiwe-lehaqifu-meh-kuh-qip-wepitula,saqotiwe,,2764.6
5ea01b4b2d7b4d0243d93f78,587d4ed4e4404c0001c9d1b9,126,receiver,future,review,future-review,,future,2416.9
5ea01b4b2d7b4d0243d93f78,587d4ed4e4404c0001c9d1b9,127,sender,market,travel,haq-tezalipu-zah-pofepilu-saqotiwe-lehaqifu-meh-kuh-qip-wepitula,tezalipu,,6834.3
5ea01b4b2d7b4d0243d93f78,587d4ed4e4404c0001c9d1b9,128,receiver,credit,travel,travel-credit,,credit,2752.6
5ea01b4b2d7b4d0243d93f78,587d4ed4e4404c0001c9d1b9,129,sender,credit,future,haq-tezalipu-zah-pofepilu-saqotiwe-lehaqifu-meh-kuh-qip-wepitula,pofepilu,,7422.6
5ea01b4b2d7b4d0243d93f78,587d4ed4e4404c0001c9d1b9,130,receiver,course,review,review-course,,review,2859.9
5ea01b4b2d7b4d0243d93f78,587d4ed4e4404c0001c9d1b9,131,sender,design,review,haq-tezalipu-zah-pofepilu-saqotiwe-lehaqifu-meh-kuh-qip-wepitula,pofepilu,,2815.6
5ea01b4b2d7b4d0243d93f78,587d4ed4e4404c0001c9d1b9,132,receiver,credit,number,number-credit,,credit,2437.7
5ea01b4b2d7b4d0243d93f78,587d4ed4e4404c0001c9d1b9,133,sender,number,review,haq-tezalipu-zah-pofepilu-saqotiwe-lehaqifu-meh-kuh-qip-wepitula,lehaqifu,,4553.5
5ea01b4b2d7b4d0243d93f78,587d4ed4e4404c0001c9d1b9,134,receiver,number,travel,number-travel,,travel,3680.1
5ea01b4b2d7b4d0243d93f78,587d4ed4e4404c0001c9d1b9,135,sender,course,credit,haq-tezalipu-zah-pofepilu-saqotiwe-lehaqifu-meh-kuh-qip-wepitula,lehaqifu,,3231