participant_id, partner_id, trial_index, trial_type, target_meaning, foil_meaning,             choices, signal_selected, meaning_guess, rt
5d8e154af2858200171fdb95,60818798de4cce19f740cb58,1,receiver,garden,design,design-garden,,garden,3927.7
5d8e154af2858200171fdb95,60818798de4cce19f740cb58,2,sender,school,garden,peh-hix-qip-qux-lehaqifu-ralonefi-nidaweli-pofepilu-wuk-saqotiwe,lehaqifu,,8409
5d8e154af2858200171fdb95,60818798de4cce19f740cb58,3,receiver,second,school,school-second,,school,3245.4
5d8e154af2858200171fdb95,60818798de4cce19f740cb58,4,sender,branch,change,peh-hix-qip-qux-lehaqifu-ralonefi-nidaweli-pofepilu-wuk-saqotiwe,qux,,6414.5
5d8e154af2858200171fdb95,60818798de4cce19f740cb58,5,receiver,normal,credit,credit-normal,,credit,7995.1
5d8e154af2858200171fdb95,60818798de4cce19f740cb58,6,sender,second,school,peh-hix-qip-qux-lehaqifu-ralonefi-nidaweli-pofepilu-wuk-saqotiwe,wuk,,3399
5d8e154af2858200171fdb95,60818798de4cce19f740cb58,7,receiver,normal,change,change-normal,,change,6707.5
5d8e154af2858200171fdb95,60818798de4cce19f740cb58,8,sender,normal,health,peh-hix-qip-qux-lehaqifu-ralonefi-nidaweli-pofepilu-wuk-saqotiwe,ralonefi,,15860.6
5d8e154af2858200171fdb95,60818798de4cce19f740cb58,9,receiver,school,garden,school-garden,,school,6619.7
5d8e154af2858200171fdb95,60818798de4cce19f740cb58,10,sender,handle,health,peh-hix-qip-qux-lehaqifu-ralonefi-nidaweli-pofepilu-wuk-saqotiwe,qip,,5067.2
5d8e154af2858200171fdb95,60818798de4cce19f740cb58,11,receiver,second,change,change-second,,change,4592.6
5d8e154af2858200171fdb95,60818798de4cce19f740cb58,12,sender,handle,branch,peh-hix-qip-qux-lehaqifu-ralonefi-nidaweli-pofepilu-wuk-saqotiwe,qip,,2421.4
5d8e154af2858200171fdb95,60818798de4cce19f740cb58,13,receiver,normal,credit,normal-credit,,credit,2692.5
5d8e154af2858200171fdb95,60818798de4cce19f740cb58,14,sender,design,change,peh-hix-qip-qux-lehaqifu-ralonefi-nidaweli-pofepilu-wuk-saqotiwe,wuk,,9803.9
5d8e154af2858200171fdb95,60818798de4cce19f740cb58,15,receiver,second,garden,garden-second,,second,2230
5d8e154af2858200171fdb95,60818798de4cce19f740cb58,16,sender,garden,branch,peh-hix-qip-qux-lehaqifu-ralonefi-nidaweli-pofepilu-wuk-saqotiwe,qux,,5696.2
5d8e154af2858200171fdb95,60818798de4cce19f740cb58,17,receiver,school,change,change-school,,change,9288.3
5d8e154af2858200171fdb95,60818798de4cce19f740cb58,18,sender,school,branch,peh-hix-qip-qux-lehaqifu-ralonefi-nidaweli-pofepilu-wuk-saqotiwe,lehaqifu,,9517.7
5d8e154af2858200171fdb95,60818798de4cce19f740cb58,19,receiver,handle,normal,handle-normal,,normal,5496.5
5d8e154af2858200171fdb95,60818798de4cce19f740cb58,20,sender,handle,normal,peh-hix-qip-qux-lehaqifu-ralonefi-nidaweli-pofepilu-wuk-saqotiwe,saqotiwe,,9309.2
5d8e154af2858200171fdb95,60818798de4cce19f740cb58,21,receiver,design,credit,design-credit,,design,3796.8
5d8e154af2858200171fdb95,60818798de4cce19f740cb58,22,sender,normal,garden,peh-hix-qip-qux-lehaqifu-ralonefi-nidaweli-pofepilu-wuk-saqotiwe,pofepilu,,13955.4
5d8e154af2858200171fdb95,60818798de4cce19f740cb58,23,receiver,normal,change,normal-change,,change,2031.6
5d8e154af2858200171fdb95,60818798de4cce19f740cb58,24,sender,design,health,peh-hix-qip-qux-lehaqifu-ralonefi-nidaweli-pofepilu-wuk-saqotiwe,peh,,11231.2
5d8e154af2858200171fdb95,60818798de4cce19f740cb58,25,receiver,second,school,second-school,,school,3329.2
5d8e154af2858200171fdb95,60818798de4cce19f740cb58,26,sender,branch,design,peh-hix-qip-qux-lehaqifu-ralonefi-nidaweli-pofepilu-wuk-saqotiwe,qip,,10957.5
5d8e154af2858200171fdb95,60818798de4cce19f740cb58,27,receiver,garden,credit,garden-credit,,credit,8698.8
5d8e154af2858200171fdb95,60818798de4cce19f740cb58,28,sender,branch,change,peh-hix-qip-qux-lehaqifu-ralonefi-nidaweli-pofepilu-wuk-saqotiwe,lehaqifu,,6781.1
5d8e154af2858200171fdb95,60818798de4cce19f740cb58,29,receiver,normal,health,normal-health,,health,6593.4
5d8e154af2858200171fdb95,60818798de4cce19f740cb58,30,sender,garden,health,peh-hix-qip-qux-lehaqifu-ralonefi-nidaweli-pofepilu-wuk-saqotiwe,peh,,5397.1
5d8e154af2858200171fdb95,60818798de4cce19f740cb58,31,receiver,normal,design,normal-design,,design,12305.6
5d8e154af2858200171fdb95,60818798de4cce19f740cb58,32,sender,normal,change,peh-hix-qip-qux-lehaqifu-ralonefi-nidaweli-pofepilu-wuk-saqotiwe,lehaqifu,,8017.4
5d8e154af2858200171fdb95,60818798de4cce19f740cb58,33,receiver,design,change,design-change,,design,11316.2
5d8e154af2858200171fdb95,60818798de4cce19f740cb58,34,sender,branch,change,peh-hix-qip-qux-lehaqifu-ralonefi-nidaweli-pofepilu-wuk-saqotiwe,lehaqifu,,25085.7
5d8e154af2858200171fdb95,60818798de4cce19f740cb58,35,receiver,normal,design,normal-design,,design,3468.6
5d8e154af2858200171fdb95,60818798de4cce19f740cb58,36,sender,second,normal,peh-hix-qip-qux-lehaqifu-ralonefi-nidaweli-pofepilu-wuk-saqotiwe,saqotiwe,,7487
5d8e154af2858200171fdb95,60818798de4cce19f740cb58,37,receiver,school,branch,school-branch,,branch,5642.1
5d8e154af2858200171fdb95,60818798de4cce19f740cb58,38,sender,garden,design,peh-hix-qip-qux-lehaqifu-ralonefi-nidaweli-pofepilu-wuk-saqotiwe,ralonefi,,10894.4
5d8e154af2858200171fdb95,60818798de4cce19f740cb58,39,receiver,school,design,school-design,,design,8702.2
5d8e154af2858200171fdb95,60818798de4cce19f740cb58,40,sender,second,design,peh-hix-qip-qux-lehaqifu-ralonefi-nidaweli-pofepilu-wuk-saqotiwe,ralonefi,,4599.8
5d8e154af2858200171fdb95,60818798de4cce19f740cb58,41,receiver,handle,credit,handle-credit,,credit,2578.1
5d8e154af2858200171fdb95,60818798de4cce19f740cb58,42,sender,school,health,peh-hix-qip-qux-lehaqifu-ralonefi-nidaweli-pofepilu-wuk-saqotiwe,peh,,8139.1
5d8e154af2858200171fdb95,60818798de4cce19f740cb58,43,receiver,school,credit,school-credit,,credit,2215.1
5d8e154af2858200171fdb95,60818798de4cce19f740cb58,44,sender,handle,branch,peh-hix-qip-qux-lehaqifu-ralonefi-nidaweli-pofepilu-wuk-saqotiwe,nidaweli,,10654.5
5d8e154af2858200171fdb95,60818798de4cce19f740cb58,45,receiver,branch,credit,branch-credit,,credit,4764.3
5d8e154af2858200171fdb95,60818798de4cce19f740cb58,46,sender,second,credit,peh-hix-qip-qux-lehaqifu-ralonefi-nidaweli-pofepilu-wuk-saqotiwe,qip,,3894
5d8e154af2858200171fdb95,60818798de4cce19f740cb58,47,receiver,handle,garden,garden-handle,,handle,2014.1
5d8e154af2858200171fdb95,60818798de4cce19f740cb58,48,sender,handle,health,peh-hix-qip-qux-lehaqifu-ralonefi-nidaweli-pofepilu-wuk-saqotiwe,nidaweli,,5777.7
5d8e154af2858200171fdb95,60818798de4cce19f740cb58,49,receiver,design,health,health-design,,design,6003.9
5d8e154af2858200171fdb95,60818798de4cce19f740cb58,50,sender,handle,credit,peh-hix-qip-qux-lehaqifu-ralonefi-nidaweli-pofepilu-wuk-saqotiwe,hix,,17716.3
5d8e154af2858200171fdb95,60818798de4cce19f740cb58,51,receiver,garden,branch,garden-branch,,branch,5003.8
5d8e154af2858200171fdb95,60818798de4cce19f740cb58,52,sender,school,normal,peh-hix-qip-qux-lehaqifu-ralonefi-nidaweli-pofepilu-wuk-saqotiwe,qux,,19364.6
5d8e154af2858200171fdb95,60818798de4cce19f740cb58,53,receiver,second,credit,credit-second,,second,4220.5
5d8e154af2858200171fdb95,60818798de4cce19f740cb58,54,sender,handle,garden,peh-hix-qip-qux-lehaqifu-ralonefi-nidaweli-pofepilu-wuk-saqotiwe,hix,,6230.5
5d8e154af2858200171fdb95,60818798de4cce19f740cb58,55,receiver,school,change,change-school,,school,5202.4
5d8e154af2858200171fdb95,60818798de4cce19f740cb58,56,sender,school,health,peh-hix-qip-qux-lehaqifu-ralonefi-nidaweli-pofepilu-wuk-saqotiwe,qux,,7398.1
5d8e154af2858200171fdb95,60818798de4cce19f740cb58,57,receiver,garden,design,design-garden,,garden,1473.9
5d8e154af2858200171fdb95,60818798de4cce19f740cb58,58,sender,garden,branch,peh-hix-qip-qux-lehaqifu-ralonefi-nidaweli-pofepilu-wuk-saqotiwe,peh,,8383.8
5d8e154af2858200171fdb95,60818798de4cce19f740cb58,59,receiver,change,health,change-health,,change,2227.9
5d8e154af2858200171fdb95,60818798de4cce19f740cb58,60,sender,second,health,peh-hix-qip-qux-lehaqifu-ralonefi-nidaweli-pofepilu-wuk-saqotiwe,qip,,9490.9
5d8e154af2858200171fdb95,60818798de4cce19f740cb58,61,receiver,school,normal,normal-school,,normal,6511.1
5d8e154af2858200171fdb95,60818798de4cce19f740cb58,62,sender,branch,health,peh-hix-qip-qux-lehaqifu-ralonefi-nidaweli-pofepilu-wuk-saqotiwe,wuk,,6746
5d8e154af2858200171fdb95,60818798de4cce19f740cb58,63,receiver,change,credit,change-credit,,change,5361.5
5d8e154af2858200171fdb95,60818798de4cce19f740cb58,64,sender,handle,credit,peh-hix-qip-qux-lehaqifu-ralonefi-nidaweli-pofepilu-wuk-saqotiwe,hix,,8519.6
5d8e154af2858200171fdb95,60818798de4cce19f740cb58,65,receiver,second,handle,second-handle,,handle,4431.5
5d8e154af2858200171fdb95,60818798de4cce19f740cb58,66,sender,second,change,peh-hix-qip-qux-lehaqifu-ralonefi-nidaweli-pofepilu-wuk-saqotiwe,qip,,6553.9
5d8e154af2858200171fdb95,60818798de4cce19f740cb58,67,receiver,second,health,health-second,,second,8213.7
5d8e154af2858200171fdb95,60818798de4cce19f740cb58,68,sender,handle,design,peh-hix-qip-qux-lehaqifu-ralonefi-nidaweli-pofepilu-wuk-saqotiwe,hix,,6167.4
5d8e154af2858200171fdb95,60818798de4cce19f740cb58,69,receiver,school,normal,normal-school,,school,3390.4
5d8e154af2858200171fdb95,60818798de4cce19f740cb58,70,sender,garden,health,peh-hix-qip-qux-lehaqifu-ralonefi-nidaweli-pofepilu-wuk-saqotiwe,peh,,8339.2
5d8e154af2858200171fdb95,60818798de4cce19f740cb58,71,receiver,handle,branch,branch-handle,,handle,4866.1
5d8e154af2858200171fdb95,60818798de4cce19f740cb58,72,sender,branch,credit,peh-hix-qip-qux-lehaqifu-ralonefi-nidaweli-pofepilu-wuk-saqotiwe,wuk,,13323.5
5d8e154af2858200171fdb95,60818798de4cce19f740cb58,73,receiver,design,credit,credit-design,,credit,10675.6
5d8e154af2858200171fdb95,60818798de4cce19f740cb58,74,sender,design,health,peh-hix-qip-qux-lehaqifu-ralonefi-nidaweli-pofepilu-wuk-saqotiwe,hix,,6297.1
5d8e154af2858200171fdb95,60818798de4cce19f740cb58,75,receiver,branch,design,branch-design,,branch,9942.1
5d8e154af2858200171fdb95,60818798de4cce19f740cb58,76,sender,garden,change,peh-hix-qip-qux-lehaqifu-ralonefi-nidaweli-pofepilu-wuk-saqotiwe,peh,,9518.6
5d8e154af2858200171fdb95,60818798de4cce19f740cb58,77,receiver,second,garden,second-garden,,garden,3105.8
5d8e154af2858200171fdb95,60818798de4cce19f740cb58,78,sender,change,credit,peh-hix-qip-qux-lehaqifu-ralonefi-nidaweli-pofepilu-wuk-saqotiwe,lehaqifu,,7820.1
5d8e154af2858200171fdb95,60818798de4cce19f740cb58,79,receiver,school,design,design-school,,school,11012.9
5d8e154af2858200171fdb95,60818798de4cce19f740cb58,80,sender,school,credit,peh-hix-qip-qux-lehaqifu-ralonefi-nidaweli-pofepilu-wuk-saqotiwe,peh,,3680.4
5d8e154af2858200171fdb95,60818798de4cce19f740cb58,81,receiver,handle,change,change-handle,,handle,6287.1
5d8e154af2858200171fdb95,60818798de4cce19f740cb58,82,sender,second,branch,peh-hix-qip-qux-lehaqifu-ralonefi-nidaweli-pofepilu-wuk-saqotiwe,qip,,4305.4
5d8e154af2858200171fdb95,60818798de4cce19f740cb58,83,receiver,school,handle,handle-school,,handle,5711
5d8e154af2858200171fdb95,60818798de4cce19f740cb58,84,sender,normal,health,peh-hix-qip-qux-lehaqifu-ralonefi-nidaweli-pofepilu-wuk-saqotiwe,lehaqifu,,1527.7
5d8e154af2858200171fdb95,60818798de4cce19f740cb58,85,receiver,handle,health,health-handle,,handle,1722
5d8e154af2858200171fdb95,60818798de4cce19f740cb58,86,sender,second,garden,peh-hix-qip-qux-lehaqifu-ralonefi-nidaweli-pofepilu-wuk-saqotiwe,qip,,8387.3
5d8e154af2858200171fdb95,60818798de4cce19f740cb58,87,receiver,school,health,health-school,,school,2069.6
5d8e154af2858200171fdb95,60818798de4cce19f740cb58,88,sender,change,health,peh-hix-qip-qux-lehaqifu-ralonefi-nidaweli-pofepilu-wuk-saqotiwe,lehaqifu,,9390.5
5d8e154af2858200171fdb95,60818798de4cce19f740cb58,89,receiver,normal,branch,branch-normal,,branch,3067
5d8e154af2858200171fdb95,60818798de4cce19f740cb58,90,sender,normal,branch,peh-hix-qip-qux-lehaqifu-ralonefi-nidaweli-pofepilu-wuk-saqotiwe,peh,,3154.4
5d8e154af2858200171fdb95,60818798de4cce19f740cb58,91,receiver,school,garden,garden-school,,school,7957.3
5d8e154af2858200171fdb95,60818798de4cce19f740cb58,92,sender,garden,health,peh-hix-qip-qux-lehaqifu-ralonefi-nidaweli-pofepilu-wuk-saqotiwe,peh,,12598.4
5d8e154af2858200171fdb95,60818798de4cce19f740cb58,93,receiver,handle,design,handle-design,,handle,4067
5d8e154af2858200171fdb95,60818798de4cce19f740cb58,94,sender,second,branch,peh-hix-qip-qux-lehaqifu-ralonefi-nidaweli-pofepilu-wuk-saqotiwe,peh,,2556.6
5d8e154af2858200171fdb95,60818798de4cce19f740cb58,95,receiver,school,change,school-change,,school,2220.7
5d8e154af2858200171fdb95,60818798de4cce19f740cb58,96,sender,school,branch,peh-hix-qip-qux-lehaqifu-ralonefi-nidaweli-pofepilu-wuk-saqotiwe,peh,,3137.1
5d8e154af2858200171fdb95,60818798de4cce19f740cb58,97,receiver,second,design,second-design,,second,5808.3
5d8e154af2858200171fdb95,60818798de4cce19f740cb58,98,sender,handle,normal,peh-hix-qip-qux-lehaqifu-ralonefi-nidaweli-pofepilu-wuk-saqotiwe,peh,,2886.3
5d8e154af2858200171fdb95,60818798de4cce19f740cb58,99,receiver,change,credit,credit-change,,change,2274.1
5d8e154af2858200171fdb95,60818798de4cce19f740cb58,100,sender,second,handle,peh-hix-qip-qux-lehaqifu-ralonefi-nidaweli-pofepilu-wuk-saqotiwe,peh,,2174.9
5d8e154af2858200171fdb95,60818798de4cce19f740cb58,101,receiver,health,credit,credit-health,,credit,2815.5
5d8e154af2858200171fdb95,60818798de4cce19f740cb58,102,sender,handle,change,peh-hix-qip-qux-lehaqifu-ralonefi-nidaweli-pofepilu-wuk-saqotiwe,peh,,2079.7
5d8e154af2858200171fdb95,60818798de4cce19f740cb58,103,receiver,health,credit,credit-health,,credit,1850.1
5d8e154af2858200171fdb95,60818798de4cce19f740cb58,104,sender,normal,credit,peh-hix-qip-qux-lehaqifu-ralonefi-nidaweli-pofepilu-wuk-saqotiwe,saqotiwe,,13847.4
5d8e154af2858200171fdb95,60818798de4cce19f740cb58,105,receiver,second,handle,second-handle,,handle,5242.6
5d8e154af2858200171fdb95,60818798de4cce19f740cb58,106,sender,normal,garden,peh-hix-qip-qux-lehaqifu-ralonefi-nidaweli-pofepilu-wuk-saqotiwe,saqotiwe,,3512.5
5d8e154af2858200171fdb95,60818798de4cce19f740cb58,107,receiver,branch,credit,credit-branch,,branch,3495.5
5d8e154af2858200171fdb95,60818798de4cce19f740cb58,108,sender,design,credit,peh-hix-qip-qux-lehaqifu-ralonefi-nidaweli-pofepilu-wuk-saqotiwe,hix,,17435.7
5d8e154af2858200171fdb95,60818798de4cce19f740cb58,109,receiver,normal,branch,normal-branch,,branch,4912.1
5d8e154af2858200171fdb95,60818798de4cce19f740cb58,110,sender,school,handle,peh-hix-qip-qux-lehaqifu-ralonefi-nidaweli-pofepilu-wuk-saqotiwe,peh,,14888.1
5d8e154af2858200171fdb95,60818798de4cce19f740cb58,111,receiver,second,design,second-design,,second,10339.3
5d8e154af2858200171fdb95,60818798de4cce19f740cb58,112,sender,normal,design,peh-hix-qip-qux-lehaqifu-ralonefi-nidaweli-pofepilu-wuk-saqotiwe,saqotiwe,,5672.2
5d8e154af2858200171fdb95,60818798de4cce19f740cb58,113,receiver,school,design,design-school,,design,10671.2
5d8e154af2858200171fdb95,60818798de4cce19f740cb58,114,sender,branch,health,peh-hix-qip-qux-lehaqifu-ralonefi-nidaweli-pofepilu-wuk-saqotiwe,wuk,,15125.9
5d8e154af2858200171fdb95,60818798de4cce19f740cb58,115,receiver,health,credit,health-credit,,health,5099.1
5d8e154af2858200171fdb95,60818798de4cce19f740cb58,116,sender,school,handle,peh-hix-qip-qux-lehaqifu-ralonefi-nidaweli-pofepilu-wuk-saqotiwe,peh,,10805.8
5d8e154af2858200171fdb95,60818798de4cce19f740cb58,117,receiver,garden,change,garden-change,,garden,1853.5
5d8e154af2858200171fdb95,60818798de4cce19f740cb58,118,sender,change,health,peh-hix-qip-qux-lehaqifu-ralonefi-nidaweli-pofepilu-wuk-saqotiwe,lehaqifu,,16807.1
5d8e154af2858200171fdb95,60818798de4cce19f740cb58,119,receiver,garden,credit,garden-credit,,garden,2671.2
5d8e154af2858200171fdb95,60818798de4cce19f740cb58,120,sender,design,change,peh-hix-qip-qux-lehaqifu-ralonefi-nidaweli-pofepilu-wuk-saqotiwe,nidaweli,,11844.4
5d8e154af2858200171fdb95,60818798de4cce19f740cb58,121,receiver,second,health,health-second,,second,8672.1
5d8e154af2858200171fdb95,60818798de4cce19f740cb58,122,sender,garden,change,peh-hix-qip-qux-lehaqifu-ralonefi-nidaweli-pofepilu-wuk-saqotiwe,peh,,3530.6
5d8e154af2858200171fdb95,60818798de4cce19f740cb58,123,receiver,branch,health,health-branch,,health,4478.2
5d8e154af2858200171fdb95,60818798de4cce19f740cb58,124,sender,second,credit,peh-hix-qip-qux-lehaqifu-ralonefi-nidaweli-pofepilu-wuk-saqotiwe,peh,,5148.4
5d8e154af2858200171fdb95,60818798de4cce19f740cb58,125,receiver,school,credit,credit-school,,school,4972.1
5d8e154af2858200171fdb95,60818798de4cce19f740cb58,126,sender,second,change,peh-hix-qip-qux-lehaqifu-ralonefi-nidaweli-pofepilu-wuk-saqotiwe,peh,,9004.9
5d8e154af2858200171fdb95,60818798de4cce19f740cb58,127,receiver,garden,credit,garden-credit,,credit,7190.7
5d8e154af2858200171fdb95,60818798de4cce19f740cb58,128,sender,handle,change,peh-hix-qip-qux-lehaqifu-ralonefi-nidaweli-pofepilu-wuk-saqotiwe,hix,,8543.2
5d8e154af2858200171fdb95,60818798de4cce19f740cb58,129,receiver,handle,garden,handle-garden,,garden,2956.5
5d8e154af2858200171fdb95,60818798de4cce19f740cb58,130,sender,second,normal,peh-hix-qip-qux-lehaqifu-ralonefi-nidaweli-pofepilu-wuk-saqotiwe,peh,,7828.3
5d8e154af2858200171fdb95,60818798de4cce19f740cb58,131,receiver,second,normal,second-normal,,second,3448.4
5d8e154af2858200171fdb95,60818798de4cce19f740cb58,132,sender,handle,design,peh-hix-qip-qux-lehaqifu-ralonefi-nidaweli-pofepilu-wuk-saqotiwe,hix,,6672.4
5d8e154af2858200171fdb95,60818798de4cce19f740cb58,133,receiver,branch,design,branch-design,,design,3053
5d8e154af2858200171fdb95,60818798de4cce19f740cb58,134,sender,second,branch,peh-hix-qip-qux-lehaqifu-ralonefi-nidaweli-pofepilu-wuk-saqotiwe,peh,,11452.7
5d8e154af2858200171fdb95,60818798de4cce19f740cb58,135,receiver,normal,garden,garden-normal,,garden,1268.4