participant_id, partner_id, trial_index, trial_type, target_meaning, foil_meaning,             choices, signal_selected, meaning_guess, rt
60818798de4cce19f740cb58,5d8e154af2858200171fdb95,1,sender,garden,design,peh-hix-qip-qux-lehaqifu-ralonefi-nidaweli-pofepilu-wuk-saqotiwe,pofepilu,,20787
60818798de4cce19f740cb58,5d8e154af2858200171fdb95,2,receiver,school,garden,school-garden,,garden,4813
60818798de4cce19f740cb58,5d8e154af2858200171fdb95,3,sender,second,school,peh-hix-qip-qux-lehaqifu-ralonefi-nidaweli-pofepilu-wuk-saqotiwe,hix,,5773
60818798de4cce19f740cb58,5d8e154af2858200171fdb95,4,receiver,branch,change,branch-change,,branch,8814
60818798de4cce19f740cb58,5d8e154af2858200171fdb95,5,sender,normal,credit,peh-hix-qip-qux-lehaqifu-ralonefi-nidaweli-pofepilu-wuk-saqotiwe,peh,,4885
60818798de4cce19f740cb58,5d8e154af2858200171fdb95,6,receiver,second,school,school-second,,school,3420
60818798de4cce19f740cb58,5d8e154af2858200171fdb95,7,sender,normal,change,peh-hix-qip-qux-lehaqifu-ralonefi-nidaweli-pofepilu-wuk-saqotiwe,lehaqifu,,2869
60818798de4cce19f740cb58,5d8e154af2858200171fdb95,8,receiver,normal,health,health-normal,,normal,1581
60818798de4cce19f740cb58,5d8e154af2858200171fdb95,9,sender,school,garden,peh-hix-qip-qux-lehaqifu-ralonefi-nidaweli-pofepilu-wuk-saqotiwe,ralonefi,,1230
60818798de4cce19f740cb58,5d8e154af2858200171fdb95,10,receiver,handle,health,health-handle,,health,1282
60818798de4cce19f740cb58,5d8e154af2858200171fdb95,11,sender,second,change,peh-hix-qip-qux-lehaqifu-ralonefi-nidaweli-pofepilu-wuk-saqotiwe,nidaweli,,1015
60818798de4cce19f740cb58,5d8e154af2858200171fdb95,12,receiver,handle,branch,branch-handle,,handle,2900
60818798de4cce19f740cb58,5d8e154af2858200171fdb95,13,sender,normal,credit,peh-hix-qip-qux-lehaqifu-ralonefi-nidaweli-pofepilu-wuk-saqotiwe,saqotiwe,,2821
60818798de4cce19f740cb58,5d8e154af2858200171fdb95,14,receiver,design,change,change-design,,design,2564
60818798de4cce19f740cb58,5d8e154af2858200171fdb95,15,sender,second,garden,peh-hix-qip-qux-lehaqifu-ralonefi-nidaweli-pofepilu-wuk-saqotiwe,hix,,2219
60818798de4cce19f740cb58,5d8e154af2858200171fdb95,16,receiver,garden,branch,garden-branch,,branch,2032
60818798de4cce19f740cb58,5d8e154af2858200171fdb95,17,sender,school,change,peh-hix-qip-qux-lehaqifu-ralonefi-nidaweli-pofepilu-wuk-saqotiwe,qip,,2617
60818798de4cce19f740cb58,5d8e154af2858200171fdb95,18,receiver,school,branch,school-branch,,school,2882
60818798de4cce19f740cb58,5d8e154af2858200171fdb95,19,sender,handle,normal,peh-hix-qip-qux-lehaqifu-ralonefi-nidaweli-pofepilu-wuk-saqotiwe,nidaweli,,1483
60818798de4cce19f740cb58,5d8e154af2858200171fdb95,20,receiver,handle,normal,handle-normal,,handle,2194
60818798de4cce19f740cb58,5d8e154af2858200171fdb95,21,sender,design,credit,peh-hix-qip-qux-lehaqifu-ralonefi-nidaweli-pofepilu-wuk-saqotiwe,nidaweli,,967
60818798de4cce19f740cb58,5d8e154af2858200171fdb95,22,receiver,normal,garden,garden-normal,,garden,1489
60818798de4cce19f740cb58,5d8e154af2858200171fdb95,23,sender,normal,change,peh-hix-qip-qux-lehaqifu-ralonefi-nidaweli-pofepilu-wuk-saqotiwe,peh,,2828
60818798de4cce19f740cb58,5d8e154af2858200171fdb95,24,receiver,design,health,health-design,,design,694
60818798de4cce19f740cb58,5d8e154af2858200171fdb95,25,sender,second,school,peh-hix-qip-qux-lehaqifu-ralonefi-nidaweli-pofepilu-wuk-saqotiwe,ralonefi,,1191
60818798de4cce19f740cb58,5d8e154af2858200171fdb95,26,receiver,branch,design,branch-design,,branch,1339
60818798de4cce19f740cb58,5d8e154af2858200171fdb95,27,sender,garden,credit,peh-hix-qip-qux-lehaqifu-ralonefi-nidaweli-pofepilu-wuk-saqotiwe,wuk,,2077
60818798de4cce19f740cb58,5d8e154af2858200171fdb95,28,receiver,branch,change,change-branch,,change,1150
60818798de4cce19f740cb58,5d8e154af2858200171fdb95,29,sender,normal,health,peh-hix-qip-qux-lehaqifu-ralonefi-nidaweli-pofepilu-wuk-saqotiwe,lehaqifu,,1257
60818798de4cce19f740cb58,5d8e154af2858200171fdb95,30,receiver,garden,health,health-garden,,garden,932
60818798de4cce19f740cb58,5d8e154af2858200171fdb95,31,sender,normal,design,peh-hix-qip-qux-lehaqifu-ralonefi-nidaweli-pofepilu-wuk-saqotiwe,nidaweli,,1371
60818798de4cce19f740cb58,5d8e154af2858200171fdb95,32,receiver,normal,change,normal-change,,normal,1005
60818798de4cce19f740cb58,5d8e154af2858200171fdb95,33,sender,design,change,peh-hix-qip-qux-lehaqifu-ralonefi-nidaweli-pofepilu-wuk-saqotiwe,ralonefi,,2037
60818798de4cce19f740cb58,5d8e154af2858200171fdb95,34,receiver,branch,change,change-branch,,change,1633
60818798de4cce19f740cb58,5d8e154af2858200171fdb95,35,sender,normal,design,peh-hix-qip-qux-lehaqifu-ralonefi-nidaweli-pofepilu-wuk-saqotiwe,pofepilu,,824
60818798de4cce19f740cb58,5d8e154af2858200171fdb95,36,receiver,second,normal,second-normal,,normal,1336
60818798de4cce19f740cb58,5d8e154af2858200171fdb95,37,sender,school,branch,peh-hix-qip-qux-lehaqifu-ralonefi-nidaweli-pofepilu-wuk-saqotiwe,qux,,914
60818798de4cce19f740cb58,5d8e154af2858200171fdb95,38,receiver,garden,design,garden-design,,garden,1069
60818798de4cce19f740cb58,5d8e154af2858200171fdb95,39,sender,school,design,peh-hix-qip-qux-lehaqifu-ralonefi-nidaweli-pofepilu-wuk-saqotiwe,lehaqifu,,744
60818798de4cce19f740cb58,5d8e154af2858200171fdb95,40,receiver,second,design,design-second,,design,956
60818798de4cce19f740cb58,5d8e154af2858200171fdb95,41,sender,handle,credit,peh-hix-qip-qux-lehaqifu-ralonefi-nidaweli-pofepilu-wuk-saqotiwe,ralonefi,,555
60818798de4cce19f740cb58,5d8e154af2858200171fdb95,42,receiver,school,health,health-school,,school,748
60818798de4cce19f740cb58,5d8e154af2858200171fdb95,43,sender,school,credit,peh-hix-qip-qux-lehaqifu-ralonefi-nidaweli-pofepilu-wuk-saqotiwe,peh,,1200
60818798de4cce19f740cb58,5d8e154af2858200171fdb95,44,receiver,handle,branch,branch-handle,,branch,1003
60818798de4cce19f740cb58,5d8e154af2858200171fdb95,45,sender,branch,credit,peh-hix-qip-qux-lehaqifu-ralonefi-nidaweli-pofepilu-wuk-saqotiwe,ralonefi,,2348
60818798de4cce19f740cb58,5d8e154af2858200171fdb95,46,receiver,second,credit,second-credit,,second,2645
60818798de4cce19f740cb58,5d8e154af2858200171fdb95,47,sender,handle,garden,peh-hix-qip-qux-lehaqifu-ralonefi-nidaweli-pofepilu-wuk-saqotiwe,qip,,1665
60818798de4cce19f740cb58,5d8e154af2858200171fdb95,48,receiver,handle,health,handle-health,,health,1965
60818798de4cce19f740cb58,5d8e154af2858200171fdb95,49,sender,design,health,peh-hix-qip-qux-lehaqifu-ralonefi-nidaweli-pofepilu-wuk-saqotiwe,nidaweli,,1120
60818798de4cce19f740cb58,5d8e154af2858200171fdb95,50,receiver,handle,credit,credit-handle,,handle,2533
60818798de4cce19f740cb58,5d8e154af2858200171fdb95,51,sender,garden,branch,peh-hix-qip-qux-lehaqifu-ralonefi-nidaweli-pofepilu-wuk-saqotiwe,peh,,5066
60818798de4cce19f740cb58,5d8e154af2858200171fdb95,52,receiver,school,normal,school-normal,,school,2108
60818798de4cce19f740cb58,5d8e154af2858200171fdb95,53,sender,second,credit,peh-hix-qip-qux-lehaqifu-ralonefi-nidaweli-pofepilu-wuk-saqotiwe,peh,,2059
60818798de4cce19f740cb58,5d8e154af2858200171fdb95,54,receiver,handle,garden,garden-handle,,garden,1337
60818798de4cce19f740cb58,5d8e154af2858200171fdb95,55,sender,school,change,peh-hix-qip-qux-lehaqifu-ralonefi-nidaweli-pofepilu-wuk-saqotiwe,ralonefi,,1546
60818798de4cce19f740cb58,5d8e154af2858200171fdb95,56,receiver,school,health,school-health,,school,2031
60818798de4cce19f740cb58,5d8e154af2858200171fdb95,57,sender,garden,design,peh-hix-qip-qux-lehaqifu-ralonefi-nidaweli-pofepilu-wuk-saqotiwe,peh,,1651
60818798de4cce19f740cb58,5d8e154af2858200171fdb95,58,receiver,garden,branch,branch-garden,,garden,3126
60818798de4cce19f740cb58,5d8e154af2858200171fdb95,59,sender,change,health,peh-hix-qip-qux-lehaqifu-ralonefi-nidaweli-pofepilu-wuk-saqotiwe,peh,,1178
60818798de4cce19f740cb58,5d8e154af2858200171fdb95,60,receiver,second,health,second-health,,second,1578
60818798de4cce19f740cb58,5d8e154af2858200171fdb95,61,sender,school,normal,peh-hix-qip-qux-lehaqifu-ralonefi-nidaweli-pofepilu-wuk-saqotiwe,peh,,1549
60818798de4cce19f740cb58,5d8e154af2858200171fdb95,62,receiver,branch,health,branch-health,,branch,2850
60818798de4cce19f740cb58,5d8e154af2858200171fdb95,63,sender,change,credit,peh-hix-qip-qux-lehaqifu-ralonefi-nidaweli-pofepilu-wuk-saqotiwe,peh,,1562
60818798de4cce19f740cb58,5d8e154af2858200171fdb95,64,receiver,handle,credit,credit-handle,,credit,1116
60818798de4cce19f740cb58,5d8e154af2858200171fdb95,65,sender,second,handle,peh-hix-qip-qux-lehaqifu-ralonefi-nidaweli-pofepilu-wuk-saqotiwe,peh,,1365
60818798de4cce19f740cb58,5d8e154af2858200171fdb95,66,receiver,second,change,change-second,,change,730
60818798de4cce19f740cb58,5d8e154af2858200171fdb95,67,sender,second,health,peh-hix-qip-qux-lehaqifu-ralonefi-nidaweli-pofepilu-wuk-saqotiwe,peh,,1313
60818798de4cce19f740cb58,5d8e154af2858200171fdb95,68,receiver,handle,design,handle-design,,design,3968
60818798de4cce19f740cb58,5d8e154af2858200171fdb95,69,sender,school,normal,peh-hix-qip-qux-lehaqifu-ralonefi-nidaweli-pofepilu-wuk-saqotiwe,peh,,2987
60818798de4cce19f740cb58,5d8e154af2858200171fdb95,70,receiver,garden,health,garden-health,,garden,1883
60818798de4cce19f740cb58,5d8e154af2858200171fdb95,71,sender,handle,branch,peh-hix-qip-qux-lehaqifu-ralonefi-nidaweli-pofepilu-wuk-saqotiwe,peh,,3079
60818798de4cce19f740cb58,5d8e154af2858200171fdb95,72,receiver,branch,credit,branch-credit,,branch,1601
60818798de4cce19f740cb58,5d8e154af2858200171fdb95,73,sender,design,credit,peh-hix-qip-qux-lehaqifu-ralonefi-nidaweli-pofepilu-wuk-saqotiwe,hix,,1713
60818798de4cce19f740cb58,5d8e154af2858200171fdb95,74,receiver,design,health,health-design,,health,1055
60818798de4cce19f740cb58,5d8e154af2858200171fdb95,75,sender,branch,design,peh-hix-qip-qux-lehaqifu-ralonefi-nidaweli-pofepilu-wuk-saqotiwe,ralonefi,,1410
60818798de4cce19f740cb58,5d8e154af2858200171fdb95,76,receiver,garden,change,change-garden,,garden,1875
60818798de4cce19f740cb58,5d8e154af2858200171fdb95,77,sender,second,garden,peh-hix-qip-qux-lehaqifu-ralonefi-nidaweli-pofepilu-wuk-saqotiwe,peh,,1483
60818798de4cce19f740cb58,5d8e154af2858200171fdb95,78,receiver,change,credit,change-credit,,change,4509
60818798de4cce19f740cb58,5d8e154af2858200171fdb95,79,sender,school,design,peh-hix-qip-qux-lehaqifu-ralonefi-nidaweli-pofepilu-wuk-saqotiwe,peh,,1120
60818798de4cce19f740cb58,5d8e154af2858200171fdb95,80,receiver,school,credit,school-credit,,school,1035
60818798de4cce19f740cb58,5d8e154af2858200171fdb95,81,sender,handle,change,peh-hix-qip-qux-lehaqifu-ralonefi-nidaweli-pofepilu-wuk-saqotiwe,peh,,1129
60818798de4cce19f740cb58,5d8e154af2858200171fdb95,82,receiver,second,branch,branch-second,,branch,3519
60818798de4cce19f740cb58,5d8e154af2858200171fdb95,83,sender,school,handle,peh-hix-qip-qux-lehaqifu-ralonefi-nidaweli-pofepilu-wuk-saqotiwe,peh,,817
60818798de4cce19f740cb58,5d8e154af2858200171fdb95,84,receiver,normal,health,normal-health,,normal,1069
60818798de4cce19f740cb58,5d8e154af2858200171fdb95,85,sender,handle,health,peh-hix-qip-qux-lehaqifu-ralonefi-nidaweli-pofepilu-wuk-saqotiwe,peh,,1081
60818798de4cce19f740cb58,5d8e154af2858200171fdb95,86,receiver,second,garden,second-garden,,second,1912
60818798de4cce19f740cb58,5d8e154af2858200171fdb95,87,sender,school,health,peh-hix-qip-qux-lehaqifu-ralonefi-nidaweli-pofepilu-wuk-saqotiwe,peh,,1828
60818798de4cce19f740cb58,5d8e154af2858200171fdb95,88,receiver,change,health,health-change,,health,1432
60818798de4cce19f740cb58,5d8e154af2858200171fdb95,89,sender,normal,branch,peh-hix-qip-qux-lehaqifu-ralonefi-nidaweli-pofepilu-wuk-saqotiwe,peh,,1398
60818798de4cce19f740cb58,5d8e154af2858200171fdb95,90,receiver,normal,branch,normal-branch,,normal,1824
60818798de4cce19f740cb58,5d8e154af2858200171fdb95,91,sender,school,garden,peh-hix-qip-qux-lehaqifu-ralonefi-nidaweli-pofepilu-wuk-saqotiwe,peh,,2986
60818798de4cce19f740cb58,5d8e154af2858200171fdb95,92,receiver,garden,health,garden-health,,garden,1012
60818798de4cce19f740cb58,5d8e154af2858200171fdb95,93,sender,handle,design,peh-hix-qip-qux-lehaqifu-ralonefi-nidaweli-pofepilu-wuk-saqotiwe,peh,,1251
60818798de4cce19f740cb58,5d8e154af2858200171fdb95,94,receiver,second,branch,second-branch,,second,823
60818798de4cce19f740cb58,5d8e154af2858200171fdb95,95,sender,school,change,peh-hix-qip-qux-lehaqifu-ralonefi-nidaweli-pofepilu-wuk-saqotiwe,peh,,904
60818798de4cce19f740cb58,5d8e154af2858200171fdb95,96,receiver,school,branch,school-branch,,school,1198
60818798de4cce19f740cb58,5d8e154af2858200171fdb95,97,sender,second,design,peh-hix-qip-qux-lehaqifu-ralonefi-nidaweli-pofepilu-wuk-saqotiwe,peh,,2134
60818798de4cce19f740cb58,5d8e154af2858200171fdb95,98,receiver,handle,normal,normal-handle,,normal,1499
60818798de4cce19f740cb58,5d8e154af2858200171fdb95,99,sender,change,credit,peh-hix-qip-qux-lehaqifu-ralonefi-nidaweli-pofepilu-wuk-saqotiwe,peh,,2398
60818798de4cce19f740cb58,5d8e154af2858200171fdb95,100,receiver,second,handle,handle-second,,handle,1022
60818798de4cce19f740cb58,5d8e154af2858200171fdb95,101,sender,health,credit,peh-hix-qip-qux-lehaqifu-ralonefi-nidaweli-pofepilu-wuk-saqotiwe,peh,,681
60818798de4cce19f740cb58,5d8e154af2858200171fdb95,102,receiver,handle,change,change-handle,,change,992
60818798de4cce19f740cb58,5d8e154af2858200171fdb95,103,sender,health,credit,peh-hix-qip-qux-lehaqifu-ralonefi-nidaweli-pofepilu-wuk-saqotiwe,peh,,1069
60818798de4cce19f740cb58,5d8e154af2858200171fdb95,104,receiver,normal,credit,credit-normal,,credit,6496
60818798de4cce19f740cb58,5d8e154af2858200171fdb95,105,sender,second,handle,peh-hix-qip-qux-lehaqifu-ralonefi-nidaweli-pofepilu-wuk-saqotiwe,hix,,1532
60818798de4cce19f740cb58,5d8e154af2858200171fdb95,106,receiver,normal,garden,garden-normal,,garden,963
60818798de4cce19f740cb58,5d8e154af2858200171fdb95,107,sender,branch,credit,peh-hix-qip-qux-lehaqifu-ralonefi-nidaweli-pofepilu-wuk-saqotiwe,peh,,997
60818798de4cce19f740cb58,5d8e154af2858200171fdb95,108,receiver,design,credit,credit-design,,credit,1432
60818798de4cce19f740cb58,5d8e154af2858200171fdb95,109,sender,normal,branch,peh-hix-qip-qux-lehaqifu-ralonefi-nidaweli-pofepilu-wuk-saqotiwe,peh,,791
60818798de4cce19f740cb58,5d8e154af2858200171fdb95,110,receiver,school,handle,school-handle,,school,1416
60818798de4cce19f740cb58,5d8e154af2858200171fdb95,111,sender,second,design,peh-hix-qip-qux-lehaqifu-ralonefi-nidaweli-pofepilu-wuk-saqotiwe,peh,,1484
60818798de4cce19f740cb58,5d8e154af2858200171fdb95,112,receiver,normal,design,normal-design,,normal,833
60818798de4cce19f740cb58,5d8e154af2858200171fdb95,113,sender,school,design,peh-hix-qip-qux-lehaqifu-ralonefi-nidaweli-pofepilu-wuk-saqotiwe,hix,,1038
60818798de4cce19f740cb58,5d8e154af2858200171fdb95,114,receiver,branch,health,branch-health,,health,2456
60818798de4cce19f740cb58,5d8e154af2858200171fdb95,115,sender,health,credit,peh-hix-qip-qux-lehaqifu-ralonefi-nidaweli-pofepilu-wuk-saqotiwe,lehaqifu,,1219
60818798de4cce19f740cb58,5d8e154af2858200171fdb95,116,receiver,school,handle,handle-school,,handle,1858
60818798de4cce19f740cb58,5d8e154af2858200171fdb95,117,sender,garden,change,peh-hix-qip-qux-lehaqifu-ralonefi-nidaweli-pofepilu-wuk-saqotiwe,peh,,819
60818798de4cce19f740cb58,5d8e154af2858200171fdb95,118,receiver,change,health,health-change,,change,1187
60818798de4cce19f740cb58,5d8e154af2858200171fdb95,119,sender,garden,credit,peh-hix-qip-qux-lehaqifu-ralonefi-nidaweli-pofepilu-wuk-saqotiwe,peh,,1250
60818798de4cce19f740cb58,5d8e154af2858200171fdb95,120,receiver,design,change,change-design,,design,2392
60818798de4cce19f740cb58,5d8e154af2858200171fdb95,121,sender,second,health,peh-hix-qip-qux-lehaqifu-ralonefi-nidaweli-pofepilu-wuk-saqotiwe,peh,,1245
60818798de4cce19f740cb58,5d8e154af2858200171fdb95,122,receiver,garden,change,change-garden,,garden,1294
60818798de4cce19f740cb58,5d8e154af2858200171fdb95,123,sender,branch,health,peh-hix-qip-qux-lehaqifu-ralonefi-nidaweli-pofepilu-wuk-saqotiwe,peh,,1143
60818798de4cce19f740cb58,5d8e154af2858200171fdb95,124,receiver,second,credit,second-credit,,credit,1623
60818798de4cce19f740cb58,5d8e154af2858200171fdb95,125,sender,school,credit,peh-hix-qip-qux-lehaqifu-ralonefi-nidaweli-pofepilu-wuk-saqotiwe,peh,,843
60818798de4cce19f740cb58,5d8e154af2858200171fdb95,126,receiver,second,change,change-second,,change,893
60818798de4cce19f740cb58,5d8e154af2858200171fdb95,127,sender,garden,credit,peh-hix-qip-qux-lehaqifu-ralonefi-nidaweli-pofepilu-wuk-saqotiwe,ralonefi,,696
60818798de4cce19f740cb58,5d8e154af2858200171fdb95,128,receiver,handle,change,handle-change,,change,1456
60818798de4cce19f740cb58,5d8e154af2858200171fdb95,129,sender,handle,garden,peh-hix-qip-qux-lehaqifu-ralonefi-nidaweli-pofepilu-wuk-saqotiwe,peh,,1507
60818798de4cce19f740cb58,5d8e154af2858200171fdb95,130,receiver,second,normal,second-normal,,normal,2405
60818798de4cce19f740cb58,5d8e154af2858200171fdb95,131,sender,second,normal,peh-hix-qip-qux-lehaqifu-ralonefi-nidaweli-pofepilu-wuk-saqotiwe,peh,,2153
60818798de4cce19f740cb58,5d8e154af2858200171fdb95,132,receiver,handle,design,handle-design,,handle,3023
60818798de4cce19f740cb58,5d8e154af2858200171fdb95,133,sender,branch,design,peh-hix-qip-qux-lehaqifu-ralonefi-nidaweli-pofepilu-wuk-saqotiwe,hix,,1159
60818798de4cce19f740cb58,5d8e154af2858200171fdb95,134,receiver,second,branch,branch-second,,branch,2391
60818798de4cce19f740cb58,5d8e154af2858200171fdb95,135,sender,normal,garden,peh-hix-qip-qux-lehaqifu-ralonefi-nidaweli-pofepilu-wuk-saqotiwe,ralonefi,,870