participant_id, partner_id, trial_index, trial_type, target_meaning, foil_meaning,             choices, signal_selected, meaning_guess, rt
5db9a46ff8e3f9000f88cb85,58ae2cb09e040a000139af76,1,receiver,window,memory,memory-window,,window,7717.2
5db9a46ff8e3f9000f88cb85,58ae2cb09e040a000139af76,2,sender,police,silver,peh-ralonefi-puwirefa-hix-wuk-qux-tezalipu-hiwaponu-tih-nidaweli,peh,,15919.2
5db9a46ff8e3f9000f88cb85,58ae2cb09e040a000139af76,3,receiver,signal,memory,memory-signal,,signal,8786.7
5db9a46ff8e3f9000f88cb85,58ae2cb09e040a000139af76,4,sender,signal,silver,peh-ralonefi-puwirefa-hix-wuk-qux-tezalipu-hiwaponu-tih-nidaweli,nidaweli,,4706.9
5db9a46ff8e3f9000f88cb85,58ae2cb09e040a000139af76,5,receiver,system,police,system-police,,police,3686.1
5db9a46ff8e3f9000f88cb85,58ae2cb09e040a000139af76,6,sender,window,signal,peh-ralonefi-puwirefa-hix-wuk-qux-tezalipu-hiwaponu-tih-nidaweli,wuk,,18682.6
5db9a46ff8e3f9000f88cb85,58ae2cb09e040a000139af76,7,receiver,police,future,police-future,,police,3320.4
5db9a46ff8e3f9000f88cb85,58ae2cb09e040a000139af76,8,sender,system,design,peh-ralonefi-puwirefa-hix-wuk-qux-tezalipu-hiwaponu-tih-nidaweli,hix,,23603.9
5db9a46ff8e3f9000f88cb85,58ae2cb09e040a000139af76,9,receiver,number,people,number-people,,people,6909.4
5db9a46ff8e3f9000f88cb85,58ae2cb09e040a000139af76,10,sender,number,people,peh-ralonefi-puwirefa-hix-wuk-qux-tezalipu-hiwaponu-tih-nidaweli,nidaweli,,11678.6
5db9a46ff8e3f9000f88cb85,58ae2cb09e040a000139af76,11,receiver,police,memory,police-memory,,police,2914.8
5db9a46ff8e3f9000f88cb85,58ae2cb09e040a000139af76,12,sender,number,silver,peh-ralonefi-puwirefa-hix-wuk-qux-tezalipu-hiwaponu-tih-nidaweli,nidaweli,,8760.9
5db9a46ff8e3f9000f88cb85,58ae2cb09e040a000139af76,13,receiver,window,people,people-window,,window,4318.8
5db9a46ff8e3f9000f88cb85,58ae2cb09e040a000139af76,14,sender,window,signal,peh-ralonefi-puwirefa-hix-wuk-qux-tezalipu-hiwaponu-tih-nidaweli,wuk,,4847.9
5db9a46ff8e3f9000f88cb85,58ae2cb09e040a000139af76,15,receiver,police,future,future-police,,police,2880
5db9a46ff8e3f9000f88cb85,58ae2cb09e040a000139af76,16,sender,design,memory,peh-ralonefi-puwirefa-hix-wuk-qux-tezalipu-hiwaponu-tih-nidaweli,hix,,10222.3
5db9a46ff8e3f9000f88cb85,58ae2cb09e040a000139af76,17,receiver,police,memory,memory-police,,police,2272.8
5db9a46ff8e3f9000f88cb85,58ae2cb09e040a000139af76,18,sender,system,people,peh-ralonefi-puwirefa-hix-wuk-qux-tezalipu-hiwaponu-tih-nidaweli,tezalipu,,15217.9
5db9a46ff8e3f9000f88cb85,58ae2cb09e040a000139af76,19,receiver,number,memory,number-memory,,number,3295.4
5db9a46ff8e3f9000f88cb85,58ae2cb09e040a000139af76,20,sender,system,future,peh-ralonefi-puwirefa-hix-wuk-qux-tezalipu-hiwaponu-tih-nidaweli,ralonefi,,9885.4
5db9a46ff8e3f9000f88cb85,58ae2cb09e040a000139af76,21,receiver,silver,design,design-silver,,design,3710.6
5db9a46ff8e3f9000f88cb85,58ae2cb09e040a000139af76,22,sender,police,people,peh-ralonefi-puwirefa-hix-wuk-qux-tezalipu-hiwaponu-tih-nidaweli,peh,,11106
5db9a46ff8e3f9000f88cb85,58ae2cb09e040a000139af76,23,receiver,silver,design,design-silver,,design,3216.7
5db9a46ff8e3f9000f88cb85,58ae2cb09e040a000139af76,24,sender,window,design,peh-ralonefi-puwirefa-hix-wuk-qux-tezalipu-hiwaponu-tih-nidaweli,tih,,7622.2
5db9a46ff8e3f9000f88cb85,58ae2cb09e040a000139af76,25,receiver,system,signal,signal-system,,signal,2830.1
5db9a46ff8e3f9000f88cb85,58ae2cb09e040a000139af76,26,sender,signal,memory,peh-ralonefi-puwirefa-hix-wuk-qux-tezalipu-hiwaponu-tih-nidaweli,ralonefi,,11387.3
5db9a46ff8e3f9000f88cb85,58ae2cb09e040a000139af76,27,receiver,system,people,system-people,,system,2886.5
5db9a46ff8e3f9000f88cb85,58ae2cb09e040a000139af76,28,sender,signal,future,peh-ralonefi-puwirefa-hix-wuk-qux-tezalipu-hiwaponu-tih-nidaweli,puwirefa,,6140.8
5db9a46ff8e3f9000f88cb85,58ae2cb09e040a000139af76,29,receiver,system,silver,silver-system,,silver,4522.1
5db9a46ff8e3f9000f88cb85,58ae2cb09e040a000139af76,30,sender,design,future,peh-ralonefi-puwirefa-hix-wuk-qux-tezalipu-hiwaponu-tih-nidaweli,hix,,4962.3
5db9a46ff8e3f9000f88cb85,58ae2cb09e040a000139af76,31,receiver,system,silver,silver-system,,system,2387.6
5db9a46ff8e3f9000f88cb85,58ae2cb09e040a000139af76,32,sender,design,future,peh-ralonefi-puwirefa-hix-wuk-qux-tezalipu-hiwaponu-tih-nidaweli,ralonefi,,7914.2
5db9a46ff8e3f9000f88cb85,58ae2cb09e040a000139af76,33,receiver,system,silver,silver-system,,system,4304.2
5db9a46ff8e3f9000f88cb85,58ae2cb09e040a000139af76,34,sender,people,design,peh-ralonefi-puwirefa-hix-wuk-qux-tezalipu-hiwaponu-tih-nidaweli,tih,,12625.9
5db9a46ff8e3f9000f88cb85,58ae2cb09e040a000139af76,35,receiver,window,people,people-window,,window,3935.3
5db9a46ff8e3f9000f88cb85,58ae2cb09e040a000139af76,36,sender,police,design,peh-ralonefi-puwirefa-hix-wuk-qux-tezalipu-hiwaponu-tih-nidaweli,peh,,5150.5
5db9a46ff8e3f9000f88cb85,58ae2cb09e040a000139af76,37,receiver,future,memory,memory-future,,memory,3598.7
5db9a46ff8e3f9000f88cb85,58ae2cb09e040a000139af76,38,sender,people,signal,peh-ralonefi-puwirefa-hix-wuk-qux-tezalipu-hiwaponu-tih-nidaweli,puwirefa,,10757.3
5db9a46ff8e3f9000f88cb85,58ae2cb09e040a000139af76,39,receiver,window,memory,window-memory,,window,4497.9
5db9a46ff8e3f9000f88cb85,58ae2cb09e040a000139af76,40,sender,police,design,peh-ralonefi-puwirefa-hix-wuk-qux-tezalipu-hiwaponu-tih-nidaweli,peh,,5407.5
5db9a46ff8e3f9000f88cb85,58ae2cb09e040a000139af76,41,receiver,police,people,people-police,,police,2251.5
5db9a46ff8e3f9000f88cb85,58ae2cb09e040a000139af76,42,sender,system,signal,peh-ralonefi-puwirefa-hix-wuk-qux-tezalipu-hiwaponu-tih-nidaweli,qux,,9923.4
5db9a46ff8e3f9000f88cb85,58ae2cb09e040a000139af76,43,receiver,number,design,number-design,,number,3496.1
5db9a46ff8e3f9000f88cb85,58ae2cb09e040a000139af76,44,sender,people,memory,peh-ralonefi-puwirefa-hix-wuk-qux-tezalipu-hiwaponu-tih-nidaweli,puwirefa,,6677.5
5db9a46ff8e3f9000f88cb85,58ae2cb09e040a000139af76,45,receiver,window,silver,window-silver,,window,4804.6
5db9a46ff8e3f9000f88cb85,58ae2cb09e040a000139af76,46,sender,silver,memory,peh-ralonefi-puwirefa-hix-wuk-qux-tezalipu-hiwaponu-tih-nidaweli,nidaweli,,11159.7
5db9a46ff8e3f9000f88cb85,58ae2cb09e040a000139af76,47,receiver,system,window,system-window,,system,4594.7
5db9a46ff8e3f9000f88cb85,58ae2cb09e040a000139af76,48,sender,number,system,peh-ralonefi-puwirefa-hix-wuk-qux-tezalipu-hiwaponu-tih-nidaweli,nidaweli,,4862.3
5db9a46ff8e3f9000f88cb85,58ae2cb09e040a000139af76,49,receiver,number,design,design-number,,number,2302.7
5db9a46ff8e3f9000f88cb85,58ae2cb09e040a000139af76,50,sender,signal,design,peh-ralonefi-puwirefa-hix-wuk-qux-tezalipu-hiwaponu-tih-nidaweli,hix,,5106.6
5db9a46ff8e3f9000f88cb85,58ae2cb09e040a000139af76,51,receiver,signal,design,signal-design,,design,2269
5db9a46ff8e3f9000f88cb85,58ae2cb09e040a000139af76,52,sender,police,memory,peh-ralonefi-puwirefa-hix-wuk-qux-tezalipu-hiwaponu-tih-nidaweli,peh,,3523.6
5db9a46ff8e3f9000f88cb85,58ae2cb09e040a000139af76,53,receiver,people,memory,people-memory,,people,3546.6
5db9a46ff8e3f9000f88cb85,58ae2cb09e040a000139af76,54,sender,number,silver,peh-ralonefi-puwirefa-hix-wuk-qux-tezalipu-hiwaponu-tih-nidaweli,nidaweli,,4225.8
5db9a46ff8e3f9000f88cb85,58ae2cb09e040a000139af76,55,receiver,number,police,number-police,,number,5481.6
5db9a46ff8e3f9000f88cb85,58ae2cb09e040a000139af76,56,sender,window,people,peh-ralonefi-puwirefa-hix-wuk-qux-tezalipu-hiwaponu-tih-nidaweli,wuk,,5657.5
5db9a46ff8e3f9000f88cb85,58ae2cb09e040a000139af76,57,receiver,number,silver,silver-number,,silver,2813.5
5db9a46ff8e3f9000f88cb85,58ae2cb09e040a000139af76,58,sender,people,design,peh-ralonefi-puwirefa-hix-wuk-qux-tezalipu-hiwaponu-tih-nidaweli,puwirefa,,4463.4
5db9a46ff8e3f9000f88cb85,58ae2cb09e040a000139af76,59,receiver,people,silver,people-silver,,people,2590.4
5db9a46ff8e3f9000f88cb85,58ae2cb09e040a000139af76,60,sender,system,memory,peh-ralonefi-puwirefa-hix-wuk-qux-tezalipu-hiwaponu-tih-nidaweli,hix,,6223.5
5db9a46ff8e3f9000f88cb85,58ae2cb09e040a000139af76,61,receiver,police,silver,police-silver,,police,2530
5db9a46ff8e3f9000f88cb85,58ae2cb09e040a000139af76,62,sender,number,memory,peh-ralonefi-puwirefa-hix-wuk-qux-tezalipu-hiwaponu-tih-nidaweli,nidaweli,,4599.2
5db9a46ff8e3f9000f88cb85,58ae2cb09e040a000139af76,63,receiver,window,design,design-window,,window,2884.3
5db9a46ff8e3f9000f88cb85,58ae2cb09e040a000139af76,64,sender,number,future,peh-ralonefi-puwirefa-hix-wuk-qux-tezalipu-hiwaponu-tih-nidaweli,nidaweli,,3122.1
5db9a46ff8e3f9000f88cb85,58ae2cb09e040a000139af76,65,receiver,window,future,future-window,,window,3055.7
5db9a46ff8e3f9000f88cb85,58ae2cb09e040a000139af76,66,sender,people,signal,peh-ralonefi-puwirefa-hix-wuk-qux-tezalipu-hiwaponu-tih-nidaweli,puwirefa,,5020.3
5db9a46ff8e3f9000f88cb85,58ae2cb09e040a000139af76,67,receiver,number,window,window-number,,number,5082.5
5db9a46ff8e3f9000f88cb85,58ae2cb09e040a000139af76,68,sender,police,signal,peh-ralonefi-puwirefa-hix-wuk-qux-tezalipu-hiwaponu-tih-nidaweli,peh,,2380.7
5db9a46ff8e3f9000f88cb85,58ae2cb09e040a000139af76,69,receiver,system,window,window-system,,system,2611.7
5db9a46ff8e3f9000f88cb85,58ae2cb09e040a000139af76,70,sender,number,window,peh-ralonefi-puwirefa-hix-wuk-qux-tezalipu-hiwaponu-tih-nidaweli,nidaweli,,3791.3
5db9a46ff8e3f9000f88cb85,58ae2cb09e040a000139af76,71,receiver,window,future,future-window,,window,2203.4
5db9a46ff8e3f9000f88cb85,58ae2cb09e040a000139af76,72,sender,silver,memory,peh-ralonefi-puwirefa-hix-wuk-qux-tezalipu-hiwaponu-tih-nidaweli,qux,,10049
5db9a46ff8e3f9000f88cb85,58ae2cb09e040a000139af76,73,receiver,people,silver,people-silver,,people,2888.8
5db9a46ff8e3f9000f88cb85,58ae2cb09e040a000139af76,74,sender,police,future,peh-ralonefi-puwirefa-hix-wuk-qux-tezalipu-hiwaponu-tih-nidaweli,peh,,2489
5db9a46ff8e3f9000f88cb85,58ae2cb09e040a000139af76,75,receiver,number,future,future-number,,number,3726.1
5db9a46ff8e3f9000f88cb85,58ae2cb09e040a000139af76,76,sender,police,window,peh-ralonefi-puwirefa-hix-wuk-qux-tezalipu-hiwaponu-tih-nidaweli,peh,,2446.3
5db9a46ff8e3f9000f88cb85,58ae2cb09e040a000139af76,77,receiver,silver,memory,memory-silver,,silver,4258.1
5db9a46ff8e3f9000f88cb85,58ae2cb09e040a000139af76,78,sender,window,memory,peh-ralonefi-puwirefa-hix-wuk-qux-tezalipu-hiwaponu-tih-nidaweli,wuk,,5244.9
5db9a46ff8e3f9000f88cb85,58ae2cb09e040a000139af76,79,receiver,future,memory,future-memory,,future,3912.5
5db9a46ff8e3f9000f88cb85,58ae2cb09e040a000139af76,80,sender,people,design,peh-ralonefi-puwirefa-hix-wuk-qux-tezalipu-hiwaponu-tih-nidaweli,nidaweli,,10381.9
5db9a46ff8e3f9000f88cb85,58ae2cb09e040a000139af76,81,receiver,people,future,people-future,,future,3229
5db9a46ff8e3f9000f88cb85,58ae2cb09e040a000139af76,82,sender,system,memory,peh-ralonefi-puwirefa-hix-wuk-qux-tezalipu-hiwaponu-tih-nidaweli,qux,,6455.1
5db9a46ff8e3f9000f88cb85,58ae2cb09e040a000139af76,83,receiver,number,police,number-police,,number,3006.4
5db9a46ff8e3f9000f88cb85,58ae2cb09e040a000139af76,84,sender,number,signal,peh-ralonefi-puwirefa-hix-wuk-qux-tezalipu-hiwaponu-tih-nidaweli,hix,,3155.3
5db9a46ff8e3f9000f88cb85,58ae2cb09e040a000139af76,85,receiver,people,signal,signal-people,,people,3879.2
5db9a46ff8e3f9000f88cb85,58ae2cb09e040a000139af76,86,sender,system,signal,peh-ralonefi-puwirefa-hix-wuk-qux-tezalipu-hiwaponu-tih-nidaweli,qux,,17598.6
5db9a46ff8e3f9000f88cb85,58ae2cb09e040a000139af76,87,receiver,number,people,people-number,,number,3070.7
5db9a46ff8e3f9000f88cb85,58ae2cb09e040a000139af76,88,sender,system,future,peh-ralonefi-puwirefa-hix-wuk-qux-tezalipu-hiwaponu-tih-nidaweli,qux,,2868.9
5db9a46ff8e3f9000f88cb85,58ae2cb09e040a000139af76,89,receiver,police,window,police-window,,police,2415.8
5db9a46ff8e3f9000f88cb85,58ae2cb09e040a000139af76,90,sender,people,memory,peh-ralonefi-puwirefa-hix-wuk-qux-tezalipu-hiwaponu-tih-nidaweli,puwirefa,,6739.1
5db9a46ff8e3f9000f88cb85,58ae2cb09e040a000139af76,91,receiver,design,future,design-future,,future,3018.6
5db9a46ff8e3f9000f88cb85,58ae2cb09e040a000139af76,92,sender,people,future,peh-ralonefi-puwirefa-hix-wuk-qux-tezalipu-hiwaponu-tih-nidaweli,puwirefa,,5315.7
5db9a46ff8e3f9000f88cb85,58ae2cb09e040a000139af76,93,receiver,system,window,window-system,,system,4591.6
5db9a46ff8e3f9000f88cb85,58ae2cb09e040a000139af76,94,sender,number,window,peh-ralonefi-puwirefa-hix-wuk-qux-tezalipu-hiwaponu-tih-nidaweli,nidaweli,,5901.2
5db9a46ff8e3f9000f88cb85,58ae2cb09e040a000139af76,95,receiver,signal,memory,signal-memory,,memory,4064.4
5db9a46ff8e3f9000f88cb85,58ae2cb09e040a000139af76,96,sender,system,police,peh-ralonefi-puwirefa-hix-wuk-qux-tezalipu-hiwaponu-tih-nidaweli,qux,,2301.8
5db9a46ff8e3f9000f88cb85,58ae2cb09e040a000139af76,97,receiver,future,memory,memory-future,,future,4705.9
5db9a46ff8e3f9000f88cb85,58ae2cb09e040a000139af76,98,sender,number,memory,peh-ralonefi-puwirefa-hix-wuk-qux-tezalipu-hiwaponu-tih-nidaweli,nidaweli,,3145.9
5db9a46ff8e3f9000f88cb85,58ae2cb09e040a000139af76,99,receiver,number,system,number-system,,number,2508.3
5db9a46ff8e3f9000f88cb85,58ae2cb09e040a000139af76,100,sender,system,memory,peh-ralonefi-puwirefa-hix-wuk-qux-tezalipu-hiwaponu-tih-nidaweli,qux,,1840.3
5db9a46ff8e3f9000f88cb85,58ae2cb09e040a000139af76,101,receiver,design,memory,design-memory,,memory,2912.2
5db9a46ff8e3f9000f88cb85,58ae2cb09e040a000139af76,102,sender,police,people,peh-ralonefi-puwirefa-hix-wuk-qux-tezalipu-hiwaponu-tih-nidaweli,peh,,2523.2
5db9a46ff8e3f9000f88cb85,58ae2cb09e040a000139af76,103,receiver,silver,future,silver-future,,future,4394
5db9a46ff8e3f9000f88cb85,58ae2cb09e040a000139af76,104,sender,silver,future,peh-ralonefi-puwirefa-hix-wuk-qux-tezalipu-hiwaponu-tih-nidaweli,ralonefi,,3471.3
5db9a46ff8e3f9000f88cb85,58ae2cb09e040a000139af76,105,receiver,police,silver,police-silver,,police,2273
5db9a46ff8e3f9000f88cb85,58ae2cb09e040a000139af76,106,sender,people,future,peh-ralonefi-puwirefa-hix-wuk-qux-tezalipu-hiwaponu-tih-nidaweli,wuk,,9115
5db9a46ff8e3f9000f88cb85,58ae2cb09e040a000139af76,107,receiver,system,people,people-system,,system,2935.7
5db9a46ff8e3f9000f88cb85,58ae2cb09e040a000139af76,108,sender,signal,design,peh-ralonefi-puwirefa-hix-wuk-qux-tezalipu-hiwaponu-tih-nidaweli,hix,,5611.1
5db9a46ff8e3f9000f88cb85,58ae2cb09e040a000139af76,109,receiver,window,signal,window-signal,,window,2769.5
5db9a46ff8e3f9000f88cb85,58ae2cb09e040a000139af76,110,sender,signal,silver,peh-ralonefi-puwirefa-hix-wuk-qux-tezalipu-hiwaponu-tih-nidaweli,qux,,2721.9
5db9a46ff8e3f9000f88cb85,58ae2cb09e040a000139af76,111,receiver,police,signal,police-signal,,police,2196.7
5db9a46ff8e3f9000f88cb85,58ae2cb09e040a000139af76,112,sender,system,future,peh-ralonefi-puwirefa-hix-wuk-qux-tezalipu-hiwaponu-tih-nidaweli,hix,,7552.3
5db9a46ff8e3f9000f88cb85,58ae2cb09e040a000139af76,113,receiver,window,silver,window-silver,,window,2227.3
5db9a46ff8e3f9000f88cb85,58ae2cb09e040a000139af76,114,sender,number,system,peh-ralonefi-puwirefa-hix-wuk-qux-tezalipu-hiwaponu-tih-nidaweli,nidaweli,,3876.7
5db9a46ff8e3f9000f88cb85,58ae2cb09e040a000139af76,115,receiver,people,silver,people-silver,,people,4081.4
5db9a46ff8e3f9000f88cb85,58ae2cb09e040a000139af76,116,sender,police,design,peh-ralonefi-puwirefa-hix-wuk-qux-tezalipu-hiwaponu-tih-nidaweli,peh,,2746.9
5db9a46ff8e3f9000f88cb85,58ae2cb09e040a000139af76,117,receiver,number,design,design-number,,design,3307.7
5db9a46ff8e3f9000f88cb85,58ae2cb09e040a000139af76,118,sender,signal,future,peh-ralonefi-puwirefa-hix-wuk-qux-tezalipu-hiwaponu-tih-nidaweli,qux,,11253.8
5db9a46ff8e3f9000f88cb85,58ae2cb09e040a000139af76,119,receiver,silver,future,future-silver,,silver,2401.8
5db9a46ff8e3f9000f88cb85,58ae2cb09e040a000139af76,120,sender,window,silver,peh-ralonefi-puwirefa-hix-wuk-qux-tezalipu-hiwaponu-tih-nidaweli,wuk,,2475.2
5db9a46ff8e3f9000f88cb85,58ae2cb09e040a000139af76,121,receiver,police,signal,police-signal,,police,2189.7
5db9a46ff8e3f9000f88cb85,58ae2cb09e040a000139af76,122,sender,system,design,peh-ralonefi-puwirefa-hix-wuk-qux-tezalipu-hiwaponu-tih-nidaweli,qux,,4263.8
5db9a46ff8e3f9000f88cb85,58ae2cb09e040a000139af76,123,receiver,police,window,window-police,,police,1584.6
5db9a46ff8e3f9000f88cb85,58ae2cb09e040a000139af76,124,sender,window,design,peh-ralonefi-puwirefa-hix-wuk-qux-tezalipu-hiwaponu-tih-nidaweli,wuk,,5247.5
5db9a46ff8e3f9000f88cb85,58ae2cb09e040a000139af76,125,receiver,signal,silver,silver-signal,,signal,2151.8
5db9a46ff8e3f9000f88cb85,58ae2cb09e040a000139af76,126,sender,signal,future,peh-ralonefi-puwirefa-hix-wuk-qux-tezalipu-hiwaponu-tih-nidaweli,qux,,2505.5
5db9a46ff8e3f9000f88cb85,58ae2cb09e040a000139af76,127,receiver,silver,design,silver-design,,silver,2159.7
5db9a46ff8e3f9000f88cb85,58ae2cb09e040a000139af76,128,sender,number,signal,peh-ralonefi-puwirefa-hix-wuk-qux-tezalipu-hiwaponu-tih-nidaweli,nidaweli,,2825.5
5db9a46ff8e3f9000f88cb85,58ae2cb09e040a000139af76,129,receiver,design,memory,design-memory,,memory,2949.4
5db9a46ff8e3f9000f88cb85,58ae2cb09e040a000139af76,130,sender,number,future,peh-ralonefi-puwirefa-hix-wuk-qux-tezalipu-hiwaponu-tih-nidaweli,nidaweli,,3603.7
5db9a46ff8e3f9000f88cb85,58ae2cb09e040a000139af76,131,receiver,number,police,number-police,,number,2604.7
5db9a46ff8e3f9000f88cb85,58ae2cb09e040a000139af76,132,sender,system,design,peh-ralonefi-puwirefa-hix-wuk-qux-tezalipu-hiwaponu-tih-nidaweli,qux,,2987.7
5db9a46ff8e3f9000f88cb85,58ae2cb09e040a000139af76,133,receiver,system,police,police-system,,system,2900.9
5db9a46ff8e3f9000f88cb85,58ae2cb09e040a000139af76,134,sender,window,future,peh-ralonefi-puwirefa-hix-wuk-qux-tezalipu-hiwaponu-tih-nidaweli,wuk,,3528.3
5db9a46ff8e3f9000f88cb85,58ae2cb09e040a000139af76,135,receiver,number,signal,signal-number,,signal,3173.4