participant_id, partner_id, trial_index, trial_type, target_meaning, foil_meaning,             choices, signal_selected, meaning_guess, rt
58ae2cb09e040a000139af76,5db9a46ff8e3f9000f88cb85,1,sender,window,memory,peh-ralonefi-puwirefa-hix-wuk-qux-tezalipu-hiwaponu-tih-nidaweli,tih,,19080.8
58ae2cb09e040a000139af76,5db9a46ff8e3f9000f88cb85,2,receiver,police,silver,police-silver,,police,9010.4
58ae2cb09e040a000139af76,5db9a46ff8e3f9000f88cb85,3,sender,signal,memory,peh-ralonefi-puwirefa-hix-wuk-qux-tezalipu-hiwaponu-tih-nidaweli,nidaweli,,17245.2
58ae2cb09e040a000139af76,5db9a46ff8e3f9000f88cb85,4,receiver,signal,silver,signal-silver,,signal,10531.4
58ae2cb09e040a000139af76,5db9a46ff8e3f9000f88cb85,5,sender,system,police,peh-ralonefi-puwirefa-hix-wuk-qux-tezalipu-hiwaponu-tih-nidaweli,peh,,14784.7
58ae2cb09e040a000139af76,5db9a46ff8e3f9000f88cb85,6,receiver,window,signal,signal-window,,window,8785
58ae2cb09e040a000139af76,5db9a46ff8e3f9000f88cb85,7,sender,police,future,peh-ralonefi-puwirefa-hix-wuk-qux-tezalipu-hiwaponu-tih-nidaweli,peh,,7549
58ae2cb09e040a000139af76,5db9a46ff8e3f9000f88cb85,8,receiver,system,design,design-system,,design,9254.6
58ae2cb09e040a000139af76,5db9a46ff8e3f9000f88cb85,9,sender,number,people,peh-ralonefi-puwirefa-hix-wuk-qux-tezalipu-hiwaponu-tih-nidaweli,hix,,23015.5
58ae2cb09e040a000139af76,5db9a46ff8e3f9000f88cb85,10,receiver,number,people,number-people,,number,5701.3
58ae2cb09e040a000139af76,5db9a46ff8e3f9000f88cb85,11,sender,police,memory,peh-ralonefi-puwirefa-hix-wuk-qux-tezalipu-hiwaponu-tih-nidaweli,peh,,2949.5
58ae2cb09e040a000139af76,5db9a46ff8e3f9000f88cb85,12,receiver,number,silver,silver-number,,number,9255.2
58ae2cb09e040a000139af76,5db9a46ff8e3f9000f88cb85,13,sender,window,people,peh-ralonefi-puwirefa-hix-wuk-qux-tezalipu-hiwaponu-tih-nidaweli,wuk,,4326.8
58ae2cb09e040a000139af76,5db9a46ff8e3f9000f88cb85,14,receiver,window,signal,signal-window,,window,7769.2
58ae2cb09e040a000139af76,5db9a46ff8e3f9000f88cb85,15,sender,police,future,peh-ralonefi-puwirefa-hix-wuk-qux-tezalipu-hiwaponu-tih-nidaweli,peh,,4187
58ae2cb09e040a000139af76,5db9a46ff8e3f9000f88cb85,16,receiver,design,memory,memory-design,,design,10209.3
58ae2cb09e040a000139af76,5db9a46ff8e3f9000f88cb85,17,sender,police,memory,peh-ralonefi-puwirefa-hix-wuk-qux-tezalipu-hiwaponu-tih-nidaweli,peh,,2737.6
58ae2cb09e040a000139af76,5db9a46ff8e3f9000f88cb85,18,receiver,system,people,people-system,,system,3716.7
58ae2cb09e040a000139af76,5db9a46ff8e3f9000f88cb85,19,sender,number,memory,peh-ralonefi-puwirefa-hix-wuk-qux-tezalipu-hiwaponu-tih-nidaweli,nidaweli,,3914.5
58ae2cb09e040a000139af76,5db9a46ff8e3f9000f88cb85,20,receiver,system,future,system-future,,system,5672.4
58ae2cb09e040a000139af76,5db9a46ff8e3f9000f88cb85,21,sender,silver,design,peh-ralonefi-puwirefa-hix-wuk-qux-tezalipu-hiwaponu-tih-nidaweli,qux,,12793.2
58ae2cb09e040a000139af76,5db9a46ff8e3f9000f88cb85,22,receiver,police,people,people-police,,people,26983.1
58ae2cb09e040a000139af76,5db9a46ff8e3f9000f88cb85,23,sender,silver,design,peh-ralonefi-puwirefa-hix-wuk-qux-tezalipu-hiwaponu-tih-nidaweli,ralonefi,,4613.7
58ae2cb09e040a000139af76,5db9a46ff8e3f9000f88cb85,24,receiver,window,design,window-design,,window,6223.5
58ae2cb09e040a000139af76,5db9a46ff8e3f9000f88cb85,25,sender,system,signal,peh-ralonefi-puwirefa-hix-wuk-qux-tezalipu-hiwaponu-tih-nidaweli,hiwaponu,,7919.8
58ae2cb09e040a000139af76,5db9a46ff8e3f9000f88cb85,26,receiver,signal,memory,signal-memory,,signal,7338.6
58ae2cb09e040a000139af76,5db9a46ff8e3f9000f88cb85,27,sender,system,people,peh-ralonefi-puwirefa-hix-wuk-qux-tezalipu-hiwaponu-tih-nidaweli,puwirefa,,13366.2
58ae2cb09e040a000139af76,5db9a46ff8e3f9000f88cb85,28,receiver,signal,future,signal-future,,future,6476.6
58ae2cb09e040a000139af76,5db9a46ff8e3f9000f88cb85,29,sender,system,silver,peh-ralonefi-puwirefa-hix-wuk-qux-tezalipu-hiwaponu-tih-nidaweli,puwirefa,,6272.5
58ae2cb09e040a000139af76,5db9a46ff8e3f9000f88cb85,30,receiver,design,future,design-future,,design,8671.7
58ae2cb09e040a000139af76,5db9a46ff8e3f9000f88cb85,31,sender,system,silver,peh-ralonefi-puwirefa-hix-wuk-qux-tezalipu-hiwaponu-tih-nidaweli,ralonefi,,3552.7
58ae2cb09e040a000139af76,5db9a46ff8e3f9000f88cb85,32,receiver,design,future,future-design,,future,3422.4
58ae2cb09e040a000139af76,5db9a46ff8e3f9000f88cb85,33,sender,system,silver,peh-ralonefi-puwirefa-hix-wuk-qux-tezalipu-hiwaponu-tih-nidaweli,ralonefi,,3675.5
58ae2cb09e040a000139af76,5db9a46ff8e3f9000f88cb85,34,receiver,people,design,design-people,,people,1868.1
58ae2cb09e040a000139af76,5db9a46ff8e3f9000f88cb85,35,sender,window,people,peh-ralonefi-puwirefa-hix-wuk-qux-tezalipu-hiwaponu-tih-nidaweli,wuk,,3750.7
58ae2cb09e040a000139af76,5db9a46ff8e3f9000f88cb85,36,receiver,police,design,police-design,,police,1384.9
58ae2cb09e040a000139af76,5db9a46ff8e3f9000f88cb85,37,sender,future,memory,peh-ralonefi-puwirefa-hix-wuk-qux-tezalipu-hiwaponu-tih-nidaweli,tezalipu,,3367.5
58ae2cb09e040a000139af76,5db9a46ff8e3f9000f88cb85,38,receiver,people,signal,signal-people,,people,1554.9
58ae2cb09e040a000139af76,5db9a46ff8e3f9000f88cb85,39,sender,window,memory,peh-ralonefi-puwirefa-hix-wuk-qux-tezalipu-hiwaponu-tih-nidaweli,tih,,2190.3
58ae2cb09e040a000139af76,5db9a46ff8e3f9000f88cb85,40,receiver,police,design,police-design,,police,2719.5
58ae2cb09e040a000139af76,5db9a46ff8e3f9000f88cb85,41,sender,police,people,peh-ralonefi-puwirefa-hix-wuk-qux-tezalipu-hiwaponu-tih-nidaweli,peh,,2488.6
58ae2cb09e040a000139af76,5db9a46ff8e3f9000f88cb85,42,receiver,system,signal,signal-system,,signal,6145
58ae2cb09e040a000139af76,5db9a46ff8e3f9000f88cb85,43,sender,number,design,peh-ralonefi-puwirefa-hix-wuk-qux-tezalipu-hiwaponu-tih-nidaweli,nidaweli,,17885
58ae2cb09e040a000139af76,5db9a46ff8e3f9000f88cb85,44,receiver,people,memory,memory-people,,people,26134.8
58ae2cb09e040a000139af76,5db9a46ff8e3f9000f88cb85,45,sender,window,silver,peh-ralonefi-puwirefa-hix-wuk-qux-tezalipu-hiwaponu-tih-nidaweli,tih,,16340.9
58ae2cb09e040a000139af76,5db9a46ff8e3f9000f88cb85,46,receiver,silver,memory,silver-memory,,memory,3049.5
58ae2cb09e040a000139af76,5db9a46ff8e3f9000f88cb85,47,sender,system,window,peh-ralonefi-puwirefa-hix-wuk-qux-tezalipu-hiwaponu-tih-nidaweli,puwirefa,,4652.6
58ae2cb09e040a000139af76,5db9a46ff8e3f9000f88cb85,48,receiver,number,system,system-number,,number,8777.6
58ae2cb09e040a000139af76,5db9a46ff8e3f9000f88cb85,49,sender,number,design,peh-ralonefi-puwirefa-hix-wuk-qux-tezalipu-hiwaponu-tih-nidaweli,nidaweli,,4511.2
58ae2cb09e040a000139af76,5db9a46ff8e3f9000f88cb85,50,receiver,signal,design,signal-design,,design,3095.6
58ae2cb09e040a000139af76,5db9a46ff8e3f9000f88cb85,51,sender,signal,design,peh-ralonefi-puwirefa-hix-wuk-qux-tezalipu-hiwaponu-tih-nidaweli,qux,,2817
58ae2cb09e040a000139af76,5db9a46ff8e3f9000f88cb85,52,receiver,police,memory,memory-police,,police,3370.9
58ae2cb09e040a000139af76,5db9a46ff8e3f9000f88cb85,53,sender,people,memory,peh-ralonefi-puwirefa-hix-wuk-qux-tezalipu-hiwaponu-tih-nidaweli,puwirefa,,5505.4
58ae2cb09e040a000139af76,5db9a46ff8e3f9000f88cb85,54,receiver,number,silver,number-silver,,number,1691
58ae2cb09e040a000139af76,5db9a46ff8e3f9000f88cb85,55,sender,number,police,peh-ralonefi-puwirefa-hix-wuk-qux-tezalipu-hiwaponu-tih-nidaweli,hix,,3164
58ae2cb09e040a000139af76,5db9a46ff8e3f9000f88cb85,56,receiver,window,people,people-window,,window,1898.2
58ae2cb09e040a000139af76,5db9a46ff8e3f9000f88cb85,57,sender,number,silver,peh-ralonefi-puwirefa-hix-wuk-qux-tezalipu-hiwaponu-tih-nidaweli,hix,,2396
58ae2cb09e040a000139af76,5db9a46ff8e3f9000f88cb85,58,receiver,people,design,design-people,,people,2254
58ae2cb09e040a000139af76,5db9a46ff8e3f9000f88cb85,59,sender,people,silver,peh-ralonefi-puwirefa-hix-wuk-qux-tezalipu-hiwaponu-tih-nidaweli,puwirefa,,1985.1
58ae2cb09e040a000139af76,5db9a46ff8e3f9000f88cb85,60,receiver,system,memory,system-memory,,system,1802
58ae2cb09e040a000139af76,5db9a46ff8e3f9000f88cb85,61,sender,police,silver,peh-ralonefi-puwirefa-hix-wuk-qux-tezalipu-hiwaponu-tih-nidaweli,peh,,1667.6
58ae2cb09e040a000139af76,5db9a46ff8e3f9000f88cb85,62,receiver,number,memory,number-memory,,number,1755
58ae2cb09e040a000139af76,5db9a46ff8e3f9000f88cb85,63,sender,window,design,peh-ralonefi-puwirefa-hix-wuk-qux-tezalipu-hiwaponu-tih-nidaweli,tih,,1698.9
58ae2cb09e040a000139af76,5db9a46ff8e3f9000f88cb85,64,receiver,number,future,number-future,,number,1265.1
58ae2cb09e040a000139af76,5db9a46ff8e3f9000f88cb85,65,sender,window,future,peh-ralonefi-puwirefa-hix-wuk-qux-tezalipu-hiwaponu-tih-nidaweli,tih,,1471.4
58ae2cb09e040a000139af76,5db9a46ff8e3f9000f88cb85,66,receiver,people,signal,people-signal,,people,1423
58ae2cb09e040a000139af76,5db9a46ff8e3f9000f88cb85,67,sender,number,window,peh-ralonefi-puwirefa-hix-wuk-qux-tezalipu-hiwaponu-tih-nidaweli,hix,,2561
58ae2cb09e040a000139af76,5db9a46ff8e3f9000f88cb85,68,receiver,police,signal,police-signal,,police,1338.3
58ae2cb09e040a000139af76,5db9a46ff8e3f9000f88cb85,69,sender,system,window,peh-ralonefi-puwirefa-hix-wuk-qux-tezalipu-hiwaponu-tih-nidaweli,qux,,2376.6
58ae2cb09e040a000139af76,5db9a46ff8e3f9000f88cb85,70,receiver,number,window,window-number,,number,1454.9
58ae2cb09e040a000139af76,5db9a46ff8e3f9000f88cb85,71,sender,window,future,peh-ralonefi-puwirefa-hix-wuk-qux-tezalipu-hiwaponu-tih-nidaweli,tih,,1657.2
58ae2cb09e040a000139af76,5db9a46ff8e3f9000f88cb85,72,receiver,silver,memory,memory-silver,,memory,2126.6
58ae2cb09e040a000139af76,5db9a46ff8e3f9000f88cb85,73,sender,people,silver,peh-ralonefi-puwirefa-hix-wuk-qux-tezalipu-hiwaponu-tih-nidaweli,puwirefa,,2147
58ae2cb09e040a000139af76,5db9a46ff8e3f9000f88cb85,74,receiver,police,future,future-police,,police,1220
58ae2cb09e040a000139af76,5db9a46ff8e3f9000f88cb85,75,sender,number,future,peh-ralonefi-puwirefa-hix-wuk-qux-tezalipu-hiwaponu-tih-nidaweli,hix,,2308.7
58ae2cb09e040a000139af76,5db9a46ff8e3f9000f88cb85,76,receiver,police,window,window-police,,police,1521.6
58ae2cb09e040a000139af76,5db9a46ff8e3f9000f88cb85,77,sender,silver,memory,peh-ralonefi-puwirefa-hix-wuk-qux-tezalipu-hiwaponu-tih-nidaweli,tih,,7549.7
58ae2cb09e040a000139af76,5db9a46ff8e3f9000f88cb85,78,receiver,window,memory,memory-window,,window,1621.9
58ae2cb09e040a000139af76,5db9a46ff8e3f9000f88cb85,79,sender,future,memory,peh-ralonefi-puwirefa-hix-wuk-qux-tezalipu-hiwaponu-tih-nidaweli,ralonefi,,3957.6
58ae2cb09e040a000139af76,5db9a46ff8e3f9000f88cb85,80,receiver,people,design,people-design,,design,1938.1
58ae2cb09e040a000139af76,5db9a46ff8e3f9000f88cb85,81,sender,people,future,peh-ralonefi-puwirefa-hix-wuk-qux-tezalipu-hiwaponu-tih-nidaweli,puwirefa,,2169
58ae2cb09e040a000139af76,5db9a46ff8e3f9000f88cb85,82,receiver,system,memory,memory-system,,system,1939.2
58ae2cb09e040a000139af76,5db9a46ff8e3f9000f88cb85,83,sender,number,police,peh-ralonefi-puwirefa-hix-wuk-qux-tezalipu-hiwaponu-tih-nidaweli,hix,,2832.3
58ae2cb09e040a000139af76,5db9a46ff8e3f9000f88cb85,84,receiver,number,signal,number-signal,,number,1625.4
58ae2cb09e040a000139af76,5db9a46ff8e3f9000f88cb85,85,sender,people,signal,peh-ralonefi-puwirefa-hix-wuk-qux-tezalipu-hiwaponu-tih-nidaweli,puwirefa,,1549
58ae2cb09e040a000139af76,5db9a46ff8e3f9000f88cb85,86,receiver,system,signal,signal-system,,system,2675.3
58ae2cb09e040a000139af76,5db9a46ff8e3f9000f88cb85,87,sender,number,people,peh-ralonefi-puwirefa-hix-wuk-qux-tezalipu-hiwaponu-tih-nidaweli,hix,,2860.2
58ae2cb09e040a000139af76,5db9a46ff8e3f9000f88cb85,88,receiver,system,future,system-future,,system,2143.8
58ae2cb09e040a000139af76,5db9a46ff8e3f9000f88cb85,89,sender,police,window,peh-ralonefi-puwirefa-hix-wuk-qux-tezalipu-hiwaponu-tih-nidaweli,peh,,1397.7
58ae2cb09e040a000139af76,5db9a46ff8e3f9000f88cb85,90,receiver,people,memory,memory-people,,people,1819.6
58ae2cb09e040a000139af76,5db9a46ff8e3f9000f88cb85,91,sender,design,future,peh-ralonefi-puwirefa-hix-wuk-qux-tezalipu-hiwaponu-tih-nidaweli,hiwaponu,,5169.5
58ae2cb09e040a000139af76,5db9a46ff8e3f9000f88cb85,92,receiver,people,future,people-future,,people,2595.9
58ae2cb09e040a000139af76,5db9a46ff8e3f9000f88cb85,93,sender,system,window,peh-ralonefi-puwirefa-hix-wuk-qux-tezalipu-hiwaponu-tih-nidaweli,qux,,4967.1
58ae2cb09e040a000139af76,5db9a46ff8e3f9000f88cb85,94,receiver,number,window,number-window,,number,14366.2
58ae2cb09e040a000139af76,5db9a46ff8e3f9000f88cb85,95,sender,signal,memory,peh-ralonefi-puwirefa-hix-wuk-qux-tezalipu-hiwaponu-tih-nidaweli,tih,,6818.1
58ae2cb09e040a000139af76,5db9a46ff8e3f9000f88cb85,96,receiver,system,police,system-police,,system,1502.4
58ae2cb09e040a000139af76,5db9a46ff8e3f9000f88cb85,97,sender,future,memory,peh-ralonefi-puwirefa-hix-wuk-qux-tezalipu-hiwaponu-tih-nidaweli,hiwaponu,,3001.6
58ae2cb09e040a000139af76,5db9a46ff8e3f9000f88cb85,98,receiver,number,memory,number-memory,,number,6903.3
58ae2cb09e040a000139af76,5db9a46ff8e3f9000f88cb85,99,sender,number,system,peh-ralonefi-puwirefa-hix-wuk-qux-tezalipu-hiwaponu-tih-nidaweli,nidaweli,,7838.3
58ae2cb09e040a000139af76,5db9a46ff8e3f9000f88cb85,100,receiver,system,memory,system-memory,,system,2049.1
58ae2cb09e040a000139af76,5db9a46ff8e3f9000f88cb85,101,sender,design,memory,peh-ralonefi-puwirefa-hix-wuk-qux-tezalipu-hiwaponu-tih-nidaweli,hiwaponu,,6766.7
58ae2cb09e040a000139af76,5db9a46ff8e3f9000f88cb85,102,receiver,police,people,people-police,,people,5573.3
58ae2cb09e040a000139af76,5db9a46ff8e3f9000f88cb85,103,sender,silver,future,peh-ralonefi-puwirefa-hix-wuk-qux-tezalipu-hiwaponu-tih-nidaweli,ralonefi,,28334.3
58ae2cb09e040a000139af76,5db9a46ff8e3f9000f88cb85,104,receiver,silver,future,future-silver,,silver,2838.1
58ae2cb09e040a000139af76,5db9a46ff8e3f9000f88cb85,105,sender,police,silver,peh-ralonefi-puwirefa-hix-wuk-qux-tezalipu-hiwaponu-tih-nidaweli,peh,,1528
58ae2cb09e040a000139af76,5db9a46ff8e3f9000f88cb85,106,receiver,people,future,people-future,,future,3040.5
58ae2cb09e040a000139af76,5db9a46ff8e3f9000f88cb85,107,sender,system,people,peh-ralonefi-puwirefa-hix-wuk-qux-tezalipu-hiwaponu-tih-nidaweli,qux,,2247
58ae2cb09e040a000139af76,5db9a46ff8e3f9000f88cb85,108,receiver,signal,design,signal-design,,design,11421.1
58ae2cb09e040a000139af76,5db9a46ff8e3f9000f88cb85,109,sender,window,signal,peh-ralonefi-puwirefa-hix-wuk-qux-tezalipu-hiwaponu-tih-nidaweli,tih,,2494.8
58ae2cb09e040a000139af76,5db9a46ff8e3f9000f88cb85,110,receiver,signal,silver,signal-silver,,signal,26506.9
58ae2cb09e040a000139af76,5db9a46ff8e3f9000f88cb85,111,sender,police,signal,peh-ralonefi-puwirefa-hix-wuk-qux-tezalipu-hiwaponu-tih-nidaweli,peh,,2720.8
58ae2cb09e040a000139af76,5db9a46ff8e3f9000f88cb85,112,receiver,system,future,future-system,,system,4622.1
58ae2cb09e040a000139af76,5db9a46ff8e3f9000f88cb85,113,sender,window,silver,peh-ralonefi-puwirefa-hix-wuk-qux-tezalipu-hiwaponu-tih-nidaweli,tih,,2283.8
58ae2cb09e040a000139af76,5db9a46ff8e3f9000f88cb85,114,receiver,number,system,number-system,,number,8231.8
58ae2cb09e040a000139af76,5db9a46ff8e3f9000f88cb85,115,sender,people,silver,peh-ralonefi-puwirefa-hix-wuk-qux-tezalipu-hiwaponu-tih-nidaweli,peh,,6248.8
58ae2cb09e040a000139af76,5db9a46ff8e3f9000f88cb85,116,receiver,police,design,design-police,,police,1171.4
58ae2cb09e040a000139af76,5db9a46ff8e3f9000f88cb85,117,sender,number,design,peh-ralonefi-puwirefa-hix-wuk-qux-tezalipu-hiwaponu-tih-nidaweli,hix,,3213.2
58ae2cb09e040a000139af76,5db9a46ff8e3f9000f88cb85,118,receiver,signal,future,signal-future,,signal,1766.5
58ae2cb09e040a000139af76,5db9a46ff8e3f9000f88cb85,119,sender,silver,future,peh-ralonefi-puwirefa-hix-wuk-qux-tezalipu-hiwaponu-tih-nidaweli,hiwaponu,,1920.1
58ae2cb09e040a000139af76,5db9a46ff8e3f9000f88cb85,120,receiver,window,silver,window-silver,,window,2134.8
58ae2cb09e040a000139af76,5db9a46ff8e3f9000f88cb85,121,sender,police,signal,peh-ralonefi-puwirefa-hix-wuk-qux-tezalipu-hiwaponu-tih-nidaweli,peh,,2370.1
58ae2cb09e040a000139af76,5db9a46ff8e3f9000f88cb85,122,receiver,system,design,system-design,,system,1688.2
58ae2cb09e040a000139af76,5db9a46ff8e3f9000f88cb85,123,sender,police,window,peh-ralonefi-puwirefa-hix-wuk-qux-tezalipu-hiwaponu-tih-nidaweli,peh,,1586.3
58ae2cb09e040a000139af76,5db9a46ff8e3f9000f88cb85,124,receiver,window,design,design-window,,window,1249.1
58ae2cb09e040a000139af76,5db9a46ff8e3f9000f88cb85,125,sender,signal,silver,peh-ralonefi-puwirefa-hix-wuk-qux-tezalipu-hiwaponu-tih-nidaweli,qux,,2780.6
58ae2cb09e040a000139af76,5db9a46ff8e3f9000f88cb85,126,receiver,signal,future,future-signal,,signal,1278
58ae2cb09e040a000139af76,5db9a46ff8e3f9000f88cb85,127,sender,silver,design,peh-ralonefi-puwirefa-hix-wuk-qux-tezalipu-hiwaponu-tih-nidaweli,hiwaponu,,1955.8
58ae2cb09e040a000139af76,5db9a46ff8e3f9000f88cb85,128,receiver,number,signal,signal-number,,number,1242.6
58ae2cb09e040a000139af76,5db9a46ff8e3f9000f88cb85,129,sender,design,memory,peh-ralonefi-puwirefa-hix-wuk-qux-tezalipu-hiwaponu-tih-nidaweli,hiwaponu,,2733.2
58ae2cb09e040a000139af76,5db9a46ff8e3f9000f88cb85,130,receiver,number,future,future-number,,number,1033.4
58ae2cb09e040a000139af76,5db9a46ff8e3f9000f88cb85,131,sender,number,police,peh-ralonefi-puwirefa-hix-wuk-qux-tezalipu-hiwaponu-tih-nidaweli,hix,,1953.9
58ae2cb09e040a000139af76,5db9a46ff8e3f9000f88cb85,132,receiver,system,design,system-design,,system,1597.2
58ae2cb09e040a000139af76,5db9a46ff8e3f9000f88cb85,133,sender,system,police,peh-ralonefi-puwirefa-hix-wuk-qux-tezalipu-hiwaponu-tih-nidaweli,hiwaponu,,2041.3
58ae2cb09e040a000139af76,5db9a46ff8e3f9000f88cb85,134,receiver,window,future,future-window,,window,1406.2
58ae2cb09e040a000139af76,5db9a46ff8e3f9000f88cb85,135,sender,number,signal,peh-ralonefi-puwirefa-hix-wuk-qux-tezalipu-hiwaponu-tih-nidaweli,hix,,1607.7